arquitetura,cenario,hora,agente,barra,potencia_disponivel_kw,potencia_gerada_kw,potencia_cortada_kw,fracao_de_curtailment_rho,tensao_inicial_pu,tensao_final_pu,tensao_maxima_barras_pv_pu,tensao_maxima_rede_pu,posicao_no_grafo,eh_lider,particao_final,razao_de_curtailment_r,iteracoes,status,status_eletrico,eletrico_satisfeito,consenso_satisfeito,atingiu_k_max,erro_de_consenso_global_final,erro_de_consenso_max_intra_particao_final,mensagens_do_canal_tentadas,mensagens_do_canal_entregues,mensagens_do_canal_perdidas,mensagens_do_canal_pendentes,violacao_real_apos_controle,sigma_r_global_hora,sigma_r_por_particao_hora
sem_controle,sem_controle,0,pv1,824,-0.0,-0.0,0.0,0.0,1.0435191673339028,1.0435191673339028,1.0450761113146871,1.0505970659065016,,,,,,,,,,,,,,,,,,,
sem_controle,sem_controle,0,pv2,816,-0.0,-0.0,0.0,0.0,1.0450262948633384,1.0450262948633384,1.0450761113146871,1.0505970659065016,,,,,,,,,,,,,,,,,,,
sem_controle,sem_controle,0,pv3,828,-0.0,-0.0,0.0,0.0,1.043388151795147,1.043388151795147,1.0450761113146871,1.0505970659065016,,,,,,,,,,,,,,,,,,,
sem_controle,sem_controle,0,pv4,830,-0.0,-0.0,0.0,0.0,1.0402417834114017,1.0402417834114017,1.0450761113146871,1.0505970659065016,,,,,,,,,,,,,,,,,,,
sem_controle,sem_controle,0,pv5,850,-0.0,-0.0,0.0,0.0,1.0450761113146871,1.0450761113146871,1.0450761113146871,1.0505970659065016,,,,,,,,,,,,,,,,,,,
sem_controle,sem_controle,0,pv6,832,-0.0,-0.0,0.0,0.0,1.0350545283587615,1.0350545283587615,1.0450761113146871,1.0505970659065016,,,,,,,,,,,,,,,,,,,
sem_controle,sem_controle,1,pv1,824,-0.0,-0.0,0.0,0.0,1.043519497117978,1.043519497117978,1.0450764055625157,1.0505970903489994,,,,,,,,,,,,,,,,,,,
sem_controle,sem_controle,1,pv2,816,-0.0,-0.0,0.0,0.0,1.0450265903941263,1.0450265903941263,1.0450764055625157,1.0505970903489994,,,,,,,,,,,,,,,,,,,
sem_controle,sem_controle,1,pv3,828,-0.0,-0.0,0.0,0.0,1.0433884847070511,1.0433884847070511,1.0450764055625157,1.0505970903489994,,,,,,,,,,,,,,,,,,,
sem_controle,sem_controle,1,pv4,830,-0.0,-0.0,0.0,0.0,1.0402421909746427,1.0402421909746427,1.0450764055625157,1.0505970903489994,,,,,,,,,,,,,,,,,,,
sem_controle,sem_controle,1,pv5,850,-0.0,-0.0,0.0,0.0,1.0450764055625157,1.0450764055625157,1.0450764055625157,1.0505970903489994,,,,,,,,,,,,,,,,,,,
sem_controle,sem_controle,1,pv6,832,-0.0,-0.0,0.0,0.0,1.0350550780786294,1.0350550780786294,1.0450764055625157,1.0505970903489994,,,,,,,,,,,,,,,,,,,
sem_controle,sem_controle,2,pv1,824,-0.0,-0.0,0.0,0.0,1.0434413812534846,1.0434413812534846,1.0450072554978003,1.0505949800956955,,,,,,,,,,,,,,,,,,,
sem_controle,sem_controle,2,pv2,816,-0.0,-0.0,0.0,0.0,1.0449571701348623,1.0449571701348623,1.0450072554978003,1.0505949800956955,,,,,,,,,,,,,,,,,,,
sem_controle,sem_controle,2,pv3,828,-0.0,-0.0,0.0,0.0,1.0433096369965242,1.0433096369965242,1.0450072554978003,1.0505949800956955,,,,,,,,,,,,,,,,,,,
sem_controle,sem_controle,2,pv4,830,-0.0,-0.0,0.0,0.0,1.0401456464219774,1.0401456464219774,1.0450072554978003,1.0505949800956955,,,,,,,,,,,,,,,,,,,
sem_controle,sem_controle,2,pv5,850,-0.0,-0.0,0.0,0.0,1.0450072554978003,1.0450072554978003,1.0450072554978003,1.0505949800956955,,,,,,,,,,,,,,,,,,,
sem_controle,sem_controle,2,pv6,832,-0.0,-0.0,0.0,0.0,1.0349271785104095,1.0349271785104095,1.0450072554978003,1.0505949800956955,,,,,,,,,,,,,,,,,,,
sem_controle,sem_controle,3,pv1,824,-0.0,-0.0,0.0,0.0,1.043441305274198,1.043441305274198,1.0450071878057714,1.0505949776249717,,,,,,,,,,,,,,,,,,,
sem_controle,sem_controle,3,pv2,816,-0.0,-0.0,0.0,0.0,1.0449571021647746,1.0449571021647746,1.0450071878057714,1.0505949776249717,,,,,,,,,,,,,,,,,,,
sem_controle,sem_controle,3,pv3,828,-0.0,-0.0,0.0,0.0,1.043309560339792,1.043309560339792,1.0450071878057714,1.0505949776249717,,,,,,,,,,,,,,,,,,,
sem_controle,sem_controle,3,pv4,830,-0.0,-0.0,0.0,0.0,1.0401455535283302,1.0401455535283302,1.0450071878057714,1.0505949776249717,,,,,,,,,,,,,,,,,,,
sem_controle,sem_controle,3,pv5,850,-0.0,-0.0,0.0,0.0,1.0450071878057714,1.0450071878057714,1.0450071878057714,1.0505949776249717,,,,,,,,,,,,,,,,,,,
sem_controle,sem_controle,3,pv6,832,-0.0,-0.0,0.0,0.0,1.0349270553472671,1.0349270553472671,1.0450071878057714,1.0505949776249717,,,,,,,,,,,,,,,,,,,
sem_controle,sem_controle,4,pv1,824,-0.0,-0.0,0.0,0.0,1.0435194219130084,1.0435194219130084,1.045076338566197,1.0505970879234294,,,,,,,,,,,,,,,,,,,
sem_controle,sem_controle,4,pv2,816,-0.0,-0.0,0.0,0.0,1.045026523122921,1.045026523122921,1.045076338566197,1.0505970879234294,,,,,,,,,,,,,,,,,,,
sem_controle,sem_controle,4,pv3,828,-0.0,-0.0,0.0,0.0,1.0433884088314556,1.0433884088314556,1.045076338566197,1.0505970879234294,,,,,,,,,,,,,,,,,,,
sem_controle,sem_controle,4,pv4,830,-0.0,-0.0,0.0,0.0,1.0402420990252506,1.0402420990252506,1.045076338566197,1.0505970879234294,,,,,,,,,,,,,,,,,,,
sem_controle,sem_controle,4,pv5,850,-0.0,-0.0,0.0,0.0,1.045076338566197,1.045076338566197,1.045076338566197,1.0505970879234294,,,,,,,,,,,,,,,,,,,
sem_controle,sem_controle,4,pv6,832,-0.0,-0.0,0.0,0.0,1.035054956170032,1.035054956170032,1.045076338566197,1.0505970879234294,,,,,,,,,,,,,,,,,,,
sem_controle,sem_controle,5,pv1,824,-0.0,-0.0,0.0,0.0,1.0450850714048536,1.0450850714048536,1.0464804756969757,1.05063939179868,,,,,,,,,,,,,,,,,,,
sem_controle,sem_controle,5,pv2,816,-0.0,-0.0,0.0,0.0,1.046437942275659,1.046437942275659,1.0464804756969757,1.05063939179868,,,,,,,,,,,,,,,,,,,
sem_controle,sem_controle,5,pv3,828,-0.0,-0.0,0.0,0.0,1.044968726726859,1.044968726726859,1.0464804756969757,1.05063939179868,,,,,,,,,,,,,,,,,,,
sem_controle,sem_controle,5,pv4,830,-0.0,-0.0,0.0,0.0,1.0421771197491476,1.0421771197491476,1.0464804756969757,1.05063939179868,,,,,,,,,,,,,,,,,,,
sem_controle,sem_controle,5,pv5,850,-0.0,-0.0,0.0,0.0,1.0464804756969757,1.0464804756969757,1.0464804756969757,1.05063939179868,,,,,,,,,,,,,,,,,,,
sem_controle,sem_controle,5,pv6,832,-0.0,-0.0,0.0,0.0,1.0376184354041749,1.0376184354041749,1.0464804756969757,1.05063939179868,,,,,,,,,,,,,,,,,,,
sem_controle,sem_controle,6,pv1,824,18.7503236717592,18.7503236717592,0.0,0.0,1.0471579048369506,1.0471579048369506,1.0483782454548018,1.0506384889471005,,,,,,,,,,,,,,,,,,,
sem_controle,sem_controle,6,pv2,816,15.625241782068514,15.625241782068514,0.0,0.0,1.0483407437819094,1.0483407437819094,1.0483782454548018,1.0506384889471005,,,,,,,,,,,,,,,,,,,
sem_controle,sem_controle,6,pv3,828,12.500217712144039,12.500217712144039,0.0,0.0,1.0470455387298745,1.0470455387298745,1.0483782454548018,1.0506384889471005,,,,,,,,,,,,,,,,,,,
sem_controle,sem_controle,6,pv4,830,16.250349249231203,16.250349249231203,0.0,0.0,1.0442222095150686,1.0442222095150686,1.0483782454548018,1.0506384889471005,,,,,,,,,,,,,,,,,,,
sem_controle,sem_controle,6,pv5,850,11.250173385025839,11.250173385025839,0.0,0.0,1.0483782454548018,1.0483782454548018,1.0483782454548018,1.0506384889471005,,,,,,,,,,,,,,,,,,,
sem_controle,sem_controle,6,pv6,832,14.375428037447017,14.375428037447017,0.0,0.0,1.0393165620198634,1.0393165620198634,1.0483782454548018,1.0506384889471005,,,,,,,,,,,,,,,,,,,
sem_controle,sem_controle,7,pv1,824,56.25022149623055,56.25022149623055,0.0,0.0,1.0558852978158424,1.0558852978158424,1.056261646345798,1.056261728001806,,,,,,,,,,,,,,,,,,,
sem_controle,sem_controle,7,pv2,816,46.87517293313687,46.87517293313687,0.0,0.0,1.0562538666391141,1.0562538666391141,1.056261646345798,1.056261728001806,,,,,,,,,,,,,,,,,,,
sem_controle,sem_controle,7,pv3,828,37.5001485947879,37.5001485947879,0.0,0.0,1.0558243986090117,1.0558243986090117,1.056261646345798,1.056261728001806,,,,,,,,,,,,,,,,,,,
sem_controle,sem_controle,7,pv4,830,48.75022589866941,48.75022589866941,0.0,0.0,1.0539937130575454,1.0539937130575454,1.056261646345798,1.056261728001806,,,,,,,,,,,,,,,,,,,
sem_controle,sem_controle,7,pv5,850,33.75012402307615,33.75012402307615,0.0,0.0,1.056261646345798,1.056261646345798,1.056261646345798,1.056261728001806,,,,,,,,,,,,,,,,,,,
sem_controle,sem_controle,7,pv6,832,43.12526281682057,43.12526281682057,0.0,0.0,1.0502737503980764,1.0502737503980764,1.056261646345798,1.056261728001806,,,,,,,,,,,,,,,,,,,
sem_controle,sem_controle,8,pv1,824,102.5001189973399,102.5001189973399,0.0,0.0,1.059911240143981,1.059911240143981,1.060022469310173,1.060022469310173,,,,,,,,,,,,,,,,,,,
sem_controle,sem_controle,8,pv2,816,85.4167580195715,85.4167580195715,0.0,0.0,1.060022469310173,1.060022469310173,1.060022469310173,1.060022469310173,,,,,,,,,,,,,,,,,,,
sem_controle,sem_controle,8,pv3,828,68.33341278394451,68.33341278394451,0.0,0.0,1.0598510554884042,1.0598510554884042,1.060022469310173,1.060022469310173,,,,,,,,,,,,,,,,,,,
sem_controle,sem_controle,8,pv4,830,88.83343195712452,88.83343195712452,0.0,0.0,1.0577279893298042,1.0577279893298042,1.060022469310173,1.060022469310173,,,,,,,,,,,,,,,,,,,
sem_controle,sem_controle,8,pv5,850,61.50006552515924,61.50006552515924,0.0,0.0,1.060016818278459,1.060016818278459,1.060022469310173,1.060022469310173,,,,,,,,,,,,,,,,,,,
sem_controle,sem_controle,8,pv6,832,78.58339427209945,78.58339427209945,0.0,0.0,1.0527859883052468,1.0527859883052468,1.060022469310173,1.060022469310173,,,,,,,,,,,,,,,,,,,
sem_controle,sem_controle,9,pv1,824,131.2504406831735,131.2504406831735,0.0,0.0,1.0636442701846716,1.0636442701846716,1.0636442701846716,1.0636442701846716,,,,,,,,,,,,,,,,,,,
sem_controle,sem_controle,9,pv2,816,109.3753381032929,109.3753381032929,0.0,0.0,1.0634553594000653,1.0634553594000653,1.0636442701846716,1.0636442701846716,,,,,,,,,,,,,,,,,,,
sem_controle,sem_controle,9,pv3,828,87.50029496502927,87.50029496502927,0.0,0.0,1.063596489649861,1.063596489649861,1.0636442701846716,1.0636442701846716,,,,,,,,,,,,,,,,,,,
sem_controle,sem_controle,9,pv4,830,113.7504048308401,113.7504048308401,0.0,0.0,1.0615833246501944,1.0615833246501944,1.0636442701846716,1.0636442701846716,,,,,,,,,,,,,,,,,,,
sem_controle,sem_controle,9,pv5,850,78.75024249617664,78.75024249617664,0.0,0.0,1.0634370393865158,1.0634370393865158,1.0636442701846716,1.0636442701846716,,,,,,,,,,,,,,,,,,,
sem_controle,sem_controle,9,pv6,832,100.62535837628114,100.62535837628114,0.0,0.0,1.0564033940827382,1.0564033940827382,1.0636442701846716,1.0636442701846716,,,,,,,,,,,,,,,,,,,
sem_controle,sem_controle,10,pv1,824,147.4938469411083,147.4938469411083,0.0,0.0,1.065079232074837,1.065079232074837,1.065079232074837,1.065079232074837,,,,,,,,,,,,,,,,,,,
sem_controle,sem_controle,10,pv2,816,122.91199701232551,122.91199701232551,0.0,0.0,1.0647953014414515,1.0647953014414515,1.065079232074837,1.065079232074837,,,,,,,,,,,,,,,,,,,
sem_controle,sem_controle,10,pv3,828,98.32921327416955,98.32921327416955,0.0,0.0,1.0650321857701983,1.0650321857701983,1.065079232074837,1.065079232074837,,,,,,,,,,,,,,,,,,,
sem_controle,sem_controle,10,pv4,830,127.82765988053507,127.82765988053507,0.0,0.0,1.0629293861036724,1.0629293861036724,1.065079232074837,1.065079232074837,,,,,,,,,,,,,,,,,,,
sem_controle,sem_controle,10,pv5,850,88.49665068750419,88.49665068750419,0.0,0.0,1.0647721419178298,1.0647721419178298,1.065079232074837,1.065079232074837,,,,,,,,,,,,,,,,,,,
sem_controle,sem_controle,10,pv6,832,113.07828981162731,113.07828981162731,0.0,0.0,1.0573464027413433,1.0573464027413433,1.065079232074837,1.065079232074837,,,,,,,,,,,,,,,,,,,
sem_controle,sem_controle,11,pv1,824,149.999289694233,149.999289694233,0.0,0.0,1.061059079127593,1.061059079127593,1.0612351336810562,1.0612351336810562,,,,,,,,,,,,,,,,,,,
sem_controle,sem_controle,11,pv2,816,124.99944059487619,124.99944059487619,0.0,0.0,1.0612351336810562,1.0612351336810562,1.0612351336810562,1.0612351336810562,,,,,,,,,,,,,,,,,,,
sem_controle,sem_controle,11,pv3,828,99.99952487183018,99.99952487183018,0.0,0.0,1.0609718974591007,1.0609718974591007,1.0612351336810562,1.0612351336810562,,,,,,,,,,,,,,,,,,,
sem_controle,sem_controle,11,pv4,830,129.99934393999098,129.99934393999098,0.0,0.0,1.0578772462678736,1.0578772462678736,1.0612351336810562,1.0612351336810562,,,,,,,,,,,,,,,,,,,
sem_controle,sem_controle,11,pv5,850,89.99959881786364,89.99959881786364,0.0,0.0,1.0612259162027156,1.0612259162027156,1.0612351336810562,1.0612351336810562,,,,,,,,,,,,,,,,,,,
sem_controle,sem_controle,11,pv6,832,114.9993768486012,114.9993768486012,0.0,0.0,1.0504887320744545,1.0504887320744545,1.0612351336810562,1.0612351336810562,,,,,,,,,,,,,,,,,,,
sem_controle,sem_controle,12,pv1,824,137.49966926821418,137.49966926821418,0.0,0.0,1.0580091600743629,1.0580091600743629,1.0584769217309196,1.0584769217309196,,,,,,,,,,,,,,,,,,,
sem_controle,sem_controle,12,pv2,816,114.58307365948409,114.58307365948409,0.0,0.0,1.0584756838173235,1.0584756838173235,1.0584769217309196,1.0584769217309196,,,,,,,,,,,,,,,,,,,
sem_controle,sem_controle,12,pv3,828,91.66644532801843,91.66644532801843,0.0,0.0,1.0579030286098754,1.0579030286098754,1.0584769217309196,1.0584769217309196,,,,,,,,,,,,,,,,,,,
sem_controle,sem_controle,12,pv4,830,119.16635629460151,119.16635629460151,0.0,0.0,1.0544310550126874,1.0544310550126874,1.0584769217309196,1.0584769217309196,,,,,,,,,,,,,,,,,,,
sem_controle,sem_controle,12,pv5,850,82.499813766753,82.499813766753,0.0,0.0,1.0584769217309196,1.0584769217309196,1.0584769217309196,1.0584769217309196,,,,,,,,,,,,,,,,,,,
sem_controle,sem_controle,12,pv6,832,105.41636015116455,105.41636015116455,0.0,0.0,1.0465577637937724,1.0465577637937724,1.0584769217309196,1.0584769217309196,,,,,,,,,,,,,,,,,,,
sem_controle,sem_controle,13,pv1,824,110.00293965563148,110.00293965563148,0.0,0.0,1.054439230355953,1.054439230355953,1.055205786541174,1.055205885564239,,,,,,,,,,,,,,,,,,,
sem_controle,sem_controle,13,pv2,816,91.66888423347132,91.66888423347132,0.0,0.0,1.055192436024125,1.055192436024125,1.055205786541174,1.055205885564239,,,,,,,,,,,,,,,,,,,
sem_controle,sem_controle,13,pv3,828,73.33528848088632,73.33528848088632,0.0,0.0,1.0543213327476986,1.0543213327476986,1.055205786541174,1.055205885564239,,,,,,,,,,,,,,,,,,,
sem_controle,sem_controle,13,pv4,830,95.33531460415375,95.33531460415375,0.0,0.0,1.0507473177220423,1.0507473177220423,1.055205786541174,1.055205885564239,,,,,,,,,,,,,,,,,,,
sem_controle,sem_controle,13,pv5,850,66.00159063644611,66.00159063644611,0.0,0.0,1.055205786541174,1.055205786541174,1.055205786541174,1.055205885564239,,,,,,,,,,,,,,,,,,,
sem_controle,sem_controle,13,pv6,832,84.3332676584032,84.3332676584032,0.0,0.0,1.0431082522316524,1.0431082522316524,1.055205786541174,1.055205885564239,,,,,,,,,,,,,,,,,,,
sem_controle,sem_controle,14,pv1,824,75.00282472558314,75.00282472558314,0.0,0.0,1.051700010963128,1.051700010963128,1.0526364462995699,1.0526369445086063,,,,,,,,,,,,,,,,,,,
sem_controle,sem_controle,14,pv2,816,62.50217662883184,62.50217662883184,0.0,0.0,1.0526139749467325,1.0526139749467325,1.0526364462995699,1.0526369445086063,,,,,,,,,,,,,,,,,,,
sem_controle,sem_controle,14,pv3,828,50.00188998225871,50.00188998225871,0.0,0.0,1.0515845061462574,1.0515845061462574,1.0526364462995699,1.0526369445086063,,,,,,,,,,,,,,,,,,,
sem_controle,sem_controle,14,pv4,830,65.00256303814342,65.00256303814342,0.0,0.0,1.0483038589248295,1.0483038589248295,1.0526364462995699,1.0526369445086063,,,,,,,,,,,,,,,,,,,
sem_controle,sem_controle,14,pv5,850,45.00156123944778,45.00156123944778,0.0,0.0,1.0526364462995699,1.0526364462995699,1.0526364462995699,1.0526369445086063,,,,,,,,,,,,,,,,,,,
sem_controle,sem_controle,14,pv6,832,57.50225352649082,57.50225352649082,0.0,0.0,1.041720667753187,1.041720667753187,1.0526364462995699,1.0526369445086063,,,,,,,,,,,,,,,,,,,
sem_controle,sem_controle,15,pv1,824,33.749923838168,33.749923838168,0.0,0.0,1.0361657655083367,1.0361657655083367,1.0387127609076394,1.0502955102085092,,,,,,,,,,,,,,,,,,,
sem_controle,sem_controle,15,pv2,816,28.124940975487178,28.124940975487178,0.0,0.0,1.0386370268151373,1.0386370268151373,1.0387127609076394,1.0502955102085092,,,,,,,,,,,,,,,,,,,
sem_controle,sem_controle,15,pv3,828,22.49994891786308,22.49994891786308,0.0,0.0,1.0359378511827717,1.0359378511827717,1.0387127609076394,1.0502955102085092,,,,,,,,,,,,,,,,,,,
sem_controle,sem_controle,15,pv4,830,29.249923406855274,29.249923406855274,0.0,0.0,1.0302157577638422,1.0302157577638422,1.0387127609076394,1.0502955102085092,,,,,,,,,,,,,,,,,,,
sem_controle,sem_controle,15,pv5,850,20.249957673685095,20.249957673685095,0.0,0.0,1.0387127609076394,1.0387127609076394,1.0387127609076394,1.0502955102085092,,,,,,,,,,,,,,,,,,,
sem_controle,sem_controle,15,pv6,832,25.874914387069758,25.874914387069758,0.0,0.0,1.019932134880793,1.019932134880793,1.0387127609076394,1.0502955102085092,,,,,,,,,,,,,,,,,,,
sem_controle,sem_controle,16,pv1,824,3.7500421407270808,3.7500421407270808,0.0,0.0,1.037249237230288,1.037249237230288,1.0395419414781375,1.0504162382880025,,,,,,,,,,,,,,,,,,,
sem_controle,sem_controle,16,pv2,816,3.12503229441516,3.12503229441516,0.0,0.0,1.039470380313061,1.039470380313061,1.0395419414781375,1.0504162382880025,,,,,,,,,,,,,,,,,,,
sem_controle,sem_controle,16,pv3,828,2.500028276635385,2.500028276635385,0.0,0.0,1.0370563779573705,1.0370563779573705,1.0395419414781375,1.0504162382880025,,,,,,,,,,,,,,,,,,,
sem_controle,sem_controle,16,pv4,830,3.2500425485127744,3.2500425485127744,0.0,0.0,1.0323888508544166,1.0323888508544166,1.0395419414781375,1.0504162382880025,,,,,,,,,,,,,,,,,,,
sem_controle,sem_controle,16,pv5,850,2.250023159040645,2.250023159040645,0.0,0.0,1.0395419414781375,1.0395419414781375,1.0395419414781375,1.0504162382880025,,,,,,,,,,,,,,,,,,,
sem_controle,sem_controle,16,pv6,832,2.8750471326896667,2.8750471326896667,0.0,0.0,1.024446903549282,1.024446903549282,1.0395419414781375,1.0504162382880025,,,,,,,,,,,,,,,,,,,
sem_controle,sem_controle,17,pv1,824,-0.0,-0.0,0.0,0.0,1.0288097422283973,1.0288097422283973,1.0320537436109638,1.0501995250985579,,,,,,,,,,,,,,,,,,,
sem_controle,sem_controle,17,pv2,816,-0.0,-0.0,0.0,0.0,1.0319530456641128,1.0319530456641128,1.0320537436109638,1.0501995250985579,,,,,,,,,,,,,,,,,,,
sem_controle,sem_controle,17,pv3,828,-0.0,-0.0,0.0,0.0,1.0285410077167665,1.0285410077167665,1.0320537436109638,1.0501995250985579,,,,,,,,,,,,,,,,,,,
sem_controle,sem_controle,17,pv4,830,-0.0,-0.0,0.0,0.0,1.0220651174905708,1.0220651174905708,1.0320537436109638,1.0501995250985579,,,,,,,,,,,,,,,,,,,
sem_controle,sem_controle,17,pv5,850,-0.0,-0.0,0.0,0.0,1.0320537436109638,1.0320537436109638,1.0320537436109638,1.0501995250985579,,,,,,,,,,,,,,,,,,,
sem_controle,sem_controle,17,pv6,832,-0.0,-0.0,0.0,0.0,1.010975798423585,1.010975798423585,1.0320537436109638,1.0501995250985579,,,,,,,,,,,,,,,,,,,
sem_controle,sem_controle,18,pv1,824,-0.0,-0.0,0.0,0.0,1.0326523500430973,1.0326523500430973,1.0354558554930642,1.0503034017860868,,,,,,,,,,,,,,,,,,,
sem_controle,sem_controle,18,pv2,816,-0.0,-0.0,0.0,0.0,1.0353684495010183,1.0353684495010183,1.0354558554930642,1.0503034017860868,,,,,,,,,,,,,,,,,,,
sem_controle,sem_controle,18,pv3,828,-0.0,-0.0,0.0,0.0,1.0324195763808064,1.0324195763808064,1.0354558554930642,1.0503034017860868,,,,,,,,,,,,,,,,,,,
sem_controle,sem_controle,18,pv4,830,-0.0,-0.0,0.0,0.0,1.02681295674242,1.02681295674242,1.0354558554930642,1.0503034017860868,,,,,,,,,,,,,,,,,,,
sem_controle,sem_controle,18,pv5,850,-0.0,-0.0,0.0,0.0,1.0354558554930642,1.0354558554930642,1.0354558554930642,1.0503034017860868,,,,,,,,,,,,,,,,,,,
sem_controle,sem_controle,18,pv6,832,-0.0,-0.0,0.0,0.0,1.017265056101975,1.017265056101975,1.0354558554930642,1.0503034017860868,,,,,,,,,,,,,,,,,,,
sem_controle,sem_controle,19,pv1,824,-0.0,-0.0,0.0,0.0,1.0068862241138112,1.0068862241138112,1.0126403397694483,1.0496066048479267,,,,,,,,,,,,,,,,,,,
sem_controle,sem_controle,19,pv2,816,-0.0,-0.0,0.0,0.0,1.012463803494029,1.012463803494029,1.0126403397694483,1.0496066048479267,,,,,,,,,,,,,,,,,,,
sem_controle,sem_controle,19,pv3,828,-0.0,-0.0,0.0,0.0,1.00641255022254,1.00641255022254,1.0126403397694483,1.0496066048479267,,,,,,,,,,,,,,,,,,,
sem_controle,sem_controle,19,pv4,830,-0.0,-0.0,0.0,0.0,0.9949844738133675,0.9949844738133675,1.0126403397694483,1.0496066048479267,,,,,,,,,,,,,,,,,,,
sem_controle,sem_controle,19,pv5,850,-0.0,-0.0,0.0,0.0,1.0126403397694483,1.0126403397694483,1.0126403397694483,1.0496066048479267,,,,,,,,,,,,,,,,,,,
sem_controle,sem_controle,19,pv6,832,-0.0,-0.0,0.0,0.0,0.9751062275735913,0.9751062275735913,1.0126403397694483,1.0496066048479267,,,,,,,,,,,,,,,,,,,
sem_controle,sem_controle,20,pv1,824,-0.0,-0.0,0.0,0.0,1.0016803252824402,1.0016803252824402,1.008029696164423,1.0494657402550034,,,,,,,,,,,,,,,,,,,
sem_controle,sem_controle,20,pv2,816,-0.0,-0.0,0.0,0.0,1.0078351504741658,1.0078351504741658,1.008029696164423,1.0494657402550034,,,,,,,,,,,,,,,,,,,
sem_controle,sem_controle,20,pv3,828,-0.0,-0.0,0.0,0.0,1.001158047785484,1.001158047785484,1.008029696164423,1.0494657402550034,,,,,,,,,,,,,,,,,,,
sem_controle,sem_controle,20,pv4,830,-0.0,-0.0,0.0,0.0,0.9885559519361026,0.9885559519361026,1.008029696164423,1.0494657402550034,,,,,,,,,,,,,,,,,,,
sem_controle,sem_controle,20,pv5,850,-0.0,-0.0,0.0,0.0,1.008029696164423,1.008029696164423,1.008029696164423,1.0494657402550034,,,,,,,,,,,,,,,,,,,
sem_controle,sem_controle,20,pv6,832,-0.0,-0.0,0.0,0.0,0.9665920784800833,0.9665920784800833,1.008029696164423,1.0494657402550034,,,,,,,,,,,,,,,,,,,
sem_controle,sem_controle,21,pv1,824,-0.0,-0.0,0.0,0.0,0.9998296239446811,0.9998296239446811,1.0063905442901249,1.0494156571369113,,,,,,,,,,,,,,,,,,,
sem_controle,sem_controle,21,pv2,816,-0.0,-0.0,0.0,0.0,1.0061895964378376,1.0061895964378376,1.0063905442901249,1.0494156571369113,,,,,,,,,,,,,,,,,,,
sem_controle,sem_controle,21,pv3,828,-0.0,-0.0,0.0,0.0,0.9992900728255066,0.9992900728255066,1.0063905442901249,1.0494156571369113,,,,,,,,,,,,,,,,,,,
sem_controle,sem_controle,21,pv4,830,-0.0,-0.0,0.0,0.0,0.9862707730472379,0.9862707730472379,1.0063905442901249,1.0494156571369113,,,,,,,,,,,,,,,,,,,
sem_controle,sem_controle,21,pv5,850,-0.0,-0.0,0.0,0.0,1.0063905442901249,1.0063905442901249,1.0063905442901249,1.0494156571369113,,,,,,,,,,,,,,,,,,,
sem_controle,sem_controle,21,pv6,832,-0.0,-0.0,0.0,0.0,0.9635655636096437,0.9635655636096437,1.0063905442901249,1.0494156571369113,,,,,,,,,,,,,,,,,,,
sem_controle,sem_controle,22,pv1,824,-0.0,-0.0,0.0,0.0,0.9994609737243801,0.9994609737243801,1.0060640314884584,1.049405687339917,,,,,,,,,,,,,,,,,,,
sem_controle,sem_controle,22,pv2,816,-0.0,-0.0,0.0,0.0,1.0058618084193778,1.0058618084193778,1.0060640314884584,1.049405687339917,,,,,,,,,,,,,,,,,,,
sem_controle,sem_controle,22,pv3,828,-0.0,-0.0,0.0,0.0,0.9989179819308516,0.9989179819308516,1.0060640314884584,1.049405687339917,,,,,,,,,,,,,,,,,,,
sem_controle,sem_controle,22,pv4,830,-0.0,-0.0,0.0,0.0,0.9858155814373922,0.9858155814373922,1.0060640314884584,1.049405687339917,,,,,,,,,,,,,,,,,,,
sem_controle,sem_controle,22,pv5,850,-0.0,-0.0,0.0,0.0,1.0060640314884584,1.0060640314884584,1.0060640314884584,1.049405687339917,,,,,,,,,,,,,,,,,,,
sem_controle,sem_controle,22,pv6,832,-0.0,-0.0,0.0,0.0,0.9629627164790306,0.9629627164790306,1.0060640314884584,1.049405687339917,,,,,,,,,,,,,,,,,,,
sem_controle,sem_controle,23,pv1,824,-0.0,-0.0,0.0,0.0,1.0106227444912799,1.0106227444912799,1.0159494099998212,1.049707699932122,,,,,,,,,,,,,,,,,,,
sem_controle,sem_controle,23,pv2,816,-0.0,-0.0,0.0,0.0,1.0157857990852877,1.0157857990852877,1.0159494099998212,1.049707699932122,,,,,,,,,,,,,,,,,,,
sem_controle,sem_controle,23,pv3,828,-0.0,-0.0,0.0,0.0,1.010183972127752,1.010183972127752,1.0159494099998212,1.049707699932122,,,,,,,,,,,,,,,,,,,
sem_controle,sem_controle,23,pv4,830,-0.0,-0.0,0.0,0.0,0.9995990501550603,0.9995990501550603,1.0159494099998212,1.049707699932122,,,,,,,,,,,,,,,,,,,
sem_controle,sem_controle,23,pv5,850,-0.0,-0.0,0.0,0.0,1.0159494099998212,1.0159494099998212,1.0159494099998212,1.049707699932122,,,,,,,,,,,,,,,,,,,
sem_controle,sem_controle,23,pv6,832,-0.0,-0.0,0.0,0.0,0.9812181271943429,0.9812181271943429,1.0159494099998212,1.049707699932122,,,,,,,,,,,,,,,,,,,
leader_follower,C1,0,pv2,816,-0.0,-0.0,0.0,0.0,1.0450262948633384,1.0450262948633384,1.0450761113146871,1.0505970659065016,1.0,True,0.0,,0.0,sem_sobretensao,sem_sobretensao,True,True,False,0.0,0.0,,,,,False,,[null]
leader_follower,C1,0,pv1,824,-0.0,-0.0,0.0,0.0,1.0435191673339028,1.0435191673339028,1.0450761113146871,1.0505970659065016,2.0,False,0.0,,0.0,sem_sobretensao,sem_sobretensao,True,True,False,0.0,0.0,,,,,False,,[null]
leader_follower,C1,0,pv3,828,-0.0,-0.0,0.0,0.0,1.043388151795147,1.043388151795147,1.0450761113146871,1.0505970659065016,3.0,False,0.0,,0.0,sem_sobretensao,sem_sobretensao,True,True,False,0.0,0.0,,,,,False,,[null]
leader_follower,C1,0,pv4,830,-0.0,-0.0,0.0,0.0,1.0402417834114017,1.0402417834114017,1.0450761113146871,1.0505970659065016,4.0,False,0.0,,0.0,sem_sobretensao,sem_sobretensao,True,True,False,0.0,0.0,,,,,False,,[null]
leader_follower,C1,0,pv5,850,-0.0,-0.0,0.0,0.0,1.0450761113146871,1.0450761113146871,1.0450761113146871,1.0505970659065016,5.0,False,0.0,,0.0,sem_sobretensao,sem_sobretensao,True,True,False,0.0,0.0,,,,,False,,[null]
leader_follower,C1,0,pv6,832,-0.0,-0.0,0.0,0.0,1.0350545283587615,1.0350545283587615,1.0450761113146871,1.0505970659065016,6.0,False,0.0,,0.0,sem_sobretensao,sem_sobretensao,True,True,False,0.0,0.0,,,,,False,,[null]
leader_follower,C1,1,pv2,816,-0.0,-0.0,0.0,0.0,1.0450265903941263,1.0450265903941263,1.0450764055625157,1.0505970903489994,1.0,True,0.0,,0.0,sem_sobretensao,sem_sobretensao,True,True,False,0.0,0.0,,,,,False,,[null]
leader_follower,C1,1,pv1,824,-0.0,-0.0,0.0,0.0,1.043519497117978,1.043519497117978,1.0450764055625157,1.0505970903489994,2.0,False,0.0,,0.0,sem_sobretensao,sem_sobretensao,True,True,False,0.0,0.0,,,,,False,,[null]
leader_follower,C1,1,pv3,828,-0.0,-0.0,0.0,0.0,1.0433884847070511,1.0433884847070511,1.0450764055625157,1.0505970903489994,3.0,False,0.0,,0.0,sem_sobretensao,sem_sobretensao,True,True,False,0.0,0.0,,,,,False,,[null]
leader_follower,C1,1,pv4,830,-0.0,-0.0,0.0,0.0,1.0402421909746427,1.0402421909746427,1.0450764055625157,1.0505970903489994,4.0,False,0.0,,0.0,sem_sobretensao,sem_sobretensao,True,True,False,0.0,0.0,,,,,False,,[null]
leader_follower,C1,1,pv5,850,-0.0,-0.0,0.0,0.0,1.0450764055625157,1.0450764055625157,1.0450764055625157,1.0505970903489994,5.0,False,0.0,,0.0,sem_sobretensao,sem_sobretensao,True,True,False,0.0,0.0,,,,,False,,[null]
leader_follower,C1,1,pv6,832,-0.0,-0.0,0.0,0.0,1.0350550780786294,1.0350550780786294,1.0450764055625157,1.0505970903489994,6.0,False,0.0,,0.0,sem_sobretensao,sem_sobretensao,True,True,False,0.0,0.0,,,,,False,,[null]
leader_follower,C1,2,pv2,816,-0.0,-0.0,0.0,0.0,1.0449571701348623,1.0449571701348623,1.0450072554978003,1.0505949800956955,1.0,True,0.0,,0.0,sem_sobretensao,sem_sobretensao,True,True,False,0.0,0.0,,,,,False,,[null]
leader_follower,C1,2,pv1,824,-0.0,-0.0,0.0,0.0,1.0434413812534846,1.0434413812534846,1.0450072554978003,1.0505949800956955,2.0,False,0.0,,0.0,sem_sobretensao,sem_sobretensao,True,True,False,0.0,0.0,,,,,False,,[null]
leader_follower,C1,2,pv3,828,-0.0,-0.0,0.0,0.0,1.0433096369965242,1.0433096369965242,1.0450072554978003,1.0505949800956955,3.0,False,0.0,,0.0,sem_sobretensao,sem_sobretensao,True,True,False,0.0,0.0,,,,,False,,[null]
leader_follower,C1,2,pv4,830,-0.0,-0.0,0.0,0.0,1.0401456464219774,1.0401456464219774,1.0450072554978003,1.0505949800956955,4.0,False,0.0,,0.0,sem_sobretensao,sem_sobretensao,True,True,False,0.0,0.0,,,,,False,,[null]
leader_follower,C1,2,pv5,850,-0.0,-0.0,0.0,0.0,1.0450072554978003,1.0450072554978003,1.0450072554978003,1.0505949800956955,5.0,False,0.0,,0.0,sem_sobretensao,sem_sobretensao,True,True,False,0.0,0.0,,,,,False,,[null]
leader_follower,C1,2,pv6,832,-0.0,-0.0,0.0,0.0,1.0349271785104095,1.0349271785104095,1.0450072554978003,1.0505949800956955,6.0,False,0.0,,0.0,sem_sobretensao,sem_sobretensao,True,True,False,0.0,0.0,,,,,False,,[null]
leader_follower,C1,3,pv2,816,-0.0,-0.0,0.0,0.0,1.0449571021647746,1.0449571021647746,1.0450071878057714,1.0505949776249717,1.0,True,0.0,,0.0,sem_sobretensao,sem_sobretensao,True,True,False,0.0,0.0,,,,,False,,[null]
leader_follower,C1,3,pv1,824,-0.0,-0.0,0.0,0.0,1.043441305274198,1.043441305274198,1.0450071878057714,1.0505949776249717,2.0,False,0.0,,0.0,sem_sobretensao,sem_sobretensao,True,True,False,0.0,0.0,,,,,False,,[null]
leader_follower,C1,3,pv3,828,-0.0,-0.0,0.0,0.0,1.043309560339792,1.043309560339792,1.0450071878057714,1.0505949776249717,3.0,False,0.0,,0.0,sem_sobretensao,sem_sobretensao,True,True,False,0.0,0.0,,,,,False,,[null]
leader_follower,C1,3,pv4,830,-0.0,-0.0,0.0,0.0,1.0401455535283302,1.0401455535283302,1.0450071878057714,1.0505949776249717,4.0,False,0.0,,0.0,sem_sobretensao,sem_sobretensao,True,True,False,0.0,0.0,,,,,False,,[null]
leader_follower,C1,3,pv5,850,-0.0,-0.0,0.0,0.0,1.0450071878057714,1.0450071878057714,1.0450071878057714,1.0505949776249717,5.0,False,0.0,,0.0,sem_sobretensao,sem_sobretensao,True,True,False,0.0,0.0,,,,,False,,[null]
leader_follower,C1,3,pv6,832,-0.0,-0.0,0.0,0.0,1.0349270553472671,1.0349270553472671,1.0450071878057714,1.0505949776249717,6.0,False,0.0,,0.0,sem_sobretensao,sem_sobretensao,True,True,False,0.0,0.0,,,,,False,,[null]
leader_follower,C1,4,pv2,816,-0.0,-0.0,0.0,0.0,1.045026523122921,1.045026523122921,1.045076338566197,1.0505970879234294,1.0,True,0.0,,0.0,sem_sobretensao,sem_sobretensao,True,True,False,0.0,0.0,,,,,False,,[null]
leader_follower,C1,4,pv1,824,-0.0,-0.0,0.0,0.0,1.0435194219130084,1.0435194219130084,1.045076338566197,1.0505970879234294,2.0,False,0.0,,0.0,sem_sobretensao,sem_sobretensao,True,True,False,0.0,0.0,,,,,False,,[null]
leader_follower,C1,4,pv3,828,-0.0,-0.0,0.0,0.0,1.0433884088314556,1.0433884088314556,1.045076338566197,1.0505970879234294,3.0,False,0.0,,0.0,sem_sobretensao,sem_sobretensao,True,True,False,0.0,0.0,,,,,False,,[null]
leader_follower,C1,4,pv4,830,-0.0,-0.0,0.0,0.0,1.0402420990252506,1.0402420990252506,1.045076338566197,1.0505970879234294,4.0,False,0.0,,0.0,sem_sobretensao,sem_sobretensao,True,True,False,0.0,0.0,,,,,False,,[null]
leader_follower,C1,4,pv5,850,-0.0,-0.0,0.0,0.0,1.045076338566197,1.045076338566197,1.045076338566197,1.0505970879234294,5.0,False,0.0,,0.0,sem_sobretensao,sem_sobretensao,True,True,False,0.0,0.0,,,,,False,,[null]
leader_follower,C1,4,pv6,832,-0.0,-0.0,0.0,0.0,1.035054956170032,1.035054956170032,1.045076338566197,1.0505970879234294,6.0,False,0.0,,0.0,sem_sobretensao,sem_sobretensao,True,True,False,0.0,0.0,,,,,False,,[null]
leader_follower,C1,5,pv2,816,-0.0,-0.0,0.0,0.0,1.046437942275659,1.046437942275659,1.0464804756969757,1.05063939179868,1.0,True,0.0,,0.0,sem_sobretensao,sem_sobretensao,True,True,False,0.0,0.0,,,,,False,,[null]
leader_follower,C1,5,pv1,824,-0.0,-0.0,0.0,0.0,1.0450850714048536,1.0450850714048536,1.0464804756969757,1.05063939179868,2.0,False,0.0,,0.0,sem_sobretensao,sem_sobretensao,True,True,False,0.0,0.0,,,,,False,,[null]
leader_follower,C1,5,pv3,828,-0.0,-0.0,0.0,0.0,1.044968726726859,1.044968726726859,1.0464804756969757,1.05063939179868,3.0,False,0.0,,0.0,sem_sobretensao,sem_sobretensao,True,True,False,0.0,0.0,,,,,False,,[null]
leader_follower,C1,5,pv4,830,-0.0,-0.0,0.0,0.0,1.0421771197491476,1.0421771197491476,1.0464804756969757,1.05063939179868,4.0,False,0.0,,0.0,sem_sobretensao,sem_sobretensao,True,True,False,0.0,0.0,,,,,False,,[null]
leader_follower,C1,5,pv5,850,-0.0,-0.0,0.0,0.0,1.0464804756969757,1.0464804756969757,1.0464804756969757,1.05063939179868,5.0,False,0.0,,0.0,sem_sobretensao,sem_sobretensao,True,True,False,0.0,0.0,,,,,False,,[null]
leader_follower,C1,5,pv6,832,-0.0,-0.0,0.0,0.0,1.0376184354041749,1.0376184354041749,1.0464804756969757,1.05063939179868,6.0,False,0.0,,0.0,sem_sobretensao,sem_sobretensao,True,True,False,0.0,0.0,,,,,False,,[null]
leader_follower,C1,6,pv2,816,15.625241782068514,15.625241782068514,0.0,0.0,1.0483407437819094,1.0483407437819094,1.0483782454548018,1.0506384889471005,1.0,True,0.0,0.0,0.0,sem_sobretensao,sem_sobretensao,True,True,False,0.0,0.0,,,,,False,0.0,[0.0]
leader_follower,C1,6,pv1,824,18.7503236717592,18.7503236717592,0.0,0.0,1.0471579048369506,1.0471579048369506,1.0483782454548018,1.0506384889471005,2.0,False,0.0,0.0,0.0,sem_sobretensao,sem_sobretensao,True,True,False,0.0,0.0,,,,,False,0.0,[0.0]
leader_follower,C1,6,pv3,828,12.500217712144039,12.500217712144039,0.0,0.0,1.0470455387298745,1.0470455387298745,1.0483782454548018,1.0506384889471005,3.0,False,0.0,0.0,0.0,sem_sobretensao,sem_sobretensao,True,True,False,0.0,0.0,,,,,False,0.0,[0.0]
leader_follower,C1,6,pv4,830,16.250349249231203,16.250349249231203,0.0,0.0,1.0442222095150686,1.0442222095150686,1.0483782454548018,1.0506384889471005,4.0,False,0.0,0.0,0.0,sem_sobretensao,sem_sobretensao,True,True,False,0.0,0.0,,,,,False,0.0,[0.0]
leader_follower,C1,6,pv5,850,11.250173385025839,11.250173385025839,0.0,0.0,1.0483782454548018,1.0483782454548018,1.0483782454548018,1.0506384889471005,5.0,False,0.0,0.0,0.0,sem_sobretensao,sem_sobretensao,True,True,False,0.0,0.0,,,,,False,0.0,[0.0]
leader_follower,C1,6,pv6,832,14.375428037447017,14.375428037447017,0.0,0.0,1.0393165620198634,1.0393165620198634,1.0483782454548018,1.0506384889471005,6.0,False,0.0,0.0,0.0,sem_sobretensao,sem_sobretensao,True,True,False,0.0,0.0,,,,,False,0.0,[0.0]
leader_follower,C1,7,pv2,816,46.87517293313687,17.95990522702268,28.915267706114186,0.6168567381880613,1.0562538666391141,1.0504690067798905,1.0504984172786418,1.050798209951824,1.0,True,0.0,0.6168567686642813,313.0,convergiu,convergiu,True,False,False,0.015871899858210355,0.015871899858210355,,,,,False,0.01587189291656735,[0.015872]
leader_follower,C1,7,pv1,824,56.25022149623055,22.325349647802696,33.924871848427856,0.6031064232030113,1.0558852978158424,1.0495365768293277,1.0504984172786418,1.050798209951824,2.0,False,0.0,0.6031064580021473,313.0,convergiu,convergiu,True,False,False,0.015871899858210355,0.015871899858210355,,,,,False,0.01587189291656735,[0.015872]
leader_follower,C1,7,pv3,828,37.5001485947879,15.329357284119816,22.170791310668086,0.5912187227672488,1.0558243986090117,1.049443632395442,1.0504984172786418,1.050798209951824,3.0,False,0.0,0.5912187588971202,313.0,convergiu,convergiu,True,False,False,0.015871899858210355,0.015871899858210355,,,,,False,0.01587189291656735,[0.015872]
leader_follower,C1,7,pv4,830,48.75022589866941,20.389073487041784,28.36115241162763,0.5817644885661339,1.0539937130575454,1.047061432299298,1.0504984172786418,1.050798209951824,4.0,False,0.0,0.5817645331649984,313.0,convergiu,convergiu,True,False,False,0.015871899858210355,0.015871899858210355,,,,,False,0.01587189291656735,[0.015872]
leader_follower,C1,7,pv5,850,33.75012402307615,14.337130727054998,19.41299329602115,0.575197653994982,1.056261646345798,1.0504984172786418,1.0504984172786418,1.050798209951824,5.0,False,0.0,0.5751976876513936,313.0,convergiu,convergiu,True,False,False,0.015871899858210355,0.015871899858210355,,,,,False,0.01587189291656735,[0.015872]
leader_follower,C1,7,pv6,832,43.12526281682057,18.464790783937495,24.660472032883078,0.5718334863377719,1.0502737503980764,1.0428644632718602,1.0504984172786418,1.050798209951824,6.0,False,0.0,0.5718335477196097,313.0,convergiu,convergiu,True,False,False,0.015871899858210355,0.015871899858210355,,,,,False,0.01587189291656735,[0.015872]
leader_follower,C1,8,pv2,816,85.41699496303387,36.37219175132235,49.044803211711525,0.5741808040613023,1.060022576352836,1.0504648415671618,1.0504950961953876,1.0507796443179565,1.0,True,0.0,0.5741808551440701,209.0,convergiu,convergiu,True,False,False,0.018749067414908876,0.018749067414908876,,,,,False,0.018749052995815318,[0.018749]
leader_follower,C1,8,pv1,824,102.5004215291612,45.18291223159447,57.31750929756673,0.5591928547466516,1.0599113578576231,1.0494211969379814,1.0504950961953876,1.0507796443179565,2.0,False,0.0,0.5591929129897285,209.0,convergiu,convergiu,True,False,False,0.018749067414908876,0.018749067414908876,,,,,False,0.018749052995815318,[0.018749]
leader_follower,C1,8,pv3,828,68.33361530758741,31.06893393392815,37.26468137365926,0.5453344896767764,1.0598511737352347,1.0493083410322928,1.0504950961953876,1.0507796443179565,3.0,False,0.0,0.5453345502930178,209.0,convergiu,convergiu,True,False,False,0.018749067414908876,0.018749067414908876,,,,,False,0.018749052995815318,[0.018749]
leader_follower,C1,8,pv4,830,88.8337181230295,41.416696296706164,47.417021826323335,0.5337727152484443,1.0577281149575994,1.0462839070171732,1.0504950961953876,1.0507796443179565,4.0,False,0.0,0.5337727929011542,209.0,convergiu,convergiu,True,False,False,0.018749067414908876,0.018749067414908876,,,,,False,0.018749052995815318,[0.018749]
leader_follower,C1,8,pv5,850,61.500235462120656,29.183115498868144,32.31711996325251,0.5254795568402567,1.0600169249210358,1.0504950961953876,1.0504950961953876,1.0507796443179565,5.0,False,0.0,0.5254796135399731,209.0,convergiu,convergiu,True,False,False,0.018749067414908876,0.018749067414908876,,,,,False,0.018749052995815318,[0.018749]
leader_follower,C1,8,pv6,832,78.58368076052253,37.62967689874412,40.9540038617784,0.5211513946770485,1.052786113452915,1.0405736507659473,1.0504950961953876,1.0507796443179565,6.0,False,0.0,0.5211515096446354,209.0,convergiu,convergiu,True,False,False,0.018749067414908876,0.018749067414908876,,,,,False,0.018749052995815318,[0.018749]
leader_follower,C1,9,pv2,816,109.37601396938015,41.89894679197191,67.47706717740824,0.6169274096840391,1.0634560297776894,1.050469312521171,1.0504998653253068,1.0507740134108283,1.0,True,0.0,0.6169274663483209,181.0,convergiu,convergiu,True,False,False,0.021253747030955027,0.021253747030955027,,,,,False,0.02125372878457432,[0.021254]
leader_follower,C1,9,pv1,824,131.2513119495232,52.39589316729136,78.85541878223184,0.6007971202276663,1.0636450071569712,1.0493911997283052,1.0504998653253068,1.0507740134108283,2.0,False,0.0,0.6007971852697226,181.0,convergiu,convergiu,True,False,False,0.021253747030955027,0.021253747030955027,,,,,False,0.02125372878457432,[0.021254]
leader_follower,C1,9,pv3,828,87.50087791134038,36.292618398349106,51.208259512991276,0.5852313115783467,1.0635972302898427,1.0492720923028267,1.0504998653253068,1.0507740134108283,3.0,False,0.0,0.5852313797911567,181.0,convergiu,convergiu,True,False,False,0.021253747030955027,0.021253747030955027,,,,,False,0.02125372878457432,[0.021254]
leader_follower,C1,9,pv4,830,113.75120372263729,48.701047358238085,65.0501563643992,0.5718633658612133,1.0615841248734983,1.046043155357521,1.0504998653253068,1.0507740134108283,4.0,False,0.0,0.571863454939895,181.0,convergiu,convergiu,True,False,False,0.021253747030955027,0.021253747030955027,,,,,False,0.02125372878457432,[0.021254]
leader_follower,C1,9,pv5,850,78.75072722231579,34.48556632178435,44.26516090053144,0.5620920260792678,1.0634377072370182,1.0504998653253068,1.0504998653253068,1.0507740134108283,5.0,False,0.0,0.5620920905983445,181.0,convergiu,convergiu,True,False,False,0.021253747030955027,0.021253747030955027,,,,,False,0.02125372878457432,[0.021254]
leader_follower,C1,9,pv6,832,100.62608337206441,44.58362139176135,56.04246198030307,0.5569375891018225,1.0564042271085874,1.039840490290128,1.0504998653253068,1.0507740134108283,6.0,False,0.0,0.5569377253120978,181.0,convergiu,convergiu,True,False,False,0.021253747030955027,0.021253747030955027,,,,,False,0.02125372878457432,[0.021254]
leader_follower,C1,10,pv2,816,122.91832632174388,47.80115945435564,75.11716686738824,0.6111144012495763,1.0647988785109221,1.0504685685125104,1.0504994043677758,1.0507662651501712,1.0,True,0.0,0.6111144620596761,167.0,convergiu,convergiu,True,False,False,0.02267201383681327,0.02267201383681327,,,,,False,0.022671992544232456,[0.022672]
leader_follower,C1,10,pv1,824,147.50215882491742,59.828001161099024,87.67415766381839,0.5943922994798638,1.0650831770405835,1.049354563002415,1.0504994043677758,1.0507662651501712,2.0,False,0.0,0.5943923693204121,167.0,convergiu,convergiu,True,False,False,0.02267201383681327,0.02267201383681327,,,,,False,0.022671992544232456,[0.022672]
leader_follower,C1,10,pv3,828,98.33477819810548,41.50966637926693,56.82511181883855,0.577873928660638,1.065036150538621,1.0492289937632335,1.0504994043677758,1.0507662651501712,3.0,False,0.0,0.577874002058138,167.0,convergiu,convergiu,True,False,False,0.02267201383681327,0.02267201383681327,,,,,False,0.022671992544232456,[0.022672]
leader_follower,C1,10,pv4,830,127.83531568797216,55.80404785102865,72.0312678369435,0.5634691399429541,1.0629336622477183,1.04579051717819,1.0504994043677758,1.0507662651501712,4.0,False,0.0,0.5634692373487902,167.0,convergiu,convergiu,True,False,False,0.02267201383681327,0.02267201383681327,,,,,False,0.022671992544232456,[0.022672]
leader_follower,C1,10,pv5,850,88.50119030857627,39.57448272901915,48.92670757955712,0.5528366482437658,1.0647757048512703,1.0504994043677758,1.0504994043677758,1.0507662651501712,5.0,False,0.0,0.5528367178900625,167.0,convergiu,convergiu,True,False,False,0.02267201383681327,0.02267201383681327,,,,,False,0.022671992544232456,[0.022672]
leader_follower,C1,10,pv6,832,113.08510073018633,51.20523001256943,61.879870717616896,0.5471972255987801,1.0573508103745628,1.0390896086131343,1.0504994043677758,1.0507662651501712,6.0,False,0.0,0.5471973789478972,167.0,convergiu,convergiu,True,False,False,0.02267201383681327,0.02267201383681327,,,,,False,0.022671992544232456,[0.022672]
leader_follower,C1,11,pv2,816,125.00095733728469,67.49521458342879,57.5057427538559,0.46004235541267274,1.061235773593364,1.050460348255894,1.0504918677978186,1.0507394889167678,1.0,True,0.0,0.4600424187047675,152.0,convergiu,convergiu,True,False,False,0.02236169568348129,0.02236169568348129,,,,,False,0.022361669005642258,[0.022362]
leader_follower,C1,11,pv1,824,150.00123569254907,83.46747963642555,66.53375605612352,0.44355464815358214,1.0610597783986833,1.0492339355985754,1.0504918677978186,1.0507394889167678,2.0,False,0.0,0.4435547197257417,152.0,convergiu,convergiu,True,False,False,0.02236169568348129,0.02236169568348129,,,,,False,0.022361669005642258,[0.022362]
leader_follower,C1,11,pv3,828,100.00082616374121,57.27431488463577,42.72651127910544,0.42726150837659743,1.060972598860659,1.049088020490845,1.0504918677978186,1.0507394889167678,3.0,False,0.0,0.42726158291077626,152.0,convergiu,convergiu,True,False,False,0.02236169568348129,0.02236169568348129,,,,,False,0.022361669005642258,[0.022362]
leader_follower,C1,11,pv4,830,130.00109804019215,76.30386214732064,53.697235892871504,0.41305206718009657,1.0578779546632593,1.0449964312281808,1.0504918677978186,1.0507394889167678,4.0,False,0.0,0.4130521718845025,152.0,convergiu,convergiu,True,False,False,0.02236169568348129,0.02236169568348129,,,,,False,0.022361669005642258,[0.022362]
leader_follower,C1,11,pv5,850,90.00068659344421,53.7696213607968,36.23106523264742,0.40256425063182577,1.0612265535604528,1.0504918677978186,1.0504918677978186,1.0507394889167678,5.0,False,0.0,0.40256432038471296,152.0,convergiu,convergiu,True,False,False,0.02236169568348129,0.02236169568348129,,,,,False,0.022361669005642258,[0.022362]
leader_follower,C1,11,pv6,832,115.00090634874903,69.34530532481767,45.655601023931354,0.39700191550066977,1.0504893436970575,1.0367709499438353,1.0504918677978186,1.0507394889167678,6.0,False,0.0,0.39700209740501746,152.0,convergiu,convergiu,True,False,False,0.02236169568348129,0.02236169568348129,,,,,False,0.022361669005642258,[0.022362]
leader_follower,C1,12,pv2,816,114.5839674869421,71.32264701397135,43.26132047297075,0.37755119174940827,1.0584759977181077,1.0504601727066998,1.0504917540229333,1.050735244746347,1.0,True,0.0,0.3775512527780187,150.0,convergiu,convergiu,True,False,False,0.021188731983166637,0.021188731983166637,,,,,False,0.02118870531515585,[0.021189]
leader_follower,C1,12,pv1,824,137.500811216337,87.78637290270697,49.71443831363004,0.3615573496935721,1.0580095018263087,1.0492139447785942,1.0504917540229333,1.050735244746347,2.0,False,0.0,0.36155741827160415,150.0,convergiu,convergiu,True,False,False,0.021188731983166637,0.021188731983166637,,,,,False,0.02118870531515585,[0.021189]
leader_follower,C1,12,pv3,828,91.66720947667525,59.945608093522345,31.72160138315291,0.346051712988223,1.0579033711917296,1.049064388766989,1.0504917540229333,1.050735244746347,3.0,False,0.0,0.34605178410306553,150.0,convergiu,convergiu,True,False,False,0.021188731983166637,0.021188731983166637,,,,,False,0.02118870531515585,[0.021189]
leader_follower,C1,12,pv4,830,119.16741941910747,79.5206146871881,39.646804731919374,0.3326982561157083,1.05443139405611,1.0448574301252118,1.0504917540229333,1.050735244746347,4.0,False,0.0,0.33269835769861733,150.0,convergiu,convergiu,True,False,False,0.021188731983166637,0.021188731983166637,,,,,False,0.02118870531515585,[0.021189]
leader_follower,C1,12,pv5,850,82.50045479818121,55.85928357738747,26.641171220793737,0.32292144123138866,1.0584772344305273,1.0504917540229333,1.0504917540229333,1.050735244746347,5.0,False,0.0,0.32292150735369113,150.0,convergiu,convergiu,True,False,False,0.021188731983166637,0.021188731983166637,,,,,False,0.02118870531515585,[0.021189]
leader_follower,C1,12,pv6,832,105.41738309748565,71.91997318706157,33.49740991042408,0.31775965082604035,1.0465580377998496,1.0363696968440963,1.0504917540229333,1.050735244746347,6.0,False,0.0,0.3177598316915822,150.0,convergiu,convergiu,True,False,False,0.021188731983166637,0.021188731983166637,,,,,False,0.02118870531515585,[0.021189]
leader_follower,C1,13,pv2,816,91.66698348605667,65.7686843309496,25.89829915510707,0.2825258634826246,1.055190830115624,1.0504616444374848,1.0504929264375555,1.050743973559109,1.0,True,0.0,0.2825259234045421,153.0,convergiu,convergiu,True,False,False,0.019045830733984616,0.019045830733984616,,,,,False,0.019045807685870202,[0.019046]
leader_follower,C1,13,pv1,824,110.00040317421733,80.58259816655199,29.417805007665336,0.26743354371198996,1.054437480012213,1.049250022726813,1.0504929264375555,1.050743973559109,2.0,False,0.0,0.26743361077571476,153.0,convergiu,convergiu,True,False,False,0.019045830733984616,0.019045830733984616,,,,,False,0.019045807685870202,[0.019046]
leader_follower,C1,13,pv3,828,73.3336035832353,54.7526951133138,18.580908469921503,0.25337502169264686,1.0543195761830213,1.0491067271094883,1.0504929264375555,1.050743973559109,3.0,False,0.0,0.2533750908453824,153.0,convergiu,convergiu,True,False,False,0.019045830733984616,0.019045830733984616,,,,,False,0.019045807685870202,[0.019046]
leader_follower,C1,13,pv4,830,95.33373528677343,72.30212067732708,23.03161460944635,0.24158924816337773,1.050745502114638,1.0451041967950068,1.0504929264375555,1.050743973559109,4.0,False,0.0,0.24158934442424757,153.0,convergiu,convergiu,True,False,False,0.019045830733984616,0.019045830733984616,,,,,False,0.019045807685870202,[0.019046]
leader_follower,C1,13,pv5,850,66.00022720743556,50.61493848876738,15.385288718668178,0.2331095688481201,1.0552041871008397,1.0504929264375555,1.0504929264375555,1.050743973559109,5.0,False,0.0,0.23310963264282336,153.0,convergiu,convergiu,True,False,False,0.019045830733984616,0.019045830733984616,,,,,False,0.019045807685870202,[0.019046]
leader_follower,C1,13,pv6,832,84.33378595972802,65.04860837409967,19.285177585628347,0.22867660288535546,1.0431065538963447,1.0371079441056819,1.0504929264375555,1.050743973559109,6.0,False,0.0,0.22867676775281515,153.0,convergiu,convergiu,True,False,False,0.019045830733984616,0.019045830733984616,,,,,False,0.019045807685870202,[0.019046]
leader_follower,C1,14,pv2,816,62.500201309858525,50.394213494753615,12.10598781510491,0.19369512360531718,1.0526136228942775,1.050466207375863,1.0504968443944576,1.0507652793007511,1.0,True,0.0,0.1936951811576863,156.0,convergiu,convergiu,True,False,False,0.016841564763093456,0.016841564763093456,,,,,False,0.016841548007749615,[0.016842]
leader_follower,C1,14,pv1,824,75.00025876927558,61.536026525645454,13.464232243630121,0.17952241283881928,1.0516996384197117,1.0493454058501743,1.0504968443944576,1.0507652793007511,2.0,False,0.0,0.17952247718305,156.0,convergiu,convergiu,True,False,False,0.016841564763093456,0.016841564763093456,,,,,False,0.016841548007749615,[0.016842]
leader_follower,C1,14,pv3,828,50.00017366286521,41.651900809648694,8.348272853216514,0.16696481116600828,1.0515841350554855,1.049218553722461,1.0504968443944576,1.0507652793007511,3.0,False,0.0,0.16696487715235117,156.0,convergiu,convergiu,True,False,False,0.016841564763093456,0.016841564763093456,,,,,False,0.016841548007749615,[0.016842]
leader_follower,C1,14,pv4,830,65.00026789898666,54.808199787309455,10.192068111677209,0.15680031504029487,1.0483035677146684,1.0457475074893325,1.0504968443944576,1.0507652793007511,4.0,False,0.0,0.1568004016155155,156.0,convergiu,convergiu,True,False,False,0.016841564763093456,0.016841564763093456,,,,,False,0.016841548007749615,[0.016842]
leader_follower,C1,14,pv5,850,45.00014436772446,38.26560563918396,6.7345387285405,0.1496558756132604,1.0526360955298504,1.0504968443944576,1.0504968443944576,1.0507652793007511,5.0,False,0.0,0.14965593606785685,156.0,convergiu,convergiu,True,False,False,0.016841564763093456,0.016841564763093456,,,,,False,0.016841548007749615,[0.016842]
leader_follower,C1,14,pv6,832,57.50032045404197,49.10695390275711,8.393366551284856,0.14597064379487484,1.0417206375636467,1.039006204584335,1.0504968443944576,1.0507652793007511,6.0,False,0.0,0.14597077868450117,156.0,convergiu,convergiu,True,False,False,0.016841564763093456,0.016841564763093456,,,,,False,0.016841548007749615,[0.016842]
leader_follower,C1,15,pv2,816,28.124947722375996,28.124947722375996,0.0,0.0,1.0386370242193292,1.0386370242193292,1.0387127583245732,1.050295510015359,1.0,True,0.0,0.0,0.0,sem_sobretensao,sem_sobretensao,True,True,False,0.0,0.0,,,,,False,0.0,[0.0]
leader_follower,C1,15,pv1,824,33.749932591829186,33.749932591829186,0.0,0.0,1.036165762635018,1.036165762635018,1.0387127583245732,1.050295510015359,2.0,False,0.0,0.0,0.0,sem_sobretensao,sem_sobretensao,True,True,False,0.0,0.0,,,,,False,0.0,[0.0]
leader_follower,C1,15,pv3,828,22.49995479113874,22.49995479113874,0.0,0.0,1.0359378482812307,1.0359378482812307,1.0387127583245732,1.050295510015359,3.0,False,0.0,0.0,0.0,sem_sobretensao,sem_sobretensao,True,True,False,0.0,0.0,,,,,False,0.0,[0.0]
leader_follower,C1,15,pv4,830,29.249932283281623,29.249932283281623,0.0,0.0,1.0302157541391335,1.0302157541391335,1.0387127583245732,1.050295510015359,4.0,False,0.0,0.0,0.0,sem_sobretensao,sem_sobretensao,True,True,False,0.0,0.0,,,,,False,0.0,[0.0]
leader_follower,C1,15,pv5,850,20.249962511919197,20.249962511919197,0.0,0.0,1.0387127583245732,1.0387127583245732,1.0387127583245732,1.050295510015359,5.0,False,0.0,0.0,0.0,sem_sobretensao,sem_sobretensao,True,True,False,0.0,0.0,,,,,False,0.0,[0.0]
leader_follower,C1,15,pv6,832,25.874924409039725,25.874924409039725,0.0,0.0,1.0199321297671307,1.0199321297671307,1.0387127583245732,1.050295510015359,6.0,False,0.0,0.0,0.0,sem_sobretensao,sem_sobretensao,True,True,False,0.0,0.0,,,,,False,0.0,[0.0]
leader_follower,C1,16,pv2,816,3.1250322945954254,3.1250322945954254,0.0,0.0,1.0394703803118979,1.0394703803118979,1.0395419414769798,1.0504162382879947,1.0,True,0.0,0.0,0.0,sem_sobretensao,sem_sobretensao,True,True,False,0.0,0.0,,,,,False,0.0,[0.0]
leader_follower,C1,16,pv1,824,3.7500421409576647,3.7500421409576647,0.0,0.0,1.0372492372290005,1.0372492372290005,1.0395419414769798,1.0504162382879947,2.0,False,0.0,0.0,0.0,sem_sobretensao,sem_sobretensao,True,True,False,0.0,0.0,,,,,False,0.0,[0.0]
leader_follower,C1,16,pv3,828,2.500028276789892,2.500028276789892,0.0,0.0,1.037056377956073,1.037056377956073,1.0395419414769798,1.0504162382879947,3.0,False,0.0,0.0,0.0,sem_sobretensao,sem_sobretensao,True,True,False,0.0,0.0,,,,,False,0.0,[0.0]
leader_follower,C1,16,pv4,830,3.2500425487383495,3.2500425487383495,0.0,0.0,1.0323888508528682,1.0323888508528682,1.0395419414769798,1.0504162382879947,4.0,False,0.0,0.0,0.0,sem_sobretensao,sem_sobretensao,True,True,False,0.0,0.0,,,,,False,0.0,[0.0]
leader_follower,C1,16,pv5,850,2.2500231591699116,2.2500231591699116,0.0,0.0,1.0395419414769798,1.0395419414769798,1.0395419414769798,1.0504162382879947,5.0,False,0.0,0.0,0.0,sem_sobretensao,sem_sobretensao,True,True,False,0.0,0.0,,,,,False,0.0,[0.0]
leader_follower,C1,16,pv6,832,2.8750471329296334,2.8750471329296334,0.0,0.0,1.0244469035472619,1.0244469035472619,1.0395419414769798,1.0504162382879947,6.0,False,0.0,0.0,0.0,sem_sobretensao,sem_sobretensao,True,True,False,0.0,0.0,,,,,False,0.0,[0.0]
leader_follower,C1,17,pv2,816,-0.0,-0.0,0.0,0.0,1.0319530456641133,1.0319530456641133,1.0320537436109638,1.0501995250985579,1.0,True,0.0,,0.0,sem_sobretensao,sem_sobretensao,True,True,False,0.0,0.0,,,,,False,,[null]
leader_follower,C1,17,pv1,824,-0.0,-0.0,0.0,0.0,1.0288097422283975,1.0288097422283975,1.0320537436109638,1.0501995250985579,2.0,False,0.0,,0.0,sem_sobretensao,sem_sobretensao,True,True,False,0.0,0.0,,,,,False,,[null]
leader_follower,C1,17,pv3,828,-0.0,-0.0,0.0,0.0,1.0285410077167667,1.0285410077167667,1.0320537436109638,1.0501995250985579,3.0,False,0.0,,0.0,sem_sobretensao,sem_sobretensao,True,True,False,0.0,0.0,,,,,False,,[null]
leader_follower,C1,17,pv4,830,-0.0,-0.0,0.0,0.0,1.0220651174905713,1.0220651174905713,1.0320537436109638,1.0501995250985579,4.0,False,0.0,,0.0,sem_sobretensao,sem_sobretensao,True,True,False,0.0,0.0,,,,,False,,[null]
leader_follower,C1,17,pv5,850,-0.0,-0.0,0.0,0.0,1.0320537436109638,1.0320537436109638,1.0320537436109638,1.0501995250985579,5.0,False,0.0,,0.0,sem_sobretensao,sem_sobretensao,True,True,False,0.0,0.0,,,,,False,,[null]
leader_follower,C1,17,pv6,832,-0.0,-0.0,0.0,0.0,1.0109757984235852,1.0109757984235852,1.0320537436109638,1.0501995250985579,6.0,False,0.0,,0.0,sem_sobretensao,sem_sobretensao,True,True,False,0.0,0.0,,,,,False,,[null]
leader_follower,C1,18,pv2,816,-0.0,-0.0,0.0,0.0,1.0353684495010183,1.0353684495010183,1.0354558554930642,1.0503034017860868,1.0,True,0.0,,0.0,sem_sobretensao,sem_sobretensao,True,True,False,0.0,0.0,,,,,False,,[null]
leader_follower,C1,18,pv1,824,-0.0,-0.0,0.0,0.0,1.0326523500430973,1.0326523500430973,1.0354558554930642,1.0503034017860868,2.0,False,0.0,,0.0,sem_sobretensao,sem_sobretensao,True,True,False,0.0,0.0,,,,,False,,[null]
leader_follower,C1,18,pv3,828,-0.0,-0.0,0.0,0.0,1.0324195763808064,1.0324195763808064,1.0354558554930642,1.0503034017860868,3.0,False,0.0,,0.0,sem_sobretensao,sem_sobretensao,True,True,False,0.0,0.0,,,,,False,,[null]
leader_follower,C1,18,pv4,830,-0.0,-0.0,0.0,0.0,1.02681295674242,1.02681295674242,1.0354558554930642,1.0503034017860868,4.0,False,0.0,,0.0,sem_sobretensao,sem_sobretensao,True,True,False,0.0,0.0,,,,,False,,[null]
leader_follower,C1,18,pv5,850,-0.0,-0.0,0.0,0.0,1.0354558554930642,1.0354558554930642,1.0354558554930642,1.0503034017860868,5.0,False,0.0,,0.0,sem_sobretensao,sem_sobretensao,True,True,False,0.0,0.0,,,,,False,,[null]
leader_follower,C1,18,pv6,832,-0.0,-0.0,0.0,0.0,1.017265056101975,1.017265056101975,1.0354558554930642,1.0503034017860868,6.0,False,0.0,,0.0,sem_sobretensao,sem_sobretensao,True,True,False,0.0,0.0,,,,,False,,[null]
leader_follower,C1,19,pv2,816,-0.0,-0.0,0.0,0.0,1.012463803494029,1.012463803494029,1.0126403397694483,1.0496066048479267,1.0,True,0.0,,0.0,sem_sobretensao,sem_sobretensao,True,True,False,0.0,0.0,,,,,False,,[null]
leader_follower,C1,19,pv1,824,-0.0,-0.0,0.0,0.0,1.0068862241138112,1.0068862241138112,1.0126403397694483,1.0496066048479267,2.0,False,0.0,,0.0,sem_sobretensao,sem_sobretensao,True,True,False,0.0,0.0,,,,,False,,[null]
leader_follower,C1,19,pv3,828,-0.0,-0.0,0.0,0.0,1.00641255022254,1.00641255022254,1.0126403397694483,1.0496066048479267,3.0,False,0.0,,0.0,sem_sobretensao,sem_sobretensao,True,True,False,0.0,0.0,,,,,False,,[null]
leader_follower,C1,19,pv4,830,-0.0,-0.0,0.0,0.0,0.9949844738133675,0.9949844738133675,1.0126403397694483,1.0496066048479267,4.0,False,0.0,,0.0,sem_sobretensao,sem_sobretensao,True,True,False,0.0,0.0,,,,,False,,[null]
leader_follower,C1,19,pv5,850,-0.0,-0.0,0.0,0.0,1.0126403397694483,1.0126403397694483,1.0126403397694483,1.0496066048479267,5.0,False,0.0,,0.0,sem_sobretensao,sem_sobretensao,True,True,False,0.0,0.0,,,,,False,,[null]
leader_follower,C1,19,pv6,832,-0.0,-0.0,0.0,0.0,0.9751062275735913,0.9751062275735913,1.0126403397694483,1.0496066048479267,6.0,False,0.0,,0.0,sem_sobretensao,sem_sobretensao,True,True,False,0.0,0.0,,,,,False,,[null]
leader_follower,C1,20,pv2,816,-0.0,-0.0,0.0,0.0,1.0078351504741658,1.0078351504741658,1.008029696164423,1.0494657402550034,1.0,True,0.0,,0.0,sem_sobretensao,sem_sobretensao,True,True,False,0.0,0.0,,,,,False,,[null]
leader_follower,C1,20,pv1,824,-0.0,-0.0,0.0,0.0,1.0016803252824402,1.0016803252824402,1.008029696164423,1.0494657402550034,2.0,False,0.0,,0.0,sem_sobretensao,sem_sobretensao,True,True,False,0.0,0.0,,,,,False,,[null]
leader_follower,C1,20,pv3,828,-0.0,-0.0,0.0,0.0,1.001158047785484,1.001158047785484,1.008029696164423,1.0494657402550034,3.0,False,0.0,,0.0,sem_sobretensao,sem_sobretensao,True,True,False,0.0,0.0,,,,,False,,[null]
leader_follower,C1,20,pv4,830,-0.0,-0.0,0.0,0.0,0.9885559519361026,0.9885559519361026,1.008029696164423,1.0494657402550034,4.0,False,0.0,,0.0,sem_sobretensao,sem_sobretensao,True,True,False,0.0,0.0,,,,,False,,[null]
leader_follower,C1,20,pv5,850,-0.0,-0.0,0.0,0.0,1.008029696164423,1.008029696164423,1.008029696164423,1.0494657402550034,5.0,False,0.0,,0.0,sem_sobretensao,sem_sobretensao,True,True,False,0.0,0.0,,,,,False,,[null]
leader_follower,C1,20,pv6,832,-0.0,-0.0,0.0,0.0,0.9665920784800833,0.9665920784800833,1.008029696164423,1.0494657402550034,6.0,False,0.0,,0.0,sem_sobretensao,sem_sobretensao,True,True,False,0.0,0.0,,,,,False,,[null]
leader_follower,C1,21,pv2,816,-0.0,-0.0,0.0,0.0,1.0061895964378376,1.0061895964378376,1.0063905442901249,1.0494156571369113,1.0,True,0.0,,0.0,sem_sobretensao,sem_sobretensao,True,True,False,0.0,0.0,,,,,False,,[null]
leader_follower,C1,21,pv1,824,-0.0,-0.0,0.0,0.0,0.9998296239446811,0.9998296239446811,1.0063905442901249,1.0494156571369113,2.0,False,0.0,,0.0,sem_sobretensao,sem_sobretensao,True,True,False,0.0,0.0,,,,,False,,[null]
leader_follower,C1,21,pv3,828,-0.0,-0.0,0.0,0.0,0.9992900728255066,0.9992900728255066,1.0063905442901249,1.0494156571369113,3.0,False,0.0,,0.0,sem_sobretensao,sem_sobretensao,True,True,False,0.0,0.0,,,,,False,,[null]
leader_follower,C1,21,pv4,830,-0.0,-0.0,0.0,0.0,0.9862707730472379,0.9862707730472379,1.0063905442901249,1.0494156571369113,4.0,False,0.0,,0.0,sem_sobretensao,sem_sobretensao,True,True,False,0.0,0.0,,,,,False,,[null]
leader_follower,C1,21,pv5,850,-0.0,-0.0,0.0,0.0,1.0063905442901249,1.0063905442901249,1.0063905442901249,1.0494156571369113,5.0,False,0.0,,0.0,sem_sobretensao,sem_sobretensao,True,True,False,0.0,0.0,,,,,False,,[null]
leader_follower,C1,21,pv6,832,-0.0,-0.0,0.0,0.0,0.9635655636096437,0.9635655636096437,1.0063905442901249,1.0494156571369113,6.0,False,0.0,,0.0,sem_sobretensao,sem_sobretensao,True,True,False,0.0,0.0,,,,,False,,[null]
leader_follower,C1,22,pv2,816,-0.0,-0.0,0.0,0.0,1.0058618084193778,1.0058618084193778,1.0060640314884584,1.049405687339917,1.0,True,0.0,,0.0,sem_sobretensao,sem_sobretensao,True,True,False,0.0,0.0,,,,,False,,[null]
leader_follower,C1,22,pv1,824,-0.0,-0.0,0.0,0.0,0.9994609737243801,0.9994609737243801,1.0060640314884584,1.049405687339917,2.0,False,0.0,,0.0,sem_sobretensao,sem_sobretensao,True,True,False,0.0,0.0,,,,,False,,[null]
leader_follower,C1,22,pv3,828,-0.0,-0.0,0.0,0.0,0.9989179819308516,0.9989179819308516,1.0060640314884584,1.049405687339917,3.0,False,0.0,,0.0,sem_sobretensao,sem_sobretensao,True,True,False,0.0,0.0,,,,,False,,[null]
leader_follower,C1,22,pv4,830,-0.0,-0.0,0.0,0.0,0.9858155814373922,0.9858155814373922,1.0060640314884584,1.049405687339917,4.0,False,0.0,,0.0,sem_sobretensao,sem_sobretensao,True,True,False,0.0,0.0,,,,,False,,[null]
leader_follower,C1,22,pv5,850,-0.0,-0.0,0.0,0.0,1.0060640314884584,1.0060640314884584,1.0060640314884584,1.049405687339917,5.0,False,0.0,,0.0,sem_sobretensao,sem_sobretensao,True,True,False,0.0,0.0,,,,,False,,[null]
leader_follower,C1,22,pv6,832,-0.0,-0.0,0.0,0.0,0.9629627164790306,0.9629627164790306,1.0060640314884584,1.049405687339917,6.0,False,0.0,,0.0,sem_sobretensao,sem_sobretensao,True,True,False,0.0,0.0,,,,,False,,[null]
leader_follower,C1,23,pv2,816,-0.0,-0.0,0.0,0.0,1.0157857990852877,1.0157857990852877,1.0159494099998212,1.049707699932122,1.0,True,0.0,,0.0,sem_sobretensao,sem_sobretensao,True,True,False,0.0,0.0,,,,,False,,[null]
leader_follower,C1,23,pv1,824,-0.0,-0.0,0.0,0.0,1.0106227444912799,1.0106227444912799,1.0159494099998212,1.049707699932122,2.0,False,0.0,,0.0,sem_sobretensao,sem_sobretensao,True,True,False,0.0,0.0,,,,,False,,[null]
leader_follower,C1,23,pv3,828,-0.0,-0.0,0.0,0.0,1.010183972127752,1.010183972127752,1.0159494099998212,1.049707699932122,3.0,False,0.0,,0.0,sem_sobretensao,sem_sobretensao,True,True,False,0.0,0.0,,,,,False,,[null]
leader_follower,C1,23,pv4,830,-0.0,-0.0,0.0,0.0,0.9995990501550603,0.9995990501550603,1.0159494099998212,1.049707699932122,4.0,False,0.0,,0.0,sem_sobretensao,sem_sobretensao,True,True,False,0.0,0.0,,,,,False,,[null]
leader_follower,C1,23,pv5,850,-0.0,-0.0,0.0,0.0,1.0159494099998212,1.0159494099998212,1.0159494099998212,1.049707699932122,5.0,False,0.0,,0.0,sem_sobretensao,sem_sobretensao,True,True,False,0.0,0.0,,,,,False,,[null]
leader_follower,C1,23,pv6,832,-0.0,-0.0,0.0,0.0,0.9812181271943429,0.9812181271943429,1.0159494099998212,1.049707699932122,6.0,False,0.0,,0.0,sem_sobretensao,sem_sobretensao,True,True,False,0.0,0.0,,,,,False,,[null]
leader_follower,C2,0,pv2,816,-0.0,-0.0,0.0,0.0,1.0450262948633384,1.0450262948633384,1.0450761113146871,1.0505970659065016,1.0,True,0.0,,0.0,sem_sobretensao,sem_sobretensao,True,True,False,0.0,0.0,,,,,False,,"[null, null]"
leader_follower,C2,0,pv1,824,-0.0,-0.0,0.0,0.0,1.0435191673339028,1.0435191673339028,1.0450761113146871,1.0505970659065016,2.0,False,1.0,,0.0,sem_sobretensao,sem_sobretensao,True,True,False,0.0,0.0,,,,,False,,"[null, null]"
leader_follower,C2,0,pv3,828,-0.0,-0.0,0.0,0.0,1.043388151795147,1.043388151795147,1.0450761113146871,1.0505970659065016,3.0,False,1.0,,0.0,sem_sobretensao,sem_sobretensao,True,True,False,0.0,0.0,,,,,False,,"[null, null]"
leader_follower,C2,0,pv4,830,-0.0,-0.0,0.0,0.0,1.0402417834114017,1.0402417834114017,1.0450761113146871,1.0505970659065016,4.0,False,1.0,,0.0,sem_sobretensao,sem_sobretensao,True,True,False,0.0,0.0,,,,,False,,"[null, null]"
leader_follower,C2,0,pv5,850,-0.0,-0.0,0.0,0.0,1.0450761113146871,1.0450761113146871,1.0450761113146871,1.0505970659065016,5.0,False,1.0,,0.0,sem_sobretensao,sem_sobretensao,True,True,False,0.0,0.0,,,,,False,,"[null, null]"
leader_follower,C2,0,pv6,832,-0.0,-0.0,0.0,0.0,1.0350545283587615,1.0350545283587615,1.0450761113146871,1.0505970659065016,6.0,False,1.0,,0.0,sem_sobretensao,sem_sobretensao,True,True,False,0.0,0.0,,,,,False,,"[null, null]"
leader_follower,C2,1,pv2,816,-0.0,-0.0,0.0,0.0,1.0450265903941263,1.0450265903941263,1.0450764055625157,1.0505970903489994,1.0,True,0.0,,0.0,sem_sobretensao,sem_sobretensao,True,True,False,0.0,0.0,,,,,False,,"[null, null]"
leader_follower,C2,1,pv1,824,-0.0,-0.0,0.0,0.0,1.043519497117978,1.043519497117978,1.0450764055625157,1.0505970903489994,2.0,False,1.0,,0.0,sem_sobretensao,sem_sobretensao,True,True,False,0.0,0.0,,,,,False,,"[null, null]"
leader_follower,C2,1,pv3,828,-0.0,-0.0,0.0,0.0,1.0433884847070511,1.0433884847070511,1.0450764055625157,1.0505970903489994,3.0,False,1.0,,0.0,sem_sobretensao,sem_sobretensao,True,True,False,0.0,0.0,,,,,False,,"[null, null]"
leader_follower,C2,1,pv4,830,-0.0,-0.0,0.0,0.0,1.0402421909746427,1.0402421909746427,1.0450764055625157,1.0505970903489994,4.0,False,1.0,,0.0,sem_sobretensao,sem_sobretensao,True,True,False,0.0,0.0,,,,,False,,"[null, null]"
leader_follower,C2,1,pv5,850,-0.0,-0.0,0.0,0.0,1.0450764055625157,1.0450764055625157,1.0450764055625157,1.0505970903489994,5.0,False,1.0,,0.0,sem_sobretensao,sem_sobretensao,True,True,False,0.0,0.0,,,,,False,,"[null, null]"
leader_follower,C2,1,pv6,832,-0.0,-0.0,0.0,0.0,1.0350550780786294,1.0350550780786294,1.0450764055625157,1.0505970903489994,6.0,False,1.0,,0.0,sem_sobretensao,sem_sobretensao,True,True,False,0.0,0.0,,,,,False,,"[null, null]"
leader_follower,C2,2,pv2,816,-0.0,-0.0,0.0,0.0,1.0449571701348623,1.0449571701348623,1.0450072554978003,1.0505949800956955,1.0,True,0.0,,0.0,sem_sobretensao,sem_sobretensao,True,True,False,0.0,0.0,,,,,False,,"[null, null]"
leader_follower,C2,2,pv1,824,-0.0,-0.0,0.0,0.0,1.0434413812534846,1.0434413812534846,1.0450072554978003,1.0505949800956955,2.0,False,1.0,,0.0,sem_sobretensao,sem_sobretensao,True,True,False,0.0,0.0,,,,,False,,"[null, null]"
leader_follower,C2,2,pv3,828,-0.0,-0.0,0.0,0.0,1.0433096369965242,1.0433096369965242,1.0450072554978003,1.0505949800956955,3.0,False,1.0,,0.0,sem_sobretensao,sem_sobretensao,True,True,False,0.0,0.0,,,,,False,,"[null, null]"
leader_follower,C2,2,pv4,830,-0.0,-0.0,0.0,0.0,1.0401456464219774,1.0401456464219774,1.0450072554978003,1.0505949800956955,4.0,False,1.0,,0.0,sem_sobretensao,sem_sobretensao,True,True,False,0.0,0.0,,,,,False,,"[null, null]"
leader_follower,C2,2,pv5,850,-0.0,-0.0,0.0,0.0,1.0450072554978003,1.0450072554978003,1.0450072554978003,1.0505949800956955,5.0,False,1.0,,0.0,sem_sobretensao,sem_sobretensao,True,True,False,0.0,0.0,,,,,False,,"[null, null]"
leader_follower,C2,2,pv6,832,-0.0,-0.0,0.0,0.0,1.0349271785104095,1.0349271785104095,1.0450072554978003,1.0505949800956955,6.0,False,1.0,,0.0,sem_sobretensao,sem_sobretensao,True,True,False,0.0,0.0,,,,,False,,"[null, null]"
leader_follower,C2,3,pv2,816,-0.0,-0.0,0.0,0.0,1.0449571021647746,1.0449571021647746,1.0450071878057714,1.0505949776249717,1.0,True,0.0,,0.0,sem_sobretensao,sem_sobretensao,True,True,False,0.0,0.0,,,,,False,,"[null, null]"
leader_follower,C2,3,pv1,824,-0.0,-0.0,0.0,0.0,1.043441305274198,1.043441305274198,1.0450071878057714,1.0505949776249717,2.0,False,1.0,,0.0,sem_sobretensao,sem_sobretensao,True,True,False,0.0,0.0,,,,,False,,"[null, null]"
leader_follower,C2,3,pv3,828,-0.0,-0.0,0.0,0.0,1.043309560339792,1.043309560339792,1.0450071878057714,1.0505949776249717,3.0,False,1.0,,0.0,sem_sobretensao,sem_sobretensao,True,True,False,0.0,0.0,,,,,False,,"[null, null]"
leader_follower,C2,3,pv4,830,-0.0,-0.0,0.0,0.0,1.0401455535283302,1.0401455535283302,1.0450071878057714,1.0505949776249717,4.0,False,1.0,,0.0,sem_sobretensao,sem_sobretensao,True,True,False,0.0,0.0,,,,,False,,"[null, null]"
leader_follower,C2,3,pv5,850,-0.0,-0.0,0.0,0.0,1.0450071878057714,1.0450071878057714,1.0450071878057714,1.0505949776249717,5.0,False,1.0,,0.0,sem_sobretensao,sem_sobretensao,True,True,False,0.0,0.0,,,,,False,,"[null, null]"
leader_follower,C2,3,pv6,832,-0.0,-0.0,0.0,0.0,1.0349270553472671,1.0349270553472671,1.0450071878057714,1.0505949776249717,6.0,False,1.0,,0.0,sem_sobretensao,sem_sobretensao,True,True,False,0.0,0.0,,,,,False,,"[null, null]"
leader_follower,C2,4,pv2,816,-0.0,-0.0,0.0,0.0,1.045026523122921,1.045026523122921,1.045076338566197,1.0505970879234294,1.0,True,0.0,,0.0,sem_sobretensao,sem_sobretensao,True,True,False,0.0,0.0,,,,,False,,"[null, null]"
leader_follower,C2,4,pv1,824,-0.0,-0.0,0.0,0.0,1.0435194219130084,1.0435194219130084,1.045076338566197,1.0505970879234294,2.0,False,1.0,,0.0,sem_sobretensao,sem_sobretensao,True,True,False,0.0,0.0,,,,,False,,"[null, null]"
leader_follower,C2,4,pv3,828,-0.0,-0.0,0.0,0.0,1.0433884088314556,1.0433884088314556,1.045076338566197,1.0505970879234294,3.0,False,1.0,,0.0,sem_sobretensao,sem_sobretensao,True,True,False,0.0,0.0,,,,,False,,"[null, null]"
leader_follower,C2,4,pv4,830,-0.0,-0.0,0.0,0.0,1.0402420990252506,1.0402420990252506,1.045076338566197,1.0505970879234294,4.0,False,1.0,,0.0,sem_sobretensao,sem_sobretensao,True,True,False,0.0,0.0,,,,,False,,"[null, null]"
leader_follower,C2,4,pv5,850,-0.0,-0.0,0.0,0.0,1.045076338566197,1.045076338566197,1.045076338566197,1.0505970879234294,5.0,False,1.0,,0.0,sem_sobretensao,sem_sobretensao,True,True,False,0.0,0.0,,,,,False,,"[null, null]"
leader_follower,C2,4,pv6,832,-0.0,-0.0,0.0,0.0,1.035054956170032,1.035054956170032,1.045076338566197,1.0505970879234294,6.0,False,1.0,,0.0,sem_sobretensao,sem_sobretensao,True,True,False,0.0,0.0,,,,,False,,"[null, null]"
leader_follower,C2,5,pv2,816,-0.0,-0.0,0.0,0.0,1.046437942275659,1.046437942275659,1.0464804756969757,1.05063939179868,1.0,True,0.0,,0.0,sem_sobretensao,sem_sobretensao,True,True,False,0.0,0.0,,,,,False,,"[null, null]"
leader_follower,C2,5,pv1,824,-0.0,-0.0,0.0,0.0,1.0450850714048536,1.0450850714048536,1.0464804756969757,1.05063939179868,2.0,False,1.0,,0.0,sem_sobretensao,sem_sobretensao,True,True,False,0.0,0.0,,,,,False,,"[null, null]"
leader_follower,C2,5,pv3,828,-0.0,-0.0,0.0,0.0,1.044968726726859,1.044968726726859,1.0464804756969757,1.05063939179868,3.0,False,1.0,,0.0,sem_sobretensao,sem_sobretensao,True,True,False,0.0,0.0,,,,,False,,"[null, null]"
leader_follower,C2,5,pv4,830,-0.0,-0.0,0.0,0.0,1.0421771197491476,1.0421771197491476,1.0464804756969757,1.05063939179868,4.0,False,1.0,,0.0,sem_sobretensao,sem_sobretensao,True,True,False,0.0,0.0,,,,,False,,"[null, null]"
leader_follower,C2,5,pv5,850,-0.0,-0.0,0.0,0.0,1.0464804756969757,1.0464804756969757,1.0464804756969757,1.05063939179868,5.0,False,1.0,,0.0,sem_sobretensao,sem_sobretensao,True,True,False,0.0,0.0,,,,,False,,"[null, null]"
leader_follower,C2,5,pv6,832,-0.0,-0.0,0.0,0.0,1.0376184354041749,1.0376184354041749,1.0464804756969757,1.05063939179868,6.0,False,1.0,,0.0,sem_sobretensao,sem_sobretensao,True,True,False,0.0,0.0,,,,,False,,"[null, null]"
leader_follower,C2,6,pv2,816,15.625241782068514,15.625241782068514,0.0,0.0,1.0483407437819094,1.0483407437819094,1.0483782454548018,1.0506384889471005,1.0,True,0.0,0.0,0.0,sem_sobretensao,sem_sobretensao,True,True,False,0.0,0.0,,,,,False,0.0,"[0.0, 0.0]"
leader_follower,C2,6,pv1,824,18.7503236717592,18.7503236717592,0.0,0.0,1.0471579048369506,1.0471579048369506,1.0483782454548018,1.0506384889471005,2.0,False,1.0,0.0,0.0,sem_sobretensao,sem_sobretensao,True,True,False,0.0,0.0,,,,,False,0.0,"[0.0, 0.0]"
leader_follower,C2,6,pv3,828,12.500217712144039,12.500217712144039,0.0,0.0,1.0470455387298745,1.0470455387298745,1.0483782454548018,1.0506384889471005,3.0,False,1.0,0.0,0.0,sem_sobretensao,sem_sobretensao,True,True,False,0.0,0.0,,,,,False,0.0,"[0.0, 0.0]"
leader_follower,C2,6,pv4,830,16.250349249231203,16.250349249231203,0.0,0.0,1.0442222095150686,1.0442222095150686,1.0483782454548018,1.0506384889471005,4.0,False,1.0,0.0,0.0,sem_sobretensao,sem_sobretensao,True,True,False,0.0,0.0,,,,,False,0.0,"[0.0, 0.0]"
leader_follower,C2,6,pv5,850,11.250173385025839,11.250173385025839,0.0,0.0,1.0483782454548018,1.0483782454548018,1.0483782454548018,1.0506384889471005,5.0,False,1.0,0.0,0.0,sem_sobretensao,sem_sobretensao,True,True,False,0.0,0.0,,,,,False,0.0,"[0.0, 0.0]"
leader_follower,C2,6,pv6,832,14.375428037447017,14.375428037447017,0.0,0.0,1.0393165620198634,1.0393165620198634,1.0483782454548018,1.0506384889471005,6.0,False,1.0,0.0,0.0,sem_sobretensao,sem_sobretensao,True,True,False,0.0,0.0,,,,,False,0.0,"[0.0, 0.0]"
leader_follower,C2,7,pv2,816,46.87517293313687,-0.0,46.87517293313687,1.0,1.0562538666391141,1.0545622200330411,1.0545772454054587,1.0545775605182972,1.0,True,0.0,1.0,500.0,nao_convergiu,nao_convergiu,False,False,True,0.372677996249965,0.0,,,,,True,0.37267633388224425,"[0.0, 1e-06]"
leader_follower,C2,7,pv1,824,56.25022149623055,56.25,0.00022149623055156553,0.0,1.0558852978158424,1.054194904307846,1.0545772454054587,1.0545775605182972,2.0,False,1.0,3.93769525985615e-06,500.0,nao_convergiu,nao_convergiu,False,False,True,0.372677996249965,0.0,,,,,True,0.37267633388224425,"[0.0, 1e-06]"
leader_follower,C2,7,pv3,828,37.5001485947879,37.5,0.00014859478790185676,0.0,1.0558243986090117,1.0541340768289105,1.0545772454054587,1.0545775605182972,3.0,False,1.0,3.962511975819471e-06,500.0,nao_convergiu,nao_convergiu,False,False,True,0.372677996249965,0.0,,,,,True,0.37267633388224425,"[0.0, 1e-06]"
leader_follower,C2,7,pv4,830,48.75022589866941,48.75,0.00022589866941302716,0.0,1.0539937130575454,1.0523044247955375,1.0545772454054587,1.0545775605182972,4.0,False,1.0,4.6337973875766765e-06,500.0,nao_convergiu,nao_convergiu,False,False,True,0.372677996249965,0.0,,,,,True,0.37267633388224425,"[0.0, 1e-06]"
leader_follower,C2,7,pv5,850,33.75012402307615,33.75,0.0001240230761467842,0.0,1.056261646345798,1.0545772454054587,1.0545772454054587,1.0545775605182972,5.0,False,1.0,3.6747443079612173e-06,500.0,nao_convergiu,nao_convergiu,False,False,True,0.372677996249965,0.0,,,,,True,0.37267633388224425,"[0.0, 1e-06]"
leader_follower,C2,7,pv6,832,43.12526281682057,43.125,0.000262816820573164,0.0,1.0502737503980764,1.048583808122169,1.0545772454054587,1.0545775605182972,6.0,False,1.0,6.094265945450771e-06,500.0,nao_convergiu,nao_convergiu,False,False,True,0.372677996249965,0.0,,,,,True,0.37267633388224425,"[0.0, 1e-06]"
leader_follower,C2,8,pv2,816,85.41682376226731,-0.0,85.41682376226731,1.0,1.060022494891542,1.0570014127896947,1.0570087726309085,1.0570087726309085,1.0,True,0.0,1.0,500.0,nao_convergiu,nao_convergiu,False,False,True,0.372677996249965,0.0,,,,,True,0.3726772906723741,"[0.0, 0.0]"
leader_follower,C2,8,pv1,824,102.50020247458616,102.5,0.00020247458616040603,0.0,1.0599112682957341,1.0568973083076227,1.0570087726309085,1.0570087726309085,2.0,False,1.0,1.9753579141524864e-06,500.0,nao_convergiu,nao_convergiu,False,False,True,0.372677996249965,0.0,,,,,True,0.3726772906723741,"[0.0, 0.0]"
leader_follower,C2,8,pv3,828,68.33346861999591,68.33333333333333,0.00013528666258366684,0.0,1.0598510837655635,1.0568375979879674,1.0570087726309085,1.0570087726309085,3.0,False,1.0,1.979800898678205e-06,500.0,nao_convergiu,nao_convergiu,False,False,True,0.372677996249965,0.0,,,,,True,0.3726772906723741,"[0.0, 0.0]"
leader_follower,C2,8,pv4,830,88.83350891622985,88.83333333333333,0.0001755828965173123,0.0,1.0577280192654348,1.0547238374567902,1.0570087726309085,1.0570087726309085,4.0,False,1.0,1.9765390184337676e-06,500.0,nao_convergiu,nao_convergiu,False,False,True,0.372677996249965,0.0,,,,,True,0.3726772906723741,"[0.0, 0.0]"
leader_follower,C2,8,pv5,850,61.5001126761682,61.5,0.00011267616820020976,0.0,1.0600168437640818,1.0570087726309085,1.0570087726309085,1.0570087726309085,5.0,False,1.0,1.8321294595590668e-06,500.0,nao_convergiu,nao_convergiu,False,False,True,0.372677996249965,0.0,,,,,True,0.3726772906723741,"[0.0, 0.0]"
leader_follower,C2,8,pv6,832,78.58346712087138,78.58333333333333,0.0001337875380471587,0.0,1.0527860177622859,1.0497918764438985,1.0570087726309085,1.0570087726309085,6.0,False,1.0,1.7024896323469215e-06,500.0,nao_convergiu,nao_convergiu,False,False,True,0.372677996249965,0.0,,,,,True,0.3726772906723741,"[0.0, 0.0]"
leader_follower,C2,9,pv2,816,109.37558653479044,-0.0,109.37558653479044,1.0,1.0634555270708927,1.0596538556437423,1.0598572686303593,1.0598572686303593,1.0,True,0.0,1.0,500.0,nao_convergiu,nao_convergiu,False,False,True,0.372677996249965,0.0,,,,,True,0.3726758147846749,"[0.0, 0.0]"
leader_follower,C2,9,pv1,824,131.25076123380555,131.25,0.000761233805548045,0.0,1.0636444549972968,1.0598572686303593,1.0598572686303593,1.0598572686303593,2.0,False,1.0,5.799842975325755e-06,500.0,nao_convergiu,nao_convergiu,False,False,True,0.372677996249965,0.0,,,,,True,0.3726758147846749,"[0.0, 0.0]"
leader_follower,C2,9,pv3,828,87.50050943057853,87.5,0.000509430578532033,0.0,1.0635966753957042,1.0598104975163198,1.0598572686303593,1.0598572686303593,3.0,False,1.0,5.822029858422788e-06,500.0,nao_convergiu,nao_convergiu,False,False,True,0.372677996249965,0.0,,,,,True,0.3726758147846749,"[0.0, 0.0]"
leader_follower,C2,9,pv4,830,113.7506979150347,113.75,0.0006979150347063978,0.0,1.0615835253141692,1.05781836754058,1.0598572686303593,1.0598572686303593,4.0,False,1.0,6.135479144292377e-06,500.0,nao_convergiu,nao_convergiu,False,False,True,0.372677996249965,0.0,,,,,True,0.3726758147846749,"[0.0, 0.0]"
leader_follower,C2,9,pv5,850,78.75042067401489,78.75,0.00042067401489020995,0.0,1.063437206404954,1.0596519767120898,1.0598572686303593,1.0598572686303593,5.0,False,1.0,5.341863716913691e-06,500.0,nao_convergiu,nao_convergiu,False,False,True,0.372677996249965,0.0,,,,,True,0.3726758147846749,"[0.0, 0.0]"
leader_follower,C2,9,pv6,832,100.62562068033338,100.625,0.0006206803333839161,0.0,1.0564036020074605,1.0526664987996464,1.0598572686303593,1.0598572686303593,6.0,False,1.0,6.16821371324196e-06,500.0,nao_convergiu,nao_convergiu,False,False,True,0.372677996249965,0.0,,,,,True,0.3726758147846749,"[0.0, 0.0]"
leader_follower,C2,10,pv2,816,122.91740399209482,-0.0,122.91740399209482,1.0,1.064797845702542,1.0605499225652424,1.0608520426612322,1.0608520426612322,1.0,True,0.0,1.0,500.0,nao_convergiu,nao_convergiu,False,False,True,0.372677996249965,0.0,,,,,True,0.37267553302570194,"[0.0, 0.0]"
leader_follower,C2,10,pv1,824,147.50096294272322,147.49999999999997,0.0009629427232482612,0.0,1.0650820414006599,1.0608520426612322,1.0608520426612322,1.0608520426612322,2.0,False,1.0,6.528382622303191e-06,500.0,nao_convergiu,nao_convergiu,False,False,True,0.372677996249965,0.0,,,,,True,0.37267553302570194,"[0.0, 0.0]"
leader_follower,C2,10,pv3,828,98.33397798668302,98.33333333333331,0.0006446533497097562,0.0,1.065035009179983,1.0608062530791245,1.0608520426612322,1.0608520426612322,3.0,False,1.0,6.555753798519765e-06,500.0,nao_convergiu,nao_convergiu,False,False,True,0.372677996249965,0.0,,,,,True,0.37267553302570194,"[0.0, 0.0]"
leader_follower,C2,10,pv4,830,127.83422254172962,127.83333333333331,0.0008892083963019104,0.0,1.0629324267011873,1.0587295059051085,1.0608520426612322,1.0608520426612322,4.0,False,1.0,6.955949499451458e-06,500.0,nao_convergiu,nao_convergiu,False,False,True,0.372677996249965,0.0,,,,,True,0.37267553302570194,"[0.0, 0.0]"
leader_follower,C2,10,pv5,850,88.5005288261921,88.5,0.0005288261920952664,0.0,1.064774675946511,1.060545156983626,1.0608520426612322,1.0608520426612322,5.0,False,1.0,5.9754014931802094e-06,500.0,nao_convergiu,nao_convergiu,False,False,True,0.372677996249965,0.0,,,,,True,0.37267553302570194,"[0.0, 0.0]"
leader_follower,C2,10,pv6,832,113.0841285563152,113.08333333333331,0.0007952229818926071,0.0,1.057349518747842,1.0531810597523588,1.0608520426612322,1.0608520426612322,6.0,False,1.0,7.032136092348192e-06,500.0,nao_convergiu,nao_convergiu,False,False,True,0.372677996249965,0.0,,,,,True,0.37267553302570194,"[0.0, 0.0]"
leader_follower,C2,11,pv2,816,124.99991372149726,-0.0,124.99991372149726,1.0,1.0612352721515241,1.0568562976873506,1.05686602171823,1.05686602171823,1.0,True,0.0,1.0,500.0,nao_convergiu,nao_convergiu,False,False,True,0.372677996249965,0.0,,,,,True,0.372677996249965,"[0.0, 0.0]"
leader_follower,C2,11,pv1,824,149.99989250825143,149.99989250825143,0.0,0.0,1.0610592309095284,1.056693513531216,1.05686602171823,1.05686602171823,2.0,False,1.0,0.0,500.0,nao_convergiu,nao_convergiu,False,False,True,0.372677996249965,0.0,,,,,True,0.372677996249965,"[0.0, 0.0]"
leader_follower,C2,11,pv3,828,99.99992748140993,99.99992748140994,0.0,0.0,1.060972049648294,1.056607178676216,1.05686602171823,1.05686602171823,3.0,False,1.0,0.0,500.0,nao_convergiu,nao_convergiu,False,False,True,0.372677996249965,0.0,,,,,True,0.372677996249965,"[0.0, 0.0]"
leader_follower,C2,11,pv4,830,129.99986489451874,129.99986489451877,0.0,0.0,1.0578773972005386,1.0535284109917367,1.05686602171823,1.05686602171823,4.0,False,1.0,0.0,500.0,nao_convergiu,nao_convergiu,False,False,True,0.372677996249965,0.0,,,,,True,0.372677996249965,"[0.0, 0.0]"
leader_follower,C2,11,pv5,850,89.99993813585051,89.99993813585053,0.0,0.0,1.0612260540813803,1.05686602171823,1.05686602171823,1.05686602171823,5.0,False,1.0,0.0,500.0,nao_convergiu,nao_convergiu,False,False,True,0.372677996249965,0.0,,,,,True,0.372677996249965,"[0.0, 0.0]"
leader_follower,C2,11,pv6,832,114.99977829971377,114.99977829971377,0.0,0.0,1.0504888537611792,1.0461547798769437,1.05686602171823,1.05686602171823,6.0,False,1.0,0.0,500.0,nao_convergiu,nao_convergiu,False,False,True,0.372677996249965,0.0,,,,,True,0.372677996249965,"[0.0, 0.0]"
leader_follower,C2,12,pv2,816,114.5799102166651,-0.0,114.5799102166651,1.0,1.058474846390552,1.0544409500289285,1.0544596200019372,1.0544598074685823,1.0,True,0.0,1.0,500.0,nao_convergiu,nao_convergiu,False,False,True,0.372677996249965,0.0,,,,,True,0.372677996249965,"[0.0, 0.0]"
leader_follower,C2,12,pv1,824,137.4954908255039,137.4954908255039,0.0,0.0,1.0580082478084711,1.0539859765361448,1.0544596200019372,1.0544598074685823,2.0,False,1.0,0.0,500.0,nao_convergiu,nao_convergiu,False,False,True,0.372677996249965,0.0,,,,,True,0.372677996249965,"[0.0, 0.0]"
leader_follower,C2,12,pv3,828,91.66364967441288,91.66364967441288,0.0,0.0,1.0579021144289944,1.0538805926398807,1.0544596200019372,1.0544598074685823,3.0,False,1.0,0.0,500.0,nao_convergiu,nao_convergiu,False,False,True,0.372677996249965,0.0,,,,,True,0.372677996249965,"[0.0, 0.0]"
leader_follower,C2,12,pv4,830,119.16262677260212,119.16262677260212,0.0,0.0,1.0544301631232944,1.0504228216953138,1.0544596200019372,1.0544598074685823,4.0,False,1.0,0.0,500.0,nao_convergiu,nao_convergiu,False,False,True,0.372677996249965,0.0,,,,,True,0.372677996249965,"[0.0, 0.0]"
leader_follower,C2,12,pv5,850,82.49754390540627,82.49754390540629,0.0,0.0,1.0584760879821138,1.0544596200019372,1.0544596200019372,1.0544598074685823,5.0,False,1.0,0.0,500.0,nao_convergiu,nao_convergiu,False,False,True,0.372677996249965,0.0,,,,,True,0.372677996249965,"[0.0, 0.0]"
leader_follower,C2,12,pv6,832,105.41321137265092,105.41321137265093,0.0,0.0,1.0465570911426945,1.0425630049701236,1.0544596200019372,1.0544598074685823,6.0,False,1.0,0.0,500.0,nao_convergiu,nao_convergiu,False,False,True,0.372677996249965,0.0,,,,,True,0.372677996249965,"[0.0, 0.0]"
leader_follower,C2,13,pv2,816,91.66746387249637,-0.0,91.66746387249637,1.0,1.0551904813064337,1.0519409164420683,1.0519683096731782,1.0519688606630304,1.0,True,0.0,1.0,500.0,nao_convergiu,nao_convergiu,False,False,True,0.372677996249965,0.0,,,,,True,0.37267356654678646,"[0.0, 4e-06]"
leader_follower,C2,13,pv1,824,110.00098623065162,110.0,0.000986230651619735,0.0,1.0544370977656263,1.0511953348213885,1.0519683096731782,1.0519688606630304,2.0,False,1.0,8.965652812891992e-06,500.0,nao_convergiu,nao_convergiu,False,False,True,0.372677996249965,0.0,,,,,True,0.37267356654678646,"[0.0, 4e-06]"
leader_follower,C2,13,pv3,828,73.33399740362385,73.33333333333333,0.0006640702905258422,0.0,1.054319191831216,1.0510779229158842,1.0519683096731782,1.0519688606630304,3.0,False,1.0,9.055421960306594e-06,500.0,nao_convergiu,nao_convergiu,False,False,True,0.372677996249965,0.0,,,,,True,0.37267356654678646,"[0.0, 4e-06]"
leader_follower,C2,13,pv4,830,95.33450439345982,95.33333333333334,0.0011710601264809384,0.0,1.0507450774797096,1.0475132078832834,1.0519683096731782,1.0519688606630304,4.0,False,1.0,1.2283696589513879e-05,500.0,nao_convergiu,nao_convergiu,False,False,True,0.372677996249965,0.0,,,,,True,0.37267356654678646,"[0.0, 4e-06]"
leader_follower,C2,13,pv5,850,66.00057124105531,66.0,0.0005712410553115888,0.0,1.0552038399091195,1.0519683096731782,1.0519683096731782,1.0519688606630304,5.0,False,1.0,8.655092593444877e-06,500.0,nao_convergiu,nao_convergiu,False,False,True,0.372677996249965,0.0,,,,,True,0.37267356654678646,"[0.0, 4e-06]"
leader_follower,C2,13,pv6,832,84.33505976841337,84.33333333333334,0.0017264350800303419,0.0,1.0431060782160186,1.0398827927400576,1.0519683096731782,1.0519688606630304,6.0,False,1.0,2.047114313751819e-05,500.0,nao_convergiu,nao_convergiu,False,False,True,0.372677996249965,0.0,,,,,True,0.37267356654678646,"[0.0, 4e-06]"
leader_follower,C2,14,pv2,816,62.500127558222765,3.447243359074127,59.052884199148636,0.9448442160637793,1.052613627344286,1.050498076065263,1.0505296612749717,1.0507775933440404,1.0,True,0.0,0.9448442188239887,147.0,convergiu,convergiu,True,False,False,0.3521226492110182,0.0,,,,,True,0.35212169211550504,"[0.0, 1e-06]"
leader_follower,C2,14,pv1,824,75.00016315361064,74.99999607773962,0.0001670758710190512,0.0,1.0516996434864965,1.0495874430532615,1.0505296612749717,1.0507775933440404,2.0,False,1.0,2.2276734342144944e-06,147.0,convergiu,convergiu,True,False,False,0.3521226492110182,0.0,,,,,True,0.35212169211550504,"[0.0, 1e-06]"
leader_follower,C2,14,pv3,828,50.00010947352595,49.99999736277705,0.00011211074890127293,0.0,1.0515841402291197,1.0494721457184597,1.0505296612749717,1.0507775933440404,3.0,False,1.0,2.2422100687726156e-06,147.0,convergiu,convergiu,True,False,False,0.3521226492110182,0.0,,,,,True,0.35212169211550504,"[0.0, 1e-06]"
leader_follower,C2,14,pv4,830,65.00016879101928,64.99999553990492,0.00017325111436150564,0.0,1.0483035761274202,1.0461954591660503,1.0505296612749717,1.0507775933440404,4.0,False,1.0,2.6653948379506794e-06,147.0,convergiu,convergiu,True,False,False,0.3521226492110182,0.0,,,,,True,0.35212169211550504,"[0.0, 1e-06]"
leader_follower,C2,14,pv5,850,45.000091474934365,44.99999775792225,9.371701211335903e-05,0.0,1.052636099955525,1.0505296612749717,1.0505296612749717,1.0507775933440404,5.0,False,1.0,2.0825960357338523e-06,147.0,convergiu,convergiu,True,False,False,0.3521226492110182,0.0,,,,,True,0.35212169211550504,"[0.0, 1e-06]"
leader_follower,C2,14,pv6,832,57.50020277807764,57.49999366619605,0.00020911188159544736,0.0,1.041720653684167,1.0396153801412287,1.0505296612749717,1.0507775933440404,6.0,False,1.0,3.6367155504218975e-06,147.0,convergiu,convergiu,True,False,False,0.3521226492110182,0.0,,,,,True,0.35212169211550504,"[0.0, 1e-06]"
leader_follower,C2,15,pv2,816,28.124946733788853,28.124946733788853,0.0,0.0,1.0386370246038616,1.0386370246038616,1.0387127587074223,1.0502955100559643,1.0,True,0.0,0.0,0.0,sem_sobretensao,sem_sobretensao,True,True,False,0.0,0.0,,,,,False,0.0,"[0.0, 0.0]"
leader_follower,C2,15,pv1,824,33.749931281890255,33.749931281890255,0.0,0.0,1.036165763060054,1.036165763060054,1.0387127587074223,1.0502955100559643,2.0,False,1.0,0.0,0.0,sem_sobretensao,sem_sobretensao,True,True,False,0.0,0.0,,,,,False,0.0,"[0.0, 0.0]"
leader_follower,C2,15,pv3,828,22.499953910942118,22.499953910942118,0.0,0.0,1.0359378487103574,1.0359378487103574,1.0387127587074223,1.0502955100559643,3.0,False,1.0,0.0,0.0,sem_sobretensao,sem_sobretensao,True,True,False,0.0,0.0,,,,,False,0.0,"[0.0, 0.0]"
leader_follower,C2,15,pv4,830,29.249930911017827,29.249930911017827,0.0,0.0,1.0302157546677366,1.0302157546677366,1.0387127587074223,1.0502955100559643,4.0,False,1.0,0.0,0.0,sem_sobretensao,sem_sobretensao,True,True,False,0.0,0.0,,,,,False,0.0,"[0.0, 0.0]"
leader_follower,C2,15,pv5,850,20.2499618029628,20.2499618029628,0.0,0.0,1.0387127587074223,1.0387127587074223,1.0387127587074223,1.0502955100559643,5.0,False,1.0,0.0,0.0,sem_sobretensao,sem_sobretensao,True,True,False,0.0,0.0,,,,,False,0.0,"[0.0, 0.0]"
leader_follower,C2,15,pv6,832,25.87492279837511,25.87492279837511,0.0,0.0,1.0199321304922866,1.0199321304922866,1.0387127587074223,1.0502955100559643,6.0,False,1.0,0.0,0.0,sem_sobretensao,sem_sobretensao,True,True,False,0.0,0.0,,,,,False,0.0,"[0.0, 0.0]"
leader_follower,C2,16,pv2,816,3.1250322945706746,3.1250322945706746,0.0,0.0,1.0394703803119771,1.0394703803119771,1.0395419414770586,1.050416238287999,1.0,True,0.0,0.0,0.0,sem_sobretensao,sem_sobretensao,True,True,False,0.0,0.0,,,,,False,0.0,"[0.0, 0.0]"
leader_follower,C2,16,pv1,824,3.750042140925493,3.750042140925493,0.0,0.0,1.0372492372290878,1.0372492372290878,1.0395419414770586,1.050416238287999,2.0,False,1.0,0.0,0.0,sem_sobretensao,sem_sobretensao,True,True,False,0.0,0.0,,,,,False,0.0,"[0.0, 0.0]"
leader_follower,C2,16,pv3,828,2.500028276768312,2.500028276768312,0.0,0.0,1.0370563779561608,1.0370563779561608,1.0395419414770586,1.050416238287999,3.0,False,1.0,0.0,0.0,sem_sobretensao,sem_sobretensao,True,True,False,0.0,0.0,,,,,False,0.0,"[0.0, 0.0]"
leader_follower,C2,16,pv4,830,3.2500425487060998,3.2500425487060998,0.0,0.0,1.0323888508529737,1.0323888508529737,1.0395419414770586,1.050416238287999,4.0,False,1.0,0.0,0.0,sem_sobretensao,sem_sobretensao,True,True,False,0.0,0.0,,,,,False,0.0,"[0.0, 0.0]"
leader_follower,C2,16,pv5,850,2.2500231591521627,2.2500231591521627,0.0,0.0,1.0395419414770586,1.0395419414770586,1.0395419414770586,1.050416238287999,5.0,False,1.0,0.0,0.0,sem_sobretensao,sem_sobretensao,True,True,False,0.0,0.0,,,,,False,0.0,"[0.0, 0.0]"
leader_follower,C2,16,pv6,832,2.8750471328942466,2.8750471328942466,0.0,0.0,1.0244469035474013,1.0244469035474013,1.0395419414770586,1.050416238287999,6.0,False,1.0,0.0,0.0,sem_sobretensao,sem_sobretensao,True,True,False,0.0,0.0,,,,,False,0.0,"[0.0, 0.0]"
leader_follower,C2,17,pv2,816,-0.0,-0.0,0.0,0.0,1.0319530456641133,1.0319530456641133,1.032053743610964,1.0501995250985579,1.0,True,0.0,,0.0,sem_sobretensao,sem_sobretensao,True,True,False,0.0,0.0,,,,,False,,"[null, null]"
leader_follower,C2,17,pv1,824,-0.0,-0.0,0.0,0.0,1.0288097422283977,1.0288097422283977,1.032053743610964,1.0501995250985579,2.0,False,1.0,,0.0,sem_sobretensao,sem_sobretensao,True,True,False,0.0,0.0,,,,,False,,"[null, null]"
leader_follower,C2,17,pv3,828,-0.0,-0.0,0.0,0.0,1.0285410077167667,1.0285410077167667,1.032053743610964,1.0501995250985579,3.0,False,1.0,,0.0,sem_sobretensao,sem_sobretensao,True,True,False,0.0,0.0,,,,,False,,"[null, null]"
leader_follower,C2,17,pv4,830,-0.0,-0.0,0.0,0.0,1.022065117490571,1.022065117490571,1.032053743610964,1.0501995250985579,4.0,False,1.0,,0.0,sem_sobretensao,sem_sobretensao,True,True,False,0.0,0.0,,,,,False,,"[null, null]"
leader_follower,C2,17,pv5,850,-0.0,-0.0,0.0,0.0,1.032053743610964,1.032053743610964,1.032053743610964,1.0501995250985579,5.0,False,1.0,,0.0,sem_sobretensao,sem_sobretensao,True,True,False,0.0,0.0,,,,,False,,"[null, null]"
leader_follower,C2,17,pv6,832,-0.0,-0.0,0.0,0.0,1.0109757984235852,1.0109757984235852,1.032053743610964,1.0501995250985579,6.0,False,1.0,,0.0,sem_sobretensao,sem_sobretensao,True,True,False,0.0,0.0,,,,,False,,"[null, null]"
leader_follower,C2,18,pv2,816,-0.0,-0.0,0.0,0.0,1.0353684495010183,1.0353684495010183,1.0354558554930642,1.0503034017860868,1.0,True,0.0,,0.0,sem_sobretensao,sem_sobretensao,True,True,False,0.0,0.0,,,,,False,,"[null, null]"
leader_follower,C2,18,pv1,824,-0.0,-0.0,0.0,0.0,1.0326523500430973,1.0326523500430973,1.0354558554930642,1.0503034017860868,2.0,False,1.0,,0.0,sem_sobretensao,sem_sobretensao,True,True,False,0.0,0.0,,,,,False,,"[null, null]"
leader_follower,C2,18,pv3,828,-0.0,-0.0,0.0,0.0,1.0324195763808064,1.0324195763808064,1.0354558554930642,1.0503034017860868,3.0,False,1.0,,0.0,sem_sobretensao,sem_sobretensao,True,True,False,0.0,0.0,,,,,False,,"[null, null]"
leader_follower,C2,18,pv4,830,-0.0,-0.0,0.0,0.0,1.02681295674242,1.02681295674242,1.0354558554930642,1.0503034017860868,4.0,False,1.0,,0.0,sem_sobretensao,sem_sobretensao,True,True,False,0.0,0.0,,,,,False,,"[null, null]"
leader_follower,C2,18,pv5,850,-0.0,-0.0,0.0,0.0,1.0354558554930642,1.0354558554930642,1.0354558554930642,1.0503034017860868,5.0,False,1.0,,0.0,sem_sobretensao,sem_sobretensao,True,True,False,0.0,0.0,,,,,False,,"[null, null]"
leader_follower,C2,18,pv6,832,-0.0,-0.0,0.0,0.0,1.017265056101975,1.017265056101975,1.0354558554930642,1.0503034017860868,6.0,False,1.0,,0.0,sem_sobretensao,sem_sobretensao,True,True,False,0.0,0.0,,,,,False,,"[null, null]"
leader_follower,C2,19,pv2,816,-0.0,-0.0,0.0,0.0,1.012463803494029,1.012463803494029,1.0126403397694483,1.0496066048479267,1.0,True,0.0,,0.0,sem_sobretensao,sem_sobretensao,True,True,False,0.0,0.0,,,,,False,,"[null, null]"
leader_follower,C2,19,pv1,824,-0.0,-0.0,0.0,0.0,1.0068862241138112,1.0068862241138112,1.0126403397694483,1.0496066048479267,2.0,False,1.0,,0.0,sem_sobretensao,sem_sobretensao,True,True,False,0.0,0.0,,,,,False,,"[null, null]"
leader_follower,C2,19,pv3,828,-0.0,-0.0,0.0,0.0,1.00641255022254,1.00641255022254,1.0126403397694483,1.0496066048479267,3.0,False,1.0,,0.0,sem_sobretensao,sem_sobretensao,True,True,False,0.0,0.0,,,,,False,,"[null, null]"
leader_follower,C2,19,pv4,830,-0.0,-0.0,0.0,0.0,0.9949844738133675,0.9949844738133675,1.0126403397694483,1.0496066048479267,4.0,False,1.0,,0.0,sem_sobretensao,sem_sobretensao,True,True,False,0.0,0.0,,,,,False,,"[null, null]"
leader_follower,C2,19,pv5,850,-0.0,-0.0,0.0,0.0,1.0126403397694483,1.0126403397694483,1.0126403397694483,1.0496066048479267,5.0,False,1.0,,0.0,sem_sobretensao,sem_sobretensao,True,True,False,0.0,0.0,,,,,False,,"[null, null]"
leader_follower,C2,19,pv6,832,-0.0,-0.0,0.0,0.0,0.9751062275735913,0.9751062275735913,1.0126403397694483,1.0496066048479267,6.0,False,1.0,,0.0,sem_sobretensao,sem_sobretensao,True,True,False,0.0,0.0,,,,,False,,"[null, null]"
leader_follower,C2,20,pv2,816,-0.0,-0.0,0.0,0.0,1.0078351504741658,1.0078351504741658,1.008029696164423,1.0494657402550034,1.0,True,0.0,,0.0,sem_sobretensao,sem_sobretensao,True,True,False,0.0,0.0,,,,,False,,"[null, null]"
leader_follower,C2,20,pv1,824,-0.0,-0.0,0.0,0.0,1.0016803252824402,1.0016803252824402,1.008029696164423,1.0494657402550034,2.0,False,1.0,,0.0,sem_sobretensao,sem_sobretensao,True,True,False,0.0,0.0,,,,,False,,"[null, null]"
leader_follower,C2,20,pv3,828,-0.0,-0.0,0.0,0.0,1.001158047785484,1.001158047785484,1.008029696164423,1.0494657402550034,3.0,False,1.0,,0.0,sem_sobretensao,sem_sobretensao,True,True,False,0.0,0.0,,,,,False,,"[null, null]"
leader_follower,C2,20,pv4,830,-0.0,-0.0,0.0,0.0,0.9885559519361026,0.9885559519361026,1.008029696164423,1.0494657402550034,4.0,False,1.0,,0.0,sem_sobretensao,sem_sobretensao,True,True,False,0.0,0.0,,,,,False,,"[null, null]"
leader_follower,C2,20,pv5,850,-0.0,-0.0,0.0,0.0,1.008029696164423,1.008029696164423,1.008029696164423,1.0494657402550034,5.0,False,1.0,,0.0,sem_sobretensao,sem_sobretensao,True,True,False,0.0,0.0,,,,,False,,"[null, null]"
leader_follower,C2,20,pv6,832,-0.0,-0.0,0.0,0.0,0.9665920784800833,0.9665920784800833,1.008029696164423,1.0494657402550034,6.0,False,1.0,,0.0,sem_sobretensao,sem_sobretensao,True,True,False,0.0,0.0,,,,,False,,"[null, null]"
leader_follower,C2,21,pv2,816,-0.0,-0.0,0.0,0.0,1.0061895964378376,1.0061895964378376,1.0063905442901249,1.0494156571369113,1.0,True,0.0,,0.0,sem_sobretensao,sem_sobretensao,True,True,False,0.0,0.0,,,,,False,,"[null, null]"
leader_follower,C2,21,pv1,824,-0.0,-0.0,0.0,0.0,0.9998296239446811,0.9998296239446811,1.0063905442901249,1.0494156571369113,2.0,False,1.0,,0.0,sem_sobretensao,sem_sobretensao,True,True,False,0.0,0.0,,,,,False,,"[null, null]"
leader_follower,C2,21,pv3,828,-0.0,-0.0,0.0,0.0,0.9992900728255066,0.9992900728255066,1.0063905442901249,1.0494156571369113,3.0,False,1.0,,0.0,sem_sobretensao,sem_sobretensao,True,True,False,0.0,0.0,,,,,False,,"[null, null]"
leader_follower,C2,21,pv4,830,-0.0,-0.0,0.0,0.0,0.9862707730472379,0.9862707730472379,1.0063905442901249,1.0494156571369113,4.0,False,1.0,,0.0,sem_sobretensao,sem_sobretensao,True,True,False,0.0,0.0,,,,,False,,"[null, null]"
leader_follower,C2,21,pv5,850,-0.0,-0.0,0.0,0.0,1.0063905442901249,1.0063905442901249,1.0063905442901249,1.0494156571369113,5.0,False,1.0,,0.0,sem_sobretensao,sem_sobretensao,True,True,False,0.0,0.0,,,,,False,,"[null, null]"
leader_follower,C2,21,pv6,832,-0.0,-0.0,0.0,0.0,0.9635655636096437,0.9635655636096437,1.0063905442901249,1.0494156571369113,6.0,False,1.0,,0.0,sem_sobretensao,sem_sobretensao,True,True,False,0.0,0.0,,,,,False,,"[null, null]"
leader_follower,C2,22,pv2,816,-0.0,-0.0,0.0,0.0,1.0058618084193778,1.0058618084193778,1.0060640314884584,1.049405687339917,1.0,True,0.0,,0.0,sem_sobretensao,sem_sobretensao,True,True,False,0.0,0.0,,,,,False,,"[null, null]"
leader_follower,C2,22,pv1,824,-0.0,-0.0,0.0,0.0,0.9994609737243801,0.9994609737243801,1.0060640314884584,1.049405687339917,2.0,False,1.0,,0.0,sem_sobretensao,sem_sobretensao,True,True,False,0.0,0.0,,,,,False,,"[null, null]"
leader_follower,C2,22,pv3,828,-0.0,-0.0,0.0,0.0,0.9989179819308516,0.9989179819308516,1.0060640314884584,1.049405687339917,3.0,False,1.0,,0.0,sem_sobretensao,sem_sobretensao,True,True,False,0.0,0.0,,,,,False,,"[null, null]"
leader_follower,C2,22,pv4,830,-0.0,-0.0,0.0,0.0,0.9858155814373922,0.9858155814373922,1.0060640314884584,1.049405687339917,4.0,False,1.0,,0.0,sem_sobretensao,sem_sobretensao,True,True,False,0.0,0.0,,,,,False,,"[null, null]"
leader_follower,C2,22,pv5,850,-0.0,-0.0,0.0,0.0,1.0060640314884584,1.0060640314884584,1.0060640314884584,1.049405687339917,5.0,False,1.0,,0.0,sem_sobretensao,sem_sobretensao,True,True,False,0.0,0.0,,,,,False,,"[null, null]"
leader_follower,C2,22,pv6,832,-0.0,-0.0,0.0,0.0,0.9629627164790306,0.9629627164790306,1.0060640314884584,1.049405687339917,6.0,False,1.0,,0.0,sem_sobretensao,sem_sobretensao,True,True,False,0.0,0.0,,,,,False,,"[null, null]"
leader_follower,C2,23,pv2,816,-0.0,-0.0,0.0,0.0,1.0157857990852877,1.0157857990852877,1.0159494099998212,1.049707699932122,1.0,True,0.0,,0.0,sem_sobretensao,sem_sobretensao,True,True,False,0.0,0.0,,,,,False,,"[null, null]"
leader_follower,C2,23,pv1,824,-0.0,-0.0,0.0,0.0,1.0106227444912799,1.0106227444912799,1.0159494099998212,1.049707699932122,2.0,False,1.0,,0.0,sem_sobretensao,sem_sobretensao,True,True,False,0.0,0.0,,,,,False,,"[null, null]"
leader_follower,C2,23,pv3,828,-0.0,-0.0,0.0,0.0,1.010183972127752,1.010183972127752,1.0159494099998212,1.049707699932122,3.0,False,1.0,,0.0,sem_sobretensao,sem_sobretensao,True,True,False,0.0,0.0,,,,,False,,"[null, null]"
leader_follower,C2,23,pv4,830,-0.0,-0.0,0.0,0.0,0.9995990501550603,0.9995990501550603,1.0159494099998212,1.049707699932122,4.0,False,1.0,,0.0,sem_sobretensao,sem_sobretensao,True,True,False,0.0,0.0,,,,,False,,"[null, null]"
leader_follower,C2,23,pv5,850,-0.0,-0.0,0.0,0.0,1.0159494099998212,1.0159494099998212,1.0159494099998212,1.049707699932122,5.0,False,1.0,,0.0,sem_sobretensao,sem_sobretensao,True,True,False,0.0,0.0,,,,,False,,"[null, null]"
leader_follower,C2,23,pv6,832,-0.0,-0.0,0.0,0.0,0.9812181271943429,0.9812181271943429,1.0159494099998212,1.049707699932122,6.0,False,1.0,,0.0,sem_sobretensao,sem_sobretensao,True,True,False,0.0,0.0,,,,,False,,"[null, null]"
leader_follower,C3_lider_curta,0,pv2,816,-0.0,-0.0,0.0,0.0,1.0450262948633384,1.0450262948633384,1.0450761113146871,1.0505970659065016,1.0,True,0.0,,0.0,sem_sobretensao,sem_sobretensao,True,True,False,0.0,0.0,,,,,False,,[null]
leader_follower,C3_lider_curta,0,pv1,824,-0.0,-0.0,0.0,0.0,1.0435191673339028,1.0435191673339028,1.0450761113146871,1.0505970659065016,2.0,False,0.0,,0.0,sem_sobretensao,sem_sobretensao,True,True,False,0.0,0.0,,,,,False,,[null]
leader_follower,C3_lider_curta,0,pv3,828,-0.0,-0.0,0.0,0.0,1.043388151795147,1.043388151795147,1.0450761113146871,1.0505970659065016,3.0,False,0.0,,0.0,sem_sobretensao,sem_sobretensao,True,True,False,0.0,0.0,,,,,False,,[null]
leader_follower,C3_lider_curta,0,pv4,830,-0.0,-0.0,0.0,0.0,1.0402417834114017,1.0402417834114017,1.0450761113146871,1.0505970659065016,4.0,False,0.0,,0.0,sem_sobretensao,sem_sobretensao,True,True,False,0.0,0.0,,,,,False,,[null]
leader_follower,C3_lider_curta,0,pv5,850,-0.0,-0.0,0.0,0.0,1.0450761113146871,1.0450761113146871,1.0450761113146871,1.0505970659065016,5.0,False,0.0,,0.0,sem_sobretensao,sem_sobretensao,True,True,False,0.0,0.0,,,,,False,,[null]
leader_follower,C3_lider_curta,0,pv6,832,-0.0,-0.0,0.0,0.0,1.0350545283587615,1.0350545283587615,1.0450761113146871,1.0505970659065016,6.0,False,0.0,,0.0,sem_sobretensao,sem_sobretensao,True,True,False,0.0,0.0,,,,,False,,[null]
leader_follower,C3_lider_curta,1,pv2,816,-0.0,-0.0,0.0,0.0,1.0450265903941263,1.0450265903941263,1.0450764055625157,1.0505970903489994,1.0,True,0.0,,0.0,sem_sobretensao,sem_sobretensao,True,True,False,0.0,0.0,,,,,False,,[null]
leader_follower,C3_lider_curta,1,pv1,824,-0.0,-0.0,0.0,0.0,1.043519497117978,1.043519497117978,1.0450764055625157,1.0505970903489994,2.0,False,0.0,,0.0,sem_sobretensao,sem_sobretensao,True,True,False,0.0,0.0,,,,,False,,[null]
leader_follower,C3_lider_curta,1,pv3,828,-0.0,-0.0,0.0,0.0,1.0433884847070511,1.0433884847070511,1.0450764055625157,1.0505970903489994,3.0,False,0.0,,0.0,sem_sobretensao,sem_sobretensao,True,True,False,0.0,0.0,,,,,False,,[null]
leader_follower,C3_lider_curta,1,pv4,830,-0.0,-0.0,0.0,0.0,1.0402421909746427,1.0402421909746427,1.0450764055625157,1.0505970903489994,4.0,False,0.0,,0.0,sem_sobretensao,sem_sobretensao,True,True,False,0.0,0.0,,,,,False,,[null]
leader_follower,C3_lider_curta,1,pv5,850,-0.0,-0.0,0.0,0.0,1.0450764055625157,1.0450764055625157,1.0450764055625157,1.0505970903489994,5.0,False,0.0,,0.0,sem_sobretensao,sem_sobretensao,True,True,False,0.0,0.0,,,,,False,,[null]
leader_follower,C3_lider_curta,1,pv6,832,-0.0,-0.0,0.0,0.0,1.0350550780786294,1.0350550780786294,1.0450764055625157,1.0505970903489994,6.0,False,0.0,,0.0,sem_sobretensao,sem_sobretensao,True,True,False,0.0,0.0,,,,,False,,[null]
leader_follower,C3_lider_curta,2,pv2,816,-0.0,-0.0,0.0,0.0,1.0449571701348623,1.0449571701348623,1.0450072554978003,1.0505949800956955,1.0,True,0.0,,0.0,sem_sobretensao,sem_sobretensao,True,True,False,0.0,0.0,,,,,False,,[null]
leader_follower,C3_lider_curta,2,pv1,824,-0.0,-0.0,0.0,0.0,1.0434413812534846,1.0434413812534846,1.0450072554978003,1.0505949800956955,2.0,False,0.0,,0.0,sem_sobretensao,sem_sobretensao,True,True,False,0.0,0.0,,,,,False,,[null]
leader_follower,C3_lider_curta,2,pv3,828,-0.0,-0.0,0.0,0.0,1.0433096369965242,1.0433096369965242,1.0450072554978003,1.0505949800956955,3.0,False,0.0,,0.0,sem_sobretensao,sem_sobretensao,True,True,False,0.0,0.0,,,,,False,,[null]
leader_follower,C3_lider_curta,2,pv4,830,-0.0,-0.0,0.0,0.0,1.0401456464219774,1.0401456464219774,1.0450072554978003,1.0505949800956955,4.0,False,0.0,,0.0,sem_sobretensao,sem_sobretensao,True,True,False,0.0,0.0,,,,,False,,[null]
leader_follower,C3_lider_curta,2,pv5,850,-0.0,-0.0,0.0,0.0,1.0450072554978003,1.0450072554978003,1.0450072554978003,1.0505949800956955,5.0,False,0.0,,0.0,sem_sobretensao,sem_sobretensao,True,True,False,0.0,0.0,,,,,False,,[null]
leader_follower,C3_lider_curta,2,pv6,832,-0.0,-0.0,0.0,0.0,1.0349271785104095,1.0349271785104095,1.0450072554978003,1.0505949800956955,6.0,False,0.0,,0.0,sem_sobretensao,sem_sobretensao,True,True,False,0.0,0.0,,,,,False,,[null]
leader_follower,C3_lider_curta,3,pv2,816,-0.0,-0.0,0.0,0.0,1.0449571021647746,1.0449571021647746,1.0450071878057714,1.0505949776249717,1.0,True,0.0,,0.0,sem_sobretensao,sem_sobretensao,True,True,False,0.0,0.0,,,,,False,,[null]
leader_follower,C3_lider_curta,3,pv1,824,-0.0,-0.0,0.0,0.0,1.043441305274198,1.043441305274198,1.0450071878057714,1.0505949776249717,2.0,False,0.0,,0.0,sem_sobretensao,sem_sobretensao,True,True,False,0.0,0.0,,,,,False,,[null]
leader_follower,C3_lider_curta,3,pv3,828,-0.0,-0.0,0.0,0.0,1.043309560339792,1.043309560339792,1.0450071878057714,1.0505949776249717,3.0,False,0.0,,0.0,sem_sobretensao,sem_sobretensao,True,True,False,0.0,0.0,,,,,False,,[null]
leader_follower,C3_lider_curta,3,pv4,830,-0.0,-0.0,0.0,0.0,1.0401455535283302,1.0401455535283302,1.0450071878057714,1.0505949776249717,4.0,False,0.0,,0.0,sem_sobretensao,sem_sobretensao,True,True,False,0.0,0.0,,,,,False,,[null]
leader_follower,C3_lider_curta,3,pv5,850,-0.0,-0.0,0.0,0.0,1.0450071878057714,1.0450071878057714,1.0450071878057714,1.0505949776249717,5.0,False,0.0,,0.0,sem_sobretensao,sem_sobretensao,True,True,False,0.0,0.0,,,,,False,,[null]
leader_follower,C3_lider_curta,3,pv6,832,-0.0,-0.0,0.0,0.0,1.0349270553472671,1.0349270553472671,1.0450071878057714,1.0505949776249717,6.0,False,0.0,,0.0,sem_sobretensao,sem_sobretensao,True,True,False,0.0,0.0,,,,,False,,[null]
leader_follower,C3_lider_curta,4,pv2,816,-0.0,-0.0,0.0,0.0,1.045026523122921,1.045026523122921,1.045076338566197,1.0505970879234294,1.0,True,0.0,,0.0,sem_sobretensao,sem_sobretensao,True,True,False,0.0,0.0,,,,,False,,[null]
leader_follower,C3_lider_curta,4,pv1,824,-0.0,-0.0,0.0,0.0,1.0435194219130084,1.0435194219130084,1.045076338566197,1.0505970879234294,2.0,False,0.0,,0.0,sem_sobretensao,sem_sobretensao,True,True,False,0.0,0.0,,,,,False,,[null]
leader_follower,C3_lider_curta,4,pv3,828,-0.0,-0.0,0.0,0.0,1.0433884088314556,1.0433884088314556,1.045076338566197,1.0505970879234294,3.0,False,0.0,,0.0,sem_sobretensao,sem_sobretensao,True,True,False,0.0,0.0,,,,,False,,[null]
leader_follower,C3_lider_curta,4,pv4,830,-0.0,-0.0,0.0,0.0,1.0402420990252506,1.0402420990252506,1.045076338566197,1.0505970879234294,4.0,False,0.0,,0.0,sem_sobretensao,sem_sobretensao,True,True,False,0.0,0.0,,,,,False,,[null]
leader_follower,C3_lider_curta,4,pv5,850,-0.0,-0.0,0.0,0.0,1.045076338566197,1.045076338566197,1.045076338566197,1.0505970879234294,5.0,False,0.0,,0.0,sem_sobretensao,sem_sobretensao,True,True,False,0.0,0.0,,,,,False,,[null]
leader_follower,C3_lider_curta,4,pv6,832,-0.0,-0.0,0.0,0.0,1.035054956170032,1.035054956170032,1.045076338566197,1.0505970879234294,6.0,False,0.0,,0.0,sem_sobretensao,sem_sobretensao,True,True,False,0.0,0.0,,,,,False,,[null]
leader_follower,C3_lider_curta,5,pv2,816,-0.0,-0.0,0.0,0.0,1.046437942275659,1.046437942275659,1.0464804756969757,1.05063939179868,1.0,True,0.0,,0.0,sem_sobretensao,sem_sobretensao,True,True,False,0.0,0.0,,,,,False,,[null]
leader_follower,C3_lider_curta,5,pv1,824,-0.0,-0.0,0.0,0.0,1.0450850714048536,1.0450850714048536,1.0464804756969757,1.05063939179868,2.0,False,0.0,,0.0,sem_sobretensao,sem_sobretensao,True,True,False,0.0,0.0,,,,,False,,[null]
leader_follower,C3_lider_curta,5,pv3,828,-0.0,-0.0,0.0,0.0,1.044968726726859,1.044968726726859,1.0464804756969757,1.05063939179868,3.0,False,0.0,,0.0,sem_sobretensao,sem_sobretensao,True,True,False,0.0,0.0,,,,,False,,[null]
leader_follower,C3_lider_curta,5,pv4,830,-0.0,-0.0,0.0,0.0,1.0421771197491476,1.0421771197491476,1.0464804756969757,1.05063939179868,4.0,False,0.0,,0.0,sem_sobretensao,sem_sobretensao,True,True,False,0.0,0.0,,,,,False,,[null]
leader_follower,C3_lider_curta,5,pv5,850,-0.0,-0.0,0.0,0.0,1.0464804756969757,1.0464804756969757,1.0464804756969757,1.05063939179868,5.0,False,0.0,,0.0,sem_sobretensao,sem_sobretensao,True,True,False,0.0,0.0,,,,,False,,[null]
leader_follower,C3_lider_curta,5,pv6,832,-0.0,-0.0,0.0,0.0,1.0376184354041749,1.0376184354041749,1.0464804756969757,1.05063939179868,6.0,False,0.0,,0.0,sem_sobretensao,sem_sobretensao,True,True,False,0.0,0.0,,,,,False,,[null]
leader_follower,C3_lider_curta,6,pv2,816,15.625241782068514,15.625241782068514,0.0,0.0,1.0483407437819094,1.0483407437819094,1.0483782454548018,1.0506384889471005,1.0,True,0.0,0.0,0.0,sem_sobretensao,sem_sobretensao,True,True,False,0.0,0.0,,,,,False,0.0,[0.0]
leader_follower,C3_lider_curta,6,pv1,824,18.7503236717592,18.7503236717592,0.0,0.0,1.0471579048369506,1.0471579048369506,1.0483782454548018,1.0506384889471005,2.0,False,0.0,0.0,0.0,sem_sobretensao,sem_sobretensao,True,True,False,0.0,0.0,,,,,False,0.0,[0.0]
leader_follower,C3_lider_curta,6,pv3,828,12.500217712144039,12.500217712144039,0.0,0.0,1.0470455387298745,1.0470455387298745,1.0483782454548018,1.0506384889471005,3.0,False,0.0,0.0,0.0,sem_sobretensao,sem_sobretensao,True,True,False,0.0,0.0,,,,,False,0.0,[0.0]
leader_follower,C3_lider_curta,6,pv4,830,16.250349249231203,16.250349249231203,0.0,0.0,1.0442222095150686,1.0442222095150686,1.0483782454548018,1.0506384889471005,4.0,False,0.0,0.0,0.0,sem_sobretensao,sem_sobretensao,True,True,False,0.0,0.0,,,,,False,0.0,[0.0]
leader_follower,C3_lider_curta,6,pv5,850,11.250173385025839,11.250173385025839,0.0,0.0,1.0483782454548018,1.0483782454548018,1.0483782454548018,1.0506384889471005,5.0,False,0.0,0.0,0.0,sem_sobretensao,sem_sobretensao,True,True,False,0.0,0.0,,,,,False,0.0,[0.0]
leader_follower,C3_lider_curta,6,pv6,832,14.375428037447017,14.375428037447017,0.0,0.0,1.0393165620198634,1.0393165620198634,1.0483782454548018,1.0506384889471005,6.0,False,0.0,0.0,0.0,sem_sobretensao,sem_sobretensao,True,True,False,0.0,0.0,,,,,False,0.0,[0.0]
leader_follower,C3_lider_curta,7,pv2,816,46.87517293313687,18.450168691972003,28.425004241164864,0.6063978224325267,1.0562538666391141,1.0504671308839428,1.0504964855599894,1.0507974957944095,1.0,True,0.0,0.6063978533308139,311.0,convergiu,convergiu,True,False,False,0.007395690414221331,0.007395690414221331,,,,,False,0.007395684726592407,[0.007396]
leader_follower,C3_lider_curta,7,pv1,824,56.25022149623055,22.88061736569861,33.36960413053194,0.5932350355979492,1.0558852978158424,1.049534016263107,1.0504964855599894,1.0507974957944095,2.0,False,0.0,0.5932350707768876,311.0,convergiu,convergiu,True,False,False,0.007395690414221331,0.007395690414221331,,,,,False,0.007395684726592407,[0.007396]
leader_follower,C3_lider_curta,7,pv3,828,37.5001485947879,15.429029434204608,22.071119160583294,0.5885608095576509,1.0558243986090117,1.0494407801879178,1.0504964855599894,1.0507974957944095,3.0,False,0.0,0.5885608454269147,311.0,convergiu,convergiu,True,False,False,0.007395690414221331,0.007395690414221331,,,,,False,0.007395684726592407,[0.007396]
leader_follower,C3_lider_curta,7,pv4,830,48.75022589866941,20.15875219075454,28.591473707914872,0.58648900718227,1.0539937130575454,1.047050485931782,1.0504964855599894,1.0507974957944095,4.0,False,0.0,0.5864890506834605,311.0,convergiu,convergiu,True,False,False,0.007395690414221331,0.007395690414221331,,,,,False,0.007395684726592407,[0.007396]
leader_follower,C3_lider_curta,7,pv5,850,33.75012402307615,13.934724868575668,19.81539915450048,0.5871207481008585,1.056261646345798,1.0504964855599894,1.0504964855599894,1.0507974957944095,5.0,False,0.0,0.5871207803844511,311.0,convergiu,convergiu,True,False,False,0.007395690414221331,0.007395690414221331,,,,,False,0.007395684726592407,[0.007396]
leader_follower,C3_lider_curta,7,pv6,832,43.12526281682057,17.92669888958053,25.198563927240045,0.5843109060825895,1.0502737503980764,1.0428431584098576,1.0504964855599894,1.0507974957944095,6.0,False,0.0,0.5843109648809282,311.0,convergiu,convergiu,True,False,False,0.007395690414221331,0.007395690414221331,,,,,False,0.007395684726592407,[0.007396]
leader_follower,C3_lider_curta,8,pv2,816,85.41699509578214,37.55092298680244,47.8660721089797,0.5603810774810416,1.0600225763749753,1.0504681100230773,1.0504982101571243,1.05078074620954,1.0,True,0.0,0.5603811285483081,205.0,convergiu,convergiu,True,False,False,0.007887404307220451,0.007887404307220451,,,,,False,0.007887392825289628,[0.007887]
leader_follower,C3_lider_curta,8,pv1,824,102.50042170914824,46.48455403046071,56.015867678687535,0.5464939636956262,1.0599113578819606,1.049423485200918,1.0504982101571243,1.05078074620954,2.0,False,0.0,0.5464940216308211,205.0,convergiu,convergiu,True,False,False,0.007887404307220451,0.007887404307220451,,,,,False,0.007887392825289628,[0.007887]
leader_follower,C3_lider_curta,8,pv3,828,68.3336154299122,31.330498372552842,37.00311705735936,0.5415067355317771,1.0598511737596623,1.0493099968011592,1.0504982101571243,1.05078074620954,3.0,False,0.0,0.5415067946362706,205.0,convergiu,convergiu,True,False,False,0.007887404307220451,0.007887404307220451,,,,,False,0.007887392825289628,[0.007887]
leader_follower,C3_lider_curta,8,pv4,830,88.8337183814563,40.93169844841596,47.902019933040336,0.5392323342090761,1.0577281149827487,1.0462675399651897,1.0504982101571243,1.05078074620954,4.0,False,0.0,0.5392324086598147,205.0,convergiu,convergiu,True,False,False,0.007887404307220451,0.007887404307220451,,,,,False,0.007887392825289628,[0.007887]
leader_follower,C3_lider_curta,8,pv5,850,61.500235557328985,28.29810206290744,33.202133494421545,0.5398699682915752,1.0600169249430975,1.0504982101571243,1.0504982101571243,1.05078074620954,5.0,False,0.0,0.5398700215297768,205.0,convergiu,convergiu,True,False,False,0.007887404307220451,0.007887404307220451,,,,,False,0.007887392825289628,[0.007887]
leader_follower,C3_lider_curta,8,pv6,832,78.58368122017801,36.40468879056532,42.17899242961269,0.5367397308826609,1.0527861134774454,1.0405336989425304,1.0504982101571243,1.05078074620954,6.0,False,0.0,0.5367398392986247,205.0,convergiu,convergiu,True,False,False,0.007887404307220451,0.007887404307220451,,,,,False,0.007887392825289628,[0.007887]
leader_follower,C3_lider_curta,9,pv2,816,109.37601259366951,43.68796403281948,65.68804856085004,0.6005708289127432,1.0634560303903893,1.0504657959625088,1.050496147792167,1.0507726169672031,1.0,True,0.0,0.6005708839001134,177.0,convergiu,convergiu,True,False,False,0.008170530338725562,0.008170530338725562,,,,,False,0.008170516678008404,[0.008171]
leader_follower,C3_lider_curta,9,pv1,824,131.25131013746793,54.30051443905839,76.95079569840954,0.5862858618552933,1.0636450078194053,1.0493850914139289,1.050496147792167,1.0507726169672031,2.0,False,0.0,0.5862859244438324,177.0,convergiu,convergiu,True,False,False,0.008170530338725562,0.008170530338725562,,,,,False,0.008170516678008404,[0.008171]
leader_follower,C3_lider_curta,9,pv3,828,87.50087669902865,36.65226369462953,50.84861300439912,0.5811211192942461,1.063597230955188,1.0492649631504614,1.050496147792167,1.0507726169672031,3.0,False,0.0,0.5811211832688253,177.0,convergiu,convergiu,True,False,False,0.008170530338725562,0.008170530338725562,,,,,False,0.008170516678008404,[0.008171]
leader_follower,C3_lider_curta,9,pv4,830,113.7512021085738,47.92084716722778,65.83035494134603,0.5787221972012834,1.0615841255896252,1.046007575973589,1.050496147792167,1.0507726169672031,4.0,False,0.0,0.5787222791589661,177.0,convergiu,convergiu,True,False,False,0.008170530338725562,0.008170530338725562,,,,,False,0.008170516678008404,[0.008171]
leader_follower,C3_lider_curta,9,pv5,850,78.75072623557065,33.125999080835705,45.62472715473495,0.5793562141387981,1.0634377078478492,1.050496147792167,1.050496147792167,1.0507726169672031,5.0,False,0.0,0.5793562718171718,177.0,convergiu,convergiu,True,False,False,0.008170530338725562,0.008170530338725562,,,,,False,0.008170516678008404,[0.008171]
leader_follower,C3_lider_curta,9,pv6,832,100.62608212854175,42.66314732836232,57.96293480017943,0.5760228480724673,1.0564042278647419,1.0397679382559666,1.050496147792167,1.0507726169672031,6.0,False,0.0,0.5760229711232961,177.0,convergiu,convergiu,True,False,False,0.008170530338725562,0.008170530338725562,,,,,False,0.008170516678008404,[0.008171]
leader_follower,C3_lider_curta,10,pv2,816,122.91832384587059,50.00812600822732,72.91019783764327,0.5931596562373996,1.0647988816134637,1.0504674382831392,1.0504980178406227,1.0507657031710205,1.0,True,0.0,0.59315971416163,167.0,convergiu,convergiu,True,False,False,0.008387849586585384,0.008387849586585384,,,,,False,0.008387833871387088,[0.008388]
leader_follower,C3_lider_curta,10,pv1,824,147.50215552840342,62.16425830055482,85.3378972278486,0.5785534943923885,1.0650831804269703,1.0493505102574348,1.0504980178406227,1.0507657031710205,2.0,False,0.0,0.5785535602658749,167.0,convergiu,convergiu,True,False,False,0.008387849586585384,0.008387849586585384,,,,,False,0.008387833871387088,[0.008388]
leader_follower,C3_lider_curta,10,pv3,828,98.33477598952038,41.96403266930764,56.37074332021274,0.573253318855813,1.0650361539418978,1.0492237098241946,1.0504980178406227,1.0507657031710205,3.0,False,0.0,0.5732533862305256,167.0,convergiu,convergiu,True,False,False,0.008387849586585384,0.008387849586585384,,,,,False,0.008387833871387088,[0.008388]
leader_follower,C3_lider_curta,10,pv4,830,127.83531261961477,54.871288172901714,72.96402444671305,0.5707657117979812,1.0629336659541404,1.0457507073195418,1.0504980178406227,1.0507657031710205,4.0,False,0.0,0.5707657997741511,167.0,convergiu,convergiu,True,False,False,0.008387849586585384,0.008387849586585384,,,,,False,0.008387833871387088,[0.008388]
leader_follower,C3_lider_curta,10,pv5,850,88.50118853266282,37.93158043233612,50.569608100326704,0.5714002665912239,1.0647757079433002,1.0504980178406227,1.0504980178406227,1.0507657031710205,5.0,False,0.0,0.5714003273714585,167.0,convergiu,convergiu,True,False,False,0.008387849586585384,0.008387849586585384,,,,,False,0.008387833871387088,[0.008388]
leader_follower,C3_lider_curta,10,pv6,832,113.08509808576126,48.86126296699,64.22383511877126,0.5679246935463365,1.0573508143479442,1.039004667038301,1.0504980178406227,1.0507657031710205,6.0,False,0.0,0.5679248301139139,167.0,convergiu,convergiu,True,False,False,0.008387849586585384,0.008387849586585384,,,,,False,0.008387833871387088,[0.008388]
leader_follower,C3_lider_curta,11,pv2,816,125.00095737393738,69.7096443701644,55.291313003772984,0.44232706025915636,1.0612357746162033,1.0504620041378288,1.05049325641676,1.0507399287141812,1.0,True,0.0,0.4423271162505607,148.0,convergiu,convergiu,True,False,False,0.008322368092854252,0.008322368092854252,,,,,False,0.008322347797395647,[0.008322]
leader_follower,C3_lider_curta,11,pv1,824,150.0012358178999,85.82476914648481,64.17646667141508,0.4278395235422214,1.0610597795081647,1.049232988407285,1.05049325641676,1.0507399287141812,2.0,False,0.0,0.42783958626397395,148.0,convergiu,convergiu,True,False,False,0.008322368092854252,0.008322368092854252,,,,,False,0.008322347797395647,[0.008322]
leader_follower,C3_lider_curta,11,pv3,828,100.00082626346341,57.742377984567995,42.258448278895415,0.42258092705488703,1.0609725999736395,1.0490858590584435,1.05049325641676,1.0507399287141812,3.0,False,0.0,0.4225809911566209,148.0,convergiu,convergiu,True,False,False,0.008322368092854252,0.008322368092854252,,,,,False,0.008322347797395647,[0.008322]
leader_follower,C3_lider_curta,11,pv4,830,130.00109893205297,75.38622164852443,54.61487728352854,0.42011079819764163,1.057877955801078,1.0449600091000375,1.05049325641676,1.0507399287141812,4.0,False,0.0,0.4201108893092806,148.0,convergiu,convergiu,True,False,False,0.008322368092854252,0.008322368092854252,,,,,False,0.008322347797395647,[0.008322]
leader_follower,C3_lider_curta,11,pv5,850,90.00068661974173,52.13387563121704,37.86681098852469,0.420739076524906,1.0612265545795452,1.05049325641676,1.05049325641676,1.0507399287141812,5.0,False,0.0,0.42073913445254285,148.0,convergiu,convergiu,True,False,False,0.008322368092854252,0.008322368092854252,,,,,False,0.008322347797395647,[0.008322]
leader_follower,C3_lider_curta,11,pv6,832,115.00090904494135,67.012573958776,47.98833508616535,0.41728641079015627,1.0504893447290868,1.0366895901833328,1.05049325641676,1.0507399287141812,6.0,False,0.0,0.4172865717732016,148.0,convergiu,convergiu,True,False,False,0.008322368092854252,0.008322368092854252,,,,,False,0.008322347797395647,[0.008322]
leader_follower,C3_lider_curta,12,pv2,816,114.58396791829972,73.20258742179212,41.3813804965076,0.3611445396699948,1.0584759981311636,1.0504596972890652,1.0504910563262997,1.0507349370882704,1.0,True,0.0,0.3611445933344987,147.0,convergiu,convergiu,True,False,False,0.008138419611592354,0.008138419611592354,,,,,False,0.008138398980394838,[0.008138]
leader_follower,C3_lider_curta,12,pv1,824,137.50081187565215,89.79738288864155,47.7034289870106,0.34693192071993584,1.058009502270085,1.0492111066554246,1.0504910563262997,1.0507349370882704,2.0,False,0.0,0.34693198051914664,147.0,convergiu,convergiu,True,False,False,0.008138419611592354,0.008138419611592354,,,,,False,0.008138398980394838,[0.008138]
leader_follower,C3_lider_curta,12,pv3,828,91.66720993554304,60.33645544821849,31.330754487324555,0.34178796224239966,1.0579033716359623,1.0490605029747133,1.0504910563262997,1.0507349370882704,3.0,False,0.0,0.34178802332213637,147.0,convergiu,convergiu,True,False,False,0.008138419611592354,0.008138419611592354,,,,,False,0.008138398980394838,[0.008138]
leader_follower,C3_lider_curta,12,pv4,830,119.16742087516397,78.72298927075451,40.44443160440946,0.3393915948430799,1.0544313944769748,1.0448241155383835,1.0504910563262997,1.0507349370882704,4.0,False,0.0,0.3393916836278413,147.0,convergiu,convergiu,True,False,False,0.008138419611592354,0.008138419611592354,,,,,False,0.008138398980394838,[0.008138]
leader_follower,C3_lider_curta,12,pv5,850,82.50045510759722,54.448757249092736,28.051697858504482,0.34001864918660085,1.0584772348420448,1.0504910563262997,1.0504910563262997,1.0507349370882704,5.0,False,0.0,0.3400187044049565,147.0,convergiu,convergiu,True,False,False,0.008138419611592354,0.008138419611592354,,,,,False,0.008138398980394838,[0.008138]
leader_follower,C3_lider_curta,12,pv6,832,105.41738641317869,69.92506150056488,35.49232491261381,0.33668362581713634,1.046558038089406,1.036297954533706,1.0504910563262997,1.0507349370882704,6.0,False,0.0,0.336683787373586,147.0,convergiu,convergiu,True,False,False,0.008138419611592354,0.008138419611592354,,,,,False,0.008138398980394838,[0.008138]
leader_follower,C3_lider_curta,13,pv2,816,91.66698462445727,67.05849280388911,24.60849182056816,0.2684552874937647,1.055190830074155,1.0504624971525702,1.0504936196207226,1.05074418826336,1.0,True,0.0,0.26845534323382203,151.0,convergiu,convergiu,True,False,False,0.007880571614281871,0.007880571614281871,,,,,False,0.007880553061754579,[0.007881]
leader_follower,C3_lider_curta,13,pv1,824,110.0004047364769,81.99419199906362,28.00621273741328,0.25460093512892534,1.0544374799606517,1.0492494865556954,1.0504936196207226,1.05074418826336,2.0,False,0.0,0.25460099719184237,151.0,convergiu,convergiu,True,False,False,0.007880571614281871,0.007880571614281871,,,,,False,0.007880553061754579,[0.007881]
leader_follower,C3_lider_curta,13,pv3,828,73.3336046424718,55.028198547802475,18.305406094669323,0.24961818726940782,1.0543195761296045,1.0491054778214872,1.0504936196207226,1.05074418826336,3.0,False,0.0,0.2496182505130477,151.0,convergiu,convergiu,True,False,False,0.007880571614281871,0.007880571614281871,,,,,False,0.007880553061754579,[0.007881]
leader_follower,C3_lider_curta,13,pv4,830,95.33373737436717,71.75417809211751,23.57955928224966,0.2473368976344551,1.0507455019992837,1.045082820751669,1.0504936196207226,1.05074418826336,4.0,False,0.0,0.24733698616739228,151.0,convergiu,convergiu,True,False,False,0.007880571614281871,0.007880571614281871,,,,,False,0.007880553061754579,[0.007881]
leader_follower,C3_lider_curta,13,pv5,850,66.00022802392903,49.634238056964314,16.36598996696471,0.24796863117238557,1.0552041870594926,1.0504936196207226,1.0504936196207226,1.05074418826336,5.0,False,0.0,0.24796868824500215,151.0,convergiu,convergiu,True,False,False,0.007880571614281871,0.007880571614281871,,,,,False,0.007880553061754579,[0.007881]
leader_follower,C3_lider_curta,13,pv6,832,84.33378934611513,63.68696975367925,20.646819592435875,0.2448224709141608,1.0431065536204582,1.0370603379847172,1.0504936196207226,1.05074418826336,6.0,False,0.0,0.2448226239152976,151.0,convergiu,convergiu,True,False,False,0.007880571614281871,0.007880571614281871,,,,,False,0.007880553061754579,[0.007881]
leader_follower,C3_lider_curta,14,pv2,816,62.50020224605284,51.1274447534344,11.372757492618433,0.18196347444993005,1.0526136226711256,1.0504684287667376,1.0504989670073044,1.0507660303895017,1.0,True,0.0,0.18196353105940025,155.0,convergiu,convergiu,True,False,False,0.007608388363631703,0.007608388363631703,,,,,False,0.007608374228076044,[0.007608]
leader_follower,C3_lider_curta,14,pv1,824,75.00026003735111,62.364356316702086,12.635903720649026,0.16847806899122642,1.0516996381734283,1.0493471048931242,1.0504989670073044,1.0507660303895017,2.0,False,0.0,0.168478132133891,155.0,convergiu,convergiu,True,False,False,0.007608388363631703,0.007608388363631703,,,,,False,0.007608374228076044,[0.007608]
leader_follower,C3_lider_curta,14,pv3,828,50.00017451784423,41.81674354070793,8.183430977136297,0.1636679841285751,1.0515841348068866,1.049219858512193,1.0504989670073044,1.0507660303895017,3.0,False,0.0,0.16366804828282683,155.0,convergiu,convergiu,True,False,False,0.007608388363631703,0.007608388363631703,,,,,False,0.007608374228076044,[0.007608]
leader_follower,C3_lider_curta,14,pv4,830,65.0002693638805,54.50191004266613,10.498359321214373,0.16151246724333443,1.0483035674081949,1.045737558520538,1.0504989670073044,1.0507660303895017,4.0,False,0.0,0.16151255100872128,155.0,convergiu,convergiu,True,False,False,0.007608388363631703,0.007608388363631703,,,,,False,0.007608374228076044,[0.007608]
leader_follower,C3_lider_curta,14,pv5,850,45.000145039172466,37.70339305645482,7.296751982717645,0.16214946368740302,1.0526360953074865,1.0504989670073044,1.0504989670073044,1.0507660303895017,5.0,False,0.0,0.16214952143744976,155.0,convergiu,convergiu,True,False,False,0.007608388363631703,0.007608388363631703,,,,,False,0.007608374228076044,[0.007608]
leader_follower,C3_lider_curta,14,pv6,832,57.50032245222092,48.34571205359373,9.154610398627192,0.15920959275076454,1.041720637141104,1.0389815934030397,1.0504989670073044,1.0507660303895017,6.0,False,0.0,0.15920972280171272,155.0,convergiu,convergiu,True,False,False,0.007608388363631703,0.007608388363631703,,,,,False,0.007608374228076044,[0.007608]
leader_follower,C3_lider_curta,15,pv2,816,28.12494776039275,28.12494776039275,0.0,0.0,1.0386370242044927,1.0386370242044927,1.0387127583097995,1.0502955100136582,1.0,True,0.0,0.0,0.0,sem_sobretensao,sem_sobretensao,True,True,False,0.0,0.0,,,,,False,0.0,[0.0]
leader_follower,C3_lider_curta,15,pv1,824,33.74993264251279,33.74993264251279,0.0,0.0,1.0361657626186254,1.0361657626186254,1.0387127583097995,1.0502955100136582,2.0,False,0.0,0.0,0.0,sem_sobretensao,sem_sobretensao,True,True,False,0.0,0.0,,,,,False,0.0,[0.0]
leader_follower,C3_lider_curta,15,pv3,828,22.499954825209244,22.499954825209244,0.0,0.0,1.0359378482646813,1.0359378482646813,1.0387127583097995,1.0502955100136582,3.0,False,0.0,0.0,0.0,sem_sobretensao,sem_sobretensao,True,True,False,0.0,0.0,,,,,False,0.0,[0.0]
leader_follower,C3_lider_curta,15,pv4,830,29.24993233686265,29.24993233686265,0.0,0.0,1.0302157541188306,1.0302157541188306,1.0387127583097995,1.0502955100136582,4.0,False,0.0,0.0,0.0,sem_sobretensao,sem_sobretensao,True,True,False,0.0,0.0,,,,,False,0.0,[0.0]
leader_follower,C3_lider_curta,15,pv5,850,20.249962539182967,20.249962539182967,0.0,0.0,1.0387127583097995,1.0387127583097995,1.0387127583097995,1.0502955100136582,5.0,False,0.0,0.0,0.0,sem_sobretensao,sem_sobretensao,True,True,False,0.0,0.0,,,,,False,0.0,[0.0]
leader_follower,C3_lider_curta,15,pv6,832,25.874924472584233,25.874924472584233,0.0,0.0,1.019932129739511,1.019932129739511,1.0387127583097995,1.0502955100136582,6.0,False,0.0,0.0,0.0,sem_sobretensao,sem_sobretensao,True,True,False,0.0,0.0,,,,,False,0.0,[0.0]
leader_follower,C3_lider_curta,16,pv2,816,3.125032294596359,3.125032294596359,0.0,0.0,1.0394703803118954,1.0394703803118954,1.0395419414769769,1.0504162382879945,1.0,True,0.0,0.0,0.0,sem_sobretensao,sem_sobretensao,True,True,False,0.0,0.0,,,,,False,0.0,[0.0]
leader_follower,C3_lider_curta,16,pv1,824,3.7500421409588838,3.7500421409588838,0.0,0.0,1.0372492372289976,1.0372492372289976,1.0395419414769769,1.0504162382879945,2.0,False,0.0,0.0,0.0,sem_sobretensao,sem_sobretensao,True,True,False,0.0,0.0,,,,,False,0.0,[0.0]
leader_follower,C3_lider_curta,16,pv3,828,2.50002827679071,2.50002827679071,0.0,0.0,1.03705637795607,1.03705637795607,1.0395419414769769,1.0504162382879945,3.0,False,0.0,0.0,0.0,sem_sobretensao,sem_sobretensao,True,True,False,0.0,0.0,,,,,False,0.0,[0.0]
leader_follower,C3_lider_curta,16,pv4,830,3.250042548739581,3.250042548739581,0.0,0.0,1.0323888508528645,1.0323888508528645,1.0395419414769769,1.0504162382879945,4.0,False,0.0,0.0,0.0,sem_sobretensao,sem_sobretensao,True,True,False,0.0,0.0,,,,,False,0.0,[0.0]
leader_follower,C3_lider_curta,16,pv5,850,2.25002315917058,2.25002315917058,0.0,0.0,1.0395419414769769,1.0395419414769769,1.0395419414769769,1.0504162382879945,5.0,False,0.0,0.0,0.0,sem_sobretensao,sem_sobretensao,True,True,False,0.0,0.0,,,,,False,0.0,[0.0]
leader_follower,C3_lider_curta,16,pv6,832,2.875047132930998,2.875047132930998,0.0,0.0,1.0244469035472574,1.0244469035472574,1.0395419414769769,1.0504162382879945,6.0,False,0.0,0.0,0.0,sem_sobretensao,sem_sobretensao,True,True,False,0.0,0.0,,,,,False,0.0,[0.0]
leader_follower,C3_lider_curta,17,pv2,816,-0.0,-0.0,0.0,0.0,1.0319530456641133,1.0319530456641133,1.0320537436109638,1.0501995250985579,1.0,True,0.0,,0.0,sem_sobretensao,sem_sobretensao,True,True,False,0.0,0.0,,,,,False,,[null]
leader_follower,C3_lider_curta,17,pv1,824,-0.0,-0.0,0.0,0.0,1.0288097422283975,1.0288097422283975,1.0320537436109638,1.0501995250985579,2.0,False,0.0,,0.0,sem_sobretensao,sem_sobretensao,True,True,False,0.0,0.0,,,,,False,,[null]
leader_follower,C3_lider_curta,17,pv3,828,-0.0,-0.0,0.0,0.0,1.0285410077167667,1.0285410077167667,1.0320537436109638,1.0501995250985579,3.0,False,0.0,,0.0,sem_sobretensao,sem_sobretensao,True,True,False,0.0,0.0,,,,,False,,[null]
leader_follower,C3_lider_curta,17,pv4,830,-0.0,-0.0,0.0,0.0,1.0220651174905713,1.0220651174905713,1.0320537436109638,1.0501995250985579,4.0,False,0.0,,0.0,sem_sobretensao,sem_sobretensao,True,True,False,0.0,0.0,,,,,False,,[null]
leader_follower,C3_lider_curta,17,pv5,850,-0.0,-0.0,0.0,0.0,1.0320537436109638,1.0320537436109638,1.0320537436109638,1.0501995250985579,5.0,False,0.0,,0.0,sem_sobretensao,sem_sobretensao,True,True,False,0.0,0.0,,,,,False,,[null]
leader_follower,C3_lider_curta,17,pv6,832,-0.0,-0.0,0.0,0.0,1.0109757984235852,1.0109757984235852,1.0320537436109638,1.0501995250985579,6.0,False,0.0,,0.0,sem_sobretensao,sem_sobretensao,True,True,False,0.0,0.0,,,,,False,,[null]
leader_follower,C3_lider_curta,18,pv2,816,-0.0,-0.0,0.0,0.0,1.0353684495010183,1.0353684495010183,1.0354558554930642,1.0503034017860868,1.0,True,0.0,,0.0,sem_sobretensao,sem_sobretensao,True,True,False,0.0,0.0,,,,,False,,[null]
leader_follower,C3_lider_curta,18,pv1,824,-0.0,-0.0,0.0,0.0,1.0326523500430973,1.0326523500430973,1.0354558554930642,1.0503034017860868,2.0,False,0.0,,0.0,sem_sobretensao,sem_sobretensao,True,True,False,0.0,0.0,,,,,False,,[null]
leader_follower,C3_lider_curta,18,pv3,828,-0.0,-0.0,0.0,0.0,1.0324195763808064,1.0324195763808064,1.0354558554930642,1.0503034017860868,3.0,False,0.0,,0.0,sem_sobretensao,sem_sobretensao,True,True,False,0.0,0.0,,,,,False,,[null]
leader_follower,C3_lider_curta,18,pv4,830,-0.0,-0.0,0.0,0.0,1.02681295674242,1.02681295674242,1.0354558554930642,1.0503034017860868,4.0,False,0.0,,0.0,sem_sobretensao,sem_sobretensao,True,True,False,0.0,0.0,,,,,False,,[null]
leader_follower,C3_lider_curta,18,pv5,850,-0.0,-0.0,0.0,0.0,1.0354558554930642,1.0354558554930642,1.0354558554930642,1.0503034017860868,5.0,False,0.0,,0.0,sem_sobretensao,sem_sobretensao,True,True,False,0.0,0.0,,,,,False,,[null]
leader_follower,C3_lider_curta,18,pv6,832,-0.0,-0.0,0.0,0.0,1.017265056101975,1.017265056101975,1.0354558554930642,1.0503034017860868,6.0,False,0.0,,0.0,sem_sobretensao,sem_sobretensao,True,True,False,0.0,0.0,,,,,False,,[null]
leader_follower,C3_lider_curta,19,pv2,816,-0.0,-0.0,0.0,0.0,1.012463803494029,1.012463803494029,1.0126403397694483,1.0496066048479267,1.0,True,0.0,,0.0,sem_sobretensao,sem_sobretensao,True,True,False,0.0,0.0,,,,,False,,[null]
leader_follower,C3_lider_curta,19,pv1,824,-0.0,-0.0,0.0,0.0,1.0068862241138112,1.0068862241138112,1.0126403397694483,1.0496066048479267,2.0,False,0.0,,0.0,sem_sobretensao,sem_sobretensao,True,True,False,0.0,0.0,,,,,False,,[null]
leader_follower,C3_lider_curta,19,pv3,828,-0.0,-0.0,0.0,0.0,1.00641255022254,1.00641255022254,1.0126403397694483,1.0496066048479267,3.0,False,0.0,,0.0,sem_sobretensao,sem_sobretensao,True,True,False,0.0,0.0,,,,,False,,[null]
leader_follower,C3_lider_curta,19,pv4,830,-0.0,-0.0,0.0,0.0,0.9949844738133675,0.9949844738133675,1.0126403397694483,1.0496066048479267,4.0,False,0.0,,0.0,sem_sobretensao,sem_sobretensao,True,True,False,0.0,0.0,,,,,False,,[null]
leader_follower,C3_lider_curta,19,pv5,850,-0.0,-0.0,0.0,0.0,1.0126403397694483,1.0126403397694483,1.0126403397694483,1.0496066048479267,5.0,False,0.0,,0.0,sem_sobretensao,sem_sobretensao,True,True,False,0.0,0.0,,,,,False,,[null]
leader_follower,C3_lider_curta,19,pv6,832,-0.0,-0.0,0.0,0.0,0.9751062275735913,0.9751062275735913,1.0126403397694483,1.0496066048479267,6.0,False,0.0,,0.0,sem_sobretensao,sem_sobretensao,True,True,False,0.0,0.0,,,,,False,,[null]
leader_follower,C3_lider_curta,20,pv2,816,-0.0,-0.0,0.0,0.0,1.0078351504741658,1.0078351504741658,1.008029696164423,1.0494657402550034,1.0,True,0.0,,0.0,sem_sobretensao,sem_sobretensao,True,True,False,0.0,0.0,,,,,False,,[null]
leader_follower,C3_lider_curta,20,pv1,824,-0.0,-0.0,0.0,0.0,1.0016803252824402,1.0016803252824402,1.008029696164423,1.0494657402550034,2.0,False,0.0,,0.0,sem_sobretensao,sem_sobretensao,True,True,False,0.0,0.0,,,,,False,,[null]
leader_follower,C3_lider_curta,20,pv3,828,-0.0,-0.0,0.0,0.0,1.001158047785484,1.001158047785484,1.008029696164423,1.0494657402550034,3.0,False,0.0,,0.0,sem_sobretensao,sem_sobretensao,True,True,False,0.0,0.0,,,,,False,,[null]
leader_follower,C3_lider_curta,20,pv4,830,-0.0,-0.0,0.0,0.0,0.9885559519361026,0.9885559519361026,1.008029696164423,1.0494657402550034,4.0,False,0.0,,0.0,sem_sobretensao,sem_sobretensao,True,True,False,0.0,0.0,,,,,False,,[null]
leader_follower,C3_lider_curta,20,pv5,850,-0.0,-0.0,0.0,0.0,1.008029696164423,1.008029696164423,1.008029696164423,1.0494657402550034,5.0,False,0.0,,0.0,sem_sobretensao,sem_sobretensao,True,True,False,0.0,0.0,,,,,False,,[null]
leader_follower,C3_lider_curta,20,pv6,832,-0.0,-0.0,0.0,0.0,0.9665920784800833,0.9665920784800833,1.008029696164423,1.0494657402550034,6.0,False,0.0,,0.0,sem_sobretensao,sem_sobretensao,True,True,False,0.0,0.0,,,,,False,,[null]
leader_follower,C3_lider_curta,21,pv2,816,-0.0,-0.0,0.0,0.0,1.0061895964378376,1.0061895964378376,1.0063905442901249,1.0494156571369113,1.0,True,0.0,,0.0,sem_sobretensao,sem_sobretensao,True,True,False,0.0,0.0,,,,,False,,[null]
leader_follower,C3_lider_curta,21,pv1,824,-0.0,-0.0,0.0,0.0,0.9998296239446811,0.9998296239446811,1.0063905442901249,1.0494156571369113,2.0,False,0.0,,0.0,sem_sobretensao,sem_sobretensao,True,True,False,0.0,0.0,,,,,False,,[null]
leader_follower,C3_lider_curta,21,pv3,828,-0.0,-0.0,0.0,0.0,0.9992900728255066,0.9992900728255066,1.0063905442901249,1.0494156571369113,3.0,False,0.0,,0.0,sem_sobretensao,sem_sobretensao,True,True,False,0.0,0.0,,,,,False,,[null]
leader_follower,C3_lider_curta,21,pv4,830,-0.0,-0.0,0.0,0.0,0.9862707730472379,0.9862707730472379,1.0063905442901249,1.0494156571369113,4.0,False,0.0,,0.0,sem_sobretensao,sem_sobretensao,True,True,False,0.0,0.0,,,,,False,,[null]
leader_follower,C3_lider_curta,21,pv5,850,-0.0,-0.0,0.0,0.0,1.0063905442901249,1.0063905442901249,1.0063905442901249,1.0494156571369113,5.0,False,0.0,,0.0,sem_sobretensao,sem_sobretensao,True,True,False,0.0,0.0,,,,,False,,[null]
leader_follower,C3_lider_curta,21,pv6,832,-0.0,-0.0,0.0,0.0,0.9635655636096437,0.9635655636096437,1.0063905442901249,1.0494156571369113,6.0,False,0.0,,0.0,sem_sobretensao,sem_sobretensao,True,True,False,0.0,0.0,,,,,False,,[null]
leader_follower,C3_lider_curta,22,pv2,816,-0.0,-0.0,0.0,0.0,1.0058618084193778,1.0058618084193778,1.0060640314884584,1.049405687339917,1.0,True,0.0,,0.0,sem_sobretensao,sem_sobretensao,True,True,False,0.0,0.0,,,,,False,,[null]
leader_follower,C3_lider_curta,22,pv1,824,-0.0,-0.0,0.0,0.0,0.9994609737243801,0.9994609737243801,1.0060640314884584,1.049405687339917,2.0,False,0.0,,0.0,sem_sobretensao,sem_sobretensao,True,True,False,0.0,0.0,,,,,False,,[null]
leader_follower,C3_lider_curta,22,pv3,828,-0.0,-0.0,0.0,0.0,0.9989179819308516,0.9989179819308516,1.0060640314884584,1.049405687339917,3.0,False,0.0,,0.0,sem_sobretensao,sem_sobretensao,True,True,False,0.0,0.0,,,,,False,,[null]
leader_follower,C3_lider_curta,22,pv4,830,-0.0,-0.0,0.0,0.0,0.9858155814373922,0.9858155814373922,1.0060640314884584,1.049405687339917,4.0,False,0.0,,0.0,sem_sobretensao,sem_sobretensao,True,True,False,0.0,0.0,,,,,False,,[null]
leader_follower,C3_lider_curta,22,pv5,850,-0.0,-0.0,0.0,0.0,1.0060640314884584,1.0060640314884584,1.0060640314884584,1.049405687339917,5.0,False,0.0,,0.0,sem_sobretensao,sem_sobretensao,True,True,False,0.0,0.0,,,,,False,,[null]
leader_follower,C3_lider_curta,22,pv6,832,-0.0,-0.0,0.0,0.0,0.9629627164790306,0.9629627164790306,1.0060640314884584,1.049405687339917,6.0,False,0.0,,0.0,sem_sobretensao,sem_sobretensao,True,True,False,0.0,0.0,,,,,False,,[null]
leader_follower,C3_lider_curta,23,pv2,816,-0.0,-0.0,0.0,0.0,1.0157857990852877,1.0157857990852877,1.0159494099998212,1.049707699932122,1.0,True,0.0,,0.0,sem_sobretensao,sem_sobretensao,True,True,False,0.0,0.0,,,,,False,,[null]
leader_follower,C3_lider_curta,23,pv1,824,-0.0,-0.0,0.0,0.0,1.0106227444912799,1.0106227444912799,1.0159494099998212,1.049707699932122,2.0,False,0.0,,0.0,sem_sobretensao,sem_sobretensao,True,True,False,0.0,0.0,,,,,False,,[null]
leader_follower,C3_lider_curta,23,pv3,828,-0.0,-0.0,0.0,0.0,1.010183972127752,1.010183972127752,1.0159494099998212,1.049707699932122,3.0,False,0.0,,0.0,sem_sobretensao,sem_sobretensao,True,True,False,0.0,0.0,,,,,False,,[null]
leader_follower,C3_lider_curta,23,pv4,830,-0.0,-0.0,0.0,0.0,0.9995990501550603,0.9995990501550603,1.0159494099998212,1.049707699932122,4.0,False,0.0,,0.0,sem_sobretensao,sem_sobretensao,True,True,False,0.0,0.0,,,,,False,,[null]
leader_follower,C3_lider_curta,23,pv5,850,-0.0,-0.0,0.0,0.0,1.0159494099998212,1.0159494099998212,1.0159494099998212,1.049707699932122,5.0,False,0.0,,0.0,sem_sobretensao,sem_sobretensao,True,True,False,0.0,0.0,,,,,False,,[null]
leader_follower,C3_lider_curta,23,pv6,832,-0.0,-0.0,0.0,0.0,0.9812181271943429,0.9812181271943429,1.0159494099998212,1.049707699932122,6.0,False,0.0,,0.0,sem_sobretensao,sem_sobretensao,True,True,False,0.0,0.0,,,,,False,,[null]
leader_follower,C3_lider_longa,0,pv2,816,-0.0,-0.0,0.0,0.0,1.0450262948633384,1.0450262948633384,1.0450761113146871,1.0505970659065016,1.0,True,0.0,,0.0,sem_sobretensao,sem_sobretensao,True,True,False,0.0,0.0,,,,,False,,[null]
leader_follower,C3_lider_longa,0,pv1,824,-0.0,-0.0,0.0,0.0,1.0435191673339028,1.0435191673339028,1.0450761113146871,1.0505970659065016,2.0,False,0.0,,0.0,sem_sobretensao,sem_sobretensao,True,True,False,0.0,0.0,,,,,False,,[null]
leader_follower,C3_lider_longa,0,pv3,828,-0.0,-0.0,0.0,0.0,1.043388151795147,1.043388151795147,1.0450761113146871,1.0505970659065016,3.0,False,0.0,,0.0,sem_sobretensao,sem_sobretensao,True,True,False,0.0,0.0,,,,,False,,[null]
leader_follower,C3_lider_longa,0,pv4,830,-0.0,-0.0,0.0,0.0,1.0402417834114017,1.0402417834114017,1.0450761113146871,1.0505970659065016,4.0,False,0.0,,0.0,sem_sobretensao,sem_sobretensao,True,True,False,0.0,0.0,,,,,False,,[null]
leader_follower,C3_lider_longa,0,pv5,850,-0.0,-0.0,0.0,0.0,1.0450761113146871,1.0450761113146871,1.0450761113146871,1.0505970659065016,5.0,False,0.0,,0.0,sem_sobretensao,sem_sobretensao,True,True,False,0.0,0.0,,,,,False,,[null]
leader_follower,C3_lider_longa,0,pv6,832,-0.0,-0.0,0.0,0.0,1.0350545283587615,1.0350545283587615,1.0450761113146871,1.0505970659065016,6.0,False,0.0,,0.0,sem_sobretensao,sem_sobretensao,True,True,False,0.0,0.0,,,,,False,,[null]
leader_follower,C3_lider_longa,1,pv2,816,-0.0,-0.0,0.0,0.0,1.0450265903941263,1.0450265903941263,1.0450764055625157,1.0505970903489994,1.0,True,0.0,,0.0,sem_sobretensao,sem_sobretensao,True,True,False,0.0,0.0,,,,,False,,[null]
leader_follower,C3_lider_longa,1,pv1,824,-0.0,-0.0,0.0,0.0,1.043519497117978,1.043519497117978,1.0450764055625157,1.0505970903489994,2.0,False,0.0,,0.0,sem_sobretensao,sem_sobretensao,True,True,False,0.0,0.0,,,,,False,,[null]
leader_follower,C3_lider_longa,1,pv3,828,-0.0,-0.0,0.0,0.0,1.0433884847070511,1.0433884847070511,1.0450764055625157,1.0505970903489994,3.0,False,0.0,,0.0,sem_sobretensao,sem_sobretensao,True,True,False,0.0,0.0,,,,,False,,[null]
leader_follower,C3_lider_longa,1,pv4,830,-0.0,-0.0,0.0,0.0,1.0402421909746427,1.0402421909746427,1.0450764055625157,1.0505970903489994,4.0,False,0.0,,0.0,sem_sobretensao,sem_sobretensao,True,True,False,0.0,0.0,,,,,False,,[null]
leader_follower,C3_lider_longa,1,pv5,850,-0.0,-0.0,0.0,0.0,1.0450764055625157,1.0450764055625157,1.0450764055625157,1.0505970903489994,5.0,False,0.0,,0.0,sem_sobretensao,sem_sobretensao,True,True,False,0.0,0.0,,,,,False,,[null]
leader_follower,C3_lider_longa,1,pv6,832,-0.0,-0.0,0.0,0.0,1.0350550780786294,1.0350550780786294,1.0450764055625157,1.0505970903489994,6.0,False,0.0,,0.0,sem_sobretensao,sem_sobretensao,True,True,False,0.0,0.0,,,,,False,,[null]
leader_follower,C3_lider_longa,2,pv2,816,-0.0,-0.0,0.0,0.0,1.0449571701348623,1.0449571701348623,1.0450072554978003,1.0505949800956955,1.0,True,0.0,,0.0,sem_sobretensao,sem_sobretensao,True,True,False,0.0,0.0,,,,,False,,[null]
leader_follower,C3_lider_longa,2,pv1,824,-0.0,-0.0,0.0,0.0,1.0434413812534846,1.0434413812534846,1.0450072554978003,1.0505949800956955,2.0,False,0.0,,0.0,sem_sobretensao,sem_sobretensao,True,True,False,0.0,0.0,,,,,False,,[null]
leader_follower,C3_lider_longa,2,pv3,828,-0.0,-0.0,0.0,0.0,1.0433096369965242,1.0433096369965242,1.0450072554978003,1.0505949800956955,3.0,False,0.0,,0.0,sem_sobretensao,sem_sobretensao,True,True,False,0.0,0.0,,,,,False,,[null]
leader_follower,C3_lider_longa,2,pv4,830,-0.0,-0.0,0.0,0.0,1.0401456464219774,1.0401456464219774,1.0450072554978003,1.0505949800956955,4.0,False,0.0,,0.0,sem_sobretensao,sem_sobretensao,True,True,False,0.0,0.0,,,,,False,,[null]
leader_follower,C3_lider_longa,2,pv5,850,-0.0,-0.0,0.0,0.0,1.0450072554978003,1.0450072554978003,1.0450072554978003,1.0505949800956955,5.0,False,0.0,,0.0,sem_sobretensao,sem_sobretensao,True,True,False,0.0,0.0,,,,,False,,[null]
leader_follower,C3_lider_longa,2,pv6,832,-0.0,-0.0,0.0,0.0,1.0349271785104095,1.0349271785104095,1.0450072554978003,1.0505949800956955,6.0,False,0.0,,0.0,sem_sobretensao,sem_sobretensao,True,True,False,0.0,0.0,,,,,False,,[null]
leader_follower,C3_lider_longa,3,pv2,816,-0.0,-0.0,0.0,0.0,1.0449571021647746,1.0449571021647746,1.0450071878057714,1.0505949776249717,1.0,True,0.0,,0.0,sem_sobretensao,sem_sobretensao,True,True,False,0.0,0.0,,,,,False,,[null]
leader_follower,C3_lider_longa,3,pv1,824,-0.0,-0.0,0.0,0.0,1.043441305274198,1.043441305274198,1.0450071878057714,1.0505949776249717,2.0,False,0.0,,0.0,sem_sobretensao,sem_sobretensao,True,True,False,0.0,0.0,,,,,False,,[null]
leader_follower,C3_lider_longa,3,pv3,828,-0.0,-0.0,0.0,0.0,1.043309560339792,1.043309560339792,1.0450071878057714,1.0505949776249717,3.0,False,0.0,,0.0,sem_sobretensao,sem_sobretensao,True,True,False,0.0,0.0,,,,,False,,[null]
leader_follower,C3_lider_longa,3,pv4,830,-0.0,-0.0,0.0,0.0,1.0401455535283302,1.0401455535283302,1.0450071878057714,1.0505949776249717,4.0,False,0.0,,0.0,sem_sobretensao,sem_sobretensao,True,True,False,0.0,0.0,,,,,False,,[null]
leader_follower,C3_lider_longa,3,pv5,850,-0.0,-0.0,0.0,0.0,1.0450071878057714,1.0450071878057714,1.0450071878057714,1.0505949776249717,5.0,False,0.0,,0.0,sem_sobretensao,sem_sobretensao,True,True,False,0.0,0.0,,,,,False,,[null]
leader_follower,C3_lider_longa,3,pv6,832,-0.0,-0.0,0.0,0.0,1.0349270553472671,1.0349270553472671,1.0450071878057714,1.0505949776249717,6.0,False,0.0,,0.0,sem_sobretensao,sem_sobretensao,True,True,False,0.0,0.0,,,,,False,,[null]
leader_follower,C3_lider_longa,4,pv2,816,-0.0,-0.0,0.0,0.0,1.045026523122921,1.045026523122921,1.045076338566197,1.0505970879234294,1.0,True,0.0,,0.0,sem_sobretensao,sem_sobretensao,True,True,False,0.0,0.0,,,,,False,,[null]
leader_follower,C3_lider_longa,4,pv1,824,-0.0,-0.0,0.0,0.0,1.0435194219130084,1.0435194219130084,1.045076338566197,1.0505970879234294,2.0,False,0.0,,0.0,sem_sobretensao,sem_sobretensao,True,True,False,0.0,0.0,,,,,False,,[null]
leader_follower,C3_lider_longa,4,pv3,828,-0.0,-0.0,0.0,0.0,1.0433884088314556,1.0433884088314556,1.045076338566197,1.0505970879234294,3.0,False,0.0,,0.0,sem_sobretensao,sem_sobretensao,True,True,False,0.0,0.0,,,,,False,,[null]
leader_follower,C3_lider_longa,4,pv4,830,-0.0,-0.0,0.0,0.0,1.0402420990252506,1.0402420990252506,1.045076338566197,1.0505970879234294,4.0,False,0.0,,0.0,sem_sobretensao,sem_sobretensao,True,True,False,0.0,0.0,,,,,False,,[null]
leader_follower,C3_lider_longa,4,pv5,850,-0.0,-0.0,0.0,0.0,1.045076338566197,1.045076338566197,1.045076338566197,1.0505970879234294,5.0,False,0.0,,0.0,sem_sobretensao,sem_sobretensao,True,True,False,0.0,0.0,,,,,False,,[null]
leader_follower,C3_lider_longa,4,pv6,832,-0.0,-0.0,0.0,0.0,1.035054956170032,1.035054956170032,1.045076338566197,1.0505970879234294,6.0,False,0.0,,0.0,sem_sobretensao,sem_sobretensao,True,True,False,0.0,0.0,,,,,False,,[null]
leader_follower,C3_lider_longa,5,pv2,816,-0.0,-0.0,0.0,0.0,1.046437942275659,1.046437942275659,1.0464804756969757,1.05063939179868,1.0,True,0.0,,0.0,sem_sobretensao,sem_sobretensao,True,True,False,0.0,0.0,,,,,False,,[null]
leader_follower,C3_lider_longa,5,pv1,824,-0.0,-0.0,0.0,0.0,1.0450850714048536,1.0450850714048536,1.0464804756969757,1.05063939179868,2.0,False,0.0,,0.0,sem_sobretensao,sem_sobretensao,True,True,False,0.0,0.0,,,,,False,,[null]
leader_follower,C3_lider_longa,5,pv3,828,-0.0,-0.0,0.0,0.0,1.044968726726859,1.044968726726859,1.0464804756969757,1.05063939179868,3.0,False,0.0,,0.0,sem_sobretensao,sem_sobretensao,True,True,False,0.0,0.0,,,,,False,,[null]
leader_follower,C3_lider_longa,5,pv4,830,-0.0,-0.0,0.0,0.0,1.0421771197491476,1.0421771197491476,1.0464804756969757,1.05063939179868,4.0,False,0.0,,0.0,sem_sobretensao,sem_sobretensao,True,True,False,0.0,0.0,,,,,False,,[null]
leader_follower,C3_lider_longa,5,pv5,850,-0.0,-0.0,0.0,0.0,1.0464804756969757,1.0464804756969757,1.0464804756969757,1.05063939179868,5.0,False,0.0,,0.0,sem_sobretensao,sem_sobretensao,True,True,False,0.0,0.0,,,,,False,,[null]
leader_follower,C3_lider_longa,5,pv6,832,-0.0,-0.0,0.0,0.0,1.0376184354041749,1.0376184354041749,1.0464804756969757,1.05063939179868,6.0,False,0.0,,0.0,sem_sobretensao,sem_sobretensao,True,True,False,0.0,0.0,,,,,False,,[null]
leader_follower,C3_lider_longa,6,pv2,816,15.625241782068514,15.625241782068514,0.0,0.0,1.0483407437819094,1.0483407437819094,1.0483782454548018,1.0506384889471005,1.0,True,0.0,0.0,0.0,sem_sobretensao,sem_sobretensao,True,True,False,0.0,0.0,,,,,False,0.0,[0.0]
leader_follower,C3_lider_longa,6,pv1,824,18.7503236717592,18.7503236717592,0.0,0.0,1.0471579048369506,1.0471579048369506,1.0483782454548018,1.0506384889471005,2.0,False,0.0,0.0,0.0,sem_sobretensao,sem_sobretensao,True,True,False,0.0,0.0,,,,,False,0.0,[0.0]
leader_follower,C3_lider_longa,6,pv3,828,12.500217712144039,12.500217712144039,0.0,0.0,1.0470455387298745,1.0470455387298745,1.0483782454548018,1.0506384889471005,3.0,False,0.0,0.0,0.0,sem_sobretensao,sem_sobretensao,True,True,False,0.0,0.0,,,,,False,0.0,[0.0]
leader_follower,C3_lider_longa,6,pv4,830,16.250349249231203,16.250349249231203,0.0,0.0,1.0442222095150686,1.0442222095150686,1.0483782454548018,1.0506384889471005,4.0,False,0.0,0.0,0.0,sem_sobretensao,sem_sobretensao,True,True,False,0.0,0.0,,,,,False,0.0,[0.0]
leader_follower,C3_lider_longa,6,pv5,850,11.250173385025839,11.250173385025839,0.0,0.0,1.0483782454548018,1.0483782454548018,1.0483782454548018,1.0506384889471005,5.0,False,0.0,0.0,0.0,sem_sobretensao,sem_sobretensao,True,True,False,0.0,0.0,,,,,False,0.0,[0.0]
leader_follower,C3_lider_longa,6,pv6,832,14.375428037447017,14.375428037447017,0.0,0.0,1.0393165620198634,1.0393165620198634,1.0483782454548018,1.0506384889471005,6.0,False,0.0,0.0,0.0,sem_sobretensao,sem_sobretensao,True,True,False,0.0,0.0,,,,,False,0.0,[0.0]
leader_follower,C3_lider_longa,7,pv2,816,46.87517293313687,18.450168691972003,28.425004241164864,0.6063978224325267,1.0562538666391141,1.0504671308839428,1.0504964855599894,1.0507974957944095,1.0,True,0.0,0.6063978533308139,311.0,convergiu,convergiu,True,False,False,0.007395690414221331,0.007395690414221331,,,,,False,0.007395684726592407,[0.007396]
leader_follower,C3_lider_longa,7,pv1,824,56.25022149623055,22.88061736569861,33.36960413053194,0.5932350355979492,1.0558852978158424,1.049534016263107,1.0504964855599894,1.0507974957944095,2.0,False,0.0,0.5932350707768876,311.0,convergiu,convergiu,True,False,False,0.007395690414221331,0.007395690414221331,,,,,False,0.007395684726592407,[0.007396]
leader_follower,C3_lider_longa,7,pv3,828,37.5001485947879,15.429029434204608,22.071119160583294,0.5885608095576509,1.0558243986090117,1.0494407801879178,1.0504964855599894,1.0507974957944095,3.0,False,0.0,0.5885608454269147,311.0,convergiu,convergiu,True,False,False,0.007395690414221331,0.007395690414221331,,,,,False,0.007395684726592407,[0.007396]
leader_follower,C3_lider_longa,7,pv4,830,48.75022589866941,20.15875219075454,28.591473707914872,0.58648900718227,1.0539937130575454,1.047050485931782,1.0504964855599894,1.0507974957944095,4.0,False,0.0,0.5864890506834605,311.0,convergiu,convergiu,True,False,False,0.007395690414221331,0.007395690414221331,,,,,False,0.007395684726592407,[0.007396]
leader_follower,C3_lider_longa,7,pv5,850,33.75012402307615,13.934724868575668,19.81539915450048,0.5871207481008585,1.056261646345798,1.0504964855599894,1.0504964855599894,1.0507974957944095,5.0,False,0.0,0.5871207803844511,311.0,convergiu,convergiu,True,False,False,0.007395690414221331,0.007395690414221331,,,,,False,0.007395684726592407,[0.007396]
leader_follower,C3_lider_longa,7,pv6,832,43.12526281682057,17.92669888958053,25.198563927240045,0.5843109060825895,1.0502737503980764,1.0428431584098576,1.0504964855599894,1.0507974957944095,6.0,False,0.0,0.5843109648809282,311.0,convergiu,convergiu,True,False,False,0.007395690414221331,0.007395690414221331,,,,,False,0.007395684726592407,[0.007396]
leader_follower,C3_lider_longa,8,pv2,816,85.41699509578214,37.55092298680244,47.8660721089797,0.5603810774810416,1.0600225763749753,1.0504681100230773,1.0504982101571243,1.05078074620954,1.0,True,0.0,0.5603811285483081,205.0,convergiu,convergiu,True,False,False,0.007887404307220451,0.007887404307220451,,,,,False,0.007887392825289628,[0.007887]
leader_follower,C3_lider_longa,8,pv1,824,102.50042170914824,46.48455403046071,56.015867678687535,0.5464939636956262,1.0599113578819606,1.049423485200918,1.0504982101571243,1.05078074620954,2.0,False,0.0,0.5464940216308211,205.0,convergiu,convergiu,True,False,False,0.007887404307220451,0.007887404307220451,,,,,False,0.007887392825289628,[0.007887]
leader_follower,C3_lider_longa,8,pv3,828,68.3336154299122,31.330498372552842,37.00311705735936,0.5415067355317771,1.0598511737596623,1.0493099968011592,1.0504982101571243,1.05078074620954,3.0,False,0.0,0.5415067946362706,205.0,convergiu,convergiu,True,False,False,0.007887404307220451,0.007887404307220451,,,,,False,0.007887392825289628,[0.007887]
leader_follower,C3_lider_longa,8,pv4,830,88.8337183814563,40.93169844841596,47.902019933040336,0.5392323342090761,1.0577281149827487,1.0462675399651897,1.0504982101571243,1.05078074620954,4.0,False,0.0,0.5392324086598147,205.0,convergiu,convergiu,True,False,False,0.007887404307220451,0.007887404307220451,,,,,False,0.007887392825289628,[0.007887]
leader_follower,C3_lider_longa,8,pv5,850,61.500235557328985,28.29810206290744,33.202133494421545,0.5398699682915752,1.0600169249430975,1.0504982101571243,1.0504982101571243,1.05078074620954,5.0,False,0.0,0.5398700215297768,205.0,convergiu,convergiu,True,False,False,0.007887404307220451,0.007887404307220451,,,,,False,0.007887392825289628,[0.007887]
leader_follower,C3_lider_longa,8,pv6,832,78.58368122017801,36.40468879056532,42.17899242961269,0.5367397308826609,1.0527861134774454,1.0405336989425304,1.0504982101571243,1.05078074620954,6.0,False,0.0,0.5367398392986247,205.0,convergiu,convergiu,True,False,False,0.007887404307220451,0.007887404307220451,,,,,False,0.007887392825289628,[0.007887]
leader_follower,C3_lider_longa,9,pv2,816,109.37601259366951,43.68796403281948,65.68804856085004,0.6005708289127432,1.0634560303903893,1.0504657959625088,1.050496147792167,1.0507726169672031,1.0,True,0.0,0.6005708839001134,177.0,convergiu,convergiu,True,False,False,0.008170530338725562,0.008170530338725562,,,,,False,0.008170516678008404,[0.008171]
leader_follower,C3_lider_longa,9,pv1,824,131.25131013746793,54.30051443905839,76.95079569840954,0.5862858618552933,1.0636450078194053,1.0493850914139289,1.050496147792167,1.0507726169672031,2.0,False,0.0,0.5862859244438324,177.0,convergiu,convergiu,True,False,False,0.008170530338725562,0.008170530338725562,,,,,False,0.008170516678008404,[0.008171]
leader_follower,C3_lider_longa,9,pv3,828,87.50087669902865,36.65226369462953,50.84861300439912,0.5811211192942461,1.063597230955188,1.0492649631504614,1.050496147792167,1.0507726169672031,3.0,False,0.0,0.5811211832688253,177.0,convergiu,convergiu,True,False,False,0.008170530338725562,0.008170530338725562,,,,,False,0.008170516678008404,[0.008171]
leader_follower,C3_lider_longa,9,pv4,830,113.7512021085738,47.92084716722778,65.83035494134603,0.5787221972012834,1.0615841255896252,1.046007575973589,1.050496147792167,1.0507726169672031,4.0,False,0.0,0.5787222791589661,177.0,convergiu,convergiu,True,False,False,0.008170530338725562,0.008170530338725562,,,,,False,0.008170516678008404,[0.008171]
leader_follower,C3_lider_longa,9,pv5,850,78.75072623557065,33.125999080835705,45.62472715473495,0.5793562141387981,1.0634377078478492,1.050496147792167,1.050496147792167,1.0507726169672031,5.0,False,0.0,0.5793562718171718,177.0,convergiu,convergiu,True,False,False,0.008170530338725562,0.008170530338725562,,,,,False,0.008170516678008404,[0.008171]
leader_follower,C3_lider_longa,9,pv6,832,100.62608212854175,42.66314732836232,57.96293480017943,0.5760228480724673,1.0564042278647419,1.0397679382559666,1.050496147792167,1.0507726169672031,6.0,False,0.0,0.5760229711232961,177.0,convergiu,convergiu,True,False,False,0.008170530338725562,0.008170530338725562,,,,,False,0.008170516678008404,[0.008171]
leader_follower,C3_lider_longa,10,pv2,816,122.91832384587059,-0.0,122.91832384587059,1.0,1.0647988816134637,1.0605499225652424,1.0608520426612322,1.0608520426612322,1.0,True,0.0,1.0,500.0,nao_convergiu,nao_convergiu,False,False,True,0.372677996249965,0.372677996249965,,,,,True,0.37267249533029395,[0.372672]
leader_follower,C3_lider_longa,10,pv1,824,147.50215552840342,147.49999999999997,0.002155528403449125,0.0,1.0650831804269703,1.0608520426612322,1.0608520426612322,1.0608520426612322,2.0,False,0.0,1.4613538329167336e-05,500.0,nao_convergiu,nao_convergiu,False,False,True,0.372677996249965,0.372677996249965,,,,,True,0.37267249533029395,[0.372672]
leader_follower,C3_lider_longa,10,pv3,828,98.33477598952038,98.33333333333331,0.0014426561870664045,0.0,1.0650361539418978,1.0608062530791245,1.0608520426612322,1.0608520426612322,3.0,False,0.0,1.4670864631045172e-05,500.0,nao_convergiu,nao_convergiu,False,False,True,0.372677996249965,0.372677996249965,,,,,True,0.37267249533029395,[0.372672]
leader_follower,C3_lider_longa,10,pv4,830,127.83531261961477,127.83333333333331,0.0019792862814540513,0.0,1.0629336659541404,1.0587295059051085,1.0608520426612322,1.0608520426612322,4.0,False,0.0,1.5483094935932075e-05,500.0,nao_convergiu,nao_convergiu,False,False,True,0.372677996249965,0.372677996249965,,,,,True,0.37267249533029395,[0.372672]
leader_follower,C3_lider_longa,10,pv5,850,88.50118853266282,88.5,0.0011885326628231496,0.0,1.0647757079433002,1.060545156983626,1.0608520426612322,1.0608520426612322,5.0,False,0.0,1.3429567246822928e-05,500.0,nao_convergiu,nao_convergiu,False,False,True,0.372677996249965,0.372677996249965,,,,,True,0.37267249533029395,[0.372672]
leader_follower,C3_lider_longa,10,pv6,832,113.08509808576126,113.08333333333331,0.001764752427945382,0.0,1.0573508143479442,1.0531810597523588,1.0608520426612322,1.0608520426612322,6.0,False,0.0,1.560552590764021e-05,500.0,nao_convergiu,nao_convergiu,False,False,True,0.372677996249965,0.372677996249965,,,,,True,0.37267249533029395,[0.372672]
leader_follower,C3_lider_longa,11,pv2,816,124.99991372149726,69.70971670560732,55.290197015889945,0.442321825438335,1.0612352721515241,1.0504620079396514,1.0504932602097357,1.050739930087001,1.0,True,0.0,0.44232188143007684,148.0,convergiu,convergiu,True,False,False,0.008322415827032477,0.008322415827032477,,,,,False,0.00832239553143978,[0.008322]
leader_follower,C3_lider_longa,11,pv1,824,149.99989250825143,85.8247990042517,64.17509350399973,0.4278342005622242,1.0610592309095284,1.04923299212917,1.0504932602097357,1.050739930087001,2.0,False,0.0,0.4278342632843519,148.0,convergiu,convergiu,True,False,False,0.008322415827032477,0.008322415827032477,,,,,False,0.00832239553143978,[0.008322]
leader_follower,C3_lider_longa,11,pv3,828,99.99992748140993,57.74239434518513,42.257533136224794,0.4225755737060262,1.060972049648294,1.0490858627612183,1.0504932602097357,1.050739930087001,3.0,False,0.0,0.42257563780814245,148.0,convergiu,convergiu,True,False,False,0.008322415827032477,0.008322415827032477,,,,,False,0.00832239553143978,[0.008322]
leader_follower,C3_lider_longa,11,pv4,830,129.99986489451874,75.38620354184268,54.61366135267606,0.42010543282035834,1.0578773972005386,1.044960012173017,1.0504932602097357,1.050739930087001,4.0,False,0.0,0.42010552393257733,148.0,convergiu,convergiu,True,False,False,0.008322415827032477,0.008322415827032477,,,,,False,0.00832239553143978,[0.008322]
leader_follower,C3_lider_longa,11,pv5,850,89.99993813585051,52.13392449362886,37.86601364222165,0.420733716189341,1.0612260540813803,1.0504932602097357,1.0504932602097357,1.050739930087001,5.0,False,0.0,0.42073377411731944,148.0,convergiu,convergiu,True,False,False,0.008322415827032477,0.008322415827032477,,,,,False,0.00832239553143978,[0.008322]
leader_follower,C3_lider_longa,11,pv6,832,114.99977829971377,67.01253323978702,47.98724505992675,0.4172810352879334,1.0504888537611792,1.0366895924621946,1.0504932602097357,1.050739930087001,6.0,False,0.0,0.4172811962720644,148.0,convergiu,convergiu,True,False,False,0.008322415827032477,0.008322415827032477,,,,,False,0.00832239553143978,[0.008322]
leader_follower,C3_lider_longa,12,pv2,816,114.58396791800953,73.20258742175028,41.381380496259254,0.36114453966874205,1.058475998131082,1.0504596972890659,1.0504910563263004,1.0507349370882706,1.0,True,0.0,0.36114459333324594,147.0,convergiu,convergiu,True,False,False,0.00813841961167005,0.00813841961167005,,,,,False,0.0081383989804725,[0.008138]
leader_follower,C3_lider_longa,12,pv1,824,137.50081187528562,89.79738288859105,47.703428986694576,0.34693192071856216,1.0580095022699962,1.0492111066554253,1.0504910563263004,1.0507349370882706,2.0,False,0.0,0.34693198051777313,147.0,convergiu,convergiu,True,False,False,0.00813841961167005,0.00813841961167005,,,,,False,0.0081383989804725,[0.008138]
leader_follower,C3_lider_longa,12,pv3,828,91.66720993529833,60.336455448187095,31.330754487111236,0.3417879622409848,1.0579033716358734,1.0490605029747138,1.0504910563263004,1.0507349370882706,3.0,False,0.0,0.34178802332072167,147.0,convergiu,convergiu,True,False,False,0.00813841961167005,0.00813841961167005,,,,,False,0.0081383989804725,[0.008138]
leader_follower,C3_lider_longa,12,pv4,830,119.16742087484661,78.7229892707173,40.444431604129306,0.33939159484163256,1.054431394476887,1.044824115538384,1.0504910563263004,1.0507349370882706,4.0,False,0.0,0.3393916836263942,147.0,convergiu,convergiu,True,False,False,0.00813841961167005,0.00813841961167005,,,,,False,0.0081383989804725,[0.008138]
leader_follower,C3_lider_longa,12,pv5,850,82.50045510738912,54.4487572490749,28.051697858314213,0.34001864918515257,1.0584772348419638,1.0504910563263004,1.0504910563263004,1.0507349370882706,5.0,False,0.0,0.3400187044035079,147.0,convergiu,convergiu,True,False,False,0.00813841961167005,0.00813841961167005,,,,,False,0.0081383989804725,[0.008138]
leader_follower,C3_lider_longa,12,pv6,832,105.41738641292561,69.92506150055519,35.49232491237042,0.3366836258156356,1.0465580380893365,1.036297954533706,1.0504910563263004,1.0507349370882706,6.0,False,0.0,0.3366837873720855,147.0,convergiu,convergiu,True,False,False,0.00813841961167005,0.00813841961167005,,,,,False,0.0081383989804725,[0.008138]
leader_follower,C3_lider_longa,13,pv2,816,91.66698462445727,67.05849280388911,24.60849182056816,0.2684552874937647,1.055190830074155,1.0504624971525702,1.0504936196207226,1.05074418826336,1.0,True,0.0,0.26845534323382203,151.0,convergiu,convergiu,True,False,False,0.007880571614281871,0.007880571614281871,,,,,False,0.007880553061754579,[0.007881]
leader_follower,C3_lider_longa,13,pv1,824,110.0004047364769,81.99419199906362,28.00621273741328,0.25460093512892534,1.0544374799606517,1.0492494865556954,1.0504936196207226,1.05074418826336,2.0,False,0.0,0.25460099719184237,151.0,convergiu,convergiu,True,False,False,0.007880571614281871,0.007880571614281871,,,,,False,0.007880553061754579,[0.007881]
leader_follower,C3_lider_longa,13,pv3,828,73.3336046424718,55.028198547802475,18.305406094669323,0.24961818726940782,1.0543195761296045,1.0491054778214872,1.0504936196207226,1.05074418826336,3.0,False,0.0,0.2496182505130477,151.0,convergiu,convergiu,True,False,False,0.007880571614281871,0.007880571614281871,,,,,False,0.007880553061754579,[0.007881]
leader_follower,C3_lider_longa,13,pv4,830,95.33373737436717,71.75417809211751,23.57955928224966,0.2473368976344551,1.0507455019992837,1.045082820751669,1.0504936196207226,1.05074418826336,4.0,False,0.0,0.24733698616739228,151.0,convergiu,convergiu,True,False,False,0.007880571614281871,0.007880571614281871,,,,,False,0.007880553061754579,[0.007881]
leader_follower,C3_lider_longa,13,pv5,850,66.00022802392903,49.634238056964314,16.36598996696471,0.24796863117238557,1.0552041870594926,1.0504936196207226,1.0504936196207226,1.05074418826336,5.0,False,0.0,0.24796868824500215,151.0,convergiu,convergiu,True,False,False,0.007880571614281871,0.007880571614281871,,,,,False,0.007880553061754579,[0.007881]
leader_follower,C3_lider_longa,13,pv6,832,84.33378934611513,63.68696975367925,20.646819592435875,0.2448224709141608,1.0431065536204582,1.0370603379847172,1.0504936196207226,1.05074418826336,6.0,False,0.0,0.2448226239152976,151.0,convergiu,convergiu,True,False,False,0.007880571614281871,0.007880571614281871,,,,,False,0.007880553061754579,[0.007881]
leader_follower,C3_lider_longa,14,pv2,816,62.50020224605284,51.1274447534344,11.372757492618433,0.18196347444993005,1.0526136226711256,1.0504684287667376,1.0504989670073044,1.0507660303895017,1.0,True,0.0,0.18196353105940025,155.0,convergiu,convergiu,True,False,False,0.007608388363631703,0.007608388363631703,,,,,False,0.007608374228076044,[0.007608]
leader_follower,C3_lider_longa,14,pv1,824,75.00026003735111,62.364356316702086,12.635903720649026,0.16847806899122642,1.0516996381734283,1.0493471048931242,1.0504989670073044,1.0507660303895017,2.0,False,0.0,0.168478132133891,155.0,convergiu,convergiu,True,False,False,0.007608388363631703,0.007608388363631703,,,,,False,0.007608374228076044,[0.007608]
leader_follower,C3_lider_longa,14,pv3,828,50.00017451784423,41.81674354070793,8.183430977136297,0.1636679841285751,1.0515841348068866,1.049219858512193,1.0504989670073044,1.0507660303895017,3.0,False,0.0,0.16366804828282683,155.0,convergiu,convergiu,True,False,False,0.007608388363631703,0.007608388363631703,,,,,False,0.007608374228076044,[0.007608]
leader_follower,C3_lider_longa,14,pv4,830,65.0002693638805,54.50191004266613,10.498359321214373,0.16151246724333443,1.0483035674081949,1.045737558520538,1.0504989670073044,1.0507660303895017,4.0,False,0.0,0.16151255100872128,155.0,convergiu,convergiu,True,False,False,0.007608388363631703,0.007608388363631703,,,,,False,0.007608374228076044,[0.007608]
leader_follower,C3_lider_longa,14,pv5,850,45.000145039172466,37.70339305645482,7.296751982717645,0.16214946368740302,1.0526360953074865,1.0504989670073044,1.0504989670073044,1.0507660303895017,5.0,False,0.0,0.16214952143744976,155.0,convergiu,convergiu,True,False,False,0.007608388363631703,0.007608388363631703,,,,,False,0.007608374228076044,[0.007608]
leader_follower,C3_lider_longa,14,pv6,832,57.50032245222092,48.34571205359373,9.154610398627192,0.15920959275076454,1.041720637141104,1.0389815934030397,1.0504989670073044,1.0507660303895017,6.0,False,0.0,0.15920972280171272,155.0,convergiu,convergiu,True,False,False,0.007608388363631703,0.007608388363631703,,,,,False,0.007608374228076044,[0.007608]
leader_follower,C3_lider_longa,15,pv2,816,28.12494776039275,28.12494776039275,0.0,0.0,1.0386370242044927,1.0386370242044927,1.0387127583097995,1.0502955100136582,1.0,True,0.0,0.0,0.0,sem_sobretensao,sem_sobretensao,True,True,False,0.0,0.0,,,,,False,0.0,[0.0]
leader_follower,C3_lider_longa,15,pv1,824,33.74993264251279,33.74993264251279,0.0,0.0,1.0361657626186254,1.0361657626186254,1.0387127583097995,1.0502955100136582,2.0,False,0.0,0.0,0.0,sem_sobretensao,sem_sobretensao,True,True,False,0.0,0.0,,,,,False,0.0,[0.0]
leader_follower,C3_lider_longa,15,pv3,828,22.499954825209244,22.499954825209244,0.0,0.0,1.0359378482646813,1.0359378482646813,1.0387127583097995,1.0502955100136582,3.0,False,0.0,0.0,0.0,sem_sobretensao,sem_sobretensao,True,True,False,0.0,0.0,,,,,False,0.0,[0.0]
leader_follower,C3_lider_longa,15,pv4,830,29.24993233686265,29.24993233686265,0.0,0.0,1.0302157541188306,1.0302157541188306,1.0387127583097995,1.0502955100136582,4.0,False,0.0,0.0,0.0,sem_sobretensao,sem_sobretensao,True,True,False,0.0,0.0,,,,,False,0.0,[0.0]
leader_follower,C3_lider_longa,15,pv5,850,20.249962539182967,20.249962539182967,0.0,0.0,1.0387127583097995,1.0387127583097995,1.0387127583097995,1.0502955100136582,5.0,False,0.0,0.0,0.0,sem_sobretensao,sem_sobretensao,True,True,False,0.0,0.0,,,,,False,0.0,[0.0]
leader_follower,C3_lider_longa,15,pv6,832,25.874924472584233,25.874924472584233,0.0,0.0,1.019932129739511,1.019932129739511,1.0387127583097995,1.0502955100136582,6.0,False,0.0,0.0,0.0,sem_sobretensao,sem_sobretensao,True,True,False,0.0,0.0,,,,,False,0.0,[0.0]
leader_follower,C3_lider_longa,16,pv2,816,3.125032294596359,3.125032294596359,0.0,0.0,1.0394703803118954,1.0394703803118954,1.0395419414769769,1.0504162382879945,1.0,True,0.0,0.0,0.0,sem_sobretensao,sem_sobretensao,True,True,False,0.0,0.0,,,,,False,0.0,[0.0]
leader_follower,C3_lider_longa,16,pv1,824,3.7500421409588838,3.7500421409588838,0.0,0.0,1.0372492372289976,1.0372492372289976,1.0395419414769769,1.0504162382879945,2.0,False,0.0,0.0,0.0,sem_sobretensao,sem_sobretensao,True,True,False,0.0,0.0,,,,,False,0.0,[0.0]
leader_follower,C3_lider_longa,16,pv3,828,2.50002827679071,2.50002827679071,0.0,0.0,1.03705637795607,1.03705637795607,1.0395419414769769,1.0504162382879945,3.0,False,0.0,0.0,0.0,sem_sobretensao,sem_sobretensao,True,True,False,0.0,0.0,,,,,False,0.0,[0.0]
leader_follower,C3_lider_longa,16,pv4,830,3.250042548739581,3.250042548739581,0.0,0.0,1.0323888508528645,1.0323888508528645,1.0395419414769769,1.0504162382879945,4.0,False,0.0,0.0,0.0,sem_sobretensao,sem_sobretensao,True,True,False,0.0,0.0,,,,,False,0.0,[0.0]
leader_follower,C3_lider_longa,16,pv5,850,2.25002315917058,2.25002315917058,0.0,0.0,1.0395419414769769,1.0395419414769769,1.0395419414769769,1.0504162382879945,5.0,False,0.0,0.0,0.0,sem_sobretensao,sem_sobretensao,True,True,False,0.0,0.0,,,,,False,0.0,[0.0]
leader_follower,C3_lider_longa,16,pv6,832,2.875047132930998,2.875047132930998,0.0,0.0,1.0244469035472574,1.0244469035472574,1.0395419414769769,1.0504162382879945,6.0,False,0.0,0.0,0.0,sem_sobretensao,sem_sobretensao,True,True,False,0.0,0.0,,,,,False,0.0,[0.0]
leader_follower,C3_lider_longa,17,pv2,816,-0.0,-0.0,0.0,0.0,1.0319530456641133,1.0319530456641133,1.0320537436109638,1.0501995250985579,1.0,True,0.0,,0.0,sem_sobretensao,sem_sobretensao,True,True,False,0.0,0.0,,,,,False,,[null]
leader_follower,C3_lider_longa,17,pv1,824,-0.0,-0.0,0.0,0.0,1.0288097422283975,1.0288097422283975,1.0320537436109638,1.0501995250985579,2.0,False,0.0,,0.0,sem_sobretensao,sem_sobretensao,True,True,False,0.0,0.0,,,,,False,,[null]
leader_follower,C3_lider_longa,17,pv3,828,-0.0,-0.0,0.0,0.0,1.0285410077167667,1.0285410077167667,1.0320537436109638,1.0501995250985579,3.0,False,0.0,,0.0,sem_sobretensao,sem_sobretensao,True,True,False,0.0,0.0,,,,,False,,[null]
leader_follower,C3_lider_longa,17,pv4,830,-0.0,-0.0,0.0,0.0,1.0220651174905713,1.0220651174905713,1.0320537436109638,1.0501995250985579,4.0,False,0.0,,0.0,sem_sobretensao,sem_sobretensao,True,True,False,0.0,0.0,,,,,False,,[null]
leader_follower,C3_lider_longa,17,pv5,850,-0.0,-0.0,0.0,0.0,1.0320537436109638,1.0320537436109638,1.0320537436109638,1.0501995250985579,5.0,False,0.0,,0.0,sem_sobretensao,sem_sobretensao,True,True,False,0.0,0.0,,,,,False,,[null]
leader_follower,C3_lider_longa,17,pv6,832,-0.0,-0.0,0.0,0.0,1.0109757984235852,1.0109757984235852,1.0320537436109638,1.0501995250985579,6.0,False,0.0,,0.0,sem_sobretensao,sem_sobretensao,True,True,False,0.0,0.0,,,,,False,,[null]
leader_follower,C3_lider_longa,18,pv2,816,-0.0,-0.0,0.0,0.0,1.0353684495010183,1.0353684495010183,1.0354558554930642,1.0503034017860868,1.0,True,0.0,,0.0,sem_sobretensao,sem_sobretensao,True,True,False,0.0,0.0,,,,,False,,[null]
leader_follower,C3_lider_longa,18,pv1,824,-0.0,-0.0,0.0,0.0,1.0326523500430973,1.0326523500430973,1.0354558554930642,1.0503034017860868,2.0,False,0.0,,0.0,sem_sobretensao,sem_sobretensao,True,True,False,0.0,0.0,,,,,False,,[null]
leader_follower,C3_lider_longa,18,pv3,828,-0.0,-0.0,0.0,0.0,1.0324195763808064,1.0324195763808064,1.0354558554930642,1.0503034017860868,3.0,False,0.0,,0.0,sem_sobretensao,sem_sobretensao,True,True,False,0.0,0.0,,,,,False,,[null]
leader_follower,C3_lider_longa,18,pv4,830,-0.0,-0.0,0.0,0.0,1.02681295674242,1.02681295674242,1.0354558554930642,1.0503034017860868,4.0,False,0.0,,0.0,sem_sobretensao,sem_sobretensao,True,True,False,0.0,0.0,,,,,False,,[null]
leader_follower,C3_lider_longa,18,pv5,850,-0.0,-0.0,0.0,0.0,1.0354558554930642,1.0354558554930642,1.0354558554930642,1.0503034017860868,5.0,False,0.0,,0.0,sem_sobretensao,sem_sobretensao,True,True,False,0.0,0.0,,,,,False,,[null]
leader_follower,C3_lider_longa,18,pv6,832,-0.0,-0.0,0.0,0.0,1.017265056101975,1.017265056101975,1.0354558554930642,1.0503034017860868,6.0,False,0.0,,0.0,sem_sobretensao,sem_sobretensao,True,True,False,0.0,0.0,,,,,False,,[null]
leader_follower,C3_lider_longa,19,pv2,816,-0.0,-0.0,0.0,0.0,1.012463803494029,1.012463803494029,1.0126403397694483,1.0496066048479267,1.0,True,0.0,,0.0,sem_sobretensao,sem_sobretensao,True,True,False,0.0,0.0,,,,,False,,[null]
leader_follower,C3_lider_longa,19,pv1,824,-0.0,-0.0,0.0,0.0,1.0068862241138112,1.0068862241138112,1.0126403397694483,1.0496066048479267,2.0,False,0.0,,0.0,sem_sobretensao,sem_sobretensao,True,True,False,0.0,0.0,,,,,False,,[null]
leader_follower,C3_lider_longa,19,pv3,828,-0.0,-0.0,0.0,0.0,1.00641255022254,1.00641255022254,1.0126403397694483,1.0496066048479267,3.0,False,0.0,,0.0,sem_sobretensao,sem_sobretensao,True,True,False,0.0,0.0,,,,,False,,[null]
leader_follower,C3_lider_longa,19,pv4,830,-0.0,-0.0,0.0,0.0,0.9949844738133675,0.9949844738133675,1.0126403397694483,1.0496066048479267,4.0,False,0.0,,0.0,sem_sobretensao,sem_sobretensao,True,True,False,0.0,0.0,,,,,False,,[null]
leader_follower,C3_lider_longa,19,pv5,850,-0.0,-0.0,0.0,0.0,1.0126403397694483,1.0126403397694483,1.0126403397694483,1.0496066048479267,5.0,False,0.0,,0.0,sem_sobretensao,sem_sobretensao,True,True,False,0.0,0.0,,,,,False,,[null]
leader_follower,C3_lider_longa,19,pv6,832,-0.0,-0.0,0.0,0.0,0.9751062275735913,0.9751062275735913,1.0126403397694483,1.0496066048479267,6.0,False,0.0,,0.0,sem_sobretensao,sem_sobretensao,True,True,False,0.0,0.0,,,,,False,,[null]
leader_follower,C3_lider_longa,20,pv2,816,-0.0,-0.0,0.0,0.0,1.0078351504741658,1.0078351504741658,1.008029696164423,1.0494657402550034,1.0,True,0.0,,0.0,sem_sobretensao,sem_sobretensao,True,True,False,0.0,0.0,,,,,False,,[null]
leader_follower,C3_lider_longa,20,pv1,824,-0.0,-0.0,0.0,0.0,1.0016803252824402,1.0016803252824402,1.008029696164423,1.0494657402550034,2.0,False,0.0,,0.0,sem_sobretensao,sem_sobretensao,True,True,False,0.0,0.0,,,,,False,,[null]
leader_follower,C3_lider_longa,20,pv3,828,-0.0,-0.0,0.0,0.0,1.001158047785484,1.001158047785484,1.008029696164423,1.0494657402550034,3.0,False,0.0,,0.0,sem_sobretensao,sem_sobretensao,True,True,False,0.0,0.0,,,,,False,,[null]
leader_follower,C3_lider_longa,20,pv4,830,-0.0,-0.0,0.0,0.0,0.9885559519361026,0.9885559519361026,1.008029696164423,1.0494657402550034,4.0,False,0.0,,0.0,sem_sobretensao,sem_sobretensao,True,True,False,0.0,0.0,,,,,False,,[null]
leader_follower,C3_lider_longa,20,pv5,850,-0.0,-0.0,0.0,0.0,1.008029696164423,1.008029696164423,1.008029696164423,1.0494657402550034,5.0,False,0.0,,0.0,sem_sobretensao,sem_sobretensao,True,True,False,0.0,0.0,,,,,False,,[null]
leader_follower,C3_lider_longa,20,pv6,832,-0.0,-0.0,0.0,0.0,0.9665920784800833,0.9665920784800833,1.008029696164423,1.0494657402550034,6.0,False,0.0,,0.0,sem_sobretensao,sem_sobretensao,True,True,False,0.0,0.0,,,,,False,,[null]
leader_follower,C3_lider_longa,21,pv2,816,-0.0,-0.0,0.0,0.0,1.0061895964378376,1.0061895964378376,1.0063905442901249,1.0494156571369113,1.0,True,0.0,,0.0,sem_sobretensao,sem_sobretensao,True,True,False,0.0,0.0,,,,,False,,[null]
leader_follower,C3_lider_longa,21,pv1,824,-0.0,-0.0,0.0,0.0,0.9998296239446811,0.9998296239446811,1.0063905442901249,1.0494156571369113,2.0,False,0.0,,0.0,sem_sobretensao,sem_sobretensao,True,True,False,0.0,0.0,,,,,False,,[null]
leader_follower,C3_lider_longa,21,pv3,828,-0.0,-0.0,0.0,0.0,0.9992900728255066,0.9992900728255066,1.0063905442901249,1.0494156571369113,3.0,False,0.0,,0.0,sem_sobretensao,sem_sobretensao,True,True,False,0.0,0.0,,,,,False,,[null]
leader_follower,C3_lider_longa,21,pv4,830,-0.0,-0.0,0.0,0.0,0.9862707730472379,0.9862707730472379,1.0063905442901249,1.0494156571369113,4.0,False,0.0,,0.0,sem_sobretensao,sem_sobretensao,True,True,False,0.0,0.0,,,,,False,,[null]
leader_follower,C3_lider_longa,21,pv5,850,-0.0,-0.0,0.0,0.0,1.0063905442901249,1.0063905442901249,1.0063905442901249,1.0494156571369113,5.0,False,0.0,,0.0,sem_sobretensao,sem_sobretensao,True,True,False,0.0,0.0,,,,,False,,[null]
leader_follower,C3_lider_longa,21,pv6,832,-0.0,-0.0,0.0,0.0,0.9635655636096437,0.9635655636096437,1.0063905442901249,1.0494156571369113,6.0,False,0.0,,0.0,sem_sobretensao,sem_sobretensao,True,True,False,0.0,0.0,,,,,False,,[null]
leader_follower,C3_lider_longa,22,pv2,816,-0.0,-0.0,0.0,0.0,1.0058618084193778,1.0058618084193778,1.0060640314884584,1.049405687339917,1.0,True,0.0,,0.0,sem_sobretensao,sem_sobretensao,True,True,False,0.0,0.0,,,,,False,,[null]
leader_follower,C3_lider_longa,22,pv1,824,-0.0,-0.0,0.0,0.0,0.9994609737243801,0.9994609737243801,1.0060640314884584,1.049405687339917,2.0,False,0.0,,0.0,sem_sobretensao,sem_sobretensao,True,True,False,0.0,0.0,,,,,False,,[null]
leader_follower,C3_lider_longa,22,pv3,828,-0.0,-0.0,0.0,0.0,0.9989179819308516,0.9989179819308516,1.0060640314884584,1.049405687339917,3.0,False,0.0,,0.0,sem_sobretensao,sem_sobretensao,True,True,False,0.0,0.0,,,,,False,,[null]
leader_follower,C3_lider_longa,22,pv4,830,-0.0,-0.0,0.0,0.0,0.9858155814373922,0.9858155814373922,1.0060640314884584,1.049405687339917,4.0,False,0.0,,0.0,sem_sobretensao,sem_sobretensao,True,True,False,0.0,0.0,,,,,False,,[null]
leader_follower,C3_lider_longa,22,pv5,850,-0.0,-0.0,0.0,0.0,1.0060640314884584,1.0060640314884584,1.0060640314884584,1.049405687339917,5.0,False,0.0,,0.0,sem_sobretensao,sem_sobretensao,True,True,False,0.0,0.0,,,,,False,,[null]
leader_follower,C3_lider_longa,22,pv6,832,-0.0,-0.0,0.0,0.0,0.9629627164790306,0.9629627164790306,1.0060640314884584,1.049405687339917,6.0,False,0.0,,0.0,sem_sobretensao,sem_sobretensao,True,True,False,0.0,0.0,,,,,False,,[null]
leader_follower,C3_lider_longa,23,pv2,816,-0.0,-0.0,0.0,0.0,1.0157857990852877,1.0157857990852877,1.0159494099998212,1.049707699932122,1.0,True,0.0,,0.0,sem_sobretensao,sem_sobretensao,True,True,False,0.0,0.0,,,,,False,,[null]
leader_follower,C3_lider_longa,23,pv1,824,-0.0,-0.0,0.0,0.0,1.0106227444912799,1.0106227444912799,1.0159494099998212,1.049707699932122,2.0,False,0.0,,0.0,sem_sobretensao,sem_sobretensao,True,True,False,0.0,0.0,,,,,False,,[null]
leader_follower,C3_lider_longa,23,pv3,828,-0.0,-0.0,0.0,0.0,1.010183972127752,1.010183972127752,1.0159494099998212,1.049707699932122,3.0,False,0.0,,0.0,sem_sobretensao,sem_sobretensao,True,True,False,0.0,0.0,,,,,False,,[null]
leader_follower,C3_lider_longa,23,pv4,830,-0.0,-0.0,0.0,0.0,0.9995990501550603,0.9995990501550603,1.0159494099998212,1.049707699932122,4.0,False,0.0,,0.0,sem_sobretensao,sem_sobretensao,True,True,False,0.0,0.0,,,,,False,,[null]
leader_follower,C3_lider_longa,23,pv5,850,-0.0,-0.0,0.0,0.0,1.0159494099998212,1.0159494099998212,1.0159494099998212,1.049707699932122,5.0,False,0.0,,0.0,sem_sobretensao,sem_sobretensao,True,True,False,0.0,0.0,,,,,False,,[null]
leader_follower,C3_lider_longa,23,pv6,832,-0.0,-0.0,0.0,0.0,0.9812181271943429,0.9812181271943429,1.0159494099998212,1.049707699932122,6.0,False,0.0,,0.0,sem_sobretensao,sem_sobretensao,True,True,False,0.0,0.0,,,,,False,,[null]
leader_follower,C3_naolider_curta,0,pv2,816,-0.0,-0.0,0.0,0.0,1.0450262948633384,1.0450262948633384,1.0450761113146871,1.0505970659065016,1.0,True,0.0,,0.0,sem_sobretensao,sem_sobretensao,True,True,False,0.0,0.0,,,,,False,,[null]
leader_follower,C3_naolider_curta,0,pv1,824,-0.0,-0.0,0.0,0.0,1.0435191673339028,1.0435191673339028,1.0450761113146871,1.0505970659065016,2.0,False,0.0,,0.0,sem_sobretensao,sem_sobretensao,True,True,False,0.0,0.0,,,,,False,,[null]
leader_follower,C3_naolider_curta,0,pv3,828,-0.0,-0.0,0.0,0.0,1.043388151795147,1.043388151795147,1.0450761113146871,1.0505970659065016,3.0,False,0.0,,0.0,sem_sobretensao,sem_sobretensao,True,True,False,0.0,0.0,,,,,False,,[null]
leader_follower,C3_naolider_curta,0,pv4,830,-0.0,-0.0,0.0,0.0,1.0402417834114017,1.0402417834114017,1.0450761113146871,1.0505970659065016,4.0,False,0.0,,0.0,sem_sobretensao,sem_sobretensao,True,True,False,0.0,0.0,,,,,False,,[null]
leader_follower,C3_naolider_curta,0,pv5,850,-0.0,-0.0,0.0,0.0,1.0450761113146871,1.0450761113146871,1.0450761113146871,1.0505970659065016,5.0,False,0.0,,0.0,sem_sobretensao,sem_sobretensao,True,True,False,0.0,0.0,,,,,False,,[null]
leader_follower,C3_naolider_curta,0,pv6,832,-0.0,-0.0,0.0,0.0,1.0350545283587615,1.0350545283587615,1.0450761113146871,1.0505970659065016,6.0,False,0.0,,0.0,sem_sobretensao,sem_sobretensao,True,True,False,0.0,0.0,,,,,False,,[null]
leader_follower,C3_naolider_curta,1,pv2,816,-0.0,-0.0,0.0,0.0,1.0450265903941263,1.0450265903941263,1.0450764055625157,1.0505970903489994,1.0,True,0.0,,0.0,sem_sobretensao,sem_sobretensao,True,True,False,0.0,0.0,,,,,False,,[null]
leader_follower,C3_naolider_curta,1,pv1,824,-0.0,-0.0,0.0,0.0,1.043519497117978,1.043519497117978,1.0450764055625157,1.0505970903489994,2.0,False,0.0,,0.0,sem_sobretensao,sem_sobretensao,True,True,False,0.0,0.0,,,,,False,,[null]
leader_follower,C3_naolider_curta,1,pv3,828,-0.0,-0.0,0.0,0.0,1.0433884847070511,1.0433884847070511,1.0450764055625157,1.0505970903489994,3.0,False,0.0,,0.0,sem_sobretensao,sem_sobretensao,True,True,False,0.0,0.0,,,,,False,,[null]
leader_follower,C3_naolider_curta,1,pv4,830,-0.0,-0.0,0.0,0.0,1.0402421909746427,1.0402421909746427,1.0450764055625157,1.0505970903489994,4.0,False,0.0,,0.0,sem_sobretensao,sem_sobretensao,True,True,False,0.0,0.0,,,,,False,,[null]
leader_follower,C3_naolider_curta,1,pv5,850,-0.0,-0.0,0.0,0.0,1.0450764055625157,1.0450764055625157,1.0450764055625157,1.0505970903489994,5.0,False,0.0,,0.0,sem_sobretensao,sem_sobretensao,True,True,False,0.0,0.0,,,,,False,,[null]
leader_follower,C3_naolider_curta,1,pv6,832,-0.0,-0.0,0.0,0.0,1.0350550780786294,1.0350550780786294,1.0450764055625157,1.0505970903489994,6.0,False,0.0,,0.0,sem_sobretensao,sem_sobretensao,True,True,False,0.0,0.0,,,,,False,,[null]
leader_follower,C3_naolider_curta,2,pv2,816,-0.0,-0.0,0.0,0.0,1.0449571701348623,1.0449571701348623,1.0450072554978003,1.0505949800956955,1.0,True,0.0,,0.0,sem_sobretensao,sem_sobretensao,True,True,False,0.0,0.0,,,,,False,,[null]
leader_follower,C3_naolider_curta,2,pv1,824,-0.0,-0.0,0.0,0.0,1.0434413812534846,1.0434413812534846,1.0450072554978003,1.0505949800956955,2.0,False,0.0,,0.0,sem_sobretensao,sem_sobretensao,True,True,False,0.0,0.0,,,,,False,,[null]
leader_follower,C3_naolider_curta,2,pv3,828,-0.0,-0.0,0.0,0.0,1.0433096369965242,1.0433096369965242,1.0450072554978003,1.0505949800956955,3.0,False,0.0,,0.0,sem_sobretensao,sem_sobretensao,True,True,False,0.0,0.0,,,,,False,,[null]
leader_follower,C3_naolider_curta,2,pv4,830,-0.0,-0.0,0.0,0.0,1.0401456464219774,1.0401456464219774,1.0450072554978003,1.0505949800956955,4.0,False,0.0,,0.0,sem_sobretensao,sem_sobretensao,True,True,False,0.0,0.0,,,,,False,,[null]
leader_follower,C3_naolider_curta,2,pv5,850,-0.0,-0.0,0.0,0.0,1.0450072554978003,1.0450072554978003,1.0450072554978003,1.0505949800956955,5.0,False,0.0,,0.0,sem_sobretensao,sem_sobretensao,True,True,False,0.0,0.0,,,,,False,,[null]
leader_follower,C3_naolider_curta,2,pv6,832,-0.0,-0.0,0.0,0.0,1.0349271785104095,1.0349271785104095,1.0450072554978003,1.0505949800956955,6.0,False,0.0,,0.0,sem_sobretensao,sem_sobretensao,True,True,False,0.0,0.0,,,,,False,,[null]
leader_follower,C3_naolider_curta,3,pv2,816,-0.0,-0.0,0.0,0.0,1.0449571021647746,1.0449571021647746,1.0450071878057714,1.0505949776249717,1.0,True,0.0,,0.0,sem_sobretensao,sem_sobretensao,True,True,False,0.0,0.0,,,,,False,,[null]
leader_follower,C3_naolider_curta,3,pv1,824,-0.0,-0.0,0.0,0.0,1.043441305274198,1.043441305274198,1.0450071878057714,1.0505949776249717,2.0,False,0.0,,0.0,sem_sobretensao,sem_sobretensao,True,True,False,0.0,0.0,,,,,False,,[null]
leader_follower,C3_naolider_curta,3,pv3,828,-0.0,-0.0,0.0,0.0,1.043309560339792,1.043309560339792,1.0450071878057714,1.0505949776249717,3.0,False,0.0,,0.0,sem_sobretensao,sem_sobretensao,True,True,False,0.0,0.0,,,,,False,,[null]
leader_follower,C3_naolider_curta,3,pv4,830,-0.0,-0.0,0.0,0.0,1.0401455535283302,1.0401455535283302,1.0450071878057714,1.0505949776249717,4.0,False,0.0,,0.0,sem_sobretensao,sem_sobretensao,True,True,False,0.0,0.0,,,,,False,,[null]
leader_follower,C3_naolider_curta,3,pv5,850,-0.0,-0.0,0.0,0.0,1.0450071878057714,1.0450071878057714,1.0450071878057714,1.0505949776249717,5.0,False,0.0,,0.0,sem_sobretensao,sem_sobretensao,True,True,False,0.0,0.0,,,,,False,,[null]
leader_follower,C3_naolider_curta,3,pv6,832,-0.0,-0.0,0.0,0.0,1.0349270553472671,1.0349270553472671,1.0450071878057714,1.0505949776249717,6.0,False,0.0,,0.0,sem_sobretensao,sem_sobretensao,True,True,False,0.0,0.0,,,,,False,,[null]
leader_follower,C3_naolider_curta,4,pv2,816,-0.0,-0.0,0.0,0.0,1.045026523122921,1.045026523122921,1.045076338566197,1.0505970879234294,1.0,True,0.0,,0.0,sem_sobretensao,sem_sobretensao,True,True,False,0.0,0.0,,,,,False,,[null]
leader_follower,C3_naolider_curta,4,pv1,824,-0.0,-0.0,0.0,0.0,1.0435194219130084,1.0435194219130084,1.045076338566197,1.0505970879234294,2.0,False,0.0,,0.0,sem_sobretensao,sem_sobretensao,True,True,False,0.0,0.0,,,,,False,,[null]
leader_follower,C3_naolider_curta,4,pv3,828,-0.0,-0.0,0.0,0.0,1.0433884088314556,1.0433884088314556,1.045076338566197,1.0505970879234294,3.0,False,0.0,,0.0,sem_sobretensao,sem_sobretensao,True,True,False,0.0,0.0,,,,,False,,[null]
leader_follower,C3_naolider_curta,4,pv4,830,-0.0,-0.0,0.0,0.0,1.0402420990252506,1.0402420990252506,1.045076338566197,1.0505970879234294,4.0,False,0.0,,0.0,sem_sobretensao,sem_sobretensao,True,True,False,0.0,0.0,,,,,False,,[null]
leader_follower,C3_naolider_curta,4,pv5,850,-0.0,-0.0,0.0,0.0,1.045076338566197,1.045076338566197,1.045076338566197,1.0505970879234294,5.0,False,0.0,,0.0,sem_sobretensao,sem_sobretensao,True,True,False,0.0,0.0,,,,,False,,[null]
leader_follower,C3_naolider_curta,4,pv6,832,-0.0,-0.0,0.0,0.0,1.035054956170032,1.035054956170032,1.045076338566197,1.0505970879234294,6.0,False,0.0,,0.0,sem_sobretensao,sem_sobretensao,True,True,False,0.0,0.0,,,,,False,,[null]
leader_follower,C3_naolider_curta,5,pv2,816,-0.0,-0.0,0.0,0.0,1.046437942275659,1.046437942275659,1.0464804756969757,1.05063939179868,1.0,True,0.0,,0.0,sem_sobretensao,sem_sobretensao,True,True,False,0.0,0.0,,,,,False,,[null]
leader_follower,C3_naolider_curta,5,pv1,824,-0.0,-0.0,0.0,0.0,1.0450850714048536,1.0450850714048536,1.0464804756969757,1.05063939179868,2.0,False,0.0,,0.0,sem_sobretensao,sem_sobretensao,True,True,False,0.0,0.0,,,,,False,,[null]
leader_follower,C3_naolider_curta,5,pv3,828,-0.0,-0.0,0.0,0.0,1.044968726726859,1.044968726726859,1.0464804756969757,1.05063939179868,3.0,False,0.0,,0.0,sem_sobretensao,sem_sobretensao,True,True,False,0.0,0.0,,,,,False,,[null]
leader_follower,C3_naolider_curta,5,pv4,830,-0.0,-0.0,0.0,0.0,1.0421771197491476,1.0421771197491476,1.0464804756969757,1.05063939179868,4.0,False,0.0,,0.0,sem_sobretensao,sem_sobretensao,True,True,False,0.0,0.0,,,,,False,,[null]
leader_follower,C3_naolider_curta,5,pv5,850,-0.0,-0.0,0.0,0.0,1.0464804756969757,1.0464804756969757,1.0464804756969757,1.05063939179868,5.0,False,0.0,,0.0,sem_sobretensao,sem_sobretensao,True,True,False,0.0,0.0,,,,,False,,[null]
leader_follower,C3_naolider_curta,5,pv6,832,-0.0,-0.0,0.0,0.0,1.0376184354041749,1.0376184354041749,1.0464804756969757,1.05063939179868,6.0,False,0.0,,0.0,sem_sobretensao,sem_sobretensao,True,True,False,0.0,0.0,,,,,False,,[null]
leader_follower,C3_naolider_curta,6,pv2,816,15.625241782068514,15.625241782068514,0.0,0.0,1.0483407437819094,1.0483407437819094,1.0483782454548018,1.0506384889471005,1.0,True,0.0,0.0,0.0,sem_sobretensao,sem_sobretensao,True,True,False,0.0,0.0,,,,,False,0.0,[0.0]
leader_follower,C3_naolider_curta,6,pv1,824,18.7503236717592,18.7503236717592,0.0,0.0,1.0471579048369506,1.0471579048369506,1.0483782454548018,1.0506384889471005,2.0,False,0.0,0.0,0.0,sem_sobretensao,sem_sobretensao,True,True,False,0.0,0.0,,,,,False,0.0,[0.0]
leader_follower,C3_naolider_curta,6,pv3,828,12.500217712144039,12.500217712144039,0.0,0.0,1.0470455387298745,1.0470455387298745,1.0483782454548018,1.0506384889471005,3.0,False,0.0,0.0,0.0,sem_sobretensao,sem_sobretensao,True,True,False,0.0,0.0,,,,,False,0.0,[0.0]
leader_follower,C3_naolider_curta,6,pv4,830,16.250349249231203,16.250349249231203,0.0,0.0,1.0442222095150686,1.0442222095150686,1.0483782454548018,1.0506384889471005,4.0,False,0.0,0.0,0.0,sem_sobretensao,sem_sobretensao,True,True,False,0.0,0.0,,,,,False,0.0,[0.0]
leader_follower,C3_naolider_curta,6,pv5,850,11.250173385025839,11.250173385025839,0.0,0.0,1.0483782454548018,1.0483782454548018,1.0483782454548018,1.0506384889471005,5.0,False,0.0,0.0,0.0,sem_sobretensao,sem_sobretensao,True,True,False,0.0,0.0,,,,,False,0.0,[0.0]
leader_follower,C3_naolider_curta,6,pv6,832,14.375428037447017,14.375428037447017,0.0,0.0,1.0393165620198634,1.0393165620198634,1.0483782454548018,1.0506384889471005,6.0,False,0.0,0.0,0.0,sem_sobretensao,sem_sobretensao,True,True,False,0.0,0.0,,,,,False,0.0,[0.0]
leader_follower,C3_naolider_curta,7,pv2,816,46.87517293313687,18.450168691972003,28.425004241164864,0.6063978224325267,1.0562538666391141,1.0504671308839428,1.0504964855599894,1.0507974957944095,1.0,True,0.0,0.6063978533308139,311.0,convergiu,convergiu,True,False,False,0.007395690414221331,0.007395690414221331,,,,,False,0.007395684726592407,[0.007396]
leader_follower,C3_naolider_curta,7,pv1,824,56.25022149623055,22.88061736569861,33.36960413053194,0.5932350355979492,1.0558852978158424,1.049534016263107,1.0504964855599894,1.0507974957944095,2.0,False,0.0,0.5932350707768876,311.0,convergiu,convergiu,True,False,False,0.007395690414221331,0.007395690414221331,,,,,False,0.007395684726592407,[0.007396]
leader_follower,C3_naolider_curta,7,pv3,828,37.5001485947879,15.429029434204608,22.071119160583294,0.5885608095576509,1.0558243986090117,1.0494407801879178,1.0504964855599894,1.0507974957944095,3.0,False,0.0,0.5885608454269147,311.0,convergiu,convergiu,True,False,False,0.007395690414221331,0.007395690414221331,,,,,False,0.007395684726592407,[0.007396]
leader_follower,C3_naolider_curta,7,pv4,830,48.75022589866941,20.15875219075454,28.591473707914872,0.58648900718227,1.0539937130575454,1.047050485931782,1.0504964855599894,1.0507974957944095,4.0,False,0.0,0.5864890506834605,311.0,convergiu,convergiu,True,False,False,0.007395690414221331,0.007395690414221331,,,,,False,0.007395684726592407,[0.007396]
leader_follower,C3_naolider_curta,7,pv5,850,33.75012402307615,13.934724868575668,19.81539915450048,0.5871207481008585,1.056261646345798,1.0504964855599894,1.0504964855599894,1.0507974957944095,5.0,False,0.0,0.5871207803844511,311.0,convergiu,convergiu,True,False,False,0.007395690414221331,0.007395690414221331,,,,,False,0.007395684726592407,[0.007396]
leader_follower,C3_naolider_curta,7,pv6,832,43.12526281682057,17.92669888958053,25.198563927240045,0.5843109060825895,1.0502737503980764,1.0428431584098576,1.0504964855599894,1.0507974957944095,6.0,False,0.0,0.5843109648809282,311.0,convergiu,convergiu,True,False,False,0.007395690414221331,0.007395690414221331,,,,,False,0.007395684726592407,[0.007396]
leader_follower,C3_naolider_curta,8,pv2,816,85.41699509578214,37.55092298680244,47.8660721089797,0.5603810774810416,1.0600225763749753,1.0504681100230773,1.0504982101571243,1.05078074620954,1.0,True,0.0,0.5603811285483081,205.0,convergiu,convergiu,True,False,False,0.007887404307220451,0.007887404307220451,,,,,False,0.007887392825289628,[0.007887]
leader_follower,C3_naolider_curta,8,pv1,824,102.50042170914824,46.48455403046071,56.015867678687535,0.5464939636956262,1.0599113578819606,1.049423485200918,1.0504982101571243,1.05078074620954,2.0,False,0.0,0.5464940216308211,205.0,convergiu,convergiu,True,False,False,0.007887404307220451,0.007887404307220451,,,,,False,0.007887392825289628,[0.007887]
leader_follower,C3_naolider_curta,8,pv3,828,68.3336154299122,31.330498372552842,37.00311705735936,0.5415067355317771,1.0598511737596623,1.0493099968011592,1.0504982101571243,1.05078074620954,3.0,False,0.0,0.5415067946362706,205.0,convergiu,convergiu,True,False,False,0.007887404307220451,0.007887404307220451,,,,,False,0.007887392825289628,[0.007887]
leader_follower,C3_naolider_curta,8,pv4,830,88.8337183814563,40.93169844841596,47.902019933040336,0.5392323342090761,1.0577281149827487,1.0462675399651897,1.0504982101571243,1.05078074620954,4.0,False,0.0,0.5392324086598147,205.0,convergiu,convergiu,True,False,False,0.007887404307220451,0.007887404307220451,,,,,False,0.007887392825289628,[0.007887]
leader_follower,C3_naolider_curta,8,pv5,850,61.500235557328985,28.29810206290744,33.202133494421545,0.5398699682915752,1.0600169249430975,1.0504982101571243,1.0504982101571243,1.05078074620954,5.0,False,0.0,0.5398700215297768,205.0,convergiu,convergiu,True,False,False,0.007887404307220451,0.007887404307220451,,,,,False,0.007887392825289628,[0.007887]
leader_follower,C3_naolider_curta,8,pv6,832,78.58368122017801,36.40468879056532,42.17899242961269,0.5367397308826609,1.0527861134774454,1.0405336989425304,1.0504982101571243,1.05078074620954,6.0,False,0.0,0.5367398392986247,205.0,convergiu,convergiu,True,False,False,0.007887404307220451,0.007887404307220451,,,,,False,0.007887392825289628,[0.007887]
leader_follower,C3_naolider_curta,9,pv2,816,109.37601259366951,43.68796403281948,65.68804856085004,0.6005708289127432,1.0634560303903893,1.0504657959625088,1.050496147792167,1.0507726169672031,1.0,True,0.0,0.6005708839001134,177.0,convergiu,convergiu,True,False,False,0.008170530338725562,0.008170530338725562,,,,,False,0.008170516678008404,[0.008171]
leader_follower,C3_naolider_curta,9,pv1,824,131.25131013746793,54.30051443905839,76.95079569840954,0.5862858618552933,1.0636450078194053,1.0493850914139289,1.050496147792167,1.0507726169672031,2.0,False,0.0,0.5862859244438324,177.0,convergiu,convergiu,True,False,False,0.008170530338725562,0.008170530338725562,,,,,False,0.008170516678008404,[0.008171]
leader_follower,C3_naolider_curta,9,pv3,828,87.50087669902865,36.65226369462953,50.84861300439912,0.5811211192942461,1.063597230955188,1.0492649631504614,1.050496147792167,1.0507726169672031,3.0,False,0.0,0.5811211832688253,177.0,convergiu,convergiu,True,False,False,0.008170530338725562,0.008170530338725562,,,,,False,0.008170516678008404,[0.008171]
leader_follower,C3_naolider_curta,9,pv4,830,113.7512021085738,47.92084716722778,65.83035494134603,0.5787221972012834,1.0615841255896252,1.046007575973589,1.050496147792167,1.0507726169672031,4.0,False,0.0,0.5787222791589661,177.0,convergiu,convergiu,True,False,False,0.008170530338725562,0.008170530338725562,,,,,False,0.008170516678008404,[0.008171]
leader_follower,C3_naolider_curta,9,pv5,850,78.75072623557065,33.125999080835705,45.62472715473495,0.5793562141387981,1.0634377078478492,1.050496147792167,1.050496147792167,1.0507726169672031,5.0,False,0.0,0.5793562718171718,177.0,convergiu,convergiu,True,False,False,0.008170530338725562,0.008170530338725562,,,,,False,0.008170516678008404,[0.008171]
leader_follower,C3_naolider_curta,9,pv6,832,100.62608212854175,42.66314732836232,57.96293480017943,0.5760228480724673,1.0564042278647419,1.0397679382559666,1.050496147792167,1.0507726169672031,6.0,False,0.0,0.5760229711232961,177.0,convergiu,convergiu,True,False,False,0.008170530338725562,0.008170530338725562,,,,,False,0.008170516678008404,[0.008171]
leader_follower,C3_naolider_curta,10,pv2,816,122.91832384587059,50.00413354234445,72.91419030352614,0.5931921375295846,1.0647988816134637,1.0504613907338602,1.0504919920148512,1.0507635156749895,1.0,True,0.0,0.5931921948020907,163.0,convergiu,convergiu,True,False,False,0.008286400822004877,0.008286400822004877,,,,,False,0.008286385315531572,[0.008286]
leader_follower,C3_naolider_curta,10,pv1,824,147.50215552840342,62.133407898575314,85.3687476298281,0.5787626473704158,1.0650831804269703,1.0493437676111275,1.0504919920148512,1.0507635156749895,2.0,False,0.0,0.578762712477034,163.0,convergiu,convergiu,True,False,False,0.008286400822004877,0.008286400822004877,,,,,False,0.008286385315531572,[0.008286]
leader_follower,C3_naolider_curta,10,pv3,828,98.33477598952038,41.93716190602147,56.39761408349891,0.5735265776404647,1.0650361539418978,1.0492169230205874,1.0504919920148512,1.0507635156749895,3.0,False,0.0,0.5735266442210561,163.0,convergiu,convergiu,True,False,False,0.008286400822004877,0.008286400822004877,,,,,False,0.008286385315531572,[0.008286]
leader_follower,C3_naolider_curta,10,pv4,830,127.83531261961477,54.8325107765818,73.00280184303297,0.5710690515414125,1.0629336659541404,1.0457431238972255,1.0504919920148512,1.0507635156749895,4.0,False,0.0,0.5710691384645746,163.0,convergiu,convergiu,True,False,False,0.008286400822004877,0.008286400822004877,,,,,False,0.008286385315531572,[0.008286]
leader_follower,C3_naolider_curta,10,pv5,850,88.50118853266282,37.905414241877786,50.59577429078504,0.5716959265101288,1.0647757079433002,1.0504919920148512,1.0504919920148512,1.0507635156749895,5.0,False,0.0,0.5716959865698508,163.0,convergiu,convergiu,True,False,False,0.008286400822004877,0.008286400822004877,,,,,False,0.008286385315531572,[0.008286]
leader_follower,C3_naolider_curta,10,pv6,832,113.08509808576126,48.823076343697494,64.26202174206377,0.5682623756406604,1.0573508143479442,1.0389963562456266,1.0504919920148512,1.0507635156749895,6.0,False,0.0,0.5682625105328101,163.0,convergiu,convergiu,True,False,False,0.008286400822004877,0.008286400822004877,,,,,False,0.008286385315531572,[0.008286]
leader_follower,C3_naolider_curta,11,pv2,816,125.00095798835959,69.70964432573815,55.291313662621434,0.4423270633557102,1.0612357748958015,1.0504620041376227,1.0504932564165532,1.050739928714089,1.0,True,0.0,0.44232711934711977,148.0,convergiu,convergiu,True,False,False,0.008322368070566183,0.008322368070566183,,,,,False,0.008322347775108879,[0.008322]
leader_follower,C3_naolider_curta,11,pv1,824,150.00123660831355,85.82476912779508,64.17646748051847,0.4278395266817448,1.0610597798134327,1.049232988407325,1.0504932564165532,1.050739928714089,2.0,False,0.0,0.4278395894035023,148.0,convergiu,convergiu,True,False,False,0.008322368070566183,0.008322368070566183,,,,,False,0.008322347775108879,[0.008322]
leader_follower,C3_naolider_curta,11,pv3,828,100.00082679231429,57.742377974785924,42.25844881752836,0.4225809302063622,1.0609726002798567,1.049085859058512,1.0504932564165532,1.050739928714089,3.0,False,0.0,0.42258099430810103,148.0,convergiu,convergiu,True,False,False,0.008322368070566183,0.008322368070566183,,,,,False,0.008322347775108879,[0.008322]
leader_follower,C3_naolider_curta,11,pv4,830,130.00109965868813,75.38622165942779,54.614877999260344,0.4201108013550308,1.0578779561114482,1.0449600091008946,1.0504932564165532,1.050739928714089,4.0,False,0.0,0.42011089246667277,148.0,convergiu,convergiu,True,False,False,0.008322368070566183,0.008322368070566183,,,,,False,0.008322347775108879,[0.008322]
leader_follower,C3_naolider_curta,11,pv5,850,90.00068706039418,52.13387560248806,37.866811457906124,0.42073907968022833,1.061226554858051,1.0504932564165532,1.0504932564165532,1.050739928714089,5.0,False,0.0,0.420739137607871,148.0,convergiu,convergiu,True,False,False,0.008322368070566183,0.008322368070566183,,,,,False,0.008322347775108879,[0.008322]
leader_follower,C3_naolider_curta,11,pv6,832,115.0009097129875,67.0125739843095,47.988335728677995,0.4172864139531416,1.050489345000485,1.0366895901854267,1.0504932564165532,1.050739928714089,6.0,False,0.0,0.41728657493618493,148.0,convergiu,convergiu,True,False,False,0.008322368070566183,0.008322368070566183,,,,,False,0.008322347775108879,[0.008322]
leader_follower,C3_naolider_curta,12,pv2,816,114.58396791829969,73.20258742179207,41.38138049650762,0.3611445396699951,1.058475998131162,1.0504596972890652,1.0504910563262997,1.0507349370882704,1.0,True,0.0,0.36114459333449894,147.0,convergiu,convergiu,True,False,False,0.008138419611592401,0.008138419611592401,,,,,False,0.00813839898039489,[0.008138]
leader_follower,C3_naolider_curta,12,pv1,824,137.50081187565218,89.79738288864155,47.703428987010625,0.346931920719936,1.0580095022700835,1.0492111066554246,1.0504910563262997,1.0507349370882704,2.0,False,0.0,0.34693198051914675,147.0,convergiu,convergiu,True,False,False,0.008138419611592401,0.008138419611592401,,,,,False,0.00813839898039489,[0.008138]
leader_follower,C3_naolider_curta,12,pv3,828,91.66720993554306,60.33645544821849,31.33075448732457,0.3417879622423998,1.0579033716359607,1.0490605029747133,1.0504910563262997,1.0507349370882704,3.0,False,0.0,0.3417880233221365,147.0,convergiu,convergiu,True,False,False,0.008138419611592401,0.008138419611592401,,,,,False,0.00813839898039489,[0.008138]
leader_follower,C3_naolider_curta,12,pv4,830,119.16742087516397,78.72298927075448,40.44443160440949,0.33939159484308007,1.054431394476973,1.0448241155383835,1.0504910563262997,1.0507349370882704,4.0,False,0.0,0.3393916836278415,147.0,convergiu,convergiu,True,False,False,0.008138419611592401,0.008138419611592401,,,,,False,0.00813839898039489,[0.008138]
leader_follower,C3_naolider_curta,12,pv5,850,82.50045510759723,54.448757249092736,28.051697858504497,0.340018649186601,1.0584772348420437,1.0504910563262997,1.0504910563262997,1.0507349370882704,5.0,False,0.0,0.34001870440495663,147.0,convergiu,convergiu,True,False,False,0.008138419611592401,0.008138419611592401,,,,,False,0.00813839898039489,[0.008138]
leader_follower,C3_naolider_curta,12,pv6,832,105.41738641317863,69.92506150056485,35.49232491261378,0.33668362581713646,1.0465580380894046,1.036297954533706,1.0504910563262997,1.0507349370882704,6.0,False,0.0,0.33668378737358595,147.0,convergiu,convergiu,True,False,False,0.008138419611592401,0.008138419611592401,,,,,False,0.00813839898039489,[0.008138]
leader_follower,C3_naolider_curta,13,pv2,816,91.66698462445727,67.05849280388911,24.60849182056816,0.2684552874937647,1.055190830074155,1.0504624971525702,1.0504936196207226,1.05074418826336,1.0,True,0.0,0.26845534323382203,151.0,convergiu,convergiu,True,False,False,0.007880571614281871,0.007880571614281871,,,,,False,0.007880553061754579,[0.007881]
leader_follower,C3_naolider_curta,13,pv1,824,110.0004047364769,81.99419199906362,28.00621273741328,0.25460093512892534,1.0544374799606517,1.0492494865556954,1.0504936196207226,1.05074418826336,2.0,False,0.0,0.25460099719184237,151.0,convergiu,convergiu,True,False,False,0.007880571614281871,0.007880571614281871,,,,,False,0.007880553061754579,[0.007881]
leader_follower,C3_naolider_curta,13,pv3,828,73.3336046424718,55.028198547802475,18.305406094669323,0.24961818726940782,1.0543195761296045,1.0491054778214872,1.0504936196207226,1.05074418826336,3.0,False,0.0,0.2496182505130477,151.0,convergiu,convergiu,True,False,False,0.007880571614281871,0.007880571614281871,,,,,False,0.007880553061754579,[0.007881]
leader_follower,C3_naolider_curta,13,pv4,830,95.33373737436717,71.75417809211751,23.57955928224966,0.2473368976344551,1.0507455019992837,1.045082820751669,1.0504936196207226,1.05074418826336,4.0,False,0.0,0.24733698616739228,151.0,convergiu,convergiu,True,False,False,0.007880571614281871,0.007880571614281871,,,,,False,0.007880553061754579,[0.007881]
leader_follower,C3_naolider_curta,13,pv5,850,66.00022802392903,49.634238056964314,16.36598996696471,0.24796863117238557,1.0552041870594926,1.0504936196207226,1.0504936196207226,1.05074418826336,5.0,False,0.0,0.24796868824500215,151.0,convergiu,convergiu,True,False,False,0.007880571614281871,0.007880571614281871,,,,,False,0.007880553061754579,[0.007881]
leader_follower,C3_naolider_curta,13,pv6,832,84.33378934611513,63.68696975367925,20.646819592435875,0.2448224709141608,1.0431065536204582,1.0370603379847172,1.0504936196207226,1.05074418826336,6.0,False,0.0,0.2448226239152976,151.0,convergiu,convergiu,True,False,False,0.007880571614281871,0.007880571614281871,,,,,False,0.007880553061754579,[0.007881]
leader_follower,C3_naolider_curta,14,pv2,816,62.50020224605284,51.1274447534344,11.372757492618433,0.18196347444993005,1.0526136226711256,1.0504684287667376,1.0504989670073044,1.0507660303895017,1.0,True,0.0,0.18196353105940025,155.0,convergiu,convergiu,True,False,False,0.007608388363631703,0.007608388363631703,,,,,False,0.007608374228076044,[0.007608]
leader_follower,C3_naolider_curta,14,pv1,824,75.00026003735111,62.364356316702086,12.635903720649026,0.16847806899122642,1.0516996381734283,1.0493471048931242,1.0504989670073044,1.0507660303895017,2.0,False,0.0,0.168478132133891,155.0,convergiu,convergiu,True,False,False,0.007608388363631703,0.007608388363631703,,,,,False,0.007608374228076044,[0.007608]
leader_follower,C3_naolider_curta,14,pv3,828,50.00017451784423,41.81674354070793,8.183430977136297,0.1636679841285751,1.0515841348068866,1.049219858512193,1.0504989670073044,1.0507660303895017,3.0,False,0.0,0.16366804828282683,155.0,convergiu,convergiu,True,False,False,0.007608388363631703,0.007608388363631703,,,,,False,0.007608374228076044,[0.007608]
leader_follower,C3_naolider_curta,14,pv4,830,65.0002693638805,54.50191004266613,10.498359321214373,0.16151246724333443,1.0483035674081949,1.045737558520538,1.0504989670073044,1.0507660303895017,4.0,False,0.0,0.16151255100872128,155.0,convergiu,convergiu,True,False,False,0.007608388363631703,0.007608388363631703,,,,,False,0.007608374228076044,[0.007608]
leader_follower,C3_naolider_curta,14,pv5,850,45.000145039172466,37.70339305645482,7.296751982717645,0.16214946368740302,1.0526360953074865,1.0504989670073044,1.0504989670073044,1.0507660303895017,5.0,False,0.0,0.16214952143744976,155.0,convergiu,convergiu,True,False,False,0.007608388363631703,0.007608388363631703,,,,,False,0.007608374228076044,[0.007608]
leader_follower,C3_naolider_curta,14,pv6,832,57.50032245222092,48.34571205359373,9.154610398627192,0.15920959275076454,1.041720637141104,1.0389815934030397,1.0504989670073044,1.0507660303895017,6.0,False,0.0,0.15920972280171272,155.0,convergiu,convergiu,True,False,False,0.007608388363631703,0.007608388363631703,,,,,False,0.007608374228076044,[0.007608]
leader_follower,C3_naolider_curta,15,pv2,816,28.12494776039275,28.12494776039275,0.0,0.0,1.0386370242044927,1.0386370242044927,1.0387127583097995,1.0502955100136582,1.0,True,0.0,0.0,0.0,sem_sobretensao,sem_sobretensao,True,True,False,0.0,0.0,,,,,False,0.0,[0.0]
leader_follower,C3_naolider_curta,15,pv1,824,33.74993264251279,33.74993264251279,0.0,0.0,1.0361657626186254,1.0361657626186254,1.0387127583097995,1.0502955100136582,2.0,False,0.0,0.0,0.0,sem_sobretensao,sem_sobretensao,True,True,False,0.0,0.0,,,,,False,0.0,[0.0]
leader_follower,C3_naolider_curta,15,pv3,828,22.499954825209244,22.499954825209244,0.0,0.0,1.0359378482646813,1.0359378482646813,1.0387127583097995,1.0502955100136582,3.0,False,0.0,0.0,0.0,sem_sobretensao,sem_sobretensao,True,True,False,0.0,0.0,,,,,False,0.0,[0.0]
leader_follower,C3_naolider_curta,15,pv4,830,29.24993233686265,29.24993233686265,0.0,0.0,1.0302157541188306,1.0302157541188306,1.0387127583097995,1.0502955100136582,4.0,False,0.0,0.0,0.0,sem_sobretensao,sem_sobretensao,True,True,False,0.0,0.0,,,,,False,0.0,[0.0]
leader_follower,C3_naolider_curta,15,pv5,850,20.249962539182967,20.249962539182967,0.0,0.0,1.0387127583097995,1.0387127583097995,1.0387127583097995,1.0502955100136582,5.0,False,0.0,0.0,0.0,sem_sobretensao,sem_sobretensao,True,True,False,0.0,0.0,,,,,False,0.0,[0.0]
leader_follower,C3_naolider_curta,15,pv6,832,25.874924472584233,25.874924472584233,0.0,0.0,1.019932129739511,1.019932129739511,1.0387127583097995,1.0502955100136582,6.0,False,0.0,0.0,0.0,sem_sobretensao,sem_sobretensao,True,True,False,0.0,0.0,,,,,False,0.0,[0.0]
leader_follower,C3_naolider_curta,16,pv2,816,3.125032294596359,3.125032294596359,0.0,0.0,1.0394703803118954,1.0394703803118954,1.0395419414769769,1.0504162382879945,1.0,True,0.0,0.0,0.0,sem_sobretensao,sem_sobretensao,True,True,False,0.0,0.0,,,,,False,0.0,[0.0]
leader_follower,C3_naolider_curta,16,pv1,824,3.7500421409588838,3.7500421409588838,0.0,0.0,1.0372492372289976,1.0372492372289976,1.0395419414769769,1.0504162382879945,2.0,False,0.0,0.0,0.0,sem_sobretensao,sem_sobretensao,True,True,False,0.0,0.0,,,,,False,0.0,[0.0]
leader_follower,C3_naolider_curta,16,pv3,828,2.50002827679071,2.50002827679071,0.0,0.0,1.03705637795607,1.03705637795607,1.0395419414769769,1.0504162382879945,3.0,False,0.0,0.0,0.0,sem_sobretensao,sem_sobretensao,True,True,False,0.0,0.0,,,,,False,0.0,[0.0]
leader_follower,C3_naolider_curta,16,pv4,830,3.250042548739581,3.250042548739581,0.0,0.0,1.0323888508528645,1.0323888508528645,1.0395419414769769,1.0504162382879945,4.0,False,0.0,0.0,0.0,sem_sobretensao,sem_sobretensao,True,True,False,0.0,0.0,,,,,False,0.0,[0.0]
leader_follower,C3_naolider_curta,16,pv5,850,2.25002315917058,2.25002315917058,0.0,0.0,1.0395419414769769,1.0395419414769769,1.0395419414769769,1.0504162382879945,5.0,False,0.0,0.0,0.0,sem_sobretensao,sem_sobretensao,True,True,False,0.0,0.0,,,,,False,0.0,[0.0]
leader_follower,C3_naolider_curta,16,pv6,832,2.875047132930998,2.875047132930998,0.0,0.0,1.0244469035472574,1.0244469035472574,1.0395419414769769,1.0504162382879945,6.0,False,0.0,0.0,0.0,sem_sobretensao,sem_sobretensao,True,True,False,0.0,0.0,,,,,False,0.0,[0.0]
leader_follower,C3_naolider_curta,17,pv2,816,-0.0,-0.0,0.0,0.0,1.0319530456641133,1.0319530456641133,1.0320537436109638,1.0501995250985579,1.0,True,0.0,,0.0,sem_sobretensao,sem_sobretensao,True,True,False,0.0,0.0,,,,,False,,[null]
leader_follower,C3_naolider_curta,17,pv1,824,-0.0,-0.0,0.0,0.0,1.0288097422283975,1.0288097422283975,1.0320537436109638,1.0501995250985579,2.0,False,0.0,,0.0,sem_sobretensao,sem_sobretensao,True,True,False,0.0,0.0,,,,,False,,[null]
leader_follower,C3_naolider_curta,17,pv3,828,-0.0,-0.0,0.0,0.0,1.0285410077167667,1.0285410077167667,1.0320537436109638,1.0501995250985579,3.0,False,0.0,,0.0,sem_sobretensao,sem_sobretensao,True,True,False,0.0,0.0,,,,,False,,[null]
leader_follower,C3_naolider_curta,17,pv4,830,-0.0,-0.0,0.0,0.0,1.0220651174905713,1.0220651174905713,1.0320537436109638,1.0501995250985579,4.0,False,0.0,,0.0,sem_sobretensao,sem_sobretensao,True,True,False,0.0,0.0,,,,,False,,[null]
leader_follower,C3_naolider_curta,17,pv5,850,-0.0,-0.0,0.0,0.0,1.0320537436109638,1.0320537436109638,1.0320537436109638,1.0501995250985579,5.0,False,0.0,,0.0,sem_sobretensao,sem_sobretensao,True,True,False,0.0,0.0,,,,,False,,[null]
leader_follower,C3_naolider_curta,17,pv6,832,-0.0,-0.0,0.0,0.0,1.0109757984235852,1.0109757984235852,1.0320537436109638,1.0501995250985579,6.0,False,0.0,,0.0,sem_sobretensao,sem_sobretensao,True,True,False,0.0,0.0,,,,,False,,[null]
leader_follower,C3_naolider_curta,18,pv2,816,-0.0,-0.0,0.0,0.0,1.0353684495010183,1.0353684495010183,1.0354558554930642,1.0503034017860868,1.0,True,0.0,,0.0,sem_sobretensao,sem_sobretensao,True,True,False,0.0,0.0,,,,,False,,[null]
leader_follower,C3_naolider_curta,18,pv1,824,-0.0,-0.0,0.0,0.0,1.0326523500430973,1.0326523500430973,1.0354558554930642,1.0503034017860868,2.0,False,0.0,,0.0,sem_sobretensao,sem_sobretensao,True,True,False,0.0,0.0,,,,,False,,[null]
leader_follower,C3_naolider_curta,18,pv3,828,-0.0,-0.0,0.0,0.0,1.0324195763808064,1.0324195763808064,1.0354558554930642,1.0503034017860868,3.0,False,0.0,,0.0,sem_sobretensao,sem_sobretensao,True,True,False,0.0,0.0,,,,,False,,[null]
leader_follower,C3_naolider_curta,18,pv4,830,-0.0,-0.0,0.0,0.0,1.02681295674242,1.02681295674242,1.0354558554930642,1.0503034017860868,4.0,False,0.0,,0.0,sem_sobretensao,sem_sobretensao,True,True,False,0.0,0.0,,,,,False,,[null]
leader_follower,C3_naolider_curta,18,pv5,850,-0.0,-0.0,0.0,0.0,1.0354558554930642,1.0354558554930642,1.0354558554930642,1.0503034017860868,5.0,False,0.0,,0.0,sem_sobretensao,sem_sobretensao,True,True,False,0.0,0.0,,,,,False,,[null]
leader_follower,C3_naolider_curta,18,pv6,832,-0.0,-0.0,0.0,0.0,1.017265056101975,1.017265056101975,1.0354558554930642,1.0503034017860868,6.0,False,0.0,,0.0,sem_sobretensao,sem_sobretensao,True,True,False,0.0,0.0,,,,,False,,[null]
leader_follower,C3_naolider_curta,19,pv2,816,-0.0,-0.0,0.0,0.0,1.012463803494029,1.012463803494029,1.0126403397694483,1.0496066048479267,1.0,True,0.0,,0.0,sem_sobretensao,sem_sobretensao,True,True,False,0.0,0.0,,,,,False,,[null]
leader_follower,C3_naolider_curta,19,pv1,824,-0.0,-0.0,0.0,0.0,1.0068862241138112,1.0068862241138112,1.0126403397694483,1.0496066048479267,2.0,False,0.0,,0.0,sem_sobretensao,sem_sobretensao,True,True,False,0.0,0.0,,,,,False,,[null]
leader_follower,C3_naolider_curta,19,pv3,828,-0.0,-0.0,0.0,0.0,1.00641255022254,1.00641255022254,1.0126403397694483,1.0496066048479267,3.0,False,0.0,,0.0,sem_sobretensao,sem_sobretensao,True,True,False,0.0,0.0,,,,,False,,[null]
leader_follower,C3_naolider_curta,19,pv4,830,-0.0,-0.0,0.0,0.0,0.9949844738133675,0.9949844738133675,1.0126403397694483,1.0496066048479267,4.0,False,0.0,,0.0,sem_sobretensao,sem_sobretensao,True,True,False,0.0,0.0,,,,,False,,[null]
leader_follower,C3_naolider_curta,19,pv5,850,-0.0,-0.0,0.0,0.0,1.0126403397694483,1.0126403397694483,1.0126403397694483,1.0496066048479267,5.0,False,0.0,,0.0,sem_sobretensao,sem_sobretensao,True,True,False,0.0,0.0,,,,,False,,[null]
leader_follower,C3_naolider_curta,19,pv6,832,-0.0,-0.0,0.0,0.0,0.9751062275735913,0.9751062275735913,1.0126403397694483,1.0496066048479267,6.0,False,0.0,,0.0,sem_sobretensao,sem_sobretensao,True,True,False,0.0,0.0,,,,,False,,[null]
leader_follower,C3_naolider_curta,20,pv2,816,-0.0,-0.0,0.0,0.0,1.0078351504741658,1.0078351504741658,1.008029696164423,1.0494657402550034,1.0,True,0.0,,0.0,sem_sobretensao,sem_sobretensao,True,True,False,0.0,0.0,,,,,False,,[null]
leader_follower,C3_naolider_curta,20,pv1,824,-0.0,-0.0,0.0,0.0,1.0016803252824402,1.0016803252824402,1.008029696164423,1.0494657402550034,2.0,False,0.0,,0.0,sem_sobretensao,sem_sobretensao,True,True,False,0.0,0.0,,,,,False,,[null]
leader_follower,C3_naolider_curta,20,pv3,828,-0.0,-0.0,0.0,0.0,1.001158047785484,1.001158047785484,1.008029696164423,1.0494657402550034,3.0,False,0.0,,0.0,sem_sobretensao,sem_sobretensao,True,True,False,0.0,0.0,,,,,False,,[null]
leader_follower,C3_naolider_curta,20,pv4,830,-0.0,-0.0,0.0,0.0,0.9885559519361026,0.9885559519361026,1.008029696164423,1.0494657402550034,4.0,False,0.0,,0.0,sem_sobretensao,sem_sobretensao,True,True,False,0.0,0.0,,,,,False,,[null]
leader_follower,C3_naolider_curta,20,pv5,850,-0.0,-0.0,0.0,0.0,1.008029696164423,1.008029696164423,1.008029696164423,1.0494657402550034,5.0,False,0.0,,0.0,sem_sobretensao,sem_sobretensao,True,True,False,0.0,0.0,,,,,False,,[null]
leader_follower,C3_naolider_curta,20,pv6,832,-0.0,-0.0,0.0,0.0,0.9665920784800833,0.9665920784800833,1.008029696164423,1.0494657402550034,6.0,False,0.0,,0.0,sem_sobretensao,sem_sobretensao,True,True,False,0.0,0.0,,,,,False,,[null]
leader_follower,C3_naolider_curta,21,pv2,816,-0.0,-0.0,0.0,0.0,1.0061895964378376,1.0061895964378376,1.0063905442901249,1.0494156571369113,1.0,True,0.0,,0.0,sem_sobretensao,sem_sobretensao,True,True,False,0.0,0.0,,,,,False,,[null]
leader_follower,C3_naolider_curta,21,pv1,824,-0.0,-0.0,0.0,0.0,0.9998296239446811,0.9998296239446811,1.0063905442901249,1.0494156571369113,2.0,False,0.0,,0.0,sem_sobretensao,sem_sobretensao,True,True,False,0.0,0.0,,,,,False,,[null]
leader_follower,C3_naolider_curta,21,pv3,828,-0.0,-0.0,0.0,0.0,0.9992900728255066,0.9992900728255066,1.0063905442901249,1.0494156571369113,3.0,False,0.0,,0.0,sem_sobretensao,sem_sobretensao,True,True,False,0.0,0.0,,,,,False,,[null]
leader_follower,C3_naolider_curta,21,pv4,830,-0.0,-0.0,0.0,0.0,0.9862707730472379,0.9862707730472379,1.0063905442901249,1.0494156571369113,4.0,False,0.0,,0.0,sem_sobretensao,sem_sobretensao,True,True,False,0.0,0.0,,,,,False,,[null]
leader_follower,C3_naolider_curta,21,pv5,850,-0.0,-0.0,0.0,0.0,1.0063905442901249,1.0063905442901249,1.0063905442901249,1.0494156571369113,5.0,False,0.0,,0.0,sem_sobretensao,sem_sobretensao,True,True,False,0.0,0.0,,,,,False,,[null]
leader_follower,C3_naolider_curta,21,pv6,832,-0.0,-0.0,0.0,0.0,0.9635655636096437,0.9635655636096437,1.0063905442901249,1.0494156571369113,6.0,False,0.0,,0.0,sem_sobretensao,sem_sobretensao,True,True,False,0.0,0.0,,,,,False,,[null]
leader_follower,C3_naolider_curta,22,pv2,816,-0.0,-0.0,0.0,0.0,1.0058618084193778,1.0058618084193778,1.0060640314884584,1.049405687339917,1.0,True,0.0,,0.0,sem_sobretensao,sem_sobretensao,True,True,False,0.0,0.0,,,,,False,,[null]
leader_follower,C3_naolider_curta,22,pv1,824,-0.0,-0.0,0.0,0.0,0.9994609737243801,0.9994609737243801,1.0060640314884584,1.049405687339917,2.0,False,0.0,,0.0,sem_sobretensao,sem_sobretensao,True,True,False,0.0,0.0,,,,,False,,[null]
leader_follower,C3_naolider_curta,22,pv3,828,-0.0,-0.0,0.0,0.0,0.9989179819308516,0.9989179819308516,1.0060640314884584,1.049405687339917,3.0,False,0.0,,0.0,sem_sobretensao,sem_sobretensao,True,True,False,0.0,0.0,,,,,False,,[null]
leader_follower,C3_naolider_curta,22,pv4,830,-0.0,-0.0,0.0,0.0,0.9858155814373922,0.9858155814373922,1.0060640314884584,1.049405687339917,4.0,False,0.0,,0.0,sem_sobretensao,sem_sobretensao,True,True,False,0.0,0.0,,,,,False,,[null]
leader_follower,C3_naolider_curta,22,pv5,850,-0.0,-0.0,0.0,0.0,1.0060640314884584,1.0060640314884584,1.0060640314884584,1.049405687339917,5.0,False,0.0,,0.0,sem_sobretensao,sem_sobretensao,True,True,False,0.0,0.0,,,,,False,,[null]
leader_follower,C3_naolider_curta,22,pv6,832,-0.0,-0.0,0.0,0.0,0.9629627164790306,0.9629627164790306,1.0060640314884584,1.049405687339917,6.0,False,0.0,,0.0,sem_sobretensao,sem_sobretensao,True,True,False,0.0,0.0,,,,,False,,[null]
leader_follower,C3_naolider_curta,23,pv2,816,-0.0,-0.0,0.0,0.0,1.0157857990852877,1.0157857990852877,1.0159494099998212,1.049707699932122,1.0,True,0.0,,0.0,sem_sobretensao,sem_sobretensao,True,True,False,0.0,0.0,,,,,False,,[null]
leader_follower,C3_naolider_curta,23,pv1,824,-0.0,-0.0,0.0,0.0,1.0106227444912799,1.0106227444912799,1.0159494099998212,1.049707699932122,2.0,False,0.0,,0.0,sem_sobretensao,sem_sobretensao,True,True,False,0.0,0.0,,,,,False,,[null]
leader_follower,C3_naolider_curta,23,pv3,828,-0.0,-0.0,0.0,0.0,1.010183972127752,1.010183972127752,1.0159494099998212,1.049707699932122,3.0,False,0.0,,0.0,sem_sobretensao,sem_sobretensao,True,True,False,0.0,0.0,,,,,False,,[null]
leader_follower,C3_naolider_curta,23,pv4,830,-0.0,-0.0,0.0,0.0,0.9995990501550603,0.9995990501550603,1.0159494099998212,1.049707699932122,4.0,False,0.0,,0.0,sem_sobretensao,sem_sobretensao,True,True,False,0.0,0.0,,,,,False,,[null]
leader_follower,C3_naolider_curta,23,pv5,850,-0.0,-0.0,0.0,0.0,1.0159494099998212,1.0159494099998212,1.0159494099998212,1.049707699932122,5.0,False,0.0,,0.0,sem_sobretensao,sem_sobretensao,True,True,False,0.0,0.0,,,,,False,,[null]
leader_follower,C3_naolider_curta,23,pv6,832,-0.0,-0.0,0.0,0.0,0.9812181271943429,0.9812181271943429,1.0159494099998212,1.049707699932122,6.0,False,0.0,,0.0,sem_sobretensao,sem_sobretensao,True,True,False,0.0,0.0,,,,,False,,[null]
leader_follower,C3_naolider_longa,0,pv2,816,-0.0,-0.0,0.0,0.0,1.0450262948633384,1.0450262948633384,1.0450761113146871,1.0505970659065016,1.0,True,0.0,,0.0,sem_sobretensao,sem_sobretensao,True,True,False,0.0,0.0,,,,,False,,[null]
leader_follower,C3_naolider_longa,0,pv1,824,-0.0,-0.0,0.0,0.0,1.0435191673339028,1.0435191673339028,1.0450761113146871,1.0505970659065016,2.0,False,0.0,,0.0,sem_sobretensao,sem_sobretensao,True,True,False,0.0,0.0,,,,,False,,[null]
leader_follower,C3_naolider_longa,0,pv3,828,-0.0,-0.0,0.0,0.0,1.043388151795147,1.043388151795147,1.0450761113146871,1.0505970659065016,3.0,False,0.0,,0.0,sem_sobretensao,sem_sobretensao,True,True,False,0.0,0.0,,,,,False,,[null]
leader_follower,C3_naolider_longa,0,pv4,830,-0.0,-0.0,0.0,0.0,1.0402417834114017,1.0402417834114017,1.0450761113146871,1.0505970659065016,4.0,False,0.0,,0.0,sem_sobretensao,sem_sobretensao,True,True,False,0.0,0.0,,,,,False,,[null]
leader_follower,C3_naolider_longa,0,pv5,850,-0.0,-0.0,0.0,0.0,1.0450761113146871,1.0450761113146871,1.0450761113146871,1.0505970659065016,5.0,False,0.0,,0.0,sem_sobretensao,sem_sobretensao,True,True,False,0.0,0.0,,,,,False,,[null]
leader_follower,C3_naolider_longa,0,pv6,832,-0.0,-0.0,0.0,0.0,1.0350545283587615,1.0350545283587615,1.0450761113146871,1.0505970659065016,6.0,False,0.0,,0.0,sem_sobretensao,sem_sobretensao,True,True,False,0.0,0.0,,,,,False,,[null]
leader_follower,C3_naolider_longa,1,pv2,816,-0.0,-0.0,0.0,0.0,1.0450265903941263,1.0450265903941263,1.0450764055625157,1.0505970903489994,1.0,True,0.0,,0.0,sem_sobretensao,sem_sobretensao,True,True,False,0.0,0.0,,,,,False,,[null]
leader_follower,C3_naolider_longa,1,pv1,824,-0.0,-0.0,0.0,0.0,1.043519497117978,1.043519497117978,1.0450764055625157,1.0505970903489994,2.0,False,0.0,,0.0,sem_sobretensao,sem_sobretensao,True,True,False,0.0,0.0,,,,,False,,[null]
leader_follower,C3_naolider_longa,1,pv3,828,-0.0,-0.0,0.0,0.0,1.0433884847070511,1.0433884847070511,1.0450764055625157,1.0505970903489994,3.0,False,0.0,,0.0,sem_sobretensao,sem_sobretensao,True,True,False,0.0,0.0,,,,,False,,[null]
leader_follower,C3_naolider_longa,1,pv4,830,-0.0,-0.0,0.0,0.0,1.0402421909746427,1.0402421909746427,1.0450764055625157,1.0505970903489994,4.0,False,0.0,,0.0,sem_sobretensao,sem_sobretensao,True,True,False,0.0,0.0,,,,,False,,[null]
leader_follower,C3_naolider_longa,1,pv5,850,-0.0,-0.0,0.0,0.0,1.0450764055625157,1.0450764055625157,1.0450764055625157,1.0505970903489994,5.0,False,0.0,,0.0,sem_sobretensao,sem_sobretensao,True,True,False,0.0,0.0,,,,,False,,[null]
leader_follower,C3_naolider_longa,1,pv6,832,-0.0,-0.0,0.0,0.0,1.0350550780786294,1.0350550780786294,1.0450764055625157,1.0505970903489994,6.0,False,0.0,,0.0,sem_sobretensao,sem_sobretensao,True,True,False,0.0,0.0,,,,,False,,[null]
leader_follower,C3_naolider_longa,2,pv2,816,-0.0,-0.0,0.0,0.0,1.0449571701348623,1.0449571701348623,1.0450072554978003,1.0505949800956955,1.0,True,0.0,,0.0,sem_sobretensao,sem_sobretensao,True,True,False,0.0,0.0,,,,,False,,[null]
leader_follower,C3_naolider_longa,2,pv1,824,-0.0,-0.0,0.0,0.0,1.0434413812534846,1.0434413812534846,1.0450072554978003,1.0505949800956955,2.0,False,0.0,,0.0,sem_sobretensao,sem_sobretensao,True,True,False,0.0,0.0,,,,,False,,[null]
leader_follower,C3_naolider_longa,2,pv3,828,-0.0,-0.0,0.0,0.0,1.0433096369965242,1.0433096369965242,1.0450072554978003,1.0505949800956955,3.0,False,0.0,,0.0,sem_sobretensao,sem_sobretensao,True,True,False,0.0,0.0,,,,,False,,[null]
leader_follower,C3_naolider_longa,2,pv4,830,-0.0,-0.0,0.0,0.0,1.0401456464219774,1.0401456464219774,1.0450072554978003,1.0505949800956955,4.0,False,0.0,,0.0,sem_sobretensao,sem_sobretensao,True,True,False,0.0,0.0,,,,,False,,[null]
leader_follower,C3_naolider_longa,2,pv5,850,-0.0,-0.0,0.0,0.0,1.0450072554978003,1.0450072554978003,1.0450072554978003,1.0505949800956955,5.0,False,0.0,,0.0,sem_sobretensao,sem_sobretensao,True,True,False,0.0,0.0,,,,,False,,[null]
leader_follower,C3_naolider_longa,2,pv6,832,-0.0,-0.0,0.0,0.0,1.0349271785104095,1.0349271785104095,1.0450072554978003,1.0505949800956955,6.0,False,0.0,,0.0,sem_sobretensao,sem_sobretensao,True,True,False,0.0,0.0,,,,,False,,[null]
leader_follower,C3_naolider_longa,3,pv2,816,-0.0,-0.0,0.0,0.0,1.0449571021647746,1.0449571021647746,1.0450071878057714,1.0505949776249717,1.0,True,0.0,,0.0,sem_sobretensao,sem_sobretensao,True,True,False,0.0,0.0,,,,,False,,[null]
leader_follower,C3_naolider_longa,3,pv1,824,-0.0,-0.0,0.0,0.0,1.043441305274198,1.043441305274198,1.0450071878057714,1.0505949776249717,2.0,False,0.0,,0.0,sem_sobretensao,sem_sobretensao,True,True,False,0.0,0.0,,,,,False,,[null]
leader_follower,C3_naolider_longa,3,pv3,828,-0.0,-0.0,0.0,0.0,1.043309560339792,1.043309560339792,1.0450071878057714,1.0505949776249717,3.0,False,0.0,,0.0,sem_sobretensao,sem_sobretensao,True,True,False,0.0,0.0,,,,,False,,[null]
leader_follower,C3_naolider_longa,3,pv4,830,-0.0,-0.0,0.0,0.0,1.0401455535283302,1.0401455535283302,1.0450071878057714,1.0505949776249717,4.0,False,0.0,,0.0,sem_sobretensao,sem_sobretensao,True,True,False,0.0,0.0,,,,,False,,[null]
leader_follower,C3_naolider_longa,3,pv5,850,-0.0,-0.0,0.0,0.0,1.0450071878057714,1.0450071878057714,1.0450071878057714,1.0505949776249717,5.0,False,0.0,,0.0,sem_sobretensao,sem_sobretensao,True,True,False,0.0,0.0,,,,,False,,[null]
leader_follower,C3_naolider_longa,3,pv6,832,-0.0,-0.0,0.0,0.0,1.0349270553472671,1.0349270553472671,1.0450071878057714,1.0505949776249717,6.0,False,0.0,,0.0,sem_sobretensao,sem_sobretensao,True,True,False,0.0,0.0,,,,,False,,[null]
leader_follower,C3_naolider_longa,4,pv2,816,-0.0,-0.0,0.0,0.0,1.045026523122921,1.045026523122921,1.045076338566197,1.0505970879234294,1.0,True,0.0,,0.0,sem_sobretensao,sem_sobretensao,True,True,False,0.0,0.0,,,,,False,,[null]
leader_follower,C3_naolider_longa,4,pv1,824,-0.0,-0.0,0.0,0.0,1.0435194219130084,1.0435194219130084,1.045076338566197,1.0505970879234294,2.0,False,0.0,,0.0,sem_sobretensao,sem_sobretensao,True,True,False,0.0,0.0,,,,,False,,[null]
leader_follower,C3_naolider_longa,4,pv3,828,-0.0,-0.0,0.0,0.0,1.0433884088314556,1.0433884088314556,1.045076338566197,1.0505970879234294,3.0,False,0.0,,0.0,sem_sobretensao,sem_sobretensao,True,True,False,0.0,0.0,,,,,False,,[null]
leader_follower,C3_naolider_longa,4,pv4,830,-0.0,-0.0,0.0,0.0,1.0402420990252506,1.0402420990252506,1.045076338566197,1.0505970879234294,4.0,False,0.0,,0.0,sem_sobretensao,sem_sobretensao,True,True,False,0.0,0.0,,,,,False,,[null]
leader_follower,C3_naolider_longa,4,pv5,850,-0.0,-0.0,0.0,0.0,1.045076338566197,1.045076338566197,1.045076338566197,1.0505970879234294,5.0,False,0.0,,0.0,sem_sobretensao,sem_sobretensao,True,True,False,0.0,0.0,,,,,False,,[null]
leader_follower,C3_naolider_longa,4,pv6,832,-0.0,-0.0,0.0,0.0,1.035054956170032,1.035054956170032,1.045076338566197,1.0505970879234294,6.0,False,0.0,,0.0,sem_sobretensao,sem_sobretensao,True,True,False,0.0,0.0,,,,,False,,[null]
leader_follower,C3_naolider_longa,5,pv2,816,-0.0,-0.0,0.0,0.0,1.046437942275659,1.046437942275659,1.0464804756969757,1.05063939179868,1.0,True,0.0,,0.0,sem_sobretensao,sem_sobretensao,True,True,False,0.0,0.0,,,,,False,,[null]
leader_follower,C3_naolider_longa,5,pv1,824,-0.0,-0.0,0.0,0.0,1.0450850714048536,1.0450850714048536,1.0464804756969757,1.05063939179868,2.0,False,0.0,,0.0,sem_sobretensao,sem_sobretensao,True,True,False,0.0,0.0,,,,,False,,[null]
leader_follower,C3_naolider_longa,5,pv3,828,-0.0,-0.0,0.0,0.0,1.044968726726859,1.044968726726859,1.0464804756969757,1.05063939179868,3.0,False,0.0,,0.0,sem_sobretensao,sem_sobretensao,True,True,False,0.0,0.0,,,,,False,,[null]
leader_follower,C3_naolider_longa,5,pv4,830,-0.0,-0.0,0.0,0.0,1.0421771197491476,1.0421771197491476,1.0464804756969757,1.05063939179868,4.0,False,0.0,,0.0,sem_sobretensao,sem_sobretensao,True,True,False,0.0,0.0,,,,,False,,[null]
leader_follower,C3_naolider_longa,5,pv5,850,-0.0,-0.0,0.0,0.0,1.0464804756969757,1.0464804756969757,1.0464804756969757,1.05063939179868,5.0,False,0.0,,0.0,sem_sobretensao,sem_sobretensao,True,True,False,0.0,0.0,,,,,False,,[null]
leader_follower,C3_naolider_longa,5,pv6,832,-0.0,-0.0,0.0,0.0,1.0376184354041749,1.0376184354041749,1.0464804756969757,1.05063939179868,6.0,False,0.0,,0.0,sem_sobretensao,sem_sobretensao,True,True,False,0.0,0.0,,,,,False,,[null]
leader_follower,C3_naolider_longa,6,pv2,816,15.625241782068514,15.625241782068514,0.0,0.0,1.0483407437819094,1.0483407437819094,1.0483782454548018,1.0506384889471005,1.0,True,0.0,0.0,0.0,sem_sobretensao,sem_sobretensao,True,True,False,0.0,0.0,,,,,False,0.0,[0.0]
leader_follower,C3_naolider_longa,6,pv1,824,18.7503236717592,18.7503236717592,0.0,0.0,1.0471579048369506,1.0471579048369506,1.0483782454548018,1.0506384889471005,2.0,False,0.0,0.0,0.0,sem_sobretensao,sem_sobretensao,True,True,False,0.0,0.0,,,,,False,0.0,[0.0]
leader_follower,C3_naolider_longa,6,pv3,828,12.500217712144039,12.500217712144039,0.0,0.0,1.0470455387298745,1.0470455387298745,1.0483782454548018,1.0506384889471005,3.0,False,0.0,0.0,0.0,sem_sobretensao,sem_sobretensao,True,True,False,0.0,0.0,,,,,False,0.0,[0.0]
leader_follower,C3_naolider_longa,6,pv4,830,16.250349249231203,16.250349249231203,0.0,0.0,1.0442222095150686,1.0442222095150686,1.0483782454548018,1.0506384889471005,4.0,False,0.0,0.0,0.0,sem_sobretensao,sem_sobretensao,True,True,False,0.0,0.0,,,,,False,0.0,[0.0]
leader_follower,C3_naolider_longa,6,pv5,850,11.250173385025839,11.250173385025839,0.0,0.0,1.0483782454548018,1.0483782454548018,1.0483782454548018,1.0506384889471005,5.0,False,0.0,0.0,0.0,sem_sobretensao,sem_sobretensao,True,True,False,0.0,0.0,,,,,False,0.0,[0.0]
leader_follower,C3_naolider_longa,6,pv6,832,14.375428037447017,14.375428037447017,0.0,0.0,1.0393165620198634,1.0393165620198634,1.0483782454548018,1.0506384889471005,6.0,False,0.0,0.0,0.0,sem_sobretensao,sem_sobretensao,True,True,False,0.0,0.0,,,,,False,0.0,[0.0]
leader_follower,C3_naolider_longa,7,pv2,816,46.87517293313687,18.450168691972003,28.425004241164864,0.6063978224325267,1.0562538666391141,1.0504671308839428,1.0504964855599894,1.0507974957944095,1.0,True,0.0,0.6063978533308139,311.0,convergiu,convergiu,True,False,False,0.007395690414221331,0.007395690414221331,,,,,False,0.007395684726592407,[0.007396]
leader_follower,C3_naolider_longa,7,pv1,824,56.25022149623055,22.88061736569861,33.36960413053194,0.5932350355979492,1.0558852978158424,1.049534016263107,1.0504964855599894,1.0507974957944095,2.0,False,0.0,0.5932350707768876,311.0,convergiu,convergiu,True,False,False,0.007395690414221331,0.007395690414221331,,,,,False,0.007395684726592407,[0.007396]
leader_follower,C3_naolider_longa,7,pv3,828,37.5001485947879,15.429029434204608,22.071119160583294,0.5885608095576509,1.0558243986090117,1.0494407801879178,1.0504964855599894,1.0507974957944095,3.0,False,0.0,0.5885608454269147,311.0,convergiu,convergiu,True,False,False,0.007395690414221331,0.007395690414221331,,,,,False,0.007395684726592407,[0.007396]
leader_follower,C3_naolider_longa,7,pv4,830,48.75022589866941,20.15875219075454,28.591473707914872,0.58648900718227,1.0539937130575454,1.047050485931782,1.0504964855599894,1.0507974957944095,4.0,False,0.0,0.5864890506834605,311.0,convergiu,convergiu,True,False,False,0.007395690414221331,0.007395690414221331,,,,,False,0.007395684726592407,[0.007396]
leader_follower,C3_naolider_longa,7,pv5,850,33.75012402307615,13.934724868575668,19.81539915450048,0.5871207481008585,1.056261646345798,1.0504964855599894,1.0504964855599894,1.0507974957944095,5.0,False,0.0,0.5871207803844511,311.0,convergiu,convergiu,True,False,False,0.007395690414221331,0.007395690414221331,,,,,False,0.007395684726592407,[0.007396]
leader_follower,C3_naolider_longa,7,pv6,832,43.12526281682057,17.92669888958053,25.198563927240045,0.5843109060825895,1.0502737503980764,1.0428431584098576,1.0504964855599894,1.0507974957944095,6.0,False,0.0,0.5843109648809282,311.0,convergiu,convergiu,True,False,False,0.007395690414221331,0.007395690414221331,,,,,False,0.007395684726592407,[0.007396]
leader_follower,C3_naolider_longa,8,pv2,816,85.41699509578214,37.55092298680244,47.8660721089797,0.5603810774810416,1.0600225763749753,1.0504681100230773,1.0504982101571243,1.05078074620954,1.0,True,0.0,0.5603811285483081,205.0,convergiu,convergiu,True,False,False,0.007887404307220451,0.007887404307220451,,,,,False,0.007887392825289628,[0.007887]
leader_follower,C3_naolider_longa,8,pv1,824,102.50042170914824,46.48455403046071,56.015867678687535,0.5464939636956262,1.0599113578819606,1.049423485200918,1.0504982101571243,1.05078074620954,2.0,False,0.0,0.5464940216308211,205.0,convergiu,convergiu,True,False,False,0.007887404307220451,0.007887404307220451,,,,,False,0.007887392825289628,[0.007887]
leader_follower,C3_naolider_longa,8,pv3,828,68.3336154299122,31.330498372552842,37.00311705735936,0.5415067355317771,1.0598511737596623,1.0493099968011592,1.0504982101571243,1.05078074620954,3.0,False,0.0,0.5415067946362706,205.0,convergiu,convergiu,True,False,False,0.007887404307220451,0.007887404307220451,,,,,False,0.007887392825289628,[0.007887]
leader_follower,C3_naolider_longa,8,pv4,830,88.8337183814563,40.93169844841596,47.902019933040336,0.5392323342090761,1.0577281149827487,1.0462675399651897,1.0504982101571243,1.05078074620954,4.0,False,0.0,0.5392324086598147,205.0,convergiu,convergiu,True,False,False,0.007887404307220451,0.007887404307220451,,,,,False,0.007887392825289628,[0.007887]
leader_follower,C3_naolider_longa,8,pv5,850,61.500235557328985,28.29810206290744,33.202133494421545,0.5398699682915752,1.0600169249430975,1.0504982101571243,1.0504982101571243,1.05078074620954,5.0,False,0.0,0.5398700215297768,205.0,convergiu,convergiu,True,False,False,0.007887404307220451,0.007887404307220451,,,,,False,0.007887392825289628,[0.007887]
leader_follower,C3_naolider_longa,8,pv6,832,78.58368122017801,36.40468879056532,42.17899242961269,0.5367397308826609,1.0527861134774454,1.0405336989425304,1.0504982101571243,1.05078074620954,6.0,False,0.0,0.5367398392986247,205.0,convergiu,convergiu,True,False,False,0.007887404307220451,0.007887404307220451,,,,,False,0.007887392825289628,[0.007887]
leader_follower,C3_naolider_longa,9,pv2,816,109.37601259366951,43.68796403281948,65.68804856085004,0.6005708289127432,1.0634560303903893,1.0504657959625088,1.050496147792167,1.0507726169672031,1.0,True,0.0,0.6005708839001134,177.0,convergiu,convergiu,True,False,False,0.008170530338725562,0.008170530338725562,,,,,False,0.008170516678008404,[0.008171]
leader_follower,C3_naolider_longa,9,pv1,824,131.25131013746793,54.30051443905839,76.95079569840954,0.5862858618552933,1.0636450078194053,1.0493850914139289,1.050496147792167,1.0507726169672031,2.0,False,0.0,0.5862859244438324,177.0,convergiu,convergiu,True,False,False,0.008170530338725562,0.008170530338725562,,,,,False,0.008170516678008404,[0.008171]
leader_follower,C3_naolider_longa,9,pv3,828,87.50087669902865,36.65226369462953,50.84861300439912,0.5811211192942461,1.063597230955188,1.0492649631504614,1.050496147792167,1.0507726169672031,3.0,False,0.0,0.5811211832688253,177.0,convergiu,convergiu,True,False,False,0.008170530338725562,0.008170530338725562,,,,,False,0.008170516678008404,[0.008171]
leader_follower,C3_naolider_longa,9,pv4,830,113.7512021085738,47.92084716722778,65.83035494134603,0.5787221972012834,1.0615841255896252,1.046007575973589,1.050496147792167,1.0507726169672031,4.0,False,0.0,0.5787222791589661,177.0,convergiu,convergiu,True,False,False,0.008170530338725562,0.008170530338725562,,,,,False,0.008170516678008404,[0.008171]
leader_follower,C3_naolider_longa,9,pv5,850,78.75072623557065,33.125999080835705,45.62472715473495,0.5793562141387981,1.0634377078478492,1.050496147792167,1.050496147792167,1.0507726169672031,5.0,False,0.0,0.5793562718171718,177.0,convergiu,convergiu,True,False,False,0.008170530338725562,0.008170530338725562,,,,,False,0.008170516678008404,[0.008171]
leader_follower,C3_naolider_longa,9,pv6,832,100.62608212854175,42.66314732836232,57.96293480017943,0.5760228480724673,1.0564042278647419,1.0397679382559666,1.050496147792167,1.0507726169672031,6.0,False,0.0,0.5760229711232961,177.0,convergiu,convergiu,True,False,False,0.008170530338725562,0.008170530338725562,,,,,False,0.008170516678008404,[0.008171]
leader_follower,C3_naolider_longa,10,pv2,816,122.91832384587059,36.09265717291321,86.82566667295737,0.7063687498700435,1.0647988816134637,1.0504619110229962,1.050491036588137,1.0507644934457345,1.0,True,0.0,0.7063687817760156,163.0,convergiu,convergiu,True,False,False,0.25794923244326395,0.007629905555022337,,,,,False,0.25794335336750784,"[0.00763, 0.0]"
leader_follower,C3_naolider_longa,10,pv1,824,147.50215552840342,45.315609549839635,102.18654597856379,0.6927799824337595,1.0650831804269703,1.0494643892661557,1.050491036588137,1.0507644934457345,2.0,False,0.0,0.6927800181122538,163.0,convergiu,convergiu,True,False,False,0.25794923244326395,0.007629905555022337,,,,,False,0.25794335336750784,"[0.00763, 0.0]"
leader_follower,C3_naolider_longa,10,pv3,828,98.33477598952038,30.739077556507276,67.5956984330131,0.6874037608333639,1.0650361539418978,1.0493545469408398,1.050491036588137,1.0507644934457345,3.0,False,0.0,0.6874037974136111,163.0,convergiu,convergiu,True,False,False,0.25794923244326395,0.007629905555022337,,,,,False,0.25794335336750784,"[0.00763, 0.0]"
leader_follower,C3_naolider_longa,10,pv4,830,127.83531261961477,40.199852917253814,87.63545970236095,0.6855340053647432,1.0629336659541404,1.0464083100875479,1.050491036588137,1.0507644934457345,4.0,False,0.0,0.685534050854383,163.0,convergiu,convergiu,True,False,False,0.25794923244326395,0.007629905555022337,,,,,False,0.25794335336750784,"[0.00763, 0.0]"
leader_follower,C3_naolider_longa,10,pv5,850,88.50118853266282,27.6651357023092,60.83605283035362,0.6874037608333639,1.0647757079433002,1.050491036588137,1.050491036588137,1.0507644934457345,5.0,False,0.0,0.6874037946722159,163.0,convergiu,convergiu,True,False,False,0.25794923244326395,0.007629905555022337,,,,,False,0.25794335336750784,"[0.00763, 0.0]"
leader_follower,C3_naolider_longa,10,pv6,832,113.08509808576126,113.08330936530146,0.0017887204597997197,0.0,1.0573508143479442,1.0408968431881098,1.050491036588137,1.0507644934457345,6.0,False,1.0,1.5817472771197433e-05,163.0,convergiu,convergiu,True,False,False,0.25794923244326395,0.007629905555022337,,,,,False,0.25794335336750784,"[0.00763, 0.0]"
leader_follower,C3_naolider_longa,11,pv2,816,125.00096171820924,69.70965311786009,55.291308600349154,0.4423270096594127,1.0612357544693265,1.0504620042219204,1.0504932565014709,1.0507399287441488,1.0,True,0.0,0.44232706565084545,148.0,convergiu,convergiu,True,False,False,0.008322369304791608,0.008322369304791608,,,,,False,0.008322349009321122,[0.008322]
leader_follower,C3_naolider_longa,11,pv1,824,150.00123973736433,85.8247793062032,64.17646043116113,0.42783947076158363,1.061059757681189,1.0492329884260216,1.0504932565014709,1.0507399287441488,2.0,False,0.0,0.4278395334833702,148.0,convergiu,convergiu,True,False,False,0.008322369304791608,0.008322369304791608,,,,,False,0.008322349009321122,[0.008322]
leader_follower,C3_naolider_longa,11,pv3,828,100.00082852030891,57.742384642787705,42.25844387752121,0.42258087350455353,1.0609725780794246,1.0490858590675012,1.0504932565014709,1.0507399287441488,3.0,False,0.0,0.4225809376063224,148.0,convergiu,convergiu,True,False,False,0.008322369304791608,0.008322369304791608,,,,,False,0.008322349009321122,[0.008322]
leader_follower,C3_naolider_longa,11,pv4,830,130.0010844794901,75.38622027198289,54.614864207507196,0.42011074431848333,1.0578779334534147,1.0449600088058673,1.0504932565014709,1.0507399287441488,4.0,False,0.0,0.4201108354301739,148.0,convergiu,convergiu,True,False,False,0.008322369304791608,0.008322369304791608,,,,,False,0.008322349009321122,[0.008322]
leader_follower,C3_naolider_longa,11,pv5,850,90.00068973480217,52.133882274773455,37.86680746002871,0.42073902275724595,1.0612265345057188,1.0504932565014709,1.0504932565014709,1.0507399287441488,5.0,False,0.0,0.42073908068491256,148.0,convergiu,convergiu,True,False,False,0.008322369304791608,0.008322369304791608,,,,,False,0.008322349009321122,[0.008322]
leader_follower,C3_naolider_longa,11,pv6,832,115.00085168236363,67.01254676635634,47.988304916007294,0.41728635658590674,1.050489324521085,1.0366895893639831,1.0504932565014709,1.0507399287441488,6.0,False,0.0,0.4172865175690409,148.0,convergiu,convergiu,True,False,False,0.008322369304791608,0.008322369304791608,,,,,False,0.008322349009321122,[0.008322]
leader_follower,C3_naolider_longa,12,pv2,816,114.58396791829949,73.20258742179027,41.38138049650922,0.3611445396700102,1.0584759981311653,1.050459697289066,1.0504910563263004,1.0507349370882704,1.0,True,0.0,0.3611445933345136,147.0,convergiu,convergiu,True,False,False,0.008138419611591806,0.008138419611591806,,,,,False,0.008138398980394194,[0.008138]
leader_follower,C3_naolider_longa,12,pv1,824,137.5008118756531,89.79738288863986,47.703428987013254,0.3469319207199531,1.058009502270087,1.0492111066554255,1.0504910563263004,1.0507349370882704,2.0,False,0.0,0.3469319805191635,147.0,convergiu,convergiu,True,False,False,0.008138419611591806,0.008138419611591806,,,,,False,0.008138398980394194,[0.008138]
leader_follower,C3_naolider_longa,12,pv3,828,91.6672099355439,60.33645544821752,31.330754487326374,0.34178796224241675,1.0579033716359643,1.0490605029747144,1.0504910563263004,1.0507349370882704,3.0,False,0.0,0.341788023322153,147.0,convergiu,convergiu,True,False,False,0.008138419611591806,0.008138419611591806,,,,,False,0.008138398980394194,[0.008138]
leader_follower,C3_naolider_longa,12,pv4,830,119.16742087517417,78.72298927075924,40.44443160441493,0.33939159484309694,1.054431394476976,1.0448241155383844,1.0504910563263004,1.0507349370882704,4.0,False,0.0,0.33939168362785815,147.0,convergiu,convergiu,True,False,False,0.008138419611591806,0.008138419611591806,,,,,False,0.008138398980394194,[0.008138]
leader_follower,C3_naolider_longa,12,pv5,850,82.50045510759706,54.44875724909127,28.05169785850579,0.3400186491866179,1.0584772348420466,1.0504910563263004,1.0504910563263004,1.0507349370882704,5.0,False,0.0,0.340018704404973,147.0,convergiu,convergiu,True,False,False,0.008138419611591806,0.008138419611591806,,,,,False,0.008138398980394194,[0.008138]
leader_follower,C3_naolider_longa,12,pv6,832,105.4173864132095,69.92506150058354,35.49232491262596,0.3366836258171533,1.0465580380894066,1.0362979545337068,1.0504910563263004,1.0507349370882704,6.0,False,0.0,0.3366837873736029,147.0,convergiu,convergiu,True,False,False,0.008138419611591806,0.008138419611591806,,,,,False,0.008138398980394194,[0.008138]
leader_follower,C3_naolider_longa,13,pv2,816,91.66698462445727,67.05849280388911,24.60849182056816,0.2684552874937647,1.055190830074155,1.0504624971525702,1.0504936196207226,1.05074418826336,1.0,True,0.0,0.26845534323382203,151.0,convergiu,convergiu,True,False,False,0.007880571614281871,0.007880571614281871,,,,,False,0.007880553061754579,[0.007881]
leader_follower,C3_naolider_longa,13,pv1,824,110.0004047364769,81.99419199906362,28.00621273741328,0.25460093512892534,1.0544374799606517,1.0492494865556954,1.0504936196207226,1.05074418826336,2.0,False,0.0,0.25460099719184237,151.0,convergiu,convergiu,True,False,False,0.007880571614281871,0.007880571614281871,,,,,False,0.007880553061754579,[0.007881]
leader_follower,C3_naolider_longa,13,pv3,828,73.3336046424718,55.028198547802475,18.305406094669323,0.24961818726940782,1.0543195761296045,1.0491054778214872,1.0504936196207226,1.05074418826336,3.0,False,0.0,0.2496182505130477,151.0,convergiu,convergiu,True,False,False,0.007880571614281871,0.007880571614281871,,,,,False,0.007880553061754579,[0.007881]
leader_follower,C3_naolider_longa,13,pv4,830,95.33373737436717,71.75417809211751,23.57955928224966,0.2473368976344551,1.0507455019992837,1.045082820751669,1.0504936196207226,1.05074418826336,4.0,False,0.0,0.24733698616739228,151.0,convergiu,convergiu,True,False,False,0.007880571614281871,0.007880571614281871,,,,,False,0.007880553061754579,[0.007881]
leader_follower,C3_naolider_longa,13,pv5,850,66.00022802392903,49.634238056964314,16.36598996696471,0.24796863117238557,1.0552041870594926,1.0504936196207226,1.0504936196207226,1.05074418826336,5.0,False,0.0,0.24796868824500215,151.0,convergiu,convergiu,True,False,False,0.007880571614281871,0.007880571614281871,,,,,False,0.007880553061754579,[0.007881]
leader_follower,C3_naolider_longa,13,pv6,832,84.33378934611513,63.68696975367925,20.646819592435875,0.2448224709141608,1.0431065536204582,1.0370603379847172,1.0504936196207226,1.05074418826336,6.0,False,0.0,0.2448226239152976,151.0,convergiu,convergiu,True,False,False,0.007880571614281871,0.007880571614281871,,,,,False,0.007880553061754579,[0.007881]
leader_follower,C3_naolider_longa,14,pv2,816,62.50020224605284,51.1274447534344,11.372757492618433,0.18196347444993005,1.0526136226711256,1.0504684287667376,1.0504989670073044,1.0507660303895017,1.0,True,0.0,0.18196353105940025,155.0,convergiu,convergiu,True,False,False,0.007608388363631703,0.007608388363631703,,,,,False,0.007608374228076044,[0.007608]
leader_follower,C3_naolider_longa,14,pv1,824,75.00026003735111,62.364356316702086,12.635903720649026,0.16847806899122642,1.0516996381734283,1.0493471048931242,1.0504989670073044,1.0507660303895017,2.0,False,0.0,0.168478132133891,155.0,convergiu,convergiu,True,False,False,0.007608388363631703,0.007608388363631703,,,,,False,0.007608374228076044,[0.007608]
leader_follower,C3_naolider_longa,14,pv3,828,50.00017451784423,41.81674354070793,8.183430977136297,0.1636679841285751,1.0515841348068866,1.049219858512193,1.0504989670073044,1.0507660303895017,3.0,False,0.0,0.16366804828282683,155.0,convergiu,convergiu,True,False,False,0.007608388363631703,0.007608388363631703,,,,,False,0.007608374228076044,[0.007608]
leader_follower,C3_naolider_longa,14,pv4,830,65.0002693638805,54.50191004266613,10.498359321214373,0.16151246724333443,1.0483035674081949,1.045737558520538,1.0504989670073044,1.0507660303895017,4.0,False,0.0,0.16151255100872128,155.0,convergiu,convergiu,True,False,False,0.007608388363631703,0.007608388363631703,,,,,False,0.007608374228076044,[0.007608]
leader_follower,C3_naolider_longa,14,pv5,850,45.000145039172466,37.70339305645482,7.296751982717645,0.16214946368740302,1.0526360953074865,1.0504989670073044,1.0504989670073044,1.0507660303895017,5.0,False,0.0,0.16214952143744976,155.0,convergiu,convergiu,True,False,False,0.007608388363631703,0.007608388363631703,,,,,False,0.007608374228076044,[0.007608]
leader_follower,C3_naolider_longa,14,pv6,832,57.50032245222092,48.34571205359373,9.154610398627192,0.15920959275076454,1.041720637141104,1.0389815934030397,1.0504989670073044,1.0507660303895017,6.0,False,0.0,0.15920972280171272,155.0,convergiu,convergiu,True,False,False,0.007608388363631703,0.007608388363631703,,,,,False,0.007608374228076044,[0.007608]
leader_follower,C3_naolider_longa,15,pv2,816,28.12494776039275,28.12494776039275,0.0,0.0,1.0386370242044927,1.0386370242044927,1.0387127583097995,1.0502955100136582,1.0,True,0.0,0.0,0.0,sem_sobretensao,sem_sobretensao,True,True,False,0.0,0.0,,,,,False,0.0,[0.0]
leader_follower,C3_naolider_longa,15,pv1,824,33.74993264251279,33.74993264251279,0.0,0.0,1.0361657626186254,1.0361657626186254,1.0387127583097995,1.0502955100136582,2.0,False,0.0,0.0,0.0,sem_sobretensao,sem_sobretensao,True,True,False,0.0,0.0,,,,,False,0.0,[0.0]
leader_follower,C3_naolider_longa,15,pv3,828,22.499954825209244,22.499954825209244,0.0,0.0,1.0359378482646813,1.0359378482646813,1.0387127583097995,1.0502955100136582,3.0,False,0.0,0.0,0.0,sem_sobretensao,sem_sobretensao,True,True,False,0.0,0.0,,,,,False,0.0,[0.0]
leader_follower,C3_naolider_longa,15,pv4,830,29.24993233686265,29.24993233686265,0.0,0.0,1.0302157541188306,1.0302157541188306,1.0387127583097995,1.0502955100136582,4.0,False,0.0,0.0,0.0,sem_sobretensao,sem_sobretensao,True,True,False,0.0,0.0,,,,,False,0.0,[0.0]
leader_follower,C3_naolider_longa,15,pv5,850,20.249962539182967,20.249962539182967,0.0,0.0,1.0387127583097995,1.0387127583097995,1.0387127583097995,1.0502955100136582,5.0,False,0.0,0.0,0.0,sem_sobretensao,sem_sobretensao,True,True,False,0.0,0.0,,,,,False,0.0,[0.0]
leader_follower,C3_naolider_longa,15,pv6,832,25.874924472584233,25.874924472584233,0.0,0.0,1.019932129739511,1.019932129739511,1.0387127583097995,1.0502955100136582,6.0,False,0.0,0.0,0.0,sem_sobretensao,sem_sobretensao,True,True,False,0.0,0.0,,,,,False,0.0,[0.0]
leader_follower,C3_naolider_longa,16,pv2,816,3.125032294596359,3.125032294596359,0.0,0.0,1.0394703803118954,1.0394703803118954,1.0395419414769769,1.0504162382879945,1.0,True,0.0,0.0,0.0,sem_sobretensao,sem_sobretensao,True,True,False,0.0,0.0,,,,,False,0.0,[0.0]
leader_follower,C3_naolider_longa,16,pv1,824,3.7500421409588838,3.7500421409588838,0.0,0.0,1.0372492372289976,1.0372492372289976,1.0395419414769769,1.0504162382879945,2.0,False,0.0,0.0,0.0,sem_sobretensao,sem_sobretensao,True,True,False,0.0,0.0,,,,,False,0.0,[0.0]
leader_follower,C3_naolider_longa,16,pv3,828,2.50002827679071,2.50002827679071,0.0,0.0,1.03705637795607,1.03705637795607,1.0395419414769769,1.0504162382879945,3.0,False,0.0,0.0,0.0,sem_sobretensao,sem_sobretensao,True,True,False,0.0,0.0,,,,,False,0.0,[0.0]
leader_follower,C3_naolider_longa,16,pv4,830,3.250042548739581,3.250042548739581,0.0,0.0,1.0323888508528645,1.0323888508528645,1.0395419414769769,1.0504162382879945,4.0,False,0.0,0.0,0.0,sem_sobretensao,sem_sobretensao,True,True,False,0.0,0.0,,,,,False,0.0,[0.0]
leader_follower,C3_naolider_longa,16,pv5,850,2.25002315917058,2.25002315917058,0.0,0.0,1.0395419414769769,1.0395419414769769,1.0395419414769769,1.0504162382879945,5.0,False,0.0,0.0,0.0,sem_sobretensao,sem_sobretensao,True,True,False,0.0,0.0,,,,,False,0.0,[0.0]
leader_follower,C3_naolider_longa,16,pv6,832,2.875047132930998,2.875047132930998,0.0,0.0,1.0244469035472574,1.0244469035472574,1.0395419414769769,1.0504162382879945,6.0,False,0.0,0.0,0.0,sem_sobretensao,sem_sobretensao,True,True,False,0.0,0.0,,,,,False,0.0,[0.0]
leader_follower,C3_naolider_longa,17,pv2,816,-0.0,-0.0,0.0,0.0,1.0319530456641133,1.0319530456641133,1.0320537436109638,1.0501995250985579,1.0,True,0.0,,0.0,sem_sobretensao,sem_sobretensao,True,True,False,0.0,0.0,,,,,False,,[null]
leader_follower,C3_naolider_longa,17,pv1,824,-0.0,-0.0,0.0,0.0,1.0288097422283975,1.0288097422283975,1.0320537436109638,1.0501995250985579,2.0,False,0.0,,0.0,sem_sobretensao,sem_sobretensao,True,True,False,0.0,0.0,,,,,False,,[null]
leader_follower,C3_naolider_longa,17,pv3,828,-0.0,-0.0,0.0,0.0,1.0285410077167667,1.0285410077167667,1.0320537436109638,1.0501995250985579,3.0,False,0.0,,0.0,sem_sobretensao,sem_sobretensao,True,True,False,0.0,0.0,,,,,False,,[null]
leader_follower,C3_naolider_longa,17,pv4,830,-0.0,-0.0,0.0,0.0,1.0220651174905713,1.0220651174905713,1.0320537436109638,1.0501995250985579,4.0,False,0.0,,0.0,sem_sobretensao,sem_sobretensao,True,True,False,0.0,0.0,,,,,False,,[null]
leader_follower,C3_naolider_longa,17,pv5,850,-0.0,-0.0,0.0,0.0,1.0320537436109638,1.0320537436109638,1.0320537436109638,1.0501995250985579,5.0,False,0.0,,0.0,sem_sobretensao,sem_sobretensao,True,True,False,0.0,0.0,,,,,False,,[null]
leader_follower,C3_naolider_longa,17,pv6,832,-0.0,-0.0,0.0,0.0,1.0109757984235852,1.0109757984235852,1.0320537436109638,1.0501995250985579,6.0,False,0.0,,0.0,sem_sobretensao,sem_sobretensao,True,True,False,0.0,0.0,,,,,False,,[null]
leader_follower,C3_naolider_longa,18,pv2,816,-0.0,-0.0,0.0,0.0,1.0353684495010183,1.0353684495010183,1.0354558554930642,1.0503034017860868,1.0,True,0.0,,0.0,sem_sobretensao,sem_sobretensao,True,True,False,0.0,0.0,,,,,False,,[null]
leader_follower,C3_naolider_longa,18,pv1,824,-0.0,-0.0,0.0,0.0,1.0326523500430973,1.0326523500430973,1.0354558554930642,1.0503034017860868,2.0,False,0.0,,0.0,sem_sobretensao,sem_sobretensao,True,True,False,0.0,0.0,,,,,False,,[null]
leader_follower,C3_naolider_longa,18,pv3,828,-0.0,-0.0,0.0,0.0,1.0324195763808064,1.0324195763808064,1.0354558554930642,1.0503034017860868,3.0,False,0.0,,0.0,sem_sobretensao,sem_sobretensao,True,True,False,0.0,0.0,,,,,False,,[null]
leader_follower,C3_naolider_longa,18,pv4,830,-0.0,-0.0,0.0,0.0,1.02681295674242,1.02681295674242,1.0354558554930642,1.0503034017860868,4.0,False,0.0,,0.0,sem_sobretensao,sem_sobretensao,True,True,False,0.0,0.0,,,,,False,,[null]
leader_follower,C3_naolider_longa,18,pv5,850,-0.0,-0.0,0.0,0.0,1.0354558554930642,1.0354558554930642,1.0354558554930642,1.0503034017860868,5.0,False,0.0,,0.0,sem_sobretensao,sem_sobretensao,True,True,False,0.0,0.0,,,,,False,,[null]
leader_follower,C3_naolider_longa,18,pv6,832,-0.0,-0.0,0.0,0.0,1.017265056101975,1.017265056101975,1.0354558554930642,1.0503034017860868,6.0,False,0.0,,0.0,sem_sobretensao,sem_sobretensao,True,True,False,0.0,0.0,,,,,False,,[null]
leader_follower,C3_naolider_longa,19,pv2,816,-0.0,-0.0,0.0,0.0,1.012463803494029,1.012463803494029,1.0126403397694483,1.0496066048479267,1.0,True,0.0,,0.0,sem_sobretensao,sem_sobretensao,True,True,False,0.0,0.0,,,,,False,,[null]
leader_follower,C3_naolider_longa,19,pv1,824,-0.0,-0.0,0.0,0.0,1.0068862241138112,1.0068862241138112,1.0126403397694483,1.0496066048479267,2.0,False,0.0,,0.0,sem_sobretensao,sem_sobretensao,True,True,False,0.0,0.0,,,,,False,,[null]
leader_follower,C3_naolider_longa,19,pv3,828,-0.0,-0.0,0.0,0.0,1.00641255022254,1.00641255022254,1.0126403397694483,1.0496066048479267,3.0,False,0.0,,0.0,sem_sobretensao,sem_sobretensao,True,True,False,0.0,0.0,,,,,False,,[null]
leader_follower,C3_naolider_longa,19,pv4,830,-0.0,-0.0,0.0,0.0,0.9949844738133675,0.9949844738133675,1.0126403397694483,1.0496066048479267,4.0,False,0.0,,0.0,sem_sobretensao,sem_sobretensao,True,True,False,0.0,0.0,,,,,False,,[null]
leader_follower,C3_naolider_longa,19,pv5,850,-0.0,-0.0,0.0,0.0,1.0126403397694483,1.0126403397694483,1.0126403397694483,1.0496066048479267,5.0,False,0.0,,0.0,sem_sobretensao,sem_sobretensao,True,True,False,0.0,0.0,,,,,False,,[null]
leader_follower,C3_naolider_longa,19,pv6,832,-0.0,-0.0,0.0,0.0,0.9751062275735913,0.9751062275735913,1.0126403397694483,1.0496066048479267,6.0,False,0.0,,0.0,sem_sobretensao,sem_sobretensao,True,True,False,0.0,0.0,,,,,False,,[null]
leader_follower,C3_naolider_longa,20,pv2,816,-0.0,-0.0,0.0,0.0,1.0078351504741658,1.0078351504741658,1.008029696164423,1.0494657402550034,1.0,True,0.0,,0.0,sem_sobretensao,sem_sobretensao,True,True,False,0.0,0.0,,,,,False,,[null]
leader_follower,C3_naolider_longa,20,pv1,824,-0.0,-0.0,0.0,0.0,1.0016803252824402,1.0016803252824402,1.008029696164423,1.0494657402550034,2.0,False,0.0,,0.0,sem_sobretensao,sem_sobretensao,True,True,False,0.0,0.0,,,,,False,,[null]
leader_follower,C3_naolider_longa,20,pv3,828,-0.0,-0.0,0.0,0.0,1.001158047785484,1.001158047785484,1.008029696164423,1.0494657402550034,3.0,False,0.0,,0.0,sem_sobretensao,sem_sobretensao,True,True,False,0.0,0.0,,,,,False,,[null]
leader_follower,C3_naolider_longa,20,pv4,830,-0.0,-0.0,0.0,0.0,0.9885559519361026,0.9885559519361026,1.008029696164423,1.0494657402550034,4.0,False,0.0,,0.0,sem_sobretensao,sem_sobretensao,True,True,False,0.0,0.0,,,,,False,,[null]
leader_follower,C3_naolider_longa,20,pv5,850,-0.0,-0.0,0.0,0.0,1.008029696164423,1.008029696164423,1.008029696164423,1.0494657402550034,5.0,False,0.0,,0.0,sem_sobretensao,sem_sobretensao,True,True,False,0.0,0.0,,,,,False,,[null]
leader_follower,C3_naolider_longa,20,pv6,832,-0.0,-0.0,0.0,0.0,0.9665920784800833,0.9665920784800833,1.008029696164423,1.0494657402550034,6.0,False,0.0,,0.0,sem_sobretensao,sem_sobretensao,True,True,False,0.0,0.0,,,,,False,,[null]
leader_follower,C3_naolider_longa,21,pv2,816,-0.0,-0.0,0.0,0.0,1.0061895964378376,1.0061895964378376,1.0063905442901249,1.0494156571369113,1.0,True,0.0,,0.0,sem_sobretensao,sem_sobretensao,True,True,False,0.0,0.0,,,,,False,,[null]
leader_follower,C3_naolider_longa,21,pv1,824,-0.0,-0.0,0.0,0.0,0.9998296239446811,0.9998296239446811,1.0063905442901249,1.0494156571369113,2.0,False,0.0,,0.0,sem_sobretensao,sem_sobretensao,True,True,False,0.0,0.0,,,,,False,,[null]
leader_follower,C3_naolider_longa,21,pv3,828,-0.0,-0.0,0.0,0.0,0.9992900728255066,0.9992900728255066,1.0063905442901249,1.0494156571369113,3.0,False,0.0,,0.0,sem_sobretensao,sem_sobretensao,True,True,False,0.0,0.0,,,,,False,,[null]
leader_follower,C3_naolider_longa,21,pv4,830,-0.0,-0.0,0.0,0.0,0.9862707730472379,0.9862707730472379,1.0063905442901249,1.0494156571369113,4.0,False,0.0,,0.0,sem_sobretensao,sem_sobretensao,True,True,False,0.0,0.0,,,,,False,,[null]
leader_follower,C3_naolider_longa,21,pv5,850,-0.0,-0.0,0.0,0.0,1.0063905442901249,1.0063905442901249,1.0063905442901249,1.0494156571369113,5.0,False,0.0,,0.0,sem_sobretensao,sem_sobretensao,True,True,False,0.0,0.0,,,,,False,,[null]
leader_follower,C3_naolider_longa,21,pv6,832,-0.0,-0.0,0.0,0.0,0.9635655636096437,0.9635655636096437,1.0063905442901249,1.0494156571369113,6.0,False,0.0,,0.0,sem_sobretensao,sem_sobretensao,True,True,False,0.0,0.0,,,,,False,,[null]
leader_follower,C3_naolider_longa,22,pv2,816,-0.0,-0.0,0.0,0.0,1.0058618084193778,1.0058618084193778,1.0060640314884584,1.049405687339917,1.0,True,0.0,,0.0,sem_sobretensao,sem_sobretensao,True,True,False,0.0,0.0,,,,,False,,[null]
leader_follower,C3_naolider_longa,22,pv1,824,-0.0,-0.0,0.0,0.0,0.9994609737243801,0.9994609737243801,1.0060640314884584,1.049405687339917,2.0,False,0.0,,0.0,sem_sobretensao,sem_sobretensao,True,True,False,0.0,0.0,,,,,False,,[null]
leader_follower,C3_naolider_longa,22,pv3,828,-0.0,-0.0,0.0,0.0,0.9989179819308516,0.9989179819308516,1.0060640314884584,1.049405687339917,3.0,False,0.0,,0.0,sem_sobretensao,sem_sobretensao,True,True,False,0.0,0.0,,,,,False,,[null]
leader_follower,C3_naolider_longa,22,pv4,830,-0.0,-0.0,0.0,0.0,0.9858155814373922,0.9858155814373922,1.0060640314884584,1.049405687339917,4.0,False,0.0,,0.0,sem_sobretensao,sem_sobretensao,True,True,False,0.0,0.0,,,,,False,,[null]
leader_follower,C3_naolider_longa,22,pv5,850,-0.0,-0.0,0.0,0.0,1.0060640314884584,1.0060640314884584,1.0060640314884584,1.049405687339917,5.0,False,0.0,,0.0,sem_sobretensao,sem_sobretensao,True,True,False,0.0,0.0,,,,,False,,[null]
leader_follower,C3_naolider_longa,22,pv6,832,-0.0,-0.0,0.0,0.0,0.9629627164790306,0.9629627164790306,1.0060640314884584,1.049405687339917,6.0,False,0.0,,0.0,sem_sobretensao,sem_sobretensao,True,True,False,0.0,0.0,,,,,False,,[null]
leader_follower,C3_naolider_longa,23,pv2,816,-0.0,-0.0,0.0,0.0,1.0157857990852877,1.0157857990852877,1.0159494099998212,1.049707699932122,1.0,True,0.0,,0.0,sem_sobretensao,sem_sobretensao,True,True,False,0.0,0.0,,,,,False,,[null]
leader_follower,C3_naolider_longa,23,pv1,824,-0.0,-0.0,0.0,0.0,1.0106227444912799,1.0106227444912799,1.0159494099998212,1.049707699932122,2.0,False,0.0,,0.0,sem_sobretensao,sem_sobretensao,True,True,False,0.0,0.0,,,,,False,,[null]
leader_follower,C3_naolider_longa,23,pv3,828,-0.0,-0.0,0.0,0.0,1.010183972127752,1.010183972127752,1.0159494099998212,1.049707699932122,3.0,False,0.0,,0.0,sem_sobretensao,sem_sobretensao,True,True,False,0.0,0.0,,,,,False,,[null]
leader_follower,C3_naolider_longa,23,pv4,830,-0.0,-0.0,0.0,0.0,0.9995990501550603,0.9995990501550603,1.0159494099998212,1.049707699932122,4.0,False,0.0,,0.0,sem_sobretensao,sem_sobretensao,True,True,False,0.0,0.0,,,,,False,,[null]
leader_follower,C3_naolider_longa,23,pv5,850,-0.0,-0.0,0.0,0.0,1.0159494099998212,1.0159494099998212,1.0159494099998212,1.049707699932122,5.0,False,0.0,,0.0,sem_sobretensao,sem_sobretensao,True,True,False,0.0,0.0,,,,,False,,[null]
leader_follower,C3_naolider_longa,23,pv6,832,-0.0,-0.0,0.0,0.0,0.9812181271943429,0.9812181271943429,1.0159494099998212,1.049707699932122,6.0,False,0.0,,0.0,sem_sobretensao,sem_sobretensao,True,True,False,0.0,0.0,,,,,False,,[null]
leader_follower,C0,0,pv2,816,-0.0,-0.0,0.0,0.0,1.0450262948633384,1.0450262948633384,1.0450761113146871,1.0505970659065016,1.0,True,0.0,,0.0,sem_sobretensao,sem_sobretensao,True,True,False,0.0,0.0,0,0,0,0,False,,[null]
leader_follower,C0,0,pv1,824,-0.0,-0.0,0.0,0.0,1.0435191673339028,1.0435191673339028,1.0450761113146871,1.0505970659065016,2.0,False,0.0,,0.0,sem_sobretensao,sem_sobretensao,True,True,False,0.0,0.0,0,0,0,0,False,,[null]
leader_follower,C0,0,pv3,828,-0.0,-0.0,0.0,0.0,1.043388151795147,1.043388151795147,1.0450761113146871,1.0505970659065016,3.0,False,0.0,,0.0,sem_sobretensao,sem_sobretensao,True,True,False,0.0,0.0,0,0,0,0,False,,[null]
leader_follower,C0,0,pv4,830,-0.0,-0.0,0.0,0.0,1.0402417834114017,1.0402417834114017,1.0450761113146871,1.0505970659065016,4.0,False,0.0,,0.0,sem_sobretensao,sem_sobretensao,True,True,False,0.0,0.0,0,0,0,0,False,,[null]
leader_follower,C0,0,pv5,850,-0.0,-0.0,0.0,0.0,1.0450761113146871,1.0450761113146871,1.0450761113146871,1.0505970659065016,5.0,False,0.0,,0.0,sem_sobretensao,sem_sobretensao,True,True,False,0.0,0.0,0,0,0,0,False,,[null]
leader_follower,C0,0,pv6,832,-0.0,-0.0,0.0,0.0,1.0350545283587615,1.0350545283587615,1.0450761113146871,1.0505970659065016,6.0,False,0.0,,0.0,sem_sobretensao,sem_sobretensao,True,True,False,0.0,0.0,0,0,0,0,False,,[null]
leader_follower,C0,1,pv2,816,-0.0,-0.0,0.0,0.0,1.0450265903941263,1.0450265903941263,1.0450764055625157,1.0505970903489994,1.0,True,0.0,,0.0,sem_sobretensao,sem_sobretensao,True,True,False,0.0,0.0,0,0,0,0,False,,[null]
leader_follower,C0,1,pv1,824,-0.0,-0.0,0.0,0.0,1.043519497117978,1.043519497117978,1.0450764055625157,1.0505970903489994,2.0,False,0.0,,0.0,sem_sobretensao,sem_sobretensao,True,True,False,0.0,0.0,0,0,0,0,False,,[null]
leader_follower,C0,1,pv3,828,-0.0,-0.0,0.0,0.0,1.0433884847070511,1.0433884847070511,1.0450764055625157,1.0505970903489994,3.0,False,0.0,,0.0,sem_sobretensao,sem_sobretensao,True,True,False,0.0,0.0,0,0,0,0,False,,[null]
leader_follower,C0,1,pv4,830,-0.0,-0.0,0.0,0.0,1.0402421909746427,1.0402421909746427,1.0450764055625157,1.0505970903489994,4.0,False,0.0,,0.0,sem_sobretensao,sem_sobretensao,True,True,False,0.0,0.0,0,0,0,0,False,,[null]
leader_follower,C0,1,pv5,850,-0.0,-0.0,0.0,0.0,1.0450764055625157,1.0450764055625157,1.0450764055625157,1.0505970903489994,5.0,False,0.0,,0.0,sem_sobretensao,sem_sobretensao,True,True,False,0.0,0.0,0,0,0,0,False,,[null]
leader_follower,C0,1,pv6,832,-0.0,-0.0,0.0,0.0,1.0350550780786294,1.0350550780786294,1.0450764055625157,1.0505970903489994,6.0,False,0.0,,0.0,sem_sobretensao,sem_sobretensao,True,True,False,0.0,0.0,0,0,0,0,False,,[null]
leader_follower,C0,2,pv2,816,-0.0,-0.0,0.0,0.0,1.0449571701348623,1.0449571701348623,1.0450072554978003,1.0505949800956955,1.0,True,0.0,,0.0,sem_sobretensao,sem_sobretensao,True,True,False,0.0,0.0,0,0,0,0,False,,[null]
leader_follower,C0,2,pv1,824,-0.0,-0.0,0.0,0.0,1.0434413812534846,1.0434413812534846,1.0450072554978003,1.0505949800956955,2.0,False,0.0,,0.0,sem_sobretensao,sem_sobretensao,True,True,False,0.0,0.0,0,0,0,0,False,,[null]
leader_follower,C0,2,pv3,828,-0.0,-0.0,0.0,0.0,1.0433096369965242,1.0433096369965242,1.0450072554978003,1.0505949800956955,3.0,False,0.0,,0.0,sem_sobretensao,sem_sobretensao,True,True,False,0.0,0.0,0,0,0,0,False,,[null]
leader_follower,C0,2,pv4,830,-0.0,-0.0,0.0,0.0,1.0401456464219774,1.0401456464219774,1.0450072554978003,1.0505949800956955,4.0,False,0.0,,0.0,sem_sobretensao,sem_sobretensao,True,True,False,0.0,0.0,0,0,0,0,False,,[null]
leader_follower,C0,2,pv5,850,-0.0,-0.0,0.0,0.0,1.0450072554978003,1.0450072554978003,1.0450072554978003,1.0505949800956955,5.0,False,0.0,,0.0,sem_sobretensao,sem_sobretensao,True,True,False,0.0,0.0,0,0,0,0,False,,[null]
leader_follower,C0,2,pv6,832,-0.0,-0.0,0.0,0.0,1.0349271785104095,1.0349271785104095,1.0450072554978003,1.0505949800956955,6.0,False,0.0,,0.0,sem_sobretensao,sem_sobretensao,True,True,False,0.0,0.0,0,0,0,0,False,,[null]
leader_follower,C0,3,pv2,816,-0.0,-0.0,0.0,0.0,1.0449571021647746,1.0449571021647746,1.0450071878057714,1.0505949776249717,1.0,True,0.0,,0.0,sem_sobretensao,sem_sobretensao,True,True,False,0.0,0.0,0,0,0,0,False,,[null]
leader_follower,C0,3,pv1,824,-0.0,-0.0,0.0,0.0,1.043441305274198,1.043441305274198,1.0450071878057714,1.0505949776249717,2.0,False,0.0,,0.0,sem_sobretensao,sem_sobretensao,True,True,False,0.0,0.0,0,0,0,0,False,,[null]
leader_follower,C0,3,pv3,828,-0.0,-0.0,0.0,0.0,1.043309560339792,1.043309560339792,1.0450071878057714,1.0505949776249717,3.0,False,0.0,,0.0,sem_sobretensao,sem_sobretensao,True,True,False,0.0,0.0,0,0,0,0,False,,[null]
leader_follower,C0,3,pv4,830,-0.0,-0.0,0.0,0.0,1.0401455535283302,1.0401455535283302,1.0450071878057714,1.0505949776249717,4.0,False,0.0,,0.0,sem_sobretensao,sem_sobretensao,True,True,False,0.0,0.0,0,0,0,0,False,,[null]
leader_follower,C0,3,pv5,850,-0.0,-0.0,0.0,0.0,1.0450071878057714,1.0450071878057714,1.0450071878057714,1.0505949776249717,5.0,False,0.0,,0.0,sem_sobretensao,sem_sobretensao,True,True,False,0.0,0.0,0,0,0,0,False,,[null]
leader_follower,C0,3,pv6,832,-0.0,-0.0,0.0,0.0,1.0349270553472671,1.0349270553472671,1.0450071878057714,1.0505949776249717,6.0,False,0.0,,0.0,sem_sobretensao,sem_sobretensao,True,True,False,0.0,0.0,0,0,0,0,False,,[null]
leader_follower,C0,4,pv2,816,-0.0,-0.0,0.0,0.0,1.045026523122921,1.045026523122921,1.045076338566197,1.0505970879234294,1.0,True,0.0,,0.0,sem_sobretensao,sem_sobretensao,True,True,False,0.0,0.0,0,0,0,0,False,,[null]
leader_follower,C0,4,pv1,824,-0.0,-0.0,0.0,0.0,1.0435194219130084,1.0435194219130084,1.045076338566197,1.0505970879234294,2.0,False,0.0,,0.0,sem_sobretensao,sem_sobretensao,True,True,False,0.0,0.0,0,0,0,0,False,,[null]
leader_follower,C0,4,pv3,828,-0.0,-0.0,0.0,0.0,1.0433884088314556,1.0433884088314556,1.045076338566197,1.0505970879234294,3.0,False,0.0,,0.0,sem_sobretensao,sem_sobretensao,True,True,False,0.0,0.0,0,0,0,0,False,,[null]
leader_follower,C0,4,pv4,830,-0.0,-0.0,0.0,0.0,1.0402420990252506,1.0402420990252506,1.045076338566197,1.0505970879234294,4.0,False,0.0,,0.0,sem_sobretensao,sem_sobretensao,True,True,False,0.0,0.0,0,0,0,0,False,,[null]
leader_follower,C0,4,pv5,850,-0.0,-0.0,0.0,0.0,1.045076338566197,1.045076338566197,1.045076338566197,1.0505970879234294,5.0,False,0.0,,0.0,sem_sobretensao,sem_sobretensao,True,True,False,0.0,0.0,0,0,0,0,False,,[null]
leader_follower,C0,4,pv6,832,-0.0,-0.0,0.0,0.0,1.035054956170032,1.035054956170032,1.045076338566197,1.0505970879234294,6.0,False,0.0,,0.0,sem_sobretensao,sem_sobretensao,True,True,False,0.0,0.0,0,0,0,0,False,,[null]
leader_follower,C0,5,pv2,816,-0.0,-0.0,0.0,0.0,1.046437942275659,1.046437942275659,1.0464804756969757,1.05063939179868,1.0,True,0.0,,0.0,sem_sobretensao,sem_sobretensao,True,True,False,0.0,0.0,0,0,0,0,False,,[null]
leader_follower,C0,5,pv1,824,-0.0,-0.0,0.0,0.0,1.0450850714048536,1.0450850714048536,1.0464804756969757,1.05063939179868,2.0,False,0.0,,0.0,sem_sobretensao,sem_sobretensao,True,True,False,0.0,0.0,0,0,0,0,False,,[null]
leader_follower,C0,5,pv3,828,-0.0,-0.0,0.0,0.0,1.044968726726859,1.044968726726859,1.0464804756969757,1.05063939179868,3.0,False,0.0,,0.0,sem_sobretensao,sem_sobretensao,True,True,False,0.0,0.0,0,0,0,0,False,,[null]
leader_follower,C0,5,pv4,830,-0.0,-0.0,0.0,0.0,1.0421771197491476,1.0421771197491476,1.0464804756969757,1.05063939179868,4.0,False,0.0,,0.0,sem_sobretensao,sem_sobretensao,True,True,False,0.0,0.0,0,0,0,0,False,,[null]
leader_follower,C0,5,pv5,850,-0.0,-0.0,0.0,0.0,1.0464804756969757,1.0464804756969757,1.0464804756969757,1.05063939179868,5.0,False,0.0,,0.0,sem_sobretensao,sem_sobretensao,True,True,False,0.0,0.0,0,0,0,0,False,,[null]
leader_follower,C0,5,pv6,832,-0.0,-0.0,0.0,0.0,1.0376184354041749,1.0376184354041749,1.0464804756969757,1.05063939179868,6.0,False,0.0,,0.0,sem_sobretensao,sem_sobretensao,True,True,False,0.0,0.0,0,0,0,0,False,,[null]
leader_follower,C0,6,pv2,816,15.625241782068514,15.625241782068514,0.0,0.0,1.0483407437819094,1.0483407437819094,1.0483782454548018,1.0506384889471005,1.0,True,0.0,0.0,0.0,sem_sobretensao,sem_sobretensao,True,True,False,0.0,0.0,0,0,0,0,False,0.0,[0.0]
leader_follower,C0,6,pv1,824,18.7503236717592,18.7503236717592,0.0,0.0,1.0471579048369506,1.0471579048369506,1.0483782454548018,1.0506384889471005,2.0,False,0.0,0.0,0.0,sem_sobretensao,sem_sobretensao,True,True,False,0.0,0.0,0,0,0,0,False,0.0,[0.0]
leader_follower,C0,6,pv3,828,12.500217712144039,12.500217712144039,0.0,0.0,1.0470455387298745,1.0470455387298745,1.0483782454548018,1.0506384889471005,3.0,False,0.0,0.0,0.0,sem_sobretensao,sem_sobretensao,True,True,False,0.0,0.0,0,0,0,0,False,0.0,[0.0]
leader_follower,C0,6,pv4,830,16.250349249231203,16.250349249231203,0.0,0.0,1.0442222095150686,1.0442222095150686,1.0483782454548018,1.0506384889471005,4.0,False,0.0,0.0,0.0,sem_sobretensao,sem_sobretensao,True,True,False,0.0,0.0,0,0,0,0,False,0.0,[0.0]
leader_follower,C0,6,pv5,850,11.250173385025839,11.250173385025839,0.0,0.0,1.0483782454548018,1.0483782454548018,1.0483782454548018,1.0506384889471005,5.0,False,0.0,0.0,0.0,sem_sobretensao,sem_sobretensao,True,True,False,0.0,0.0,0,0,0,0,False,0.0,[0.0]
leader_follower,C0,6,pv6,832,14.375428037447017,14.375428037447017,0.0,0.0,1.0393165620198634,1.0393165620198634,1.0483782454548018,1.0506384889471005,6.0,False,0.0,0.0,0.0,sem_sobretensao,sem_sobretensao,True,True,False,0.0,0.0,0,0,0,0,False,0.0,[0.0]
leader_follower,C0,7,pv2,816,46.87517293313687,18.455680821504636,28.41949211163223,0.6062802386104562,1.0562538666391141,1.0504688714691195,1.0504982200107706,1.0507981265196211,1.0,True,0.0,0.6062802616679416,416.0,convergiu,convergiu,True,False,False,0.007382380446436261,0.007382380446436261,4992,4980,0,12,False,0.007382376309298853,[0.007382]
leader_follower,C0,7,pv1,824,56.25022149623055,22.897904125803038,33.352317370427514,0.5929277255439123,1.0558852978158424,1.0495359303128593,1.0504982200107706,1.0507981265196211,2.0,False,0.0,0.5929277518073867,416.0,convergiu,convergiu,True,False,False,0.007382380446436261,0.007382380446436261,4992,4980,0,12,False,0.007382376309298853,[0.007382]
leader_follower,C0,7,pv3,828,37.5001485947879,15.439227266999847,22.060921327788055,0.5882888775202993,1.0558243986090117,1.0494427011661474,1.0504982200107706,1.0507981265196211,3.0,False,0.0,0.5882889042966158,416.0,convergiu,convergiu,True,False,False,0.007382380446436261,0.007382380446436261,4992,4980,0,12,False,0.007382376309298853,[0.007382]
leader_follower,C0,7,pv4,830,48.75022589866941,20.170971649186434,28.57925424948298,0.5862383638151606,1.0539937130575454,1.0470524702222528,1.0504982200107706,1.0507981265196211,4.0,False,0.0,0.5862383962873702,416.0,convergiu,convergiu,True,False,False,0.007382380446436261,0.007382380446436261,4992,4980,0,12,False,0.007382376309298853,[0.007382]
leader_follower,C0,7,pv5,850,33.75012402307615,13.943011726423258,19.80711229665289,0.5868752206595398,1.056261646345798,1.0504982200107706,1.0504982200107706,1.0507981265196211,5.0,False,0.0,0.5868752447579176,416.0,convergiu,convergiu,True,False,False,0.007382380446436261,0.007382380446436261,4992,4980,0,12,False,0.007382376309298853,[0.007382]
leader_follower,C0,7,pv6,832,43.12526281682057,17.92071082889565,25.204551987924923,0.5844497737642156,1.0502737503980764,1.0428450292801588,1.0504982200107706,1.0507981265196211,6.0,False,0.0,0.5844498176158162,416.0,convergiu,convergiu,True,False,False,0.007382380446436261,0.007382380446436261,4992,4980,0,12,False,0.007382376309298853,[0.007382]
leader_follower,C0,8,pv2,816,85.41699502632197,37.56544365868102,47.85155136764095,0.5602110931387314,1.0600225763367859,1.050466918222564,1.0504970225951227,1.0507803139203222,1.0,True,0.0,0.5602111307345229,276.0,convergiu,convergiu,True,False,False,0.007722437937596008,0.007722437937596008,3312,3300,0,12,False,0.007722429747226453,[0.007722]
leader_follower,C0,8,pv1,824,102.50042162054595,46.495933226414095,56.004488394131855,0.5463829625052512,1.0599113578399997,1.0494220791974278,1.0504970225951227,1.0507803139203222,2.0,False,0.0,0.5463830051495701,276.0,convergiu,convergiu,True,False,False,0.007722437937596008,0.007722437937596008,3312,3300,0,12,False,0.007722429747226453,[0.007722]
leader_follower,C0,8,pv3,828,68.33361537062189,31.330017759488236,37.00359761113365,0.5415137840776213,1.0598511737175085,1.049308568356225,1.0504970225951227,1.0507803139203222,3.0,False,0.0,0.5415138275713465,276.0,convergiu,convergiu,True,False,False,0.007722437937596008,0.007722437937596008,3312,3300,0,12,False,0.007722429747226453,[0.007722]
leader_follower,C0,8,pv4,830,88.83371829877726,40.925156602154786,47.90856169662247,0.5393059949260256,1.0577281149378235,1.0462655720148955,1.0504970225951227,1.0507803139203222,4.0,False,0.0,0.5393060497084011,276.0,convergiu,convergiu,True,False,False,0.007722437937596008,0.007722437937596008,3312,3300,0,12,False,0.007722429747226453,[0.007722]
leader_follower,C0,8,pv5,850,61.50023550751222,28.293218391630354,33.20701711588187,0.5399493909699222,1.0600169249050502,1.0504970225951227,1.0504970225951227,1.0507803139203222,5.0,False,0.0,0.5399494301420301,276.0,convergiu,convergiu,True,False,False,0.007722437937596008,0.007722437937596008,3312,3300,0,12,False,0.007722429747226453,[0.007722]
leader_follower,C0,8,pv6,832,78.58368114013177,36.36008096200201,42.223600178129765,0.5373074066077044,1.0527861134322627,1.0405308722722835,1.0504970225951227,1.0507803139203222,6.0,False,0.0,0.5373074863066788,276.0,convergiu,convergiu,True,False,False,0.007722437937596008,0.007722437937596008,3312,3300,0,12,False,0.007722429747226453,[0.007722]
leader_follower,C0,9,pv2,816,109.37601264300147,43.72458769942149,65.65142494357998,0.6002360019691304,1.0634560304942977,1.0504644495724238,1.0504948055902315,1.050772128124528,1.0,True,0.0,0.6002360422285951,239.0,convergiu,convergiu,True,False,False,0.007923214322992464,0.007923214322992464,2868,2856,0,12,False,0.00792320465865966,[0.007923]
leader_follower,C0,9,pv1,824,131.25131019989445,54.31984028455444,76.93146991534002,0.5861386357735591,1.0636450079333033,1.0493834187722346,1.0504948055902315,1.050772128124528,2.0,False,0.0,0.5861386815733431,239.0,convergiu,convergiu,True,False,False,0.007923214322992464,0.007923214322992464,2868,2856,0,12,False,0.00792320465865966,[0.007923]
leader_follower,C0,9,pv3,828,87.50087674079644,36.6511154465362,50.84976129426024,0.5811342593765605,1.0635972310696409,1.0492632554840047,1.0504948055902315,1.050772128124528,3.0,False,0.0,0.5811343061726378,239.0,convergiu,convergiu,True,False,False,0.007923214322992464,0.007923214322992464,2868,2856,0,12,False,0.00792320465865966,[0.007923]
leader_follower,C0,9,pv4,830,113.75120216707137,47.908750778778725,65.84245138829264,0.5788285601804355,1.0615841257131777,1.0460050304195845,1.0504948055902315,1.050772128124528,4.0,False,0.0,0.5788286201282247,239.0,convergiu,convergiu,True,False,False,0.007923214322992464,0.007923214322992464,2868,2856,0,12,False,0.00792320465865966,[0.007923]
leader_follower,C0,9,pv5,850,78.75072627094873,33.116863842394245,45.63386242855449,0.5794722317814812,1.0634377079513795,1.0504948055902315,1.0504948055902315,1.050772128124528,5.0,False,0.0,0.5794722739641436,239.0,convergiu,convergiu,True,False,False,0.007923214322992464,0.007923214322992464,2868,2856,0,12,False,0.00792320465865966,[0.007923]
leader_follower,C0,9,pv6,832,100.62608218796927,42.59576505621691,58.03031713175236,0.5766925117476018,1.0564042279936148,1.0397640959605134,1.0504948055902315,1.050772128124528,6.0,False,0.0,0.5766926016591988,239.0,convergiu,convergiu,True,False,False,0.007923214322992464,0.007923214322992464,2868,2856,0,12,False,0.00792320465865966,[0.007923]
leader_follower,C0,10,pv2,816,122.91832389902848,50.059815415532185,72.8585084834963,0.5927391539657298,1.064798881838376,1.0504633877795826,1.0504939807489024,1.0507642357973936,1.0,True,0.0,0.5927391960156084,220.0,convergiu,convergiu,True,False,False,0.008045631680927964,0.008045631680927964,2640,2628,0,12,False,0.008045620683834298,[0.008046]
leader_follower,C0,10,pv1,824,147.50215559483445,62.17576905751372,85.32638653732073,0.5784754747895076,1.0650831806735463,1.0493457520968146,1.0504939807489024,1.0507642357973936,2.0,False,0.0,0.5784755225659148,220.0,convergiu,convergiu,True,False,False,0.008045631680927964,0.008045631680927964,2640,2628,0,12,False,0.008045620683834298,[0.008046]
leader_follower,C0,10,pv3,828,98.33477603388911,41.95063139531687,56.384144638572245,0.57338961972499,1.06503615418971,1.049218888551185,1.0504939807489024,1.0507642357973936,3.0,False,0.0,0.5733896685658854,220.0,convergiu,convergiu,True,False,False,0.008045631680927964,0.008045631680927964,2640,2628,0,12,False,0.008045620683834298,[0.008046]
leader_follower,C0,10,pv4,830,127.83531267858876,54.83811249478918,72.99720018379958,0.571025255083911,1.0629336662230193,1.0457444919892194,1.0504939807489024,1.0507642357973936,4.0,False,0.0,0.5710253188595356,220.0,convergiu,convergiu,True,False,False,0.008045631680927964,0.008045631680927964,2640,2628,0,12,False,0.008045620683834298,[0.008046]
leader_follower,C0,10,pv5,850,88.50118857078026,37.90780728815671,50.59338128262355,0.5716689029965759,1.0647757081673983,1.0504939807489024,1.0504939807489024,1.0507642357973936,5.0,False,0.0,0.5716689470465209,220.0,convergiu,convergiu,True,False,False,0.008045631680927964,0.008045631680927964,2640,2628,0,12,False,0.008045620683834298,[0.008046]
leader_follower,C0,10,pv6,832,113.08509814042606,48.76155358947578,64.32354455095027,0.5688064512885695,1.0573508146318207,1.0389965364721823,1.0504939807489024,1.0507642357973936,6.0,False,0.0,0.5688065501882044,220.0,convergiu,convergiu,True,False,False,0.008045631680927964,0.008045631680927964,2640,2628,0,12,False,0.008045620683834298,[0.008046]
leader_follower,C0,11,pv2,816,125.00095778770094,69.76538837434694,55.235569413354,0.4418811286913331,1.0612357748380032,1.0504614550323526,1.050492708095835,1.050739727900373,1.0,True,0.0,0.44188116948003675,200.0,convergiu,convergiu,True,False,False,0.008035547274228427,0.008035547274228427,2400,2388,0,12,False,0.008035532995378743,[0.008036]
leader_follower,C0,11,pv1,824,150.00123635284774,85.85480052060421,64.14643583224353,0.427639335130233,1.0610597797501014,1.0492321266234832,1.050492708095835,1.050739727900373,2.0,False,0.0,0.4276393807938485,200.0,convergiu,convergiu,True,False,False,0.008035547274228427,0.008035547274228427,2400,2388,0,12,False,0.008035532995378743,[0.008036]
leader_follower,C0,11,pv3,828,100.00082662186985,57.74451678964282,42.256309832227025,0.4225595586968994,1.0609726002163336,1.049084958821299,1.050492708095835,1.050739727900373,3.0,False,0.0,0.42255960535215925,200.0,convergiu,convergiu,True,False,False,0.008035547274228427,0.008035547274228427,2400,2388,0,12,False,0.008035532995378743,[0.008036]
leader_follower,C0,11,pv4,830,130.0010994471981,75.37510118773008,54.62599825946802,0.4201963665117623,1.057877956047519,1.0449581539938297,1.050492708095835,1.050739727900373,4.0,False,0.0,0.42019643288982483,200.0,convergiu,convergiu,True,False,False,0.008035547274228427,0.008035547274228427,2400,2388,0,12,False,0.008035532995378743,[0.008036]
leader_follower,C0,11,pv5,850,90.00068691648583,52.12493722907119,37.87574968741464,0.4208384090256706,1.061226554800487,1.050492708095835,1.050492708095835,1.050739727900373,5.0,False,0.0,0.42083845118382945,200.0,convergiu,convergiu,True,False,False,0.008035547274228427,0.008035547274228427,2400,2388,0,12,False,0.008035532995378743,[0.008036]
leader_follower,C0,11,pv6,832,115.00090957462317,66.93322616241772,48.06768341220544,0.41797643250914074,1.0504893449461785,1.0366862075181373,1.050492708095835,1.050739727900373,6.0,False,0.0,0.417976549837762,200.0,convergiu,convergiu,True,False,False,0.008035547274228427,0.008035547274228427,2400,2388,0,12,False,0.008035532995378743,[0.008036]
leader_follower,C0,12,pv2,816,114.58396798583126,73.24745995008276,41.33650803574851,0.3607529417319923,1.058475998165189,1.0504616209146387,1.0504929722013303,1.0507356298031252,1.0,True,0.0,0.3607529810877201,198.0,convergiu,convergiu,True,False,False,0.0079320533011349,0.0079320533011349,2376,2364,0,12,False,0.007932038666575235,[0.007932]
leader_follower,C0,12,pv1,824,137.50081196563065,89.83556000548309,47.66525196014756,0.34665428698868844,1.0580095023069453,1.0492130549890621,1.0504929722013303,1.0507356298031252,2.0,False,0.0,0.3466543308272379,198.0,convergiu,convergiu,True,False,False,0.0079320533011349,0.0079320533011349,2376,2364,0,12,False,0.007932038666575235,[0.007932]
leader_follower,C0,12,pv3,828,91.6672099963136,60.349734662415926,31.317475333897676,0.34164311569235817,1.0579033716728965,1.0490624372048634,1.0504929722013303,1.0507356298031252,3.0,False,0.0,0.34164316046225374,198.0,convergiu,convergiu,True,False,False,0.0079320533011349,0.0079320533011349,2376,2364,0,12,False,0.007932038666575235,[0.007932]
leader_follower,C0,12,pv4,830,119.16742098534505,78.73052540405092,40.436895581294124,0.3393283792044276,1.0544313945130956,1.04482557215491,1.0504929722013303,1.0507356298031252,4.0,False,0.0,0.33932844435952814,198.0,convergiu,convergiu,True,False,False,0.0079320533011349,0.0079320533011349,2376,2364,0,12,False,0.007932038666575235,[0.007932]
leader_follower,C0,12,pv5,850,82.50045515603131,54.452771415833595,28.047683740197712,0.3399700080209552,1.0584772348759417,1.0504929722013303,1.0504929722013303,1.0507356298031252,5.0,False,0.0,0.3399700484942991,198.0,convergiu,convergiu,True,False,False,0.0079320533011349,0.0079320533011349,2376,2364,0,12,False,0.007932038666575235,[0.007932]
leader_follower,C0,12,pv6,832,105.41738657886395,69.87315562425049,35.54423095461347,0.3371760541634416,1.0465580381174733,1.0362984048896229,1.0504929722013303,1.0507356298031252,6.0,False,0.0,0.33717617281303425,198.0,convergiu,convergiu,True,False,False,0.0079320533011349,0.0079320533011349,2376,2364,0,12,False,0.007932038666575235,[0.007932]
leader_follower,C0,13,pv2,816,91.66698454574532,67.0910005987954,24.57598394694992,0.26810067188964914,1.0551908300569077,1.0504684463164018,1.0504995469371559,1.0507463364339251,1.0,True,0.0,0.26810071334555097,202.0,convergiu,convergiu,True,False,False,0.007811807299594249,0.007811807299594249,2424,2412,0,12,False,0.007811793929276402,[0.007812]
leader_follower,C0,13,pv1,824,110.00040463969411,82.04582257061509,27.954582069079024,0.2541315832708426,1.0544374799419045,1.0492559887507682,1.0504995469371559,1.0507463364339251,2.0,False,0.0,0.25413162943031115,202.0,convergiu,convergiu,True,False,False,0.007811807299594249,0.007811807299594249,2424,2412,0,12,False,0.007811793929276402,[0.007812]
leader_follower,C0,13,pv3,828,73.33360457801268,55.05856548886379,18.27503908914889,0.24920410969923712,1.0543195761108264,1.0491120037362602,1.0504995469371559,1.0507463364339251,3.0,False,0.0,0.24920415673428142,202.0,convergiu,convergiu,True,False,False,0.007811807299594249,0.007811807299594249,2424,2412,0,12,False,0.007811793929276402,[0.007812]
leader_follower,C0,13,pv4,830,95.33373729672059,71.78990134434625,23.543835952374337,0.24696220182028178,1.0507455019812197,1.0450896124670104,1.0504995469371559,1.0507463364339251,4.0,False,0.0,0.24696226771321833,202.0,convergiu,convergiu,True,False,False,0.007811807299594249,0.007811807299594249,2424,2412,0,12,False,0.007811793929276402,[0.007812]
leader_follower,C0,13,pv5,850,66.00022796748075,49.657930797735986,16.342297169744768,0.24760966547436308,1.0552041870423023,1.0504995469371559,1.0504995469371559,1.0507463364339251,5.0,False,0.0,0.24760970792096126,202.0,convergiu,convergiu,True,False,False,0.007811807299594249,0.007811807299594249,2424,2412,0,12,False,0.007811793929276402,[0.007812]
leader_follower,C0,13,pv6,832,84.33378929622269,63.67852994421439,20.6552593520083,0.244922585789885,1.0431065536071762,1.0370669517716287,1.0504995469371559,1.0507463364339251,6.0,False,0.0,0.24492269971952332,202.0,convergiu,convergiu,True,False,False,0.007811807299594249,0.007811807299594249,2424,2412,0,12,False,0.007811793929276402,[0.007812]
leader_follower,C0,14,pv2,816,62.500202036792324,51.126786955216225,11.373415081576098,0.18197401124456553,1.052613622673743,1.0504667243523327,1.0504972690381766,1.0507654135637945,1.0,True,0.0,0.1819740530579541,208.0,convergiu,convergiu,True,False,False,0.007504544375745774,0.007504544375745774,2496,2484,0,12,False,0.00750453425464037,[0.007505]
leader_follower,C0,14,pv1,824,75.0002597711075,62.366236522718836,12.634023248388658,0.16845301321571168,1.0516996381768613,1.049345191541399,1.0504972690381766,1.0507654135637945,2.0,False,0.0,0.16845305985534317,208.0,convergiu,convergiu,True,False,False,0.007504544375745774,0.007504544375745774,2496,2484,0,12,False,0.00750453425464037,[0.007505]
leader_follower,C0,14,pv3,828,50.00017433941576,41.81360998815133,8.18656435126443,0.16373066874901807,1.051584134810558,1.0492179271579045,1.0504972690381766,1.0507654135637945,3.0,False,0.0,0.16373071613094076,208.0,convergiu,convergiu,True,False,False,0.007504544375745774,0.007504544375745774,2496,2484,0,12,False,0.00750453425464037,[0.007505]
leader_follower,C0,14,pv4,830,65.00026909997537,54.49475580165074,10.50551329832463,0.16162255052776142,1.0483035674198338,1.0457352222178846,1.0504972690381766,1.0507654135637945,4.0,False,0.0,0.16162261239513254,208.0,convergiu,convergiu,True,False,False,0.007504544375745774,0.007504544375745774,2496,2484,0,12,False,0.00750453425464037,[0.007505]
leader_follower,C0,14,pv5,850,45.000144889099495,37.69834167806973,7.301803211029764,0.16226172848417286,1.052636095310058,1.0504972690381766,1.0504972690381766,1.0507654135637945,5.0,False,0.0,0.16226177113484136,208.0,convergiu,convergiu,True,False,False,0.007504544375745774,0.007504544375745774,2496,2484,0,12,False,0.00750453425464037,[0.007505]
leader_follower,C0,14,pv6,832,57.50032215868889,48.31424004801828,9.186082110670611,0.15975695865550466,1.041720637172994,1.0389786529351221,1.0504972690381766,1.0507654135637945,6.0,False,0.0,0.15975705467038848,208.0,convergiu,convergiu,True,False,False,0.007504544375745774,0.007504544375745774,2496,2484,0,12,False,0.00750453425464037,[0.007505]
leader_follower,C0,15,pv2,816,28.124947766574152,28.124947766574152,0.0,0.0,1.0386370242018128,1.0386370242018128,1.0387127583071323,1.050295510013479,1.0,True,0.0,0.0,0.0,sem_sobretensao,sem_sobretensao,True,True,False,0.0,0.0,0,0,0,0,False,0.0,[0.0]
leader_follower,C0,15,pv1,824,33.74993265053655,33.74993265053655,0.0,0.0,1.0361657626156477,1.0361657626156477,1.0387127583071323,1.050295510013479,2.0,False,0.0,0.0,0.0,sem_sobretensao,sem_sobretensao,True,True,False,0.0,0.0,0,0,0,0,False,0.0,[0.0]
leader_follower,C0,15,pv3,828,22.499954830593076,22.499954830593076,0.0,0.0,1.035937848261674,1.035937848261674,1.0387127583071323,1.050295510013479,3.0,False,0.0,0.0,0.0,sem_sobretensao,sem_sobretensao,True,True,False,0.0,0.0,0,0,0,0,False,0.0,[0.0]
leader_follower,C0,15,pv4,830,29.24993234500854,29.24993234500854,0.0,0.0,1.0302157541150596,1.0302157541150596,1.0387127583071323,1.050295510013479,4.0,False,0.0,0.0,0.0,sem_sobretensao,sem_sobretensao,True,True,False,0.0,0.0,0,0,0,0,False,0.0,[0.0]
leader_follower,C0,15,pv5,850,20.24996254361569,20.24996254361569,0.0,0.0,1.0387127583071323,1.0387127583071323,1.0387127583071323,1.050295510013479,5.0,False,0.0,0.0,0.0,sem_sobretensao,sem_sobretensao,True,True,False,0.0,0.0,0,0,0,0,False,0.0,[0.0]
leader_follower,C0,15,pv6,832,25.874924481797052,25.874924481797052,0.0,0.0,1.0199321297341652,1.0199321297341652,1.0387127583071323,1.050295510013479,6.0,False,0.0,0.0,0.0,sem_sobretensao,sem_sobretensao,True,True,False,0.0,0.0,0,0,0,0,False,0.0,[0.0]
leader_follower,C0,16,pv2,816,3.125032294596522,3.125032294596522,0.0,0.0,1.0394703803118934,1.0394703803118934,1.0395419414769753,1.0504162382879947,1.0,True,0.0,0.0,0.0,sem_sobretensao,sem_sobretensao,True,True,False,0.0,0.0,0,0,0,0,False,0.0,[0.0]
leader_follower,C0,16,pv1,824,3.7500421409590907,3.7500421409590907,0.0,0.0,1.0372492372289956,1.0372492372289956,1.0395419414769753,1.0504162382879947,2.0,False,0.0,0.0,0.0,sem_sobretensao,sem_sobretensao,True,True,False,0.0,0.0,0,0,0,0,False,0.0,[0.0]
leader_follower,C0,16,pv3,828,2.5000282767908493,2.5000282767908493,0.0,0.0,1.0370563779560682,1.0370563779560682,1.0395419414769753,1.0504162382879947,3.0,False,0.0,0.0,0.0,sem_sobretensao,sem_sobretensao,True,True,False,0.0,0.0,0,0,0,0,False,0.0,[0.0]
leader_follower,C0,16,pv4,830,3.250042548739784,3.250042548739784,0.0,0.0,1.0323888508528627,1.0323888508528627,1.0395419414769753,1.0504162382879947,4.0,False,0.0,0.0,0.0,sem_sobretensao,sem_sobretensao,True,True,False,0.0,0.0,0,0,0,0,False,0.0,[0.0]
leader_follower,C0,16,pv5,850,2.2500231591706967,2.2500231591706967,0.0,0.0,1.0395419414769753,1.0395419414769753,1.0395419414769753,1.0504162382879947,5.0,False,0.0,0.0,0.0,sem_sobretensao,sem_sobretensao,True,True,False,0.0,0.0,0,0,0,0,False,0.0,[0.0]
leader_follower,C0,16,pv6,832,2.8750471329312144,2.8750471329312144,0.0,0.0,1.024446903547255,1.024446903547255,1.0395419414769753,1.0504162382879947,6.0,False,0.0,0.0,0.0,sem_sobretensao,sem_sobretensao,True,True,False,0.0,0.0,0,0,0,0,False,0.0,[0.0]
leader_follower,C0,17,pv2,816,-0.0,-0.0,0.0,0.0,1.0319530456641133,1.0319530456641133,1.0320537436109638,1.0501995250985579,1.0,True,0.0,,0.0,sem_sobretensao,sem_sobretensao,True,True,False,0.0,0.0,0,0,0,0,False,,[null]
leader_follower,C0,17,pv1,824,-0.0,-0.0,0.0,0.0,1.0288097422283975,1.0288097422283975,1.0320537436109638,1.0501995250985579,2.0,False,0.0,,0.0,sem_sobretensao,sem_sobretensao,True,True,False,0.0,0.0,0,0,0,0,False,,[null]
leader_follower,C0,17,pv3,828,-0.0,-0.0,0.0,0.0,1.0285410077167667,1.0285410077167667,1.0320537436109638,1.0501995250985579,3.0,False,0.0,,0.0,sem_sobretensao,sem_sobretensao,True,True,False,0.0,0.0,0,0,0,0,False,,[null]
leader_follower,C0,17,pv4,830,-0.0,-0.0,0.0,0.0,1.0220651174905713,1.0220651174905713,1.0320537436109638,1.0501995250985579,4.0,False,0.0,,0.0,sem_sobretensao,sem_sobretensao,True,True,False,0.0,0.0,0,0,0,0,False,,[null]
leader_follower,C0,17,pv5,850,-0.0,-0.0,0.0,0.0,1.0320537436109638,1.0320537436109638,1.0320537436109638,1.0501995250985579,5.0,False,0.0,,0.0,sem_sobretensao,sem_sobretensao,True,True,False,0.0,0.0,0,0,0,0,False,,[null]
leader_follower,C0,17,pv6,832,-0.0,-0.0,0.0,0.0,1.0109757984235852,1.0109757984235852,1.0320537436109638,1.0501995250985579,6.0,False,0.0,,0.0,sem_sobretensao,sem_sobretensao,True,True,False,0.0,0.0,0,0,0,0,False,,[null]
leader_follower,C0,18,pv2,816,-0.0,-0.0,0.0,0.0,1.0353684495010183,1.0353684495010183,1.0354558554930642,1.0503034017860868,1.0,True,0.0,,0.0,sem_sobretensao,sem_sobretensao,True,True,False,0.0,0.0,0,0,0,0,False,,[null]
leader_follower,C0,18,pv1,824,-0.0,-0.0,0.0,0.0,1.0326523500430973,1.0326523500430973,1.0354558554930642,1.0503034017860868,2.0,False,0.0,,0.0,sem_sobretensao,sem_sobretensao,True,True,False,0.0,0.0,0,0,0,0,False,,[null]
leader_follower,C0,18,pv3,828,-0.0,-0.0,0.0,0.0,1.0324195763808064,1.0324195763808064,1.0354558554930642,1.0503034017860868,3.0,False,0.0,,0.0,sem_sobretensao,sem_sobretensao,True,True,False,0.0,0.0,0,0,0,0,False,,[null]
leader_follower,C0,18,pv4,830,-0.0,-0.0,0.0,0.0,1.02681295674242,1.02681295674242,1.0354558554930642,1.0503034017860868,4.0,False,0.0,,0.0,sem_sobretensao,sem_sobretensao,True,True,False,0.0,0.0,0,0,0,0,False,,[null]
leader_follower,C0,18,pv5,850,-0.0,-0.0,0.0,0.0,1.0354558554930642,1.0354558554930642,1.0354558554930642,1.0503034017860868,5.0,False,0.0,,0.0,sem_sobretensao,sem_sobretensao,True,True,False,0.0,0.0,0,0,0,0,False,,[null]
leader_follower,C0,18,pv6,832,-0.0,-0.0,0.0,0.0,1.017265056101975,1.017265056101975,1.0354558554930642,1.0503034017860868,6.0,False,0.0,,0.0,sem_sobretensao,sem_sobretensao,True,True,False,0.0,0.0,0,0,0,0,False,,[null]
leader_follower,C0,19,pv2,816,-0.0,-0.0,0.0,0.0,1.012463803494029,1.012463803494029,1.0126403397694483,1.0496066048479267,1.0,True,0.0,,0.0,sem_sobretensao,sem_sobretensao,True,True,False,0.0,0.0,0,0,0,0,False,,[null]
leader_follower,C0,19,pv1,824,-0.0,-0.0,0.0,0.0,1.0068862241138112,1.0068862241138112,1.0126403397694483,1.0496066048479267,2.0,False,0.0,,0.0,sem_sobretensao,sem_sobretensao,True,True,False,0.0,0.0,0,0,0,0,False,,[null]
leader_follower,C0,19,pv3,828,-0.0,-0.0,0.0,0.0,1.00641255022254,1.00641255022254,1.0126403397694483,1.0496066048479267,3.0,False,0.0,,0.0,sem_sobretensao,sem_sobretensao,True,True,False,0.0,0.0,0,0,0,0,False,,[null]
leader_follower,C0,19,pv4,830,-0.0,-0.0,0.0,0.0,0.9949844738133675,0.9949844738133675,1.0126403397694483,1.0496066048479267,4.0,False,0.0,,0.0,sem_sobretensao,sem_sobretensao,True,True,False,0.0,0.0,0,0,0,0,False,,[null]
leader_follower,C0,19,pv5,850,-0.0,-0.0,0.0,0.0,1.0126403397694483,1.0126403397694483,1.0126403397694483,1.0496066048479267,5.0,False,0.0,,0.0,sem_sobretensao,sem_sobretensao,True,True,False,0.0,0.0,0,0,0,0,False,,[null]
leader_follower,C0,19,pv6,832,-0.0,-0.0,0.0,0.0,0.9751062275735913,0.9751062275735913,1.0126403397694483,1.0496066048479267,6.0,False,0.0,,0.0,sem_sobretensao,sem_sobretensao,True,True,False,0.0,0.0,0,0,0,0,False,,[null]
leader_follower,C0,20,pv2,816,-0.0,-0.0,0.0,0.0,1.0078351504741658,1.0078351504741658,1.008029696164423,1.0494657402550034,1.0,True,0.0,,0.0,sem_sobretensao,sem_sobretensao,True,True,False,0.0,0.0,0,0,0,0,False,,[null]
leader_follower,C0,20,pv1,824,-0.0,-0.0,0.0,0.0,1.0016803252824402,1.0016803252824402,1.008029696164423,1.0494657402550034,2.0,False,0.0,,0.0,sem_sobretensao,sem_sobretensao,True,True,False,0.0,0.0,0,0,0,0,False,,[null]
leader_follower,C0,20,pv3,828,-0.0,-0.0,0.0,0.0,1.001158047785484,1.001158047785484,1.008029696164423,1.0494657402550034,3.0,False,0.0,,0.0,sem_sobretensao,sem_sobretensao,True,True,False,0.0,0.0,0,0,0,0,False,,[null]
leader_follower,C0,20,pv4,830,-0.0,-0.0,0.0,0.0,0.9885559519361026,0.9885559519361026,1.008029696164423,1.0494657402550034,4.0,False,0.0,,0.0,sem_sobretensao,sem_sobretensao,True,True,False,0.0,0.0,0,0,0,0,False,,[null]
leader_follower,C0,20,pv5,850,-0.0,-0.0,0.0,0.0,1.008029696164423,1.008029696164423,1.008029696164423,1.0494657402550034,5.0,False,0.0,,0.0,sem_sobretensao,sem_sobretensao,True,True,False,0.0,0.0,0,0,0,0,False,,[null]
leader_follower,C0,20,pv6,832,-0.0,-0.0,0.0,0.0,0.9665920784800833,0.9665920784800833,1.008029696164423,1.0494657402550034,6.0,False,0.0,,0.0,sem_sobretensao,sem_sobretensao,True,True,False,0.0,0.0,0,0,0,0,False,,[null]
leader_follower,C0,21,pv2,816,-0.0,-0.0,0.0,0.0,1.0061895964378376,1.0061895964378376,1.0063905442901249,1.0494156571369113,1.0,True,0.0,,0.0,sem_sobretensao,sem_sobretensao,True,True,False,0.0,0.0,0,0,0,0,False,,[null]
leader_follower,C0,21,pv1,824,-0.0,-0.0,0.0,0.0,0.9998296239446811,0.9998296239446811,1.0063905442901249,1.0494156571369113,2.0,False,0.0,,0.0,sem_sobretensao,sem_sobretensao,True,True,False,0.0,0.0,0,0,0,0,False,,[null]
leader_follower,C0,21,pv3,828,-0.0,-0.0,0.0,0.0,0.9992900728255066,0.9992900728255066,1.0063905442901249,1.0494156571369113,3.0,False,0.0,,0.0,sem_sobretensao,sem_sobretensao,True,True,False,0.0,0.0,0,0,0,0,False,,[null]
leader_follower,C0,21,pv4,830,-0.0,-0.0,0.0,0.0,0.9862707730472379,0.9862707730472379,1.0063905442901249,1.0494156571369113,4.0,False,0.0,,0.0,sem_sobretensao,sem_sobretensao,True,True,False,0.0,0.0,0,0,0,0,False,,[null]
leader_follower,C0,21,pv5,850,-0.0,-0.0,0.0,0.0,1.0063905442901249,1.0063905442901249,1.0063905442901249,1.0494156571369113,5.0,False,0.0,,0.0,sem_sobretensao,sem_sobretensao,True,True,False,0.0,0.0,0,0,0,0,False,,[null]
leader_follower,C0,21,pv6,832,-0.0,-0.0,0.0,0.0,0.9635655636096437,0.9635655636096437,1.0063905442901249,1.0494156571369113,6.0,False,0.0,,0.0,sem_sobretensao,sem_sobretensao,True,True,False,0.0,0.0,0,0,0,0,False,,[null]
leader_follower,C0,22,pv2,816,-0.0,-0.0,0.0,0.0,1.0058618084193778,1.0058618084193778,1.0060640314884584,1.049405687339917,1.0,True,0.0,,0.0,sem_sobretensao,sem_sobretensao,True,True,False,0.0,0.0,0,0,0,0,False,,[null]
leader_follower,C0,22,pv1,824,-0.0,-0.0,0.0,0.0,0.9994609737243801,0.9994609737243801,1.0060640314884584,1.049405687339917,2.0,False,0.0,,0.0,sem_sobretensao,sem_sobretensao,True,True,False,0.0,0.0,0,0,0,0,False,,[null]
leader_follower,C0,22,pv3,828,-0.0,-0.0,0.0,0.0,0.9989179819308516,0.9989179819308516,1.0060640314884584,1.049405687339917,3.0,False,0.0,,0.0,sem_sobretensao,sem_sobretensao,True,True,False,0.0,0.0,0,0,0,0,False,,[null]
leader_follower,C0,22,pv4,830,-0.0,-0.0,0.0,0.0,0.9858155814373922,0.9858155814373922,1.0060640314884584,1.049405687339917,4.0,False,0.0,,0.0,sem_sobretensao,sem_sobretensao,True,True,False,0.0,0.0,0,0,0,0,False,,[null]
leader_follower,C0,22,pv5,850,-0.0,-0.0,0.0,0.0,1.0060640314884584,1.0060640314884584,1.0060640314884584,1.049405687339917,5.0,False,0.0,,0.0,sem_sobretensao,sem_sobretensao,True,True,False,0.0,0.0,0,0,0,0,False,,[null]
leader_follower,C0,22,pv6,832,-0.0,-0.0,0.0,0.0,0.9629627164790306,0.9629627164790306,1.0060640314884584,1.049405687339917,6.0,False,0.0,,0.0,sem_sobretensao,sem_sobretensao,True,True,False,0.0,0.0,0,0,0,0,False,,[null]
leader_follower,C0,23,pv2,816,-0.0,-0.0,0.0,0.0,1.0157857990852877,1.0157857990852877,1.0159494099998212,1.049707699932122,1.0,True,0.0,,0.0,sem_sobretensao,sem_sobretensao,True,True,False,0.0,0.0,0,0,0,0,False,,[null]
leader_follower,C0,23,pv1,824,-0.0,-0.0,0.0,0.0,1.0106227444912799,1.0106227444912799,1.0159494099998212,1.049707699932122,2.0,False,0.0,,0.0,sem_sobretensao,sem_sobretensao,True,True,False,0.0,0.0,0,0,0,0,False,,[null]
leader_follower,C0,23,pv3,828,-0.0,-0.0,0.0,0.0,1.010183972127752,1.010183972127752,1.0159494099998212,1.049707699932122,3.0,False,0.0,,0.0,sem_sobretensao,sem_sobretensao,True,True,False,0.0,0.0,0,0,0,0,False,,[null]
leader_follower,C0,23,pv4,830,-0.0,-0.0,0.0,0.0,0.9995990501550603,0.9995990501550603,1.0159494099998212,1.049707699932122,4.0,False,0.0,,0.0,sem_sobretensao,sem_sobretensao,True,True,False,0.0,0.0,0,0,0,0,False,,[null]
leader_follower,C0,23,pv5,850,-0.0,-0.0,0.0,0.0,1.0159494099998212,1.0159494099998212,1.0159494099998212,1.049707699932122,5.0,False,0.0,,0.0,sem_sobretensao,sem_sobretensao,True,True,False,0.0,0.0,0,0,0,0,False,,[null]
leader_follower,C0,23,pv6,832,-0.0,-0.0,0.0,0.0,0.9812181271943429,0.9812181271943429,1.0159494099998212,1.049707699932122,6.0,False,0.0,,0.0,sem_sobretensao,sem_sobretensao,True,True,False,0.0,0.0,0,0,0,0,False,,[null]
leader_follower,C0_perda_0.05,0,pv2,816,-0.0,-0.0,0.0,0.0,1.0450262948633384,1.0450262948633384,1.0450761113146871,1.0505970659065016,1.0,True,0.0,,0.0,sem_sobretensao,sem_sobretensao,True,True,False,0.0,0.0,0,0,0,0,False,,[null]
leader_follower,C0_perda_0.05,0,pv1,824,-0.0,-0.0,0.0,0.0,1.0435191673339028,1.0435191673339028,1.0450761113146871,1.0505970659065016,2.0,False,0.0,,0.0,sem_sobretensao,sem_sobretensao,True,True,False,0.0,0.0,0,0,0,0,False,,[null]
leader_follower,C0_perda_0.05,0,pv3,828,-0.0,-0.0,0.0,0.0,1.043388151795147,1.043388151795147,1.0450761113146871,1.0505970659065016,3.0,False,0.0,,0.0,sem_sobretensao,sem_sobretensao,True,True,False,0.0,0.0,0,0,0,0,False,,[null]
leader_follower,C0_perda_0.05,0,pv4,830,-0.0,-0.0,0.0,0.0,1.0402417834114017,1.0402417834114017,1.0450761113146871,1.0505970659065016,4.0,False,0.0,,0.0,sem_sobretensao,sem_sobretensao,True,True,False,0.0,0.0,0,0,0,0,False,,[null]
leader_follower,C0_perda_0.05,0,pv5,850,-0.0,-0.0,0.0,0.0,1.0450761113146871,1.0450761113146871,1.0450761113146871,1.0505970659065016,5.0,False,0.0,,0.0,sem_sobretensao,sem_sobretensao,True,True,False,0.0,0.0,0,0,0,0,False,,[null]
leader_follower,C0_perda_0.05,0,pv6,832,-0.0,-0.0,0.0,0.0,1.0350545283587615,1.0350545283587615,1.0450761113146871,1.0505970659065016,6.0,False,0.0,,0.0,sem_sobretensao,sem_sobretensao,True,True,False,0.0,0.0,0,0,0,0,False,,[null]
leader_follower,C0_perda_0.05,1,pv2,816,-0.0,-0.0,0.0,0.0,1.0450265903941263,1.0450265903941263,1.0450764055625157,1.0505970903489994,1.0,True,0.0,,0.0,sem_sobretensao,sem_sobretensao,True,True,False,0.0,0.0,0,0,0,0,False,,[null]
leader_follower,C0_perda_0.05,1,pv1,824,-0.0,-0.0,0.0,0.0,1.043519497117978,1.043519497117978,1.0450764055625157,1.0505970903489994,2.0,False,0.0,,0.0,sem_sobretensao,sem_sobretensao,True,True,False,0.0,0.0,0,0,0,0,False,,[null]
leader_follower,C0_perda_0.05,1,pv3,828,-0.0,-0.0,0.0,0.0,1.0433884847070511,1.0433884847070511,1.0450764055625157,1.0505970903489994,3.0,False,0.0,,0.0,sem_sobretensao,sem_sobretensao,True,True,False,0.0,0.0,0,0,0,0,False,,[null]
leader_follower,C0_perda_0.05,1,pv4,830,-0.0,-0.0,0.0,0.0,1.0402421909746427,1.0402421909746427,1.0450764055625157,1.0505970903489994,4.0,False,0.0,,0.0,sem_sobretensao,sem_sobretensao,True,True,False,0.0,0.0,0,0,0,0,False,,[null]
leader_follower,C0_perda_0.05,1,pv5,850,-0.0,-0.0,0.0,0.0,1.0450764055625157,1.0450764055625157,1.0450764055625157,1.0505970903489994,5.0,False,0.0,,0.0,sem_sobretensao,sem_sobretensao,True,True,False,0.0,0.0,0,0,0,0,False,,[null]
leader_follower,C0_perda_0.05,1,pv6,832,-0.0,-0.0,0.0,0.0,1.0350550780786294,1.0350550780786294,1.0450764055625157,1.0505970903489994,6.0,False,0.0,,0.0,sem_sobretensao,sem_sobretensao,True,True,False,0.0,0.0,0,0,0,0,False,,[null]
leader_follower,C0_perda_0.05,2,pv2,816,-0.0,-0.0,0.0,0.0,1.0449571701348623,1.0449571701348623,1.0450072554978003,1.0505949800956955,1.0,True,0.0,,0.0,sem_sobretensao,sem_sobretensao,True,True,False,0.0,0.0,0,0,0,0,False,,[null]
leader_follower,C0_perda_0.05,2,pv1,824,-0.0,-0.0,0.0,0.0,1.0434413812534846,1.0434413812534846,1.0450072554978003,1.0505949800956955,2.0,False,0.0,,0.0,sem_sobretensao,sem_sobretensao,True,True,False,0.0,0.0,0,0,0,0,False,,[null]
leader_follower,C0_perda_0.05,2,pv3,828,-0.0,-0.0,0.0,0.0,1.0433096369965242,1.0433096369965242,1.0450072554978003,1.0505949800956955,3.0,False,0.0,,0.0,sem_sobretensao,sem_sobretensao,True,True,False,0.0,0.0,0,0,0,0,False,,[null]
leader_follower,C0_perda_0.05,2,pv4,830,-0.0,-0.0,0.0,0.0,1.0401456464219774,1.0401456464219774,1.0450072554978003,1.0505949800956955,4.0,False,0.0,,0.0,sem_sobretensao,sem_sobretensao,True,True,False,0.0,0.0,0,0,0,0,False,,[null]
leader_follower,C0_perda_0.05,2,pv5,850,-0.0,-0.0,0.0,0.0,1.0450072554978003,1.0450072554978003,1.0450072554978003,1.0505949800956955,5.0,False,0.0,,0.0,sem_sobretensao,sem_sobretensao,True,True,False,0.0,0.0,0,0,0,0,False,,[null]
leader_follower,C0_perda_0.05,2,pv6,832,-0.0,-0.0,0.0,0.0,1.0349271785104095,1.0349271785104095,1.0450072554978003,1.0505949800956955,6.0,False,0.0,,0.0,sem_sobretensao,sem_sobretensao,True,True,False,0.0,0.0,0,0,0,0,False,,[null]
leader_follower,C0_perda_0.05,3,pv2,816,-0.0,-0.0,0.0,0.0,1.0449571021647746,1.0449571021647746,1.0450071878057714,1.0505949776249717,1.0,True,0.0,,0.0,sem_sobretensao,sem_sobretensao,True,True,False,0.0,0.0,0,0,0,0,False,,[null]
leader_follower,C0_perda_0.05,3,pv1,824,-0.0,-0.0,0.0,0.0,1.043441305274198,1.043441305274198,1.0450071878057714,1.0505949776249717,2.0,False,0.0,,0.0,sem_sobretensao,sem_sobretensao,True,True,False,0.0,0.0,0,0,0,0,False,,[null]
leader_follower,C0_perda_0.05,3,pv3,828,-0.0,-0.0,0.0,0.0,1.043309560339792,1.043309560339792,1.0450071878057714,1.0505949776249717,3.0,False,0.0,,0.0,sem_sobretensao,sem_sobretensao,True,True,False,0.0,0.0,0,0,0,0,False,,[null]
leader_follower,C0_perda_0.05,3,pv4,830,-0.0,-0.0,0.0,0.0,1.0401455535283302,1.0401455535283302,1.0450071878057714,1.0505949776249717,4.0,False,0.0,,0.0,sem_sobretensao,sem_sobretensao,True,True,False,0.0,0.0,0,0,0,0,False,,[null]
leader_follower,C0_perda_0.05,3,pv5,850,-0.0,-0.0,0.0,0.0,1.0450071878057714,1.0450071878057714,1.0450071878057714,1.0505949776249717,5.0,False,0.0,,0.0,sem_sobretensao,sem_sobretensao,True,True,False,0.0,0.0,0,0,0,0,False,,[null]
leader_follower,C0_perda_0.05,3,pv6,832,-0.0,-0.0,0.0,0.0,1.0349270553472671,1.0349270553472671,1.0450071878057714,1.0505949776249717,6.0,False,0.0,,0.0,sem_sobretensao,sem_sobretensao,True,True,False,0.0,0.0,0,0,0,0,False,,[null]
leader_follower,C0_perda_0.05,4,pv2,816,-0.0,-0.0,0.0,0.0,1.045026523122921,1.045026523122921,1.045076338566197,1.0505970879234294,1.0,True,0.0,,0.0,sem_sobretensao,sem_sobretensao,True,True,False,0.0,0.0,0,0,0,0,False,,[null]
leader_follower,C0_perda_0.05,4,pv1,824,-0.0,-0.0,0.0,0.0,1.0435194219130084,1.0435194219130084,1.045076338566197,1.0505970879234294,2.0,False,0.0,,0.0,sem_sobretensao,sem_sobretensao,True,True,False,0.0,0.0,0,0,0,0,False,,[null]
leader_follower,C0_perda_0.05,4,pv3,828,-0.0,-0.0,0.0,0.0,1.0433884088314556,1.0433884088314556,1.045076338566197,1.0505970879234294,3.0,False,0.0,,0.0,sem_sobretensao,sem_sobretensao,True,True,False,0.0,0.0,0,0,0,0,False,,[null]
leader_follower,C0_perda_0.05,4,pv4,830,-0.0,-0.0,0.0,0.0,1.0402420990252506,1.0402420990252506,1.045076338566197,1.0505970879234294,4.0,False,0.0,,0.0,sem_sobretensao,sem_sobretensao,True,True,False,0.0,0.0,0,0,0,0,False,,[null]
leader_follower,C0_perda_0.05,4,pv5,850,-0.0,-0.0,0.0,0.0,1.045076338566197,1.045076338566197,1.045076338566197,1.0505970879234294,5.0,False,0.0,,0.0,sem_sobretensao,sem_sobretensao,True,True,False,0.0,0.0,0,0,0,0,False,,[null]
leader_follower,C0_perda_0.05,4,pv6,832,-0.0,-0.0,0.0,0.0,1.035054956170032,1.035054956170032,1.045076338566197,1.0505970879234294,6.0,False,0.0,,0.0,sem_sobretensao,sem_sobretensao,True,True,False,0.0,0.0,0,0,0,0,False,,[null]
leader_follower,C0_perda_0.05,5,pv2,816,-0.0,-0.0,0.0,0.0,1.046437942275659,1.046437942275659,1.0464804756969757,1.05063939179868,1.0,True,0.0,,0.0,sem_sobretensao,sem_sobretensao,True,True,False,0.0,0.0,0,0,0,0,False,,[null]
leader_follower,C0_perda_0.05,5,pv1,824,-0.0,-0.0,0.0,0.0,1.0450850714048536,1.0450850714048536,1.0464804756969757,1.05063939179868,2.0,False,0.0,,0.0,sem_sobretensao,sem_sobretensao,True,True,False,0.0,0.0,0,0,0,0,False,,[null]
leader_follower,C0_perda_0.05,5,pv3,828,-0.0,-0.0,0.0,0.0,1.044968726726859,1.044968726726859,1.0464804756969757,1.05063939179868,3.0,False,0.0,,0.0,sem_sobretensao,sem_sobretensao,True,True,False,0.0,0.0,0,0,0,0,False,,[null]
leader_follower,C0_perda_0.05,5,pv4,830,-0.0,-0.0,0.0,0.0,1.0421771197491476,1.0421771197491476,1.0464804756969757,1.05063939179868,4.0,False,0.0,,0.0,sem_sobretensao,sem_sobretensao,True,True,False,0.0,0.0,0,0,0,0,False,,[null]
leader_follower,C0_perda_0.05,5,pv5,850,-0.0,-0.0,0.0,0.0,1.0464804756969757,1.0464804756969757,1.0464804756969757,1.05063939179868,5.0,False,0.0,,0.0,sem_sobretensao,sem_sobretensao,True,True,False,0.0,0.0,0,0,0,0,False,,[null]
leader_follower,C0_perda_0.05,5,pv6,832,-0.0,-0.0,0.0,0.0,1.0376184354041749,1.0376184354041749,1.0464804756969757,1.05063939179868,6.0,False,0.0,,0.0,sem_sobretensao,sem_sobretensao,True,True,False,0.0,0.0,0,0,0,0,False,,[null]
leader_follower,C0_perda_0.05,6,pv2,816,15.625241782068514,15.625241782068514,0.0,0.0,1.0483407437819094,1.0483407437819094,1.0483782454548018,1.0506384889471005,1.0,True,0.0,0.0,0.0,sem_sobretensao,sem_sobretensao,True,True,False,0.0,0.0,0,0,0,0,False,0.0,[0.0]
leader_follower,C0_perda_0.05,6,pv1,824,18.7503236717592,18.7503236717592,0.0,0.0,1.0471579048369506,1.0471579048369506,1.0483782454548018,1.0506384889471005,2.0,False,0.0,0.0,0.0,sem_sobretensao,sem_sobretensao,True,True,False,0.0,0.0,0,0,0,0,False,0.0,[0.0]
leader_follower,C0_perda_0.05,6,pv3,828,12.500217712144039,12.500217712144039,0.0,0.0,1.0470455387298745,1.0470455387298745,1.0483782454548018,1.0506384889471005,3.0,False,0.0,0.0,0.0,sem_sobretensao,sem_sobretensao,True,True,False,0.0,0.0,0,0,0,0,False,0.0,[0.0]
leader_follower,C0_perda_0.05,6,pv4,830,16.250349249231203,16.250349249231203,0.0,0.0,1.0442222095150686,1.0442222095150686,1.0483782454548018,1.0506384889471005,4.0,False,0.0,0.0,0.0,sem_sobretensao,sem_sobretensao,True,True,False,0.0,0.0,0,0,0,0,False,0.0,[0.0]
leader_follower,C0_perda_0.05,6,pv5,850,11.250173385025839,11.250173385025839,0.0,0.0,1.0483782454548018,1.0483782454548018,1.0483782454548018,1.0506384889471005,5.0,False,0.0,0.0,0.0,sem_sobretensao,sem_sobretensao,True,True,False,0.0,0.0,0,0,0,0,False,0.0,[0.0]
leader_follower,C0_perda_0.05,6,pv6,832,14.375428037447017,14.375428037447017,0.0,0.0,1.0393165620198634,1.0393165620198634,1.0483782454548018,1.0506384889471005,6.0,False,0.0,0.0,0.0,sem_sobretensao,sem_sobretensao,True,True,False,0.0,0.0,0,0,0,0,False,0.0,[0.0]
leader_follower,C0_perda_0.05,7,pv2,816,46.87517293313687,18.45153653038361,28.423636402753257,0.6063686496328708,1.0562538666391141,1.0504678034407362,1.0504971558779228,1.0507977394086376,1.0,True,0.0,0.6063686728856865,422.0,convergiu,convergiu,True,False,False,0.00737433636146047,0.00737433636146047,5064,4802,252,10,False,0.007374332186627222,[0.007374]
leader_follower,C0_perda_0.05,7,pv1,824,56.25022149623055,22.891341157057255,33.3588803391733,0.5930443998626816,1.0558852978158424,1.0495347554324619,1.0504971558779228,1.0507977394086376,2.0,False,0.0,0.5930444263478811,422.0,convergiu,convergiu,True,False,False,0.00737433636146047,0.00737433636146047,5064,4802,252,10,False,0.007374332186627222,[0.007374]
leader_follower,C0_perda_0.05,7,pv3,828,37.5001485947879,15.436045186213956,22.064103408573946,0.5883737324434021,1.0558243986090117,1.0494415202853546,1.0504971558779228,1.0507977394086376,3.0,False,0.0,0.5883737594479987,422.0,convergiu,convergiu,True,False,False,0.00737433636146047,0.00737433636146047,5064,4802,252,10,False,0.007374332186627222,[0.007374]
leader_follower,C0_perda_0.05,7,pv4,830,48.75022589866941,20.164699598781425,28.585526299887988,0.5863670203888539,1.0539937130575454,1.0470511764745496,1.0504971558779228,1.0507977394086376,4.0,False,0.0,0.586367053135403,422.0,convergiu,convergiu,True,False,False,0.00737433636146047,0.00737433636146047,5064,4802,252,10,False,0.007374332186627222,[0.007374]
leader_follower,C0_perda_0.05,7,pv5,850,33.75012402307615,13.938866184847427,19.81125783822872,0.5869980508672878,1.056261646345798,1.0504971558779228,1.0504971558779228,1.0507977394086376,5.0,False,0.0,0.5869980751680517,422.0,convergiu,convergiu,True,False,False,0.00737433636146047,0.00737433636146047,5064,4802,252,10,False,0.007374332186627222,[0.007374]
leader_follower,C0_perda_0.05,7,pv6,832,43.12526281682057,17.916203167502516,25.209059649318057,0.5845542982351037,1.0502737503980764,1.0428436476150917,1.0504971558779228,1.0507977394086376,6.0,False,0.0,0.5845543424603901,422.0,convergiu,convergiu,True,False,False,0.00737433636146047,0.00737433636146047,5064,4802,252,10,False,0.007374332186627222,[0.007374]
leader_follower,C0_perda_0.05,8,pv2,816,85.41699506946176,37.56466170056581,47.852333368895955,0.5602202479579876,1.0600225763595978,1.0504659584029896,1.0504960660116174,1.0507799663022004,1.0,True,0.0,0.5602202855530338,280.0,convergiu,convergiu,True,False,False,0.007691992466421827,0.007691992466421827,3360,3176,173,11,False,0.007691984300190251,[0.007692]
leader_follower,C0_perda_0.05,8,pv1,824,102.50042167568532,46.49436348155341,56.00605819413191,0.5463982772736282,1.0599113578650647,1.049421016837389,1.0504960660116174,1.0507799663022004,2.0,False,0.0,0.5463983199145942,280.0,convergiu,convergiu,True,False,False,0.007691992466421827,0.007691992466421827,3360,3176,173,11,False,0.007691984300190251,[0.007692]
leader_follower,C0_perda_0.05,8,pv3,828,68.33361540754292,31.32692438743579,37.006691020107134,0.5415590530040546,1.0598511737426883,1.049307498222896,1.0504960660116174,1.0507799663022004,3.0,False,0.0,0.541559096491508,280.0,convergiu,convergiu,True,False,False,0.007691992466421827,0.007691992466421827,3360,3176,173,11,False,0.007691984300190251,[0.007692]
leader_follower,C0_perda_0.05,8,pv4,830,88.83371835136924,40.919259528710384,47.91445882265886,0.5393723784855813,1.0577281149646403,1.0462643449644173,1.0504960660116174,1.0507799663022004,4.0,False,0.0,0.5393724332594069,280.0,convergiu,convergiu,True,False,False,0.007691992466421827,0.007691992466421827,3360,3176,173,11,False,0.007691984300190251,[0.007692]
leader_follower,C0_perda_0.05,8,pv5,850,61.50023553845206,28.287786213549857,33.2124493249022,0.5400377189694535,1.0600169249277773,1.0504960660116174,1.0504960660116174,1.0507799663022004,5.0,False,0.0,0.5400377581340585,280.0,convergiu,convergiu,True,False,False,0.007691992466421827,0.007691992466421827,3360,3176,173,11,False,0.007691984300190251,[0.007692]
leader_follower,C0_perda_0.05,8,pv6,832,78.58368119372828,36.35095559603571,42.23272559769257,0.5374235298515715,1.0527861134592034,1.0405294698692655,1.0504960660116174,1.0507799663022004,6.0,False,0.0,0.5374236095351453,280.0,convergiu,convergiu,True,False,False,0.007691992466421827,0.007691992466421827,3360,3176,173,11,False,0.007691984300190251,[0.007692]
leader_follower,C0_perda_0.05,9,pv2,816,109.37601270487565,43.727768689880456,65.64824401499519,0.6002069189788408,1.06345603056069,1.0504643711385984,1.0504947273723821,1.0507720997154666,1.0,True,0.0,0.6002069593826836,243.0,convergiu,convergiu,True,False,False,0.007910199700709684,0.007910199700709684,2916,2744,160,12,False,0.007910189991902745,[0.00791]
leader_follower,C0_perda_0.05,9,pv1,824,131.2513102794564,54.31889343962226,76.93241683983413,0.5861458498460669,1.0636450080062456,1.0493833168733606,1.0504947273723821,1.0507720997154666,2.0,False,0.0,0.5861458958088259,243.0,convergiu,convergiu,True,False,False,0.007910199700709684,0.007910199700709684,2916,2744,160,12,False,0.007910189991902745,[0.00791]
leader_follower,C0_perda_0.05,9,pv3,828,87.50087679402729,36.649457158088396,50.851419635938896,0.5811532111442994,1.063597231142944,1.0492631520578934,1.0504947273723821,1.0507720997154666,3.0,False,0.0,0.5811532581055229,243.0,convergiu,convergiu,True,False,False,0.007910199700709684,0.007910199700709684,2916,2744,160,12,False,0.007910189991902745,[0.00791]
leader_follower,C0_perda_0.05,9,pv4,830,113.75120224011775,47.90611585549151,65.84508638462624,0.5788517241633382,1.0615841257923444,1.0460049069980846,1.0504947273723821,1.0507720997154666,4.0,False,0.0,0.5788517843146278,243.0,convergiu,convergiu,True,False,False,0.007910199700709684,0.007910199700709684,2916,2744,160,12,False,0.007910189991902745,[0.00791]
leader_follower,C0_perda_0.05,9,pv5,850,78.75072631532427,33.11610475992916,45.634621555395114,0.5794818709247174,1.0634377080175237,1.0504947273723821,1.0504947273723821,1.0507720997154666,5.0,False,0.0,0.5794819132546207,243.0,convergiu,convergiu,True,False,False,0.007910199700709684,0.007910199700709684,2916,2744,160,12,False,0.007910189991902745,[0.00791]
leader_follower,C0_perda_0.05,9,pv6,832,100.62608225503395,42.59644839314322,58.02963386189073,0.5766857208874014,1.0564042280760118,1.0397639857886003,1.0504947273723821,1.0507720997154666,6.0,False,0.0,0.5766858110883843,243.0,convergiu,convergiu,True,False,False,0.007910199700709684,0.007910199700709684,2916,2744,160,12,False,0.007910189991902745,[0.00791]
leader_follower,C0_perda_0.05,10,pv2,816,122.91832390833287,50.063308609854,72.85501529847886,0.5927107367161188,1.064798881847985,1.0504637853190237,1.0504943766047512,1.0507643794708248,1.0,True,0.0,0.5927107772215553,223.0,convergiu,convergiu,True,False,False,0.008040894069291867,0.008040894069291867,2676,2533,131,12,False,0.008040883481098717,[0.008041]
leader_follower,C0_perda_0.05,10,pv1,824,147.50215560696924,62.1766089103691,85.32554669660014,0.5784697827453987,1.0650831806841143,1.0493461871265435,1.0504943766047512,1.0507643794708248,2.0,False,0.0,0.5784698287661407,223.0,convergiu,convergiu,True,False,False,0.008040894069291867,0.008040894069291867,2676,2533,131,12,False,0.008040883481098717,[0.008041]
leader_follower,C0_perda_0.05,10,pv3,828,98.33477604201084,41.9508482030064,56.38392783900444,0.5733874167637865,1.0650361542003315,1.0492193263138279,1.0504943766047512,1.0507643794708248,3.0,False,0.0,0.5733874638095068,223.0,convergiu,convergiu,True,False,False,0.008040894069291867,0.008040894069291867,2676,2533,131,12,False,0.008040883481098717,[0.008041]
leader_follower,C0_perda_0.05,10,pv4,830,127.8353126897055,54.84413968304855,72.99117300665695,0.5709781093920682,1.0629336662345192,1.0457449939312249,1.0504943766047512,1.0507643794708248,4.0,False,0.0,0.5709781708269321,223.0,convergiu,convergiu,True,False,False,0.008040894069291867,0.008040894069291867,2676,2533,131,12,False,0.008040883481098717,[0.008041]
leader_follower,C0_perda_0.05,10,pv5,850,88.50118857745326,37.90790232073423,50.59328625671903,0.5716678308496788,1.0647757081769706,1.0504943766047512,1.0504943766047512,1.0507643794708248,5.0,False,0.0,0.5716678732788034,223.0,convergiu,convergiu,True,False,False,0.008040894069291867,0.008040894069291867,2676,2533,131,12,False,0.008040883481098717,[0.008041]
leader_follower,C0_perda_0.05,10,pv6,832,113.08509815023695,48.76177063671544,64.3233275135215,0.5688045356851292,1.057350814643843,1.0389970419888983,1.0504943766047512,1.0507643794708248,6.0,False,0.0,0.5688046308989894,223.0,convergiu,convergiu,True,False,False,0.008040894069291867,0.008040894069291867,2676,2533,131,12,False,0.008040883481098717,[0.008041]
leader_follower,C0_perda_0.05,11,pv2,816,125.00095774713338,69.77141434476567,55.22954340236771,0.4418329235096717,1.0612357748199774,1.050465280234012,1.0504965192698286,1.050741109419128,1.0,True,0.0,0.4418329619049201,202.0,convergiu,convergiu,True,False,False,0.008073521453290742,0.008073521453290742,2424,2303,110,11,False,0.008073508108720812,[0.008074]
leader_follower,C0_perda_0.05,11,pv1,824,150.00123630068794,85.88352152242813,64.11771477825981,0.42744786581846506,1.0610597797304167,1.0492363833241853,1.0504965192698286,1.050741109419128,2.0,False,0.0,0.4274479088274405,202.0,convergiu,convergiu,True,False,False,0.008073521453290742,0.008073521453290742,2424,2303,110,11,False,0.008073508108720812,[0.008074]
leader_follower,C0_perda_0.05,11,pv3,828,100.00082658697889,57.75723143526621,42.243595151712675,0.4224324158089203,1.0609726001965876,1.0490892389166717,1.0504965192698286,1.050741109419128,3.0,False,0.0,0.4224324597454199,202.0,convergiu,convergiu,True,False,False,0.008073521453290742,0.008073521453290742,2424,2303,110,11,False,0.008073508108720812,[0.008074]
leader_follower,C0_perda_0.05,11,pv4,830,130.0010993996612,75.40181125591609,54.59928814374511,0.41999090991822724,1.0578779560275047,1.0449628726952143,1.0504965192698286,1.050741109419128,4.0,False,0.0,0.41999097235240307,202.0,convergiu,convergiu,True,False,False,0.008073521453290742,0.008073521453290742,2424,2303,110,11,False,0.008073508108720812,[0.008074]
leader_follower,C0_perda_0.05,11,pv5,850,90.00068688739155,52.140023187146355,37.8606637002452,0.42067079082728576,1.061226554782532,1.0504965192698286,1.0504965192698286,1.050741109419128,5.0,False,0.0,0.420670830519508,202.0,convergiu,convergiu,True,False,False,0.008073521453290742,0.008073521453290742,2424,2303,110,11,False,0.008073508108720812,[0.008074]
leader_follower,C0_perda_0.05,11,pv6,832,115.00090953196568,66.94945769760105,48.05145183436463,0.4178352968585692,1.0504893449286807,1.0366912281972567,1.0504965192698286,1.050741109419128,6.0,False,0.0,0.4178354069539618,202.0,convergiu,convergiu,True,False,False,0.008073521453290742,0.008073521453290742,2424,2303,110,11,False,0.008073508108720812,[0.008074]
leader_follower,C0_perda_0.05,12,pv2,816,114.5839676631279,73.25495369553937,41.32901396758852,0.3606875432277672,1.058475998054362,1.050464810965656,1.0504961504233905,1.0507367817229483,1.0,True,0.0,0.3606875796891072,200.0,convergiu,convergiu,True,False,False,0.007967343208059762,0.007967343208059762,2400,2280,109,11,False,0.007967329335791305,[0.007967]
leader_follower,C0_perda_0.05,12,pv1,824,137.50081155307845,89.8528250377977,47.64798651528075,0.346528725172681,1.0580095021862772,1.0492165965483633,1.0504961504233905,1.0507367817229483,2.0,False,0.0,0.3465287657366847,200.0,convergiu,convergiu,True,False,False,0.007967343208059762,0.007967343208059762,2400,2280,109,11,False,0.007967329335791305,[0.007967]
leader_follower,C0_perda_0.05,12,pv3,828,91.66720972023164,60.364079234912836,31.303130485318803,0.3414866317251489,1.0579033715519386,1.049066000432267,1.0504961504233905,1.0507367817229483,3.0,False,0.0,0.34148667316105696,200.0,convergiu,convergiu,True,False,False,0.007967343208059762,0.007967343208059762,2400,2280,109,11,False,0.007967329335791305,[0.007967]
leader_follower,C0_perda_0.05,12,pv4,830,119.16742060059764,78.74785792666088,40.41956267393675,0.3391829346694971,1.0544313943935206,1.0448295150758078,1.0504961504233905,1.0507367817229483,4.0,False,0.0,0.33918299540448427,200.0,convergiu,convergiu,True,False,False,0.007967343208059762,0.007967343208059762,2400,2280,109,11,False,0.007967329335791305,[0.007967]
leader_follower,C0_perda_0.05,12,pv5,850,82.50045492459502,54.46449955954328,28.03595536505174,0.3398278506084697,1.05847723476554,1.0504961504233905,1.0504961504233905,1.0507367817229483,5.0,False,0.0,0.33982788810893777,200.0,convergiu,convergiu,True,False,False,0.007967343208059762,0.007967343208059762,2400,2280,109,11,False,0.007967329335791305,[0.007967]
leader_follower,C0_perda_0.05,12,pv6,832,105.41738620741663,69.89289707258287,35.52448913483376,0.33698878948220806,1.0465580380212858,1.0363027186465779,1.0504961504233905,1.0507367817229483,6.0,False,0.0,0.3369889010996408,200.0,convergiu,convergiu,True,False,False,0.007967343208059762,0.007967343208059762,2400,2280,109,11,False,0.007967329335791305,[0.007967]
leader_follower,C0_perda_0.05,13,pv2,816,91.66698435844374,67.08744984425041,24.579534514193327,0.2681394060735665,1.0551908300290624,1.0504647717828794,1.050495885678462,1.0507450087941284,1.0,True,0.0,0.2681394472199546,205.0,convergiu,convergiu,True,False,False,0.007734401232660124,0.007734401232660124,2460,2338,111,11,False,0.007734388017050415,[0.007734]
leader_follower,C0_perda_0.05,13,pv1,824,110.00040440116808,82.02653427770738,27.9738701234607,0.2543069294735075,1.0544374799119627,1.0492518948452232,1.050495885678462,1.0507450087941284,2.0,False,0.0,0.2543069752856622,205.0,convergiu,convergiu,True,False,False,0.007734401232660124,0.007734401232660124,2460,2338,111,11,False,0.007734388017050415,[0.007734]
leader_follower,C0_perda_0.05,13,pv3,828,73.33360441821586,55.04231329077567,18.29129112744019,0.2494257284846344,1.0543195760809203,1.0491078834414744,1.050495885678462,1.0507450087941284,3.0,False,0.0,0.24942577516204406,205.0,convergiu,convergiu,True,False,False,0.007734401232660124,0.007734401232660124,2460,2338,111,11,False,0.007734388017050415,[0.007734]
leader_follower,C0_perda_0.05,13,pv4,830,95.33373706390869,71.76753957028623,23.566197493622454,0.24719676360199294,1.0507455019555203,1.045085017552033,1.050495885678462,1.0507450087941284,4.0,False,0.0,0.24719682894445258,205.0,convergiu,convergiu,True,False,False,0.007734401232660124,0.007734401232660124,2460,2338,111,11,False,0.007734388017050415,[0.007734]
leader_follower,C0_perda_0.05,13,pv5,850,66.00022783315286,49.642291334678234,16.35793649847463,0.24784662501436155,1.0552041870145514,1.050495885678462,1.050495885678462,1.0507450087941284,5.0,False,0.0,0.2478466671331368,205.0,convergiu,convergiu,True,False,False,0.007734401232660124,0.007734401232660124,2460,2338,111,11,False,0.007734388017050415,[0.007734]
leader_follower,C0_perda_0.05,13,pv6,832,84.33378904517926,63.654745811547784,20.679043233631475,0.24520460836278013,1.0431065535974482,1.0370619078779448,1.050495885678462,1.0507450087941284,6.0,False,0.0,0.2452047212363873,205.0,convergiu,convergiu,True,False,False,0.007734401232660124,0.007734401232660124,2460,2338,111,11,False,0.007734388017050415,[0.007734]
leader_follower,C0_perda_0.05,14,pv2,816,62.50020218519505,51.123118931332016,11.377083253863034,0.1820327020400146,1.0526136226677927,1.0504656271368449,1.0504961759139289,1.0507650167895595,1.0,True,0.0,0.18203274319259755,211.0,convergiu,convergiu,True,False,False,0.007491994811851327,0.007491994811851327,2532,2402,118,12,False,0.00749198484111105,[0.007492]
leader_follower,C0_perda_0.05,14,pv1,824,75.0002599614451,62.36044974146425,12.639810219980845,0.16853017288335942,1.0516996381699546,1.0493439784131318,1.0504961759139289,1.0507650167895595,2.0,False,0.0,0.16853021878162172,211.0,convergiu,convergiu,True,False,False,0.007491994811851327,0.007491994811851327,2532,2402,118,12,False,0.00749198484111105,[0.007492]
leader_follower,C0_perda_0.05,14,pv3,828,50.00017446707581,41.80802622468204,8.19214824239377,0.16384234651887314,1.051584134803458,1.0492167069363425,1.0504961759139289,1.0507650167895595,3.0,False,0.0,0.1638423931458109,211.0,convergiu,convergiu,True,False,False,0.007491994811851327,0.007491994811851327,2532,2402,118,12,False,0.00749198484111105,[0.007492]
leader_follower,C0_perda_0.05,14,pv4,830,65.00026929273037,54.488863873966096,10.51140541876427,0.16171319865555545,1.0483035674066488,1.0457338870211137,1.0504961759139289,1.0507650167895595,4.0,False,0.0,0.16171325954706262,211.0,convergiu,convergiu,True,False,False,0.007491994811851327,0.007491994811851327,2532,2402,118,12,False,0.00749198484111105,[0.007492]
leader_follower,C0_perda_0.05,14,pv5,850,45.00014499552874,37.694527467761574,7.305617527767168,0.1623464910967686,1.0526360953041514,1.0504961759139289,1.0504961759139289,1.0507650167895595,5.0,False,0.0,0.16234653307212812,211.0,convergiu,convergiu,True,False,False,0.007491994811851327,0.007491994811851327,2532,2402,118,12,False,0.00749198484111105,[0.007492]
leader_follower,C0_perda_0.05,14,pv6,832,57.50032238032814,48.308982700311915,9.191339680016227,0.15984839500462422,1.0417206371449432,1.0389772179116419,1.0504961759139289,1.0507650167895595,6.0,False,0.0,0.15984848953056904,211.0,convergiu,convergiu,True,False,False,0.007491994811851327,0.007491994811851327,2532,2402,118,12,False,0.00749198484111105,[0.007492]
leader_follower,C0_perda_0.05,15,pv2,816,28.12494776980558,28.12494776980558,0.0,0.0,1.0386370242003848,1.0386370242003848,1.0387127583057112,1.0502955100133948,1.0,True,0.0,0.0,0.0,sem_sobretensao,sem_sobretensao,True,True,False,0.0,0.0,0,0,0,0,False,0.0,[0.0]
leader_follower,C0_perda_0.05,15,pv1,824,33.749932654709674,33.749932654709674,0.0,0.0,1.0361657626140597,1.0361657626140597,1.0387127583057112,1.0502955100133948,2.0,False,0.0,0.0,0.0,sem_sobretensao,sem_sobretensao,True,True,False,0.0,0.0,0,0,0,0,False,0.0,[0.0]
leader_follower,C0_perda_0.05,15,pv3,828,22.49995483339218,22.49995483339218,0.0,0.0,1.03593784826007,1.03593784826007,1.0387127583057112,1.0502955100133948,3.0,False,0.0,0.0,0.0,sem_sobretensao,sem_sobretensao,True,True,False,0.0,0.0,0,0,0,0,False,0.0,[0.0]
leader_follower,C0_perda_0.05,15,pv4,830,29.24993234921108,29.24993234921108,0.0,0.0,1.0302157541130414,1.0302157541130414,1.0387127583057112,1.0502955100133948,4.0,False,0.0,0.0,0.0,sem_sobretensao,sem_sobretensao,True,True,False,0.0,0.0,0,0,0,0,False,0.0,[0.0]
leader_follower,C0_perda_0.05,15,pv5,850,20.24996254593295,20.24996254593295,0.0,0.0,1.0387127583057112,1.0387127583057112,1.0387127583057112,1.0502955100133948,5.0,False,0.0,0.0,0.0,sem_sobretensao,sem_sobretensao,True,True,False,0.0,0.0,0,0,0,0,False,0.0,[0.0]
leader_follower,C0_perda_0.05,15,pv6,832,25.87492448650276,25.87492448650276,0.0,0.0,1.0199321297312873,1.0199321297312873,1.0387127583057112,1.0502955100133948,6.0,False,0.0,0.0,0.0,sem_sobretensao,sem_sobretensao,True,True,False,0.0,0.0,0,0,0,0,False,0.0,[0.0]
leader_follower,C0_perda_0.05,16,pv2,816,3.1250322945966094,3.1250322945966094,0.0,0.0,1.0394703803118936,1.0394703803118936,1.0395419414769755,1.0504162382879945,1.0,True,0.0,0.0,0.0,sem_sobretensao,sem_sobretensao,True,True,False,0.0,0.0,0,0,0,0,False,0.0,[0.0]
leader_follower,C0_perda_0.05,16,pv1,824,3.750042140959203,3.750042140959203,0.0,0.0,1.0372492372289959,1.0372492372289959,1.0395419414769755,1.0504162382879945,2.0,False,0.0,0.0,0.0,sem_sobretensao,sem_sobretensao,True,True,False,0.0,0.0,0,0,0,0,False,0.0,[0.0]
leader_follower,C0_perda_0.05,16,pv3,828,2.500028276790924,2.500028276790924,0.0,0.0,1.0370563779560682,1.0370563779560682,1.0395419414769755,1.0504162382879945,3.0,False,0.0,0.0,0.0,sem_sobretensao,sem_sobretensao,True,True,False,0.0,0.0,0,0,0,0,False,0.0,[0.0]
leader_follower,C0_perda_0.05,16,pv4,830,3.2500425487398927,3.2500425487398927,0.0,0.0,1.0323888508528627,1.0323888508528627,1.0395419414769755,1.0504162382879945,4.0,False,0.0,0.0,0.0,sem_sobretensao,sem_sobretensao,True,True,False,0.0,0.0,0,0,0,0,False,0.0,[0.0]
leader_follower,C0_perda_0.05,16,pv5,850,2.2500231591707602,2.2500231591707602,0.0,0.0,1.0395419414769755,1.0395419414769755,1.0395419414769755,1.0504162382879945,5.0,False,0.0,0.0,0.0,sem_sobretensao,sem_sobretensao,True,True,False,0.0,0.0,0,0,0,0,False,0.0,[0.0]
leader_follower,C0_perda_0.05,16,pv6,832,2.875047132931328,2.875047132931328,0.0,0.0,1.0244469035472548,1.0244469035472548,1.0395419414769755,1.0504162382879945,6.0,False,0.0,0.0,0.0,sem_sobretensao,sem_sobretensao,True,True,False,0.0,0.0,0,0,0,0,False,0.0,[0.0]
leader_follower,C0_perda_0.05,17,pv2,816,-0.0,-0.0,0.0,0.0,1.0319530456641133,1.0319530456641133,1.032053743610964,1.0501995250985579,1.0,True,0.0,,0.0,sem_sobretensao,sem_sobretensao,True,True,False,0.0,0.0,0,0,0,0,False,,[null]
leader_follower,C0_perda_0.05,17,pv1,824,-0.0,-0.0,0.0,0.0,1.0288097422283977,1.0288097422283977,1.032053743610964,1.0501995250985579,2.0,False,0.0,,0.0,sem_sobretensao,sem_sobretensao,True,True,False,0.0,0.0,0,0,0,0,False,,[null]
leader_follower,C0_perda_0.05,17,pv3,828,-0.0,-0.0,0.0,0.0,1.0285410077167667,1.0285410077167667,1.032053743610964,1.0501995250985579,3.0,False,0.0,,0.0,sem_sobretensao,sem_sobretensao,True,True,False,0.0,0.0,0,0,0,0,False,,[null]
leader_follower,C0_perda_0.05,17,pv4,830,-0.0,-0.0,0.0,0.0,1.022065117490571,1.022065117490571,1.032053743610964,1.0501995250985579,4.0,False,0.0,,0.0,sem_sobretensao,sem_sobretensao,True,True,False,0.0,0.0,0,0,0,0,False,,[null]
leader_follower,C0_perda_0.05,17,pv5,850,-0.0,-0.0,0.0,0.0,1.032053743610964,1.032053743610964,1.032053743610964,1.0501995250985579,5.0,False,0.0,,0.0,sem_sobretensao,sem_sobretensao,True,True,False,0.0,0.0,0,0,0,0,False,,[null]
leader_follower,C0_perda_0.05,17,pv6,832,-0.0,-0.0,0.0,0.0,1.0109757984235852,1.0109757984235852,1.032053743610964,1.0501995250985579,6.0,False,0.0,,0.0,sem_sobretensao,sem_sobretensao,True,True,False,0.0,0.0,0,0,0,0,False,,[null]
leader_follower,C0_perda_0.05,18,pv2,816,-0.0,-0.0,0.0,0.0,1.0353684495010183,1.0353684495010183,1.0354558554930642,1.0503034017860868,1.0,True,0.0,,0.0,sem_sobretensao,sem_sobretensao,True,True,False,0.0,0.0,0,0,0,0,False,,[null]
leader_follower,C0_perda_0.05,18,pv1,824,-0.0,-0.0,0.0,0.0,1.0326523500430973,1.0326523500430973,1.0354558554930642,1.0503034017860868,2.0,False,0.0,,0.0,sem_sobretensao,sem_sobretensao,True,True,False,0.0,0.0,0,0,0,0,False,,[null]
leader_follower,C0_perda_0.05,18,pv3,828,-0.0,-0.0,0.0,0.0,1.0324195763808064,1.0324195763808064,1.0354558554930642,1.0503034017860868,3.0,False,0.0,,0.0,sem_sobretensao,sem_sobretensao,True,True,False,0.0,0.0,0,0,0,0,False,,[null]
leader_follower,C0_perda_0.05,18,pv4,830,-0.0,-0.0,0.0,0.0,1.02681295674242,1.02681295674242,1.0354558554930642,1.0503034017860868,4.0,False,0.0,,0.0,sem_sobretensao,sem_sobretensao,True,True,False,0.0,0.0,0,0,0,0,False,,[null]
leader_follower,C0_perda_0.05,18,pv5,850,-0.0,-0.0,0.0,0.0,1.0354558554930642,1.0354558554930642,1.0354558554930642,1.0503034017860868,5.0,False,0.0,,0.0,sem_sobretensao,sem_sobretensao,True,True,False,0.0,0.0,0,0,0,0,False,,[null]
leader_follower,C0_perda_0.05,18,pv6,832,-0.0,-0.0,0.0,0.0,1.017265056101975,1.017265056101975,1.0354558554930642,1.0503034017860868,6.0,False,0.0,,0.0,sem_sobretensao,sem_sobretensao,True,True,False,0.0,0.0,0,0,0,0,False,,[null]
leader_follower,C0_perda_0.05,19,pv2,816,-0.0,-0.0,0.0,0.0,1.012463803494029,1.012463803494029,1.0126403397694483,1.0496066048479267,1.0,True,0.0,,0.0,sem_sobretensao,sem_sobretensao,True,True,False,0.0,0.0,0,0,0,0,False,,[null]
leader_follower,C0_perda_0.05,19,pv1,824,-0.0,-0.0,0.0,0.0,1.0068862241138112,1.0068862241138112,1.0126403397694483,1.0496066048479267,2.0,False,0.0,,0.0,sem_sobretensao,sem_sobretensao,True,True,False,0.0,0.0,0,0,0,0,False,,[null]
leader_follower,C0_perda_0.05,19,pv3,828,-0.0,-0.0,0.0,0.0,1.00641255022254,1.00641255022254,1.0126403397694483,1.0496066048479267,3.0,False,0.0,,0.0,sem_sobretensao,sem_sobretensao,True,True,False,0.0,0.0,0,0,0,0,False,,[null]
leader_follower,C0_perda_0.05,19,pv4,830,-0.0,-0.0,0.0,0.0,0.9949844738133675,0.9949844738133675,1.0126403397694483,1.0496066048479267,4.0,False,0.0,,0.0,sem_sobretensao,sem_sobretensao,True,True,False,0.0,0.0,0,0,0,0,False,,[null]
leader_follower,C0_perda_0.05,19,pv5,850,-0.0,-0.0,0.0,0.0,1.0126403397694483,1.0126403397694483,1.0126403397694483,1.0496066048479267,5.0,False,0.0,,0.0,sem_sobretensao,sem_sobretensao,True,True,False,0.0,0.0,0,0,0,0,False,,[null]
leader_follower,C0_perda_0.05,19,pv6,832,-0.0,-0.0,0.0,0.0,0.9751062275735913,0.9751062275735913,1.0126403397694483,1.0496066048479267,6.0,False,0.0,,0.0,sem_sobretensao,sem_sobretensao,True,True,False,0.0,0.0,0,0,0,0,False,,[null]
leader_follower,C0_perda_0.05,20,pv2,816,-0.0,-0.0,0.0,0.0,1.0078351504741658,1.0078351504741658,1.008029696164423,1.0494657402550034,1.0,True,0.0,,0.0,sem_sobretensao,sem_sobretensao,True,True,False,0.0,0.0,0,0,0,0,False,,[null]
leader_follower,C0_perda_0.05,20,pv1,824,-0.0,-0.0,0.0,0.0,1.0016803252824402,1.0016803252824402,1.008029696164423,1.0494657402550034,2.0,False,0.0,,0.0,sem_sobretensao,sem_sobretensao,True,True,False,0.0,0.0,0,0,0,0,False,,[null]
leader_follower,C0_perda_0.05,20,pv3,828,-0.0,-0.0,0.0,0.0,1.001158047785484,1.001158047785484,1.008029696164423,1.0494657402550034,3.0,False,0.0,,0.0,sem_sobretensao,sem_sobretensao,True,True,False,0.0,0.0,0,0,0,0,False,,[null]
leader_follower,C0_perda_0.05,20,pv4,830,-0.0,-0.0,0.0,0.0,0.9885559519361026,0.9885559519361026,1.008029696164423,1.0494657402550034,4.0,False,0.0,,0.0,sem_sobretensao,sem_sobretensao,True,True,False,0.0,0.0,0,0,0,0,False,,[null]
leader_follower,C0_perda_0.05,20,pv5,850,-0.0,-0.0,0.0,0.0,1.008029696164423,1.008029696164423,1.008029696164423,1.0494657402550034,5.0,False,0.0,,0.0,sem_sobretensao,sem_sobretensao,True,True,False,0.0,0.0,0,0,0,0,False,,[null]
leader_follower,C0_perda_0.05,20,pv6,832,-0.0,-0.0,0.0,0.0,0.9665920784800833,0.9665920784800833,1.008029696164423,1.0494657402550034,6.0,False,0.0,,0.0,sem_sobretensao,sem_sobretensao,True,True,False,0.0,0.0,0,0,0,0,False,,[null]
leader_follower,C0_perda_0.05,21,pv2,816,-0.0,-0.0,0.0,0.0,1.0061895964378376,1.0061895964378376,1.0063905442901249,1.0494156571369113,1.0,True,0.0,,0.0,sem_sobretensao,sem_sobretensao,True,True,False,0.0,0.0,0,0,0,0,False,,[null]
leader_follower,C0_perda_0.05,21,pv1,824,-0.0,-0.0,0.0,0.0,0.9998296239446811,0.9998296239446811,1.0063905442901249,1.0494156571369113,2.0,False,0.0,,0.0,sem_sobretensao,sem_sobretensao,True,True,False,0.0,0.0,0,0,0,0,False,,[null]
leader_follower,C0_perda_0.05,21,pv3,828,-0.0,-0.0,0.0,0.0,0.9992900728255066,0.9992900728255066,1.0063905442901249,1.0494156571369113,3.0,False,0.0,,0.0,sem_sobretensao,sem_sobretensao,True,True,False,0.0,0.0,0,0,0,0,False,,[null]
leader_follower,C0_perda_0.05,21,pv4,830,-0.0,-0.0,0.0,0.0,0.9862707730472379,0.9862707730472379,1.0063905442901249,1.0494156571369113,4.0,False,0.0,,0.0,sem_sobretensao,sem_sobretensao,True,True,False,0.0,0.0,0,0,0,0,False,,[null]
leader_follower,C0_perda_0.05,21,pv5,850,-0.0,-0.0,0.0,0.0,1.0063905442901249,1.0063905442901249,1.0063905442901249,1.0494156571369113,5.0,False,0.0,,0.0,sem_sobretensao,sem_sobretensao,True,True,False,0.0,0.0,0,0,0,0,False,,[null]
leader_follower,C0_perda_0.05,21,pv6,832,-0.0,-0.0,0.0,0.0,0.9635655636096437,0.9635655636096437,1.0063905442901249,1.0494156571369113,6.0,False,0.0,,0.0,sem_sobretensao,sem_sobretensao,True,True,False,0.0,0.0,0,0,0,0,False,,[null]
leader_follower,C0_perda_0.05,22,pv2,816,-0.0,-0.0,0.0,0.0,1.0058618084193778,1.0058618084193778,1.0060640314884584,1.049405687339917,1.0,True,0.0,,0.0,sem_sobretensao,sem_sobretensao,True,True,False,0.0,0.0,0,0,0,0,False,,[null]
leader_follower,C0_perda_0.05,22,pv1,824,-0.0,-0.0,0.0,0.0,0.9994609737243801,0.9994609737243801,1.0060640314884584,1.049405687339917,2.0,False,0.0,,0.0,sem_sobretensao,sem_sobretensao,True,True,False,0.0,0.0,0,0,0,0,False,,[null]
leader_follower,C0_perda_0.05,22,pv3,828,-0.0,-0.0,0.0,0.0,0.9989179819308516,0.9989179819308516,1.0060640314884584,1.049405687339917,3.0,False,0.0,,0.0,sem_sobretensao,sem_sobretensao,True,True,False,0.0,0.0,0,0,0,0,False,,[null]
leader_follower,C0_perda_0.05,22,pv4,830,-0.0,-0.0,0.0,0.0,0.9858155814373922,0.9858155814373922,1.0060640314884584,1.049405687339917,4.0,False,0.0,,0.0,sem_sobretensao,sem_sobretensao,True,True,False,0.0,0.0,0,0,0,0,False,,[null]
leader_follower,C0_perda_0.05,22,pv5,850,-0.0,-0.0,0.0,0.0,1.0060640314884584,1.0060640314884584,1.0060640314884584,1.049405687339917,5.0,False,0.0,,0.0,sem_sobretensao,sem_sobretensao,True,True,False,0.0,0.0,0,0,0,0,False,,[null]
leader_follower,C0_perda_0.05,22,pv6,832,-0.0,-0.0,0.0,0.0,0.9629627164790306,0.9629627164790306,1.0060640314884584,1.049405687339917,6.0,False,0.0,,0.0,sem_sobretensao,sem_sobretensao,True,True,False,0.0,0.0,0,0,0,0,False,,[null]
leader_follower,C0_perda_0.05,23,pv2,816,-0.0,-0.0,0.0,0.0,1.0157857990852877,1.0157857990852877,1.0159494099998212,1.049707699932122,1.0,True,0.0,,0.0,sem_sobretensao,sem_sobretensao,True,True,False,0.0,0.0,0,0,0,0,False,,[null]
leader_follower,C0_perda_0.05,23,pv1,824,-0.0,-0.0,0.0,0.0,1.0106227444912799,1.0106227444912799,1.0159494099998212,1.049707699932122,2.0,False,0.0,,0.0,sem_sobretensao,sem_sobretensao,True,True,False,0.0,0.0,0,0,0,0,False,,[null]
leader_follower,C0_perda_0.05,23,pv3,828,-0.0,-0.0,0.0,0.0,1.010183972127752,1.010183972127752,1.0159494099998212,1.049707699932122,3.0,False,0.0,,0.0,sem_sobretensao,sem_sobretensao,True,True,False,0.0,0.0,0,0,0,0,False,,[null]
leader_follower,C0_perda_0.05,23,pv4,830,-0.0,-0.0,0.0,0.0,0.9995990501550603,0.9995990501550603,1.0159494099998212,1.049707699932122,4.0,False,0.0,,0.0,sem_sobretensao,sem_sobretensao,True,True,False,0.0,0.0,0,0,0,0,False,,[null]
leader_follower,C0_perda_0.05,23,pv5,850,-0.0,-0.0,0.0,0.0,1.0159494099998212,1.0159494099998212,1.0159494099998212,1.049707699932122,5.0,False,0.0,,0.0,sem_sobretensao,sem_sobretensao,True,True,False,0.0,0.0,0,0,0,0,False,,[null]
leader_follower,C0_perda_0.05,23,pv6,832,-0.0,-0.0,0.0,0.0,0.9812181271943429,0.9812181271943429,1.0159494099998212,1.049707699932122,6.0,False,0.0,,0.0,sem_sobretensao,sem_sobretensao,True,True,False,0.0,0.0,0,0,0,0,False,,[null]
leader_follower,C0_perda_0.10,0,pv2,816,-0.0,-0.0,0.0,0.0,1.0450262948633384,1.0450262948633384,1.0450761113146871,1.0505970659065016,1.0,True,0.0,,0.0,sem_sobretensao,sem_sobretensao,True,True,False,0.0,0.0,0,0,0,0,False,,[null]
leader_follower,C0_perda_0.10,0,pv1,824,-0.0,-0.0,0.0,0.0,1.0435191673339028,1.0435191673339028,1.0450761113146871,1.0505970659065016,2.0,False,0.0,,0.0,sem_sobretensao,sem_sobretensao,True,True,False,0.0,0.0,0,0,0,0,False,,[null]
leader_follower,C0_perda_0.10,0,pv3,828,-0.0,-0.0,0.0,0.0,1.043388151795147,1.043388151795147,1.0450761113146871,1.0505970659065016,3.0,False,0.0,,0.0,sem_sobretensao,sem_sobretensao,True,True,False,0.0,0.0,0,0,0,0,False,,[null]
leader_follower,C0_perda_0.10,0,pv4,830,-0.0,-0.0,0.0,0.0,1.0402417834114017,1.0402417834114017,1.0450761113146871,1.0505970659065016,4.0,False,0.0,,0.0,sem_sobretensao,sem_sobretensao,True,True,False,0.0,0.0,0,0,0,0,False,,[null]
leader_follower,C0_perda_0.10,0,pv5,850,-0.0,-0.0,0.0,0.0,1.0450761113146871,1.0450761113146871,1.0450761113146871,1.0505970659065016,5.0,False,0.0,,0.0,sem_sobretensao,sem_sobretensao,True,True,False,0.0,0.0,0,0,0,0,False,,[null]
leader_follower,C0_perda_0.10,0,pv6,832,-0.0,-0.0,0.0,0.0,1.0350545283587615,1.0350545283587615,1.0450761113146871,1.0505970659065016,6.0,False,0.0,,0.0,sem_sobretensao,sem_sobretensao,True,True,False,0.0,0.0,0,0,0,0,False,,[null]
leader_follower,C0_perda_0.10,1,pv2,816,-0.0,-0.0,0.0,0.0,1.0450265903941263,1.0450265903941263,1.0450764055625157,1.0505970903489994,1.0,True,0.0,,0.0,sem_sobretensao,sem_sobretensao,True,True,False,0.0,0.0,0,0,0,0,False,,[null]
leader_follower,C0_perda_0.10,1,pv1,824,-0.0,-0.0,0.0,0.0,1.043519497117978,1.043519497117978,1.0450764055625157,1.0505970903489994,2.0,False,0.0,,0.0,sem_sobretensao,sem_sobretensao,True,True,False,0.0,0.0,0,0,0,0,False,,[null]
leader_follower,C0_perda_0.10,1,pv3,828,-0.0,-0.0,0.0,0.0,1.0433884847070511,1.0433884847070511,1.0450764055625157,1.0505970903489994,3.0,False,0.0,,0.0,sem_sobretensao,sem_sobretensao,True,True,False,0.0,0.0,0,0,0,0,False,,[null]
leader_follower,C0_perda_0.10,1,pv4,830,-0.0,-0.0,0.0,0.0,1.0402421909746427,1.0402421909746427,1.0450764055625157,1.0505970903489994,4.0,False,0.0,,0.0,sem_sobretensao,sem_sobretensao,True,True,False,0.0,0.0,0,0,0,0,False,,[null]
leader_follower,C0_perda_0.10,1,pv5,850,-0.0,-0.0,0.0,0.0,1.0450764055625157,1.0450764055625157,1.0450764055625157,1.0505970903489994,5.0,False,0.0,,0.0,sem_sobretensao,sem_sobretensao,True,True,False,0.0,0.0,0,0,0,0,False,,[null]
leader_follower,C0_perda_0.10,1,pv6,832,-0.0,-0.0,0.0,0.0,1.0350550780786294,1.0350550780786294,1.0450764055625157,1.0505970903489994,6.0,False,0.0,,0.0,sem_sobretensao,sem_sobretensao,True,True,False,0.0,0.0,0,0,0,0,False,,[null]
leader_follower,C0_perda_0.10,2,pv2,816,-0.0,-0.0,0.0,0.0,1.0449571701348623,1.0449571701348623,1.0450072554978003,1.0505949800956955,1.0,True,0.0,,0.0,sem_sobretensao,sem_sobretensao,True,True,False,0.0,0.0,0,0,0,0,False,,[null]
leader_follower,C0_perda_0.10,2,pv1,824,-0.0,-0.0,0.0,0.0,1.0434413812534846,1.0434413812534846,1.0450072554978003,1.0505949800956955,2.0,False,0.0,,0.0,sem_sobretensao,sem_sobretensao,True,True,False,0.0,0.0,0,0,0,0,False,,[null]
leader_follower,C0_perda_0.10,2,pv3,828,-0.0,-0.0,0.0,0.0,1.0433096369965242,1.0433096369965242,1.0450072554978003,1.0505949800956955,3.0,False,0.0,,0.0,sem_sobretensao,sem_sobretensao,True,True,False,0.0,0.0,0,0,0,0,False,,[null]
leader_follower,C0_perda_0.10,2,pv4,830,-0.0,-0.0,0.0,0.0,1.0401456464219774,1.0401456464219774,1.0450072554978003,1.0505949800956955,4.0,False,0.0,,0.0,sem_sobretensao,sem_sobretensao,True,True,False,0.0,0.0,0,0,0,0,False,,[null]
leader_follower,C0_perda_0.10,2,pv5,850,-0.0,-0.0,0.0,0.0,1.0450072554978003,1.0450072554978003,1.0450072554978003,1.0505949800956955,5.0,False,0.0,,0.0,sem_sobretensao,sem_sobretensao,True,True,False,0.0,0.0,0,0,0,0,False,,[null]
leader_follower,C0_perda_0.10,2,pv6,832,-0.0,-0.0,0.0,0.0,1.0349271785104095,1.0349271785104095,1.0450072554978003,1.0505949800956955,6.0,False,0.0,,0.0,sem_sobretensao,sem_sobretensao,True,True,False,0.0,0.0,0,0,0,0,False,,[null]
leader_follower,C0_perda_0.10,3,pv2,816,-0.0,-0.0,0.0,0.0,1.0449571021647746,1.0449571021647746,1.0450071878057714,1.0505949776249717,1.0,True,0.0,,0.0,sem_sobretensao,sem_sobretensao,True,True,False,0.0,0.0,0,0,0,0,False,,[null]
leader_follower,C0_perda_0.10,3,pv1,824,-0.0,-0.0,0.0,0.0,1.043441305274198,1.043441305274198,1.0450071878057714,1.0505949776249717,2.0,False,0.0,,0.0,sem_sobretensao,sem_sobretensao,True,True,False,0.0,0.0,0,0,0,0,False,,[null]
leader_follower,C0_perda_0.10,3,pv3,828,-0.0,-0.0,0.0,0.0,1.043309560339792,1.043309560339792,1.0450071878057714,1.0505949776249717,3.0,False,0.0,,0.0,sem_sobretensao,sem_sobretensao,True,True,False,0.0,0.0,0,0,0,0,False,,[null]
leader_follower,C0_perda_0.10,3,pv4,830,-0.0,-0.0,0.0,0.0,1.0401455535283302,1.0401455535283302,1.0450071878057714,1.0505949776249717,4.0,False,0.0,,0.0,sem_sobretensao,sem_sobretensao,True,True,False,0.0,0.0,0,0,0,0,False,,[null]
leader_follower,C0_perda_0.10,3,pv5,850,-0.0,-0.0,0.0,0.0,1.0450071878057714,1.0450071878057714,1.0450071878057714,1.0505949776249717,5.0,False,0.0,,0.0,sem_sobretensao,sem_sobretensao,True,True,False,0.0,0.0,0,0,0,0,False,,[null]
leader_follower,C0_perda_0.10,3,pv6,832,-0.0,-0.0,0.0,0.0,1.0349270553472671,1.0349270553472671,1.0450071878057714,1.0505949776249717,6.0,False,0.0,,0.0,sem_sobretensao,sem_sobretensao,True,True,False,0.0,0.0,0,0,0,0,False,,[null]
leader_follower,C0_perda_0.10,4,pv2,816,-0.0,-0.0,0.0,0.0,1.045026523122921,1.045026523122921,1.045076338566197,1.0505970879234294,1.0,True,0.0,,0.0,sem_sobretensao,sem_sobretensao,True,True,False,0.0,0.0,0,0,0,0,False,,[null]
leader_follower,C0_perda_0.10,4,pv1,824,-0.0,-0.0,0.0,0.0,1.0435194219130084,1.0435194219130084,1.045076338566197,1.0505970879234294,2.0,False,0.0,,0.0,sem_sobretensao,sem_sobretensao,True,True,False,0.0,0.0,0,0,0,0,False,,[null]
leader_follower,C0_perda_0.10,4,pv3,828,-0.0,-0.0,0.0,0.0,1.0433884088314556,1.0433884088314556,1.045076338566197,1.0505970879234294,3.0,False,0.0,,0.0,sem_sobretensao,sem_sobretensao,True,True,False,0.0,0.0,0,0,0,0,False,,[null]
leader_follower,C0_perda_0.10,4,pv4,830,-0.0,-0.0,0.0,0.0,1.0402420990252506,1.0402420990252506,1.045076338566197,1.0505970879234294,4.0,False,0.0,,0.0,sem_sobretensao,sem_sobretensao,True,True,False,0.0,0.0,0,0,0,0,False,,[null]
leader_follower,C0_perda_0.10,4,pv5,850,-0.0,-0.0,0.0,0.0,1.045076338566197,1.045076338566197,1.045076338566197,1.0505970879234294,5.0,False,0.0,,0.0,sem_sobretensao,sem_sobretensao,True,True,False,0.0,0.0,0,0,0,0,False,,[null]
leader_follower,C0_perda_0.10,4,pv6,832,-0.0,-0.0,0.0,0.0,1.035054956170032,1.035054956170032,1.045076338566197,1.0505970879234294,6.0,False,0.0,,0.0,sem_sobretensao,sem_sobretensao,True,True,False,0.0,0.0,0,0,0,0,False,,[null]
leader_follower,C0_perda_0.10,5,pv2,816,-0.0,-0.0,0.0,0.0,1.046437942275659,1.046437942275659,1.0464804756969757,1.05063939179868,1.0,True,0.0,,0.0,sem_sobretensao,sem_sobretensao,True,True,False,0.0,0.0,0,0,0,0,False,,[null]
leader_follower,C0_perda_0.10,5,pv1,824,-0.0,-0.0,0.0,0.0,1.0450850714048536,1.0450850714048536,1.0464804756969757,1.05063939179868,2.0,False,0.0,,0.0,sem_sobretensao,sem_sobretensao,True,True,False,0.0,0.0,0,0,0,0,False,,[null]
leader_follower,C0_perda_0.10,5,pv3,828,-0.0,-0.0,0.0,0.0,1.044968726726859,1.044968726726859,1.0464804756969757,1.05063939179868,3.0,False,0.0,,0.0,sem_sobretensao,sem_sobretensao,True,True,False,0.0,0.0,0,0,0,0,False,,[null]
leader_follower,C0_perda_0.10,5,pv4,830,-0.0,-0.0,0.0,0.0,1.0421771197491476,1.0421771197491476,1.0464804756969757,1.05063939179868,4.0,False,0.0,,0.0,sem_sobretensao,sem_sobretensao,True,True,False,0.0,0.0,0,0,0,0,False,,[null]
leader_follower,C0_perda_0.10,5,pv5,850,-0.0,-0.0,0.0,0.0,1.0464804756969757,1.0464804756969757,1.0464804756969757,1.05063939179868,5.0,False,0.0,,0.0,sem_sobretensao,sem_sobretensao,True,True,False,0.0,0.0,0,0,0,0,False,,[null]
leader_follower,C0_perda_0.10,5,pv6,832,-0.0,-0.0,0.0,0.0,1.0376184354041749,1.0376184354041749,1.0464804756969757,1.05063939179868,6.0,False,0.0,,0.0,sem_sobretensao,sem_sobretensao,True,True,False,0.0,0.0,0,0,0,0,False,,[null]
leader_follower,C0_perda_0.10,6,pv2,816,15.625241782068514,15.625241782068514,0.0,0.0,1.0483407437819094,1.0483407437819094,1.0483782454548018,1.0506384889471005,1.0,True,0.0,0.0,0.0,sem_sobretensao,sem_sobretensao,True,True,False,0.0,0.0,0,0,0,0,False,0.0,[0.0]
leader_follower,C0_perda_0.10,6,pv1,824,18.7503236717592,18.7503236717592,0.0,0.0,1.0471579048369506,1.0471579048369506,1.0483782454548018,1.0506384889471005,2.0,False,0.0,0.0,0.0,sem_sobretensao,sem_sobretensao,True,True,False,0.0,0.0,0,0,0,0,False,0.0,[0.0]
leader_follower,C0_perda_0.10,6,pv3,828,12.500217712144039,12.500217712144039,0.0,0.0,1.0470455387298745,1.0470455387298745,1.0483782454548018,1.0506384889471005,3.0,False,0.0,0.0,0.0,sem_sobretensao,sem_sobretensao,True,True,False,0.0,0.0,0,0,0,0,False,0.0,[0.0]
leader_follower,C0_perda_0.10,6,pv4,830,16.250349249231203,16.250349249231203,0.0,0.0,1.0442222095150686,1.0442222095150686,1.0483782454548018,1.0506384889471005,4.0,False,0.0,0.0,0.0,sem_sobretensao,sem_sobretensao,True,True,False,0.0,0.0,0,0,0,0,False,0.0,[0.0]
leader_follower,C0_perda_0.10,6,pv5,850,11.250173385025839,11.250173385025839,0.0,0.0,1.0483782454548018,1.0483782454548018,1.0483782454548018,1.0506384889471005,5.0,False,0.0,0.0,0.0,sem_sobretensao,sem_sobretensao,True,True,False,0.0,0.0,0,0,0,0,False,0.0,[0.0]
leader_follower,C0_perda_0.10,6,pv6,832,14.375428037447017,14.375428037447017,0.0,0.0,1.0393165620198634,1.0393165620198634,1.0483782454548018,1.0506384889471005,6.0,False,0.0,0.0,0.0,sem_sobretensao,sem_sobretensao,True,True,False,0.0,0.0,0,0,0,0,False,0.0,[0.0]
leader_follower,C0_perda_0.10,7,pv2,816,46.87517293313687,18.45098129440861,28.424191638728256,0.6063804949131005,1.0562538666391141,1.0504682194562145,1.0504975706684119,1.05079789026866,1.0,True,0.0,0.6063805178761209,428.0,convergiu,convergiu,True,False,False,0.007399284074971438,0.007399284074971438,5136,4607,517,12,False,0.007399279981125127,[0.007399]
leader_follower,C0_perda_0.10,7,pv1,824,56.25022149623055,22.89247598185787,33.35774551437268,0.5930242256071729,1.0558852978158424,1.0495352146001724,1.0504975706684119,1.05079789026866,2.0,False,0.0,0.5930242517642007,428.0,convergiu,convergiu,True,False,False,0.007399284074971438,0.007399284074971438,5136,4607,517,12,False,0.007399279981125127,[0.007399]
leader_follower,C0_perda_0.10,7,pv3,828,37.5001485947879,15.440410846628662,22.05973774815924,0.5882573156220254,1.0558243986090117,1.0494419825183507,1.0504975706684119,1.05079789026866,3.0,False,0.0,0.5882573422982461,428.0,convergiu,convergiu,True,False,False,0.007399284074971438,0.007399284074971438,5136,4607,517,12,False,0.007399279981125127,[0.007399]
leader_follower,C0_perda_0.10,7,pv4,830,48.75022589866941,20.167956477106276,28.582269421563137,0.5863002133389379,1.0539937130575454,1.0470516681826312,1.0504975706684119,1.05079789026866,4.0,False,0.0,0.5863002456844668,428.0,convergiu,convergiu,True,False,False,0.007399284074971438,0.007399284074971438,5136,4607,517,12,False,0.007399279981125127,[0.007399]
leader_follower,C0_perda_0.10,7,pv5,850,33.75012402307615,13.94238198154212,19.807742041534027,0.5868938797922512,1.056261646345798,1.0504975706684119,1.0504975706684119,1.05079789026866,5.0,False,0.0,0.5868939037969394,428.0,convergiu,convergiu,True,False,False,0.007399284074971438,0.007399284074971438,5136,4607,517,12,False,0.007399279981125127,[0.007399]
leader_follower,C0_perda_0.10,7,pv6,832,43.12526281682057,17.91579407231957,25.209468744501002,0.5845637849881378,1.0502737503980764,1.0428441319228192,1.0504975706684119,1.05079789026866,6.0,False,0.0,0.58456382866769,428.0,convergiu,convergiu,True,False,False,0.007399284074971438,0.007399284074971438,5136,4607,517,12,False,0.007399279981125127,[0.007399]
leader_follower,C0_perda_0.10,8,pv2,816,85.41699505272715,37.56761775806348,47.84937729466367,0.5601856402268832,1.0600225763504805,1.0504645043286598,1.0504946171299754,1.0507794397627759,1.0,True,0.0,0.5601856780975106,284.0,convergiu,convergiu,True,False,False,0.007632041210112877,0.007632041210112877,3408,3072,327,9,False,0.007632033014989853,[0.007632]
leader_follower,C0_perda_0.10,8,pv1,824,102.50042165431773,46.48802066844647,56.01240098587127,0.5464601577318092,1.0599113578550472,1.0494193766007454,1.0504946171299754,1.0507794397627759,2.0,False,0.0,0.546460200668958,284.0,convergiu,convergiu,True,False,False,0.007632041210112877,0.007632041210112877,3408,3072,327,9,False,0.007632033014989853,[0.007632]
leader_follower,C0_perda_0.10,8,pv3,828,68.3336153932407,31.32110223662695,37.01251315661376,0.5416442544635274,1.0598511737326248,1.049305845360368,1.0504946171299754,1.0507794397627759,3.0,False,0.0,0.5416442982508268,284.0,convergiu,convergiu,True,False,False,0.007632041210112877,0.007632041210112877,3408,3072,327,9,False,0.007632033014989853,[0.007632]
leader_follower,C0_perda_0.10,8,pv4,830,88.83371833125774,40.908993349802074,47.92472498145567,0.5394879442395705,1.0577281149539168,1.046262445456474,1.0504946171299754,1.0507794397627759,4.0,False,0.0,0.5394879993961987,284.0,convergiu,convergiu,True,False,False,0.007632041210112877,0.007632041210112877,3408,3072,327,9,False,0.007632033014989853,[0.007632]
leader_follower,C0_perda_0.10,8,pv5,850,61.50023552645001,28.281434543463103,33.218800982986906,0.5401409973975125,1.060016924918694,1.0504946171299754,1.0504946171299754,1.0507794397627759,5.0,False,0.0,0.5401410368371706,284.0,convergiu,convergiu,True,False,False,0.007632041210112877,0.007632041210112877,3408,3072,327,9,False,0.007632033014989853,[0.007632]
leader_follower,C0_perda_0.10,8,pv6,832,78.58368117385929,36.33759239545858,42.24608877840071,0.537593579741815,1.052786113448419,1.0405273136002535,1.0504946171299754,1.0507794397627759,6.0,False,0.0,0.5375936599983788,284.0,convergiu,convergiu,True,False,False,0.007632041210112877,0.007632041210112877,3408,3072,327,9,False,0.007632033014989853,[0.007632]
leader_follower,C0_perda_0.10,9,pv2,816,109.37601279944892,43.72766993854396,65.64834286090496,0.6002078251739384,1.0634560306635263,1.05046633711452,1.0504966858248752,1.0507728107512475,1.0,True,0.0,0.6002078625893714,246.0,convergiu,convergiu,True,False,False,0.007918481769244543,0.007918481769244543,2952,2642,299,11,False,0.007918472861680194,[0.007918]
leader_follower,C0_perda_0.10,9,pv1,824,131.2513104011365,54.35184906592557,76.89946133521093,0.5858947656025538,1.0636450081192232,1.0493855310880782,1.0504966858248752,1.0507728107512475,2.0,False,0.0,0.5858948082132448,246.0,convergiu,convergiu,True,False,False,0.007918481769244543,0.007918481769244543,2952,2642,299,11,False,0.007918472861680194,[0.007918]
leader_follower,C0_perda_0.10,9,pv3,828,87.50087687543923,36.654395720610395,50.84648115482884,0.5810967748310891,1.0635972312564808,1.0492653727259782,1.0504966858248752,1.0507728107512475,3.0,False,0.0,0.5810968183462973,246.0,convergiu,convergiu,True,False,False,0.007918481769244543,0.007918481769244543,2952,2642,299,11,False,0.007918472861680194,[0.007918]
leader_follower,C0_perda_0.10,9,pv4,830,113.75120235186344,47.91457774382409,65.83662460803936,0.5787773396077635,1.0615841259149745,1.0460072340219146,1.0504966858248752,1.0507728107512475,4.0,False,0.0,0.5787773952875571,246.0,convergiu,convergiu,True,False,False,0.007918481769244543,0.007918481769244543,2952,2642,299,11,False,0.007918472861680194,[0.007918]
leader_follower,C0_perda_0.10,9,pv5,850,78.75072638315129,33.12173868563373,45.62898769751756,0.5794103331570455,1.0634377081199757,1.0504966858248752,1.0504966858248752,1.0507728107512475,5.0,False,0.0,0.5794103723629891,246.0,convergiu,convergiu,True,False,False,0.007918481769244543,0.007918481769244543,2952,2642,299,11,False,0.007918472861680194,[0.007918]
leader_follower,C0_perda_0.10,9,pv6,832,100.62608235759473,42.59846707204036,58.02761528555437,0.5766656669920738,1.0564042282036852,1.039766349939302,1.0504966858248752,1.0507728107512475,6.0,False,0.0,0.5766657503304335,246.0,convergiu,convergiu,True,False,False,0.007918481769244543,0.007918481769244543,2952,2642,299,11,False,0.007918472861680194,[0.007918]
leader_follower,C0_perda_0.10,10,pv2,816,122.91832369883545,50.066127637686876,72.85219606114858,0.5926877998447505,1.0647988816547784,1.050465586065697,1.0504961708997922,1.0507650307165495,1.0,True,0.0,0.5926878423728357,226.0,convergiu,convergiu,True,False,False,0.008060821874962334,0.008060821874962334,2712,2442,258,12,False,0.008060810787025785,[0.008061]
leader_follower,C0_perda_0.10,10,pv1,824,147.50215533499062,62.18674847771509,85.31540685727552,0.5784010378394255,1.0650831804715295,1.049348185903976,1.0504961708997922,1.0507650307165495,2.0,False,0.0,0.5784010861639044,226.0,convergiu,convergiu,True,False,False,0.008060821874962334,0.008060821874962334,2712,2442,258,12,False,0.008060810787025785,[0.008061]
leader_follower,C0_perda_0.10,10,pv3,828,98.33477586001081,41.96128991752575,56.37348594248506,0.5732812282454337,1.0650361539866768,1.0492213371001529,1.0504961708997922,1.0507650307165495,3.0,False,0.0,0.5732812776503222,226.0,convergiu,convergiu,True,False,False,0.008060821874962334,0.008060821874962334,2712,2442,258,12,False,0.008060810787025785,[0.008061]
leader_follower,C0_perda_0.10,10,pv4,830,127.83531244100553,54.8563777997601,72.97893464124543,0.5708823720238878,1.0629336660034152,1.0457471891737797,1.0504961708997922,1.0507650307165495,4.0,False,0.0,0.5708824365327408,226.0,convergiu,convergiu,True,False,False,0.008060821874962334,0.008060821874962334,2712,2442,258,12,False,0.008060810787025785,[0.008061]
leader_follower,C0_perda_0.10,10,pv5,850,88.50118842720246,37.91587302304923,50.585315404153235,0.5715777647732647,1.0647757079845006,1.0504961708997922,1.0504961708997922,1.0507650307165495,5.0,False,0.0,0.5715778093280939,226.0,convergiu,convergiu,True,False,False,0.008060821874962334,0.008060821874962334,2712,2442,258,12,False,0.008060810787025785,[0.008061]
leader_follower,C0_perda_0.10,10,pv6,832,113.08509792974135,48.767482843147256,64.31761508659409,0.568754017581872,1.0573508144029602,1.0389993448787378,1.0504961708997922,1.0507650307165495,6.0,False,0.0,0.568754117598713,226.0,convergiu,convergiu,True,False,False,0.008060821874962334,0.008060821874962334,2712,2442,258,12,False,0.008060810787025785,[0.008061]
leader_follower,C0_perda_0.10,11,pv2,816,125.00095756379028,69.7779202415073,55.22303732228298,0.4417808730390871,1.0612357747385397,1.0504670833384864,1.050498315798985,1.0507417606737635,1.0,True,0.0,0.4417809143110096,205.0,convergiu,convergiu,True,False,False,0.008089815581194332,0.008089815581194332,2460,2209,241,10,False,0.008089801132852011,[0.00809]
leader_follower,C0_perda_0.10,11,pv1,824,150.0012360649805,85.88652535403685,64.11471071094365,0.42742783634231757,1.0610597796414867,1.0492383697482688,1.050498315798985,1.0507417606737635,2.0,False,0.0,0.42742788254870895,205.0,convergiu,convergiu,True,False,False,0.008089815581194332,0.008089815581194332,2460,2209,241,10,False,0.008089801132852011,[0.00809]
leader_follower,C0_perda_0.10,11,pv3,828,100.00082642930457,57.77109104288685,42.229735386417715,0.4222938166887596,1.0609726001073811,1.0490912391882983,1.050498315798985,1.0507417606737635,3.0,False,0.0,0.4222938639039345,205.0,convergiu,convergiu,True,False,False,0.008089815581194332,0.008089815581194332,2460,2209,241,10,False,0.008089801132852011,[0.00809]
leader_follower,C0_perda_0.10,11,pv4,830,130.00109918460572,75.40997705361781,54.59112213098791,0.41992809086406924,1.057877955937102,1.0449650671121864,1.050498315798985,1.0507417606737635,4.0,False,0.0,0.41992815809554634,205.0,convergiu,convergiu,True,False,False,0.008089815581194332,0.008089815581194332,2460,2209,241,10,False,0.008089801132852011,[0.00809]
leader_follower,C0_perda_0.10,11,pv5,850,90.00068675590128,52.147357530041326,37.85332922585996,0.4205892949278709,1.0612265547014124,1.050498315798985,1.050498315798985,1.0507417606737635,5.0,False,0.0,0.42058933759611494,205.0,convergiu,convergiu,True,False,False,0.008089815581194332,0.008089815581194332,2460,2209,241,10,False,0.008089801132852011,[0.00809]
leader_follower,C0_perda_0.10,11,pv6,832,115.00090933823165,66.96024538342456,48.04066395480709,0.41774148177867315,1.0504893448496886,1.0366936256505628,1.050498315798985,1.0507417606737635,6.0,False,0.0,0.41774160075129196,205.0,convergiu,convergiu,True,False,False,0.008089815581194332,0.008089815581194332,2460,2209,241,10,False,0.008089801132852011,[0.00809]
leader_follower,C0_perda_0.10,12,pv2,816,114.58396751157912,73.25427116336476,41.329696348214355,0.3606934981641347,1.0584759980029945,1.050465184775262,1.0504965225639171,1.0507369165908216,1.0,True,0.0,0.36069353545501764,203.0,convergiu,convergiu,True,False,False,0.00797155870594257,0.00797155870594257,2436,2197,229,10,False,0.007971544477973705,[0.007972]
leader_follower,C0_perda_0.10,12,pv1,824,137.50081135936608,89.8587422032793,47.64206915608678,0.3464856896577153,1.0580095021303528,1.0492170288709242,1.0504965225639171,1.0507369165908216,2.0,False,0.0,0.3464857311392262,203.0,convergiu,convergiu,True,False,False,0.00797155870594257,0.00797155870594257,2436,2197,229,10,False,0.007971544477973705,[0.007972]
leader_follower,C0_perda_0.10,12,pv3,828,91.66720959058922,60.364186532909834,31.30302305767939,0.34148545934113966,1.0579033714958819,1.049066435064378,1.0504965225639171,1.0507369165908216,3.0,False,0.0,0.34148550171306874,203.0,convergiu,convergiu,True,False,False,0.00797155870594257,0.00797155870594257,2436,2197,229,10,False,0.007971544477973705,[0.007972]
leader_follower,C0_perda_0.10,12,pv4,830,119.16742041941329,78.75325744217942,40.41416297723387,0.33913762187900504,1.0544313943381762,1.0448300048294987,1.0504965225639171,1.0507369165908216,4.0,False,0.0,0.33913768406662675,203.0,convergiu,convergiu,True,False,False,0.00797155870594257,0.00797155870594257,2436,2197,229,10,False,0.007971544477973705,[0.007972]
leader_follower,C0_perda_0.10,12,pv5,850,82.50045481590729,54.46406388824873,28.03639092765856,0.3398331297206466,1.0584772347143694,1.0504965225639171,1.0504965225639171,1.0507369165908216,5.0,False,0.0,0.3398331680742775,203.0,convergiu,convergiu,True,False,False,0.00797155870594257,0.00797155870594257,2436,2197,229,10,False,0.007971544477973705,[0.007972]
leader_follower,C0_perda_0.10,12,pv6,832,105.41738603112458,69.89291424168084,35.52447178944374,0.3369886226744855,1.0465580379769743,1.036303207494851,1.0504965225639171,1.0507369165908216,6.0,False,0.0,0.3369887371230691,203.0,convergiu,convergiu,True,False,False,0.00797155870594257,0.00797155870594257,2436,2197,229,10,False,0.007971544477973705,[0.007972]
leader_follower,C0_perda_0.10,13,pv2,816,91.66698433660292,67.08890665925114,24.578077677351786,0.2681235150590945,1.0551908300254056,1.050466440791955,1.050497548582652,1.0507456117575675,1.0,True,0.0,0.2681235545733741,208.0,convergiu,convergiu,True,False,False,0.007764995085867122,0.007764995085867122,2496,2237,247,12,False,0.007764982321357091,[0.007765]
leader_follower,C0_perda_0.10,13,pv1,824,110.00040437336236,82.0381731964296,27.96223117693276,0.2542011231514019,1.0544374799080234,1.0492537576166987,1.050497548582652,1.0507456117575675,2.0,False,0.0,0.25420116713410995,208.0,convergiu,convergiu,True,False,False,0.007764995085867122,0.007764995085867122,2496,2237,247,12,False,0.007764982321357091,[0.007765]
leader_follower,C0_perda_0.10,13,pv3,828,73.33360439959276,55.050603905401225,18.283000494191533,0.2493126767373601,1.0543195760769828,1.0491097572474941,1.050497548582652,1.0507456117575675,3.0,False,0.0,0.2493127215535183,208.0,convergiu,convergiu,True,False,False,0.007764995085867122,0.007764995085867122,2496,2237,247,12,False,0.007764982321357091,[0.007765]
leader_follower,C0_perda_0.10,13,pv4,830,95.33373703702709,71.77545922281024,23.55827781421685,0.24711369294400945,1.0507455019520417,1.045087074514903,1.050497548582652,1.0507456117575675,4.0,False,0.0,0.2471137558057432,208.0,convergiu,convergiu,True,False,False,0.007764995085867122,0.007764995085867122,2496,2237,247,12,False,0.007764982321357091,[0.007765]
leader_follower,C0_perda_0.10,13,pv5,850,66.00022781748922,49.64893112716678,16.351296690322435,0.24774602393318845,1.055204187010907,1.050497548582652,1.050497548582652,1.0507456117575675,5.0,False,0.0,0.2477460643853952,208.0,convergiu,convergiu,True,False,False,0.007764995085867122,0.007764995085867122,2496,2237,247,12,False,0.007764982321357091,[0.007765]
leader_follower,C0_perda_0.10,13,pv6,832,84.3337890167856,63.664685836895444,20.669103179890158,0.24508674684841877,1.0431065535958146,1.03706415214756,1.050497548582652,1.0507456117575675,6.0,False,0.0,0.24508685570591673,208.0,convergiu,convergiu,True,False,False,0.007764995085867122,0.007764995085867122,2496,2237,247,12,False,0.007764982321357091,[0.007765]
leader_follower,C0_perda_0.10,14,pv2,816,62.500202118722115,51.13910996296987,11.361092155752246,0.1817768461874313,1.0526136226702782,1.0504688742214634,1.0504994107470977,1.0507661908797001,1.0,True,0.0,0.1817768866438433,213.0,convergiu,convergiu,True,False,False,0.007483863090303455,0.007483863090303455,2556,2300,244,12,False,0.0074838533172450145,[0.007484]
leader_follower,C0_perda_0.10,14,pv1,824,75.00025987625192,62.38165547613846,12.618604400113455,0.16824743054953395,1.051699638172852,1.049347546859365,1.0504994107470977,1.0507661908797001,2.0,False,0.0,0.16824747568786771,213.0,convergiu,convergiu,True,False,False,0.007483863090303455,0.007483863090303455,2556,2300,244,12,False,0.0074838533172450145,[0.007484]
leader_follower,C0_perda_0.10,14,pv3,828,50.0001744099407,41.82012498421483,8.18004942572587,0.1636003719919011,1.0515841348064408,1.0492202928638856,1.0504994107470977,1.0507661908797001,3.0,False,0.0,0.1636004178437339,213.0,convergiu,convergiu,True,False,False,0.007483863090303455,0.007483863090303455,2556,2300,244,12,False,0.0074838533172450145,[0.007484]
leader_follower,C0_perda_0.10,14,pv4,830,65.00026920662667,54.50384589212068,10.49642331450599,0.1614827069827854,1.0483035674123389,1.0457377736222786,1.0504994107470977,1.0507661908797001,4.0,False,0.0,0.16148276680423188,213.0,convergiu,convergiu,True,False,False,0.007483863090303455,0.007483863090303455,2556,2300,244,12,False,0.0074838533172450145,[0.007484]
leader_follower,C0_perda_0.10,14,pv5,850,45.00014494785671,37.704928188569106,7.295216759287605,0.16211536453633152,1.0526360953066174,1.0504994107470977,1.0504994107470977,1.0507661908797001,5.0,False,0.0,0.16211540580015543,213.0,convergiu,convergiu,True,False,False,0.007483863090303455,0.007483863090303455,2556,2300,244,12,False,0.0074838533172450145,[0.007484]
leader_follower,C0_perda_0.10,14,pv6,832,57.500322281619205,48.32321136596214,9.177110915657067,0.15960094169459418,1.0417206371572711,1.0389813743319676,1.0504994107470977,1.0507661908797001,6.0,False,0.0,0.1596010344204742,213.0,convergiu,convergiu,True,False,False,0.007483863090303455,0.007483863090303455,2556,2300,244,12,False,0.0074838533172450145,[0.007484]
leader_follower,C0_perda_0.10,15,pv2,816,28.124947760386952,28.124947760386952,0.0,0.0,1.0386370242045528,1.0386370242045528,1.038712758309859,1.0502955100136375,1.0,True,0.0,0.0,0.0,sem_sobretensao,sem_sobretensao,True,True,False,0.0,0.0,0,0,0,0,False,0.0,[0.0]
leader_follower,C0_perda_0.10,15,pv1,824,33.74993264255153,33.74993264255153,0.0,0.0,1.036165762618695,1.036165762618695,1.038712758309859,1.0502955100136375,2.0,False,0.0,0.0,0.0,sem_sobretensao,sem_sobretensao,True,True,False,0.0,0.0,0,0,0,0,False,0.0,[0.0]
leader_follower,C0_perda_0.10,15,pv3,828,22.499954825237403,22.499954825237403,0.0,0.0,1.035937848264752,1.035937848264752,1.038712758309859,1.0502955100136375,3.0,False,0.0,0.0,0.0,sem_sobretensao,sem_sobretensao,True,True,False,0.0,0.0,0,0,0,0,False,0.0,[0.0]
leader_follower,C0_perda_0.10,15,pv4,830,29.24993233697559,29.24993233697559,0.0,0.0,1.0302157541189347,1.0302157541189347,1.038712758309859,1.0502955100136375,4.0,False,0.0,0.0,0.0,sem_sobretensao,sem_sobretensao,True,True,False,0.0,0.0,0,0,0,0,False,0.0,[0.0]
leader_follower,C0_perda_0.10,15,pv5,850,20.249962539178874,20.249962539178874,0.0,0.0,1.038712758309859,1.038712758309859,1.038712758309859,1.0502955100136375,5.0,False,0.0,0.0,0.0,sem_sobretensao,sem_sobretensao,True,True,False,0.0,0.0,0,0,0,0,False,0.0,[0.0]
leader_follower,C0_perda_0.10,15,pv6,832,25.874924472813973,25.874924472813973,0.0,0.0,1.0199321297396988,1.0199321297396988,1.038712758309859,1.0502955100136375,6.0,False,0.0,0.0,0.0,sem_sobretensao,sem_sobretensao,True,True,False,0.0,0.0,0,0,0,0,False,0.0,[0.0]
leader_follower,C0_perda_0.10,16,pv2,816,3.1250322945963553,3.1250322945963553,0.0,0.0,1.0394703803118954,1.0394703803118954,1.039541941476977,1.0504162382879945,1.0,True,0.0,0.0,0.0,sem_sobretensao,sem_sobretensao,True,True,False,0.0,0.0,0,0,0,0,False,0.0,[0.0]
leader_follower,C0_perda_0.10,16,pv1,824,3.7500421409588798,3.7500421409588798,0.0,0.0,1.0372492372289976,1.0372492372289976,1.039541941476977,1.0504162382879945,2.0,False,0.0,0.0,0.0,sem_sobretensao,sem_sobretensao,True,True,False,0.0,0.0,0,0,0,0,False,0.0,[0.0]
leader_follower,C0_perda_0.10,16,pv3,828,2.500028276790707,2.500028276790707,0.0,0.0,1.03705637795607,1.03705637795607,1.039541941476977,1.0504162382879945,3.0,False,0.0,0.0,0.0,sem_sobretensao,sem_sobretensao,True,True,False,0.0,0.0,0,0,0,0,False,0.0,[0.0]
leader_follower,C0_perda_0.10,16,pv4,830,3.2500425487395788,3.2500425487395788,0.0,0.0,1.0323888508528647,1.0323888508528647,1.039541941476977,1.0504162382879945,4.0,False,0.0,0.0,0.0,sem_sobretensao,sem_sobretensao,True,True,False,0.0,0.0,0,0,0,0,False,0.0,[0.0]
leader_follower,C0_perda_0.10,16,pv5,850,2.2500231591705777,2.2500231591705777,0.0,0.0,1.039541941476977,1.039541941476977,1.039541941476977,1.0504162382879945,5.0,False,0.0,0.0,0.0,sem_sobretensao,sem_sobretensao,True,True,False,0.0,0.0,0,0,0,0,False,0.0,[0.0]
leader_follower,C0_perda_0.10,16,pv6,832,2.8750471329309972,2.8750471329309972,0.0,0.0,1.0244469035472574,1.0244469035472574,1.039541941476977,1.0504162382879945,6.0,False,0.0,0.0,0.0,sem_sobretensao,sem_sobretensao,True,True,False,0.0,0.0,0,0,0,0,False,0.0,[0.0]
leader_follower,C0_perda_0.10,17,pv2,816,-0.0,-0.0,0.0,0.0,1.0319530456641133,1.0319530456641133,1.0320537436109638,1.0501995250985579,1.0,True,0.0,,0.0,sem_sobretensao,sem_sobretensao,True,True,False,0.0,0.0,0,0,0,0,False,,[null]
leader_follower,C0_perda_0.10,17,pv1,824,-0.0,-0.0,0.0,0.0,1.0288097422283975,1.0288097422283975,1.0320537436109638,1.0501995250985579,2.0,False,0.0,,0.0,sem_sobretensao,sem_sobretensao,True,True,False,0.0,0.0,0,0,0,0,False,,[null]
leader_follower,C0_perda_0.10,17,pv3,828,-0.0,-0.0,0.0,0.0,1.0285410077167667,1.0285410077167667,1.0320537436109638,1.0501995250985579,3.0,False,0.0,,0.0,sem_sobretensao,sem_sobretensao,True,True,False,0.0,0.0,0,0,0,0,False,,[null]
leader_follower,C0_perda_0.10,17,pv4,830,-0.0,-0.0,0.0,0.0,1.0220651174905713,1.0220651174905713,1.0320537436109638,1.0501995250985579,4.0,False,0.0,,0.0,sem_sobretensao,sem_sobretensao,True,True,False,0.0,0.0,0,0,0,0,False,,[null]
leader_follower,C0_perda_0.10,17,pv5,850,-0.0,-0.0,0.0,0.0,1.0320537436109638,1.0320537436109638,1.0320537436109638,1.0501995250985579,5.0,False,0.0,,0.0,sem_sobretensao,sem_sobretensao,True,True,False,0.0,0.0,0,0,0,0,False,,[null]
leader_follower,C0_perda_0.10,17,pv6,832,-0.0,-0.0,0.0,0.0,1.0109757984235852,1.0109757984235852,1.0320537436109638,1.0501995250985579,6.0,False,0.0,,0.0,sem_sobretensao,sem_sobretensao,True,True,False,0.0,0.0,0,0,0,0,False,,[null]
leader_follower,C0_perda_0.10,18,pv2,816,-0.0,-0.0,0.0,0.0,1.0353684495010183,1.0353684495010183,1.0354558554930642,1.0503034017860868,1.0,True,0.0,,0.0,sem_sobretensao,sem_sobretensao,True,True,False,0.0,0.0,0,0,0,0,False,,[null]
leader_follower,C0_perda_0.10,18,pv1,824,-0.0,-0.0,0.0,0.0,1.0326523500430973,1.0326523500430973,1.0354558554930642,1.0503034017860868,2.0,False,0.0,,0.0,sem_sobretensao,sem_sobretensao,True,True,False,0.0,0.0,0,0,0,0,False,,[null]
leader_follower,C0_perda_0.10,18,pv3,828,-0.0,-0.0,0.0,0.0,1.0324195763808064,1.0324195763808064,1.0354558554930642,1.0503034017860868,3.0,False,0.0,,0.0,sem_sobretensao,sem_sobretensao,True,True,False,0.0,0.0,0,0,0,0,False,,[null]
leader_follower,C0_perda_0.10,18,pv4,830,-0.0,-0.0,0.0,0.0,1.02681295674242,1.02681295674242,1.0354558554930642,1.0503034017860868,4.0,False,0.0,,0.0,sem_sobretensao,sem_sobretensao,True,True,False,0.0,0.0,0,0,0,0,False,,[null]
leader_follower,C0_perda_0.10,18,pv5,850,-0.0,-0.0,0.0,0.0,1.0354558554930642,1.0354558554930642,1.0354558554930642,1.0503034017860868,5.0,False,0.0,,0.0,sem_sobretensao,sem_sobretensao,True,True,False,0.0,0.0,0,0,0,0,False,,[null]
leader_follower,C0_perda_0.10,18,pv6,832,-0.0,-0.0,0.0,0.0,1.017265056101975,1.017265056101975,1.0354558554930642,1.0503034017860868,6.0,False,0.0,,0.0,sem_sobretensao,sem_sobretensao,True,True,False,0.0,0.0,0,0,0,0,False,,[null]
leader_follower,C0_perda_0.10,19,pv2,816,-0.0,-0.0,0.0,0.0,1.012463803494029,1.012463803494029,1.0126403397694483,1.0496066048479267,1.0,True,0.0,,0.0,sem_sobretensao,sem_sobretensao,True,True,False,0.0,0.0,0,0,0,0,False,,[null]
leader_follower,C0_perda_0.10,19,pv1,824,-0.0,-0.0,0.0,0.0,1.0068862241138112,1.0068862241138112,1.0126403397694483,1.0496066048479267,2.0,False,0.0,,0.0,sem_sobretensao,sem_sobretensao,True,True,False,0.0,0.0,0,0,0,0,False,,[null]
leader_follower,C0_perda_0.10,19,pv3,828,-0.0,-0.0,0.0,0.0,1.00641255022254,1.00641255022254,1.0126403397694483,1.0496066048479267,3.0,False,0.0,,0.0,sem_sobretensao,sem_sobretensao,True,True,False,0.0,0.0,0,0,0,0,False,,[null]
leader_follower,C0_perda_0.10,19,pv4,830,-0.0,-0.0,0.0,0.0,0.9949844738133675,0.9949844738133675,1.0126403397694483,1.0496066048479267,4.0,False,0.0,,0.0,sem_sobretensao,sem_sobretensao,True,True,False,0.0,0.0,0,0,0,0,False,,[null]
leader_follower,C0_perda_0.10,19,pv5,850,-0.0,-0.0,0.0,0.0,1.0126403397694483,1.0126403397694483,1.0126403397694483,1.0496066048479267,5.0,False,0.0,,0.0,sem_sobretensao,sem_sobretensao,True,True,False,0.0,0.0,0,0,0,0,False,,[null]
leader_follower,C0_perda_0.10,19,pv6,832,-0.0,-0.0,0.0,0.0,0.9751062275735913,0.9751062275735913,1.0126403397694483,1.0496066048479267,6.0,False,0.0,,0.0,sem_sobretensao,sem_sobretensao,True,True,False,0.0,0.0,0,0,0,0,False,,[null]
leader_follower,C0_perda_0.10,20,pv2,816,-0.0,-0.0,0.0,0.0,1.0078351504741658,1.0078351504741658,1.008029696164423,1.0494657402550034,1.0,True,0.0,,0.0,sem_sobretensao,sem_sobretensao,True,True,False,0.0,0.0,0,0,0,0,False,,[null]
leader_follower,C0_perda_0.10,20,pv1,824,-0.0,-0.0,0.0,0.0,1.0016803252824402,1.0016803252824402,1.008029696164423,1.0494657402550034,2.0,False,0.0,,0.0,sem_sobretensao,sem_sobretensao,True,True,False,0.0,0.0,0,0,0,0,False,,[null]
leader_follower,C0_perda_0.10,20,pv3,828,-0.0,-0.0,0.0,0.0,1.001158047785484,1.001158047785484,1.008029696164423,1.0494657402550034,3.0,False,0.0,,0.0,sem_sobretensao,sem_sobretensao,True,True,False,0.0,0.0,0,0,0,0,False,,[null]
leader_follower,C0_perda_0.10,20,pv4,830,-0.0,-0.0,0.0,0.0,0.9885559519361026,0.9885559519361026,1.008029696164423,1.0494657402550034,4.0,False,0.0,,0.0,sem_sobretensao,sem_sobretensao,True,True,False,0.0,0.0,0,0,0,0,False,,[null]
leader_follower,C0_perda_0.10,20,pv5,850,-0.0,-0.0,0.0,0.0,1.008029696164423,1.008029696164423,1.008029696164423,1.0494657402550034,5.0,False,0.0,,0.0,sem_sobretensao,sem_sobretensao,True,True,False,0.0,0.0,0,0,0,0,False,,[null]
leader_follower,C0_perda_0.10,20,pv6,832,-0.0,-0.0,0.0,0.0,0.9665920784800833,0.9665920784800833,1.008029696164423,1.0494657402550034,6.0,False,0.0,,0.0,sem_sobretensao,sem_sobretensao,True,True,False,0.0,0.0,0,0,0,0,False,,[null]
leader_follower,C0_perda_0.10,21,pv2,816,-0.0,-0.0,0.0,0.0,1.0061895964378376,1.0061895964378376,1.0063905442901249,1.0494156571369113,1.0,True,0.0,,0.0,sem_sobretensao,sem_sobretensao,True,True,False,0.0,0.0,0,0,0,0,False,,[null]
leader_follower,C0_perda_0.10,21,pv1,824,-0.0,-0.0,0.0,0.0,0.9998296239446811,0.9998296239446811,1.0063905442901249,1.0494156571369113,2.0,False,0.0,,0.0,sem_sobretensao,sem_sobretensao,True,True,False,0.0,0.0,0,0,0,0,False,,[null]
leader_follower,C0_perda_0.10,21,pv3,828,-0.0,-0.0,0.0,0.0,0.9992900728255066,0.9992900728255066,1.0063905442901249,1.0494156571369113,3.0,False,0.0,,0.0,sem_sobretensao,sem_sobretensao,True,True,False,0.0,0.0,0,0,0,0,False,,[null]
leader_follower,C0_perda_0.10,21,pv4,830,-0.0,-0.0,0.0,0.0,0.9862707730472379,0.9862707730472379,1.0063905442901249,1.0494156571369113,4.0,False,0.0,,0.0,sem_sobretensao,sem_sobretensao,True,True,False,0.0,0.0,0,0,0,0,False,,[null]
leader_follower,C0_perda_0.10,21,pv5,850,-0.0,-0.0,0.0,0.0,1.0063905442901249,1.0063905442901249,1.0063905442901249,1.0494156571369113,5.0,False,0.0,,0.0,sem_sobretensao,sem_sobretensao,True,True,False,0.0,0.0,0,0,0,0,False,,[null]
leader_follower,C0_perda_0.10,21,pv6,832,-0.0,-0.0,0.0,0.0,0.9635655636096437,0.9635655636096437,1.0063905442901249,1.0494156571369113,6.0,False,0.0,,0.0,sem_sobretensao,sem_sobretensao,True,True,False,0.0,0.0,0,0,0,0,False,,[null]
leader_follower,C0_perda_0.10,22,pv2,816,-0.0,-0.0,0.0,0.0,1.0058618084193778,1.0058618084193778,1.0060640314884584,1.049405687339917,1.0,True,0.0,,0.0,sem_sobretensao,sem_sobretensao,True,True,False,0.0,0.0,0,0,0,0,False,,[null]
leader_follower,C0_perda_0.10,22,pv1,824,-0.0,-0.0,0.0,0.0,0.9994609737243801,0.9994609737243801,1.0060640314884584,1.049405687339917,2.0,False,0.0,,0.0,sem_sobretensao,sem_sobretensao,True,True,False,0.0,0.0,0,0,0,0,False,,[null]
leader_follower,C0_perda_0.10,22,pv3,828,-0.0,-0.0,0.0,0.0,0.9989179819308516,0.9989179819308516,1.0060640314884584,1.049405687339917,3.0,False,0.0,,0.0,sem_sobretensao,sem_sobretensao,True,True,False,0.0,0.0,0,0,0,0,False,,[null]
leader_follower,C0_perda_0.10,22,pv4,830,-0.0,-0.0,0.0,0.0,0.9858155814373922,0.9858155814373922,1.0060640314884584,1.049405687339917,4.0,False,0.0,,0.0,sem_sobretensao,sem_sobretensao,True,True,False,0.0,0.0,0,0,0,0,False,,[null]
leader_follower,C0_perda_0.10,22,pv5,850,-0.0,-0.0,0.0,0.0,1.0060640314884584,1.0060640314884584,1.0060640314884584,1.049405687339917,5.0,False,0.0,,0.0,sem_sobretensao,sem_sobretensao,True,True,False,0.0,0.0,0,0,0,0,False,,[null]
leader_follower,C0_perda_0.10,22,pv6,832,-0.0,-0.0,0.0,0.0,0.9629627164790306,0.9629627164790306,1.0060640314884584,1.049405687339917,6.0,False,0.0,,0.0,sem_sobretensao,sem_sobretensao,True,True,False,0.0,0.0,0,0,0,0,False,,[null]
leader_follower,C0_perda_0.10,23,pv2,816,-0.0,-0.0,0.0,0.0,1.0157857990852877,1.0157857990852877,1.0159494099998212,1.049707699932122,1.0,True,0.0,,0.0,sem_sobretensao,sem_sobretensao,True,True,False,0.0,0.0,0,0,0,0,False,,[null]
leader_follower,C0_perda_0.10,23,pv1,824,-0.0,-0.0,0.0,0.0,1.0106227444912799,1.0106227444912799,1.0159494099998212,1.049707699932122,2.0,False,0.0,,0.0,sem_sobretensao,sem_sobretensao,True,True,False,0.0,0.0,0,0,0,0,False,,[null]
leader_follower,C0_perda_0.10,23,pv3,828,-0.0,-0.0,0.0,0.0,1.010183972127752,1.010183972127752,1.0159494099998212,1.049707699932122,3.0,False,0.0,,0.0,sem_sobretensao,sem_sobretensao,True,True,False,0.0,0.0,0,0,0,0,False,,[null]
leader_follower,C0_perda_0.10,23,pv4,830,-0.0,-0.0,0.0,0.0,0.9995990501550603,0.9995990501550603,1.0159494099998212,1.049707699932122,4.0,False,0.0,,0.0,sem_sobretensao,sem_sobretensao,True,True,False,0.0,0.0,0,0,0,0,False,,[null]
leader_follower,C0_perda_0.10,23,pv5,850,-0.0,-0.0,0.0,0.0,1.0159494099998212,1.0159494099998212,1.0159494099998212,1.049707699932122,5.0,False,0.0,,0.0,sem_sobretensao,sem_sobretensao,True,True,False,0.0,0.0,0,0,0,0,False,,[null]
leader_follower,C0_perda_0.10,23,pv6,832,-0.0,-0.0,0.0,0.0,0.9812181271943429,0.9812181271943429,1.0159494099998212,1.049707699932122,6.0,False,0.0,,0.0,sem_sobretensao,sem_sobretensao,True,True,False,0.0,0.0,0,0,0,0,False,,[null]
leader_follower,C0_perda_0.20,0,pv2,816,-0.0,-0.0,0.0,0.0,1.0450262948633384,1.0450262948633384,1.0450761113146871,1.0505970659065016,1.0,True,0.0,,0.0,sem_sobretensao,sem_sobretensao,True,True,False,0.0,0.0,0,0,0,0,False,,[null]
leader_follower,C0_perda_0.20,0,pv1,824,-0.0,-0.0,0.0,0.0,1.0435191673339028,1.0435191673339028,1.0450761113146871,1.0505970659065016,2.0,False,0.0,,0.0,sem_sobretensao,sem_sobretensao,True,True,False,0.0,0.0,0,0,0,0,False,,[null]
leader_follower,C0_perda_0.20,0,pv3,828,-0.0,-0.0,0.0,0.0,1.043388151795147,1.043388151795147,1.0450761113146871,1.0505970659065016,3.0,False,0.0,,0.0,sem_sobretensao,sem_sobretensao,True,True,False,0.0,0.0,0,0,0,0,False,,[null]
leader_follower,C0_perda_0.20,0,pv4,830,-0.0,-0.0,0.0,0.0,1.0402417834114017,1.0402417834114017,1.0450761113146871,1.0505970659065016,4.0,False,0.0,,0.0,sem_sobretensao,sem_sobretensao,True,True,False,0.0,0.0,0,0,0,0,False,,[null]
leader_follower,C0_perda_0.20,0,pv5,850,-0.0,-0.0,0.0,0.0,1.0450761113146871,1.0450761113146871,1.0450761113146871,1.0505970659065016,5.0,False,0.0,,0.0,sem_sobretensao,sem_sobretensao,True,True,False,0.0,0.0,0,0,0,0,False,,[null]
leader_follower,C0_perda_0.20,0,pv6,832,-0.0,-0.0,0.0,0.0,1.0350545283587615,1.0350545283587615,1.0450761113146871,1.0505970659065016,6.0,False,0.0,,0.0,sem_sobretensao,sem_sobretensao,True,True,False,0.0,0.0,0,0,0,0,False,,[null]
leader_follower,C0_perda_0.20,1,pv2,816,-0.0,-0.0,0.0,0.0,1.0450265903941263,1.0450265903941263,1.0450764055625157,1.0505970903489994,1.0,True,0.0,,0.0,sem_sobretensao,sem_sobretensao,True,True,False,0.0,0.0,0,0,0,0,False,,[null]
leader_follower,C0_perda_0.20,1,pv1,824,-0.0,-0.0,0.0,0.0,1.043519497117978,1.043519497117978,1.0450764055625157,1.0505970903489994,2.0,False,0.0,,0.0,sem_sobretensao,sem_sobretensao,True,True,False,0.0,0.0,0,0,0,0,False,,[null]
leader_follower,C0_perda_0.20,1,pv3,828,-0.0,-0.0,0.0,0.0,1.0433884847070511,1.0433884847070511,1.0450764055625157,1.0505970903489994,3.0,False,0.0,,0.0,sem_sobretensao,sem_sobretensao,True,True,False,0.0,0.0,0,0,0,0,False,,[null]
leader_follower,C0_perda_0.20,1,pv4,830,-0.0,-0.0,0.0,0.0,1.0402421909746427,1.0402421909746427,1.0450764055625157,1.0505970903489994,4.0,False,0.0,,0.0,sem_sobretensao,sem_sobretensao,True,True,False,0.0,0.0,0,0,0,0,False,,[null]
leader_follower,C0_perda_0.20,1,pv5,850,-0.0,-0.0,0.0,0.0,1.0450764055625157,1.0450764055625157,1.0450764055625157,1.0505970903489994,5.0,False,0.0,,0.0,sem_sobretensao,sem_sobretensao,True,True,False,0.0,0.0,0,0,0,0,False,,[null]
leader_follower,C0_perda_0.20,1,pv6,832,-0.0,-0.0,0.0,0.0,1.0350550780786294,1.0350550780786294,1.0450764055625157,1.0505970903489994,6.0,False,0.0,,0.0,sem_sobretensao,sem_sobretensao,True,True,False,0.0,0.0,0,0,0,0,False,,[null]
leader_follower,C0_perda_0.20,2,pv2,816,-0.0,-0.0,0.0,0.0,1.0449571701348623,1.0449571701348623,1.0450072554978003,1.0505949800956955,1.0,True,0.0,,0.0,sem_sobretensao,sem_sobretensao,True,True,False,0.0,0.0,0,0,0,0,False,,[null]
leader_follower,C0_perda_0.20,2,pv1,824,-0.0,-0.0,0.0,0.0,1.0434413812534846,1.0434413812534846,1.0450072554978003,1.0505949800956955,2.0,False,0.0,,0.0,sem_sobretensao,sem_sobretensao,True,True,False,0.0,0.0,0,0,0,0,False,,[null]
leader_follower,C0_perda_0.20,2,pv3,828,-0.0,-0.0,0.0,0.0,1.0433096369965242,1.0433096369965242,1.0450072554978003,1.0505949800956955,3.0,False,0.0,,0.0,sem_sobretensao,sem_sobretensao,True,True,False,0.0,0.0,0,0,0,0,False,,[null]
leader_follower,C0_perda_0.20,2,pv4,830,-0.0,-0.0,0.0,0.0,1.0401456464219774,1.0401456464219774,1.0450072554978003,1.0505949800956955,4.0,False,0.0,,0.0,sem_sobretensao,sem_sobretensao,True,True,False,0.0,0.0,0,0,0,0,False,,[null]
leader_follower,C0_perda_0.20,2,pv5,850,-0.0,-0.0,0.0,0.0,1.0450072554978003,1.0450072554978003,1.0450072554978003,1.0505949800956955,5.0,False,0.0,,0.0,sem_sobretensao,sem_sobretensao,True,True,False,0.0,0.0,0,0,0,0,False,,[null]
leader_follower,C0_perda_0.20,2,pv6,832,-0.0,-0.0,0.0,0.0,1.0349271785104095,1.0349271785104095,1.0450072554978003,1.0505949800956955,6.0,False,0.0,,0.0,sem_sobretensao,sem_sobretensao,True,True,False,0.0,0.0,0,0,0,0,False,,[null]
leader_follower,C0_perda_0.20,3,pv2,816,-0.0,-0.0,0.0,0.0,1.0449571021647746,1.0449571021647746,1.0450071878057714,1.0505949776249717,1.0,True,0.0,,0.0,sem_sobretensao,sem_sobretensao,True,True,False,0.0,0.0,0,0,0,0,False,,[null]
leader_follower,C0_perda_0.20,3,pv1,824,-0.0,-0.0,0.0,0.0,1.043441305274198,1.043441305274198,1.0450071878057714,1.0505949776249717,2.0,False,0.0,,0.0,sem_sobretensao,sem_sobretensao,True,True,False,0.0,0.0,0,0,0,0,False,,[null]
leader_follower,C0_perda_0.20,3,pv3,828,-0.0,-0.0,0.0,0.0,1.043309560339792,1.043309560339792,1.0450071878057714,1.0505949776249717,3.0,False,0.0,,0.0,sem_sobretensao,sem_sobretensao,True,True,False,0.0,0.0,0,0,0,0,False,,[null]
leader_follower,C0_perda_0.20,3,pv4,830,-0.0,-0.0,0.0,0.0,1.0401455535283302,1.0401455535283302,1.0450071878057714,1.0505949776249717,4.0,False,0.0,,0.0,sem_sobretensao,sem_sobretensao,True,True,False,0.0,0.0,0,0,0,0,False,,[null]
leader_follower,C0_perda_0.20,3,pv5,850,-0.0,-0.0,0.0,0.0,1.0450071878057714,1.0450071878057714,1.0450071878057714,1.0505949776249717,5.0,False,0.0,,0.0,sem_sobretensao,sem_sobretensao,True,True,False,0.0,0.0,0,0,0,0,False,,[null]
leader_follower,C0_perda_0.20,3,pv6,832,-0.0,-0.0,0.0,0.0,1.0349270553472671,1.0349270553472671,1.0450071878057714,1.0505949776249717,6.0,False,0.0,,0.0,sem_sobretensao,sem_sobretensao,True,True,False,0.0,0.0,0,0,0,0,False,,[null]
leader_follower,C0_perda_0.20,4,pv2,816,-0.0,-0.0,0.0,0.0,1.045026523122921,1.045026523122921,1.045076338566197,1.0505970879234294,1.0,True,0.0,,0.0,sem_sobretensao,sem_sobretensao,True,True,False,0.0,0.0,0,0,0,0,False,,[null]
leader_follower,C0_perda_0.20,4,pv1,824,-0.0,-0.0,0.0,0.0,1.0435194219130084,1.0435194219130084,1.045076338566197,1.0505970879234294,2.0,False,0.0,,0.0,sem_sobretensao,sem_sobretensao,True,True,False,0.0,0.0,0,0,0,0,False,,[null]
leader_follower,C0_perda_0.20,4,pv3,828,-0.0,-0.0,0.0,0.0,1.0433884088314556,1.0433884088314556,1.045076338566197,1.0505970879234294,3.0,False,0.0,,0.0,sem_sobretensao,sem_sobretensao,True,True,False,0.0,0.0,0,0,0,0,False,,[null]
leader_follower,C0_perda_0.20,4,pv4,830,-0.0,-0.0,0.0,0.0,1.0402420990252506,1.0402420990252506,1.045076338566197,1.0505970879234294,4.0,False,0.0,,0.0,sem_sobretensao,sem_sobretensao,True,True,False,0.0,0.0,0,0,0,0,False,,[null]
leader_follower,C0_perda_0.20,4,pv5,850,-0.0,-0.0,0.0,0.0,1.045076338566197,1.045076338566197,1.045076338566197,1.0505970879234294,5.0,False,0.0,,0.0,sem_sobretensao,sem_sobretensao,True,True,False,0.0,0.0,0,0,0,0,False,,[null]
leader_follower,C0_perda_0.20,4,pv6,832,-0.0,-0.0,0.0,0.0,1.035054956170032,1.035054956170032,1.045076338566197,1.0505970879234294,6.0,False,0.0,,0.0,sem_sobretensao,sem_sobretensao,True,True,False,0.0,0.0,0,0,0,0,False,,[null]
leader_follower,C0_perda_0.20,5,pv2,816,-0.0,-0.0,0.0,0.0,1.046437942275659,1.046437942275659,1.0464804756969757,1.05063939179868,1.0,True,0.0,,0.0,sem_sobretensao,sem_sobretensao,True,True,False,0.0,0.0,0,0,0,0,False,,[null]
leader_follower,C0_perda_0.20,5,pv1,824,-0.0,-0.0,0.0,0.0,1.0450850714048536,1.0450850714048536,1.0464804756969757,1.05063939179868,2.0,False,0.0,,0.0,sem_sobretensao,sem_sobretensao,True,True,False,0.0,0.0,0,0,0,0,False,,[null]
leader_follower,C0_perda_0.20,5,pv3,828,-0.0,-0.0,0.0,0.0,1.044968726726859,1.044968726726859,1.0464804756969757,1.05063939179868,3.0,False,0.0,,0.0,sem_sobretensao,sem_sobretensao,True,True,False,0.0,0.0,0,0,0,0,False,,[null]
leader_follower,C0_perda_0.20,5,pv4,830,-0.0,-0.0,0.0,0.0,1.0421771197491476,1.0421771197491476,1.0464804756969757,1.05063939179868,4.0,False,0.0,,0.0,sem_sobretensao,sem_sobretensao,True,True,False,0.0,0.0,0,0,0,0,False,,[null]
leader_follower,C0_perda_0.20,5,pv5,850,-0.0,-0.0,0.0,0.0,1.0464804756969757,1.0464804756969757,1.0464804756969757,1.05063939179868,5.0,False,0.0,,0.0,sem_sobretensao,sem_sobretensao,True,True,False,0.0,0.0,0,0,0,0,False,,[null]
leader_follower,C0_perda_0.20,5,pv6,832,-0.0,-0.0,0.0,0.0,1.0376184354041749,1.0376184354041749,1.0464804756969757,1.05063939179868,6.0,False,0.0,,0.0,sem_sobretensao,sem_sobretensao,True,True,False,0.0,0.0,0,0,0,0,False,,[null]
leader_follower,C0_perda_0.20,6,pv2,816,15.625241782068514,15.625241782068514,0.0,0.0,1.0483407437819094,1.0483407437819094,1.0483782454548018,1.0506384889471005,1.0,True,0.0,0.0,0.0,sem_sobretensao,sem_sobretensao,True,True,False,0.0,0.0,0,0,0,0,False,0.0,[0.0]
leader_follower,C0_perda_0.20,6,pv1,824,18.7503236717592,18.7503236717592,0.0,0.0,1.0471579048369506,1.0471579048369506,1.0483782454548018,1.0506384889471005,2.0,False,0.0,0.0,0.0,sem_sobretensao,sem_sobretensao,True,True,False,0.0,0.0,0,0,0,0,False,0.0,[0.0]
leader_follower,C0_perda_0.20,6,pv3,828,12.500217712144039,12.500217712144039,0.0,0.0,1.0470455387298745,1.0470455387298745,1.0483782454548018,1.0506384889471005,3.0,False,0.0,0.0,0.0,sem_sobretensao,sem_sobretensao,True,True,False,0.0,0.0,0,0,0,0,False,0.0,[0.0]
leader_follower,C0_perda_0.20,6,pv4,830,16.250349249231203,16.250349249231203,0.0,0.0,1.0442222095150686,1.0442222095150686,1.0483782454548018,1.0506384889471005,4.0,False,0.0,0.0,0.0,sem_sobretensao,sem_sobretensao,True,True,False,0.0,0.0,0,0,0,0,False,0.0,[0.0]
leader_follower,C0_perda_0.20,6,pv5,850,11.250173385025839,11.250173385025839,0.0,0.0,1.0483782454548018,1.0483782454548018,1.0483782454548018,1.0506384889471005,5.0,False,0.0,0.0,0.0,sem_sobretensao,sem_sobretensao,True,True,False,0.0,0.0,0,0,0,0,False,0.0,[0.0]
leader_follower,C0_perda_0.20,6,pv6,832,14.375428037447017,14.375428037447017,0.0,0.0,1.0393165620198634,1.0393165620198634,1.0483782454548018,1.0506384889471005,6.0,False,0.0,0.0,0.0,sem_sobretensao,sem_sobretensao,True,True,False,0.0,0.0,0,0,0,0,False,0.0,[0.0]
leader_follower,C0_perda_0.20,7,pv2,816,46.87517293313687,18.4544650930608,28.420707840076066,0.6063061750123313,1.0562538666391141,1.0504683887283117,1.050497738859763,1.0507979514656278,1.0,True,0.0,0.6063061971123946,443.0,convergiu,convergiu,True,False,False,0.007367932384535356,0.007367932384535356,5316,4235,1069,12,False,0.007367928419481103,[0.007368]
leader_follower,C0_perda_0.20,7,pv1,824,56.25022149623055,22.895648310914794,33.35457318531576,0.5929678298496066,1.0558852978158424,1.0495354015166392,1.050497738859763,1.0507979514656278,2.0,False,0.0,0.5929678550252627,443.0,convergiu,convergiu,True,False,False,0.007367932384535356,0.007367932384535356,5316,4235,1069,12,False,0.007367928419481103,[0.007368]
leader_follower,C0_perda_0.20,7,pv3,828,37.5001485947879,15.439265064869101,22.0608835299188,0.5882878706873661,1.0558243986090117,1.0494421695404357,1.050497738859763,1.0507979514656278,3.0,False,0.0,0.5882878963574297,443.0,convergiu,convergiu,True,False,False,0.007367932384535356,0.007367932384535356,5316,4235,1069,12,False,0.007367928419481103,[0.007368]
leader_follower,C0_perda_0.20,7,pv4,830,48.75022589866941,20.167331470620585,28.582894428048828,0.5863130351421559,1.0539937130575454,1.0470518695665425,1.050497738859763,1.0507979514656278,4.0,False,0.0,0.586313066270919,443.0,convergiu,convergiu,True,False,False,0.007367932384535356,0.007367932384535356,5316,4235,1069,12,False,0.007367928419481103,[0.007368]
leader_follower,C0_perda_0.20,7,pv5,850,33.75012402307615,13.940052769635358,19.81007125344079,0.5869628941350818,1.056261646345798,1.050497738859763,1.050497738859763,1.0507979514656278,5.0,False,0.0,0.586962917229458,443.0,convergiu,convergiu,True,False,False,0.007367932384535356,0.007367932384535356,5316,4235,1069,12,False,0.007367928419481103,[0.007368]
leader_follower,C0_perda_0.20,7,pv6,832,43.12526281682057,17.917763726968005,25.20749908985257,0.5845181137538861,1.0502737503980764,1.0428443713557873,1.050497738859763,1.0507979514656278,6.0,False,0.0,0.5845181557947663,443.0,convergiu,convergiu,True,False,False,0.007367932384535356,0.007367932384535356,5316,4235,1069,12,False,0.007367928419481103,[0.007368]
leader_follower,C0_perda_0.20,8,pv2,816,85.41699504590002,37.575092999551416,47.84190204634861,0.5600981307126949,1.0600225763470144,1.0504672667750126,1.0504973693477704,1.0507804398501728,1.0,True,0.0,0.5600981633765048,294.0,convergiu,convergiu,True,False,False,0.0076769300991830535,0.0076769300991830535,3528,2821,698,9,False,0.007676922937156518,[0.007677]
leader_follower,C0_perda_0.20,8,pv1,824,102.50042164558528,46.500925352793416,55.99949629279186,0.5463342647693252,1.0599113578512385,1.0494224373943544,1.0504973693477704,1.0507804398501728,2.0,False,0.0,0.5463343017887359,294.0,convergiu,convergiu,True,False,False,0.0076769300991830535,0.0076769300991830535,3528,2821,698,9,False,0.007676922937156518,[0.007677]
leader_follower,C0_perda_0.20,8,pv3,828,68.33361538739133,31.327847756202395,37.00576763118894,0.541545545948539,1.0598511737287986,1.0493089252347427,1.0504973693477704,1.0507804398501728,3.0,False,0.0,0.5415455836984312,294.0,convergiu,convergiu,True,False,False,0.0076769300991830535,0.0076769300991830535,3528,2821,698,9,False,0.007676922937156518,[0.007677]
leader_follower,C0_perda_0.20,8,pv4,830,88.83371832281877,40.92159212415471,47.91212619866406,0.5393461275386566,1.0577281149498452,1.0462659193568027,1.0504973693477704,1.0507804398501728,4.0,False,0.0,0.5393461751150953,294.0,convergiu,convergiu,True,False,False,0.0076769300991830535,0.0076769300991830535,3528,2821,698,9,False,0.007676922937156518,[0.007677]
leader_follower,C0_perda_0.20,8,pv5,850,61.50023552155359,28.29122366400027,33.20901185755332,0.5399818306964623,1.0600169249152407,1.0504973693477704,1.0504973693477704,1.0507804398501728,5.0,False,0.0,0.5399818647184655,294.0,convergiu,convergiu,True,False,False,0.0076769300991830535,0.0076769300991830535,3528,2821,698,9,False,0.007676922937156518,[0.007677]
leader_follower,C0_perda_0.20,8,pv6,832,78.5836811649965,36.36271473704731,42.22096642794919,0.5372739015658601,1.0527861134443361,1.0405312700925557,1.0504973693477704,1.0507804398501728,6.0,False,0.0,0.5372739709062606,294.0,convergiu,convergiu,True,False,False,0.0076769300991830535,0.0076769300991830535,3528,2821,698,9,False,0.007676922937156518,[0.007677]
leader_follower,C0_perda_0.20,9,pv2,816,109.37601261961012,43.75240206176535,65.62361055784477,0.5999817049350545,1.0634560304741858,1.0504682199398279,1.0504985614650542,1.0507734916689015,1.0,True,0.0,0.5999817417560444,255.0,convergiu,convergiu,True,False,False,0.00786715455091604,0.00786715455091604,3060,2425,626,9,False,0.007867145805438168,[0.007867]
leader_follower,C0_perda_0.20,9,pv1,824,131.2513101698253,54.34959643583991,76.90171373398539,0.5859119282798726,1.0636450079111845,1.0493875233929648,1.0504985614650542,1.0507734916689015,2.0,False,0.0,0.5859119702080132,255.0,convergiu,convergiu,True,False,False,0.00786715455091604,0.00786715455091604,3060,2425,626,9,False,0.007867145805438168,[0.007867]
leader_follower,C0_perda_0.20,9,pv3,828,87.50087672068106,36.662437749171986,50.83843897150908,0.5810048667989471,1.0635972310474124,1.0492673750175812,1.0504985614650542,1.0507734916689015,3.0,False,0.0,0.5810049096284458,255.0,convergiu,convergiu,True,False,False,0.00786715455091604,0.00786715455091604,3060,2425,626,9,False,0.007867145805438168,[0.007867]
leader_follower,C0_perda_0.20,9,pv4,830,113.75120213958651,47.92868642835769,65.82251571122882,0.5786533086366309,1.0615841256891805,1.0460093963240442,1.0504985614650542,1.0507734916689015,4.0,False,0.0,0.5786533634207806,255.0,convergiu,convergiu,True,False,False,0.00786715455091604,0.00786715455091604,3060,2425,626,9,False,0.007867145805438168,[0.007867]
leader_follower,C0_perda_0.20,9,pv5,850,78.75072625417243,33.1272922761227,45.62343397804973,0.5793398119724404,1.0634377079313435,1.0504985614650542,1.0504985614650542,1.0507734916689015,5.0,False,0.0,0.5793398505405208,255.0,convergiu,convergiu,True,False,False,0.00786715455091604,0.00786715455091604,3060,2425,626,9,False,0.007867145805438168,[0.007867]
leader_follower,C0_perda_0.20,9,pv6,832,100.62608216309101,42.5999845521791,58.02609761091191,0.5766505871997925,1.0564042279686998,1.0397685398809795,1.0504985614650542,1.0507734916689015,6.0,False,0.0,0.5766506691263739,255.0,convergiu,convergiu,True,False,False,0.00786715455091604,0.00786715455091604,3060,2425,626,9,False,0.007867145805438168,[0.007867]
leader_follower,C0_perda_0.20,10,pv2,816,122.91832350340782,50.08110284010016,72.83722066330766,0.5925659774552494,1.0647988814799498,1.0504671068619877,1.05049768703031,1.0507655805113632,1.0,True,0.0,0.5925660112122202,235.0,convergiu,convergiu,True,False,False,0.008017429227820559,0.008017429227820559,2820,2228,581,11,False,0.008017420597053482,[0.008017]
leader_follower,C0_perda_0.20,10,pv1,824,147.50215508157982,62.20258690090543,85.29956818067438,0.5782936694921101,1.0650831802791412,1.0493497834688514,1.05049768703031,1.0507655805113632,2.0,False,0.0,0.5782937078681819,235.0,convergiu,convergiu,True,False,False,0.008017429227820559,0.008017429227820559,2820,2228,581,11,False,0.008017420597053482,[0.008017]
leader_follower,C0_perda_0.20,10,pv3,828,98.33477569044287,41.96508713334883,56.36968855709404,0.5732426224999483,1.0650361537933204,1.0492229342889672,1.05049768703031,1.0507655805113632,3.0,False,0.0,0.5732426617267669,235.0,convergiu,convergiu,True,False,False,0.008017429227820559,0.008017429227820559,2820,2228,581,11,False,0.008017420597053482,[0.008017]
leader_follower,C0_perda_0.20,10,pv4,830,127.8353122093504,54.86677570483924,72.96853650451116,0.5708010463119498,1.0629336657943218,1.0457487387532982,1.05049768703031,1.0507655805113632,4.0,False,0.0,0.570801097469952,235.0,convergiu,convergiu,True,False,False,0.008017429227820559,0.008017429227820559,2820,2228,581,11,False,0.008017420597053482,[0.008017]
leader_follower,C0_perda_0.20,10,pv5,850,88.50118828704234,37.927914204756824,50.573274082285515,0.5714417165596182,1.0647757078103397,1.05049768703031,1.05049768703031,1.0507655805113632,5.0,False,0.0,0.5714417519260593,235.0,convergiu,convergiu,True,False,False,0.008017429227820559,0.008017429227820559,2820,2228,581,11,False,0.008017420597053482,[0.008017]
leader_follower,C0_perda_0.20,10,pv6,832,113.08509772410312,48.75306041562925,64.33203730847387,0.5688815738129929,1.0573508141852104,1.039000614451257,1.05049768703031,1.0507655805113632,6.0,False,0.0,0.5688816528719508,235.0,convergiu,convergiu,True,False,False,0.008017429227820559,0.008017429227820559,2820,2228,581,11,False,0.008017420597053482,[0.008017]
leader_follower,C0_perda_0.20,11,pv2,816,125.000957410658,69.78230748740866,55.218649923249345,0.4417457769683928,1.0612357746799155,1.0504642543742262,1.0504954965776179,1.0507407383527134,1.0,True,0.0,0.4417458159287764,211.0,convergiu,convergiu,True,False,False,0.008009014249006435,0.008009014249006435,2532,2058,465,9,False,0.008009000872227744,[0.008009]
leader_follower,C0_perda_0.20,11,pv1,824,150.00123586887204,85.87738616445634,64.1238497044157,0.4274887655782949,1.0610597795774068,1.0492351969464522,1.0504954965776179,1.0507407383527134,2.0,False,0.0,0.4274888092286882,211.0,convergiu,convergiu,True,False,False,0.008009014249006435,0.008009014249006435,2532,2058,465,9,False,0.008009000872227744,[0.008009]
leader_follower,C0_perda_0.20,11,pv3,828,100.00082629824593,57.76201402514082,42.238812273105104,0.4223845879787744,1.060972600043104,1.0490880419187223,1.0504954965776179,1.0507407383527134,3.0,False,0.0,0.422384632574241,211.0,convergiu,convergiu,True,False,False,0.008009014249006435,0.008009014249006435,2532,2058,465,9,False,0.008009000872227744,[0.008009]
leader_follower,C0_perda_0.20,11,pv4,830,130.00109901172726,75.38790960522576,54.613189406501505,0.42009784229987257,1.0578779558721192,1.044961368346085,1.0504954965776179,1.0507407383527134,4.0,False,0.0,0.420097905492129,211.0,convergiu,convergiu,True,False,False,0.008009014249006435,0.008009014249006435,2532,2058,465,9,False,0.008009000872227744,[0.008009]
leader_follower,C0_perda_0.20,11,pv5,850,90.00068664607768,52.13235117570922,37.868335470368464,0.4207560326223912,1.0612265546430202,1.0504954965776179,1.0504954965776179,1.0507407383527134,5.0,False,0.0,0.4207560728873484,211.0,convergiu,convergiu,True,False,False,0.008009014249006435,0.008009014249006435,2532,2058,465,9,False,0.008009000872227744,[0.008009]
leader_follower,C0_perda_0.20,11,pv6,832,115.0009091970222,66.93380348436642,48.067105712655774,0.417971416621966,1.0504893447934365,1.0366894252736853,1.0504954965776179,1.0507407383527134,6.0,False,0.0,0.41797152777554225,211.0,convergiu,convergiu,True,False,False,0.008009014249006435,0.008009014249006435,2532,2058,465,9,False,0.008009000872227744,[0.008009]
leader_follower,C0_perda_0.20,12,pv2,816,114.58396775366998,73.2547155854345,41.329252168235485,0.36068962198508364,1.0584759980876666,1.0504657774027253,1.0504971127140441,1.0507371304328952,1.0,True,0.0,0.36068965823459853,210.0,convergiu,convergiu,True,False,False,0.007983675078238987,0.007983675078238987,2520,2023,487,10,False,0.007983661672489628,[0.007984]
leader_follower,C0_perda_0.20,12,pv1,824,137.50081166948559,89.85663981033832,47.644171859147264,0.34650098226079745,1.0580095022225082,1.0492177008797283,1.0504971127140441,1.0507371304328952,2.0,False,0.0,0.3465010226533851,210.0,convergiu,convergiu,True,False,False,0.007983675078238987,0.007983675078238987,2520,2023,487,10,False,0.007983661672489628,[0.007984]
leader_follower,C0_perda_0.20,12,pv3,828,91.6672097982258,60.368905361138516,31.298304437087282,0.3414339841298123,1.0579033715882549,1.0490671145087205,1.0504971127140441,1.0507371304328952,3.0,False,0.0,0.3414340253835571,210.0,convergiu,convergiu,True,False,False,0.007983675078238987,0.007983675078238987,2520,2023,487,10,False,0.007983661672489628,[0.007984]
leader_follower,C0_perda_0.20,12,pv4,830,119.16742071355038,78.77005245399819,40.397368259552195,0.33899668941004646,1.0544313944293848,1.0448308163363456,1.0504971127140441,1.0507371304328952,4.0,False,0.0,0.33899674942749397,210.0,convergiu,convergiu,True,False,False,0.007983675078238987,0.007983675078238987,2520,2023,487,10,False,0.007983661672489628,[0.007984]
leader_follower,C0_perda_0.20,12,pv5,850,82.50045498953021,54.46447429101602,28.035980698514194,0.3398281576290371,1.0584772347987166,1.0504971127140441,1.0504971127140441,1.0507371304328952,5.0,False,0.0,0.3398281949120417,210.0,convergiu,convergiu,True,False,False,0.007983675078238987,0.007983675078238987,2520,2023,487,10,False,0.007983661672489628,[0.007984]
leader_follower,C0_perda_0.20,12,pv6,832,105.41738632628494,69.88908826293411,35.52829806335083,0.3370249235190704,1.0465580380500545,1.0363039430473349,1.0504971127140441,1.0507371304328952,6.0,False,0.0,0.33702503260121286,210.0,convergiu,convergiu,True,False,False,0.007983675078238987,0.007983675078238987,2520,2023,487,10,False,0.007983661672489628,[0.007984]
leader_follower,C0_perda_0.20,13,pv2,816,91.6669843026286,67.08185008974723,24.58513421288137,0.2682004947600542,1.055190830019425,1.0504644171753879,1.0504955321455614,1.0507448805958999,1.0,True,0.0,0.2682005347935983,215.0,convergiu,convergiu,True,False,False,0.007749401372460642,0.007749401372460642,2580,2072,501,7,False,0.007749388295146983,[0.007749]
leader_follower,C0_perda_0.20,13,pv1,824,110.00040433016447,82.02422952210755,27.976174808056925,0.25432788254076377,1.0544374799015745,1.0492515335831711,1.0504955321455614,1.0507448805958999,2.0,False,0.0,0.25432792705094864,215.0,convergiu,convergiu,True,False,False,0.007749401372460642,0.007749401372460642,2580,2072,501,7,False,0.007749388295146983,[0.007749]
leader_follower,C0_perda_0.20,13,pv3,828,73.33360437066911,55.04440233977712,18.289202030891985,0.24939724238712765,1.0543195760705357,1.0491075225985669,1.0504955321455614,1.0507448805958999,3.0,False,0.0,0.24939728774884862,215.0,convergiu,convergiu,True,False,False,0.007749401372460642,0.007749401372460642,2580,2072,501,7,False,0.007749388295146983,[0.007749]
leader_follower,C0_perda_0.20,13,pv4,830,95.33373699566206,71.772513012524,23.561223983138063,0.24714459571358777,1.0507455019462757,1.0450846451712064,1.0504955321455614,1.0507448805958999,4.0,False,0.0,0.24714465965191484,215.0,convergiu,convergiu,True,False,False,0.007749401372460642,0.007749401372460642,2580,2072,501,7,False,0.007749388295146983,[0.007749]
leader_follower,C0_perda_0.20,13,pv5,850,66.0002277931238,49.63945752041968,16.360770272704116,0.2478895621284502,1.055204187004947,1.0504955321455614,1.0504955321455614,1.0507448805958999,5.0,False,0.0,0.2478896031084404,215.0,convergiu,convergiu,True,False,False,0.007749401372460642,0.007749401372460642,2580,2072,501,7,False,0.007749388295146983,[0.007749]
leader_follower,C0_perda_0.20,13,pv6,832,84.33378897395897,63.64870241439071,20.685086559568262,0.24527626955521278,1.0431065535928794,1.037061419693891,1.0504955321455614,1.0507448805958999,6.0,False,0.0,0.24527638104764285,215.0,convergiu,convergiu,True,False,False,0.007749401372460642,0.007749401372460642,2580,2072,501,7,False,0.007749388295146983,[0.007749]
leader_follower,C0_perda_0.20,14,pv2,816,62.500202199746624,51.132568913635396,11.367633286111229,0.18188150580202053,1.0526136226669824,1.050469058738416,1.0504995946954556,1.0507662576111256,1.0,True,0.0,0.18188154415534535,220.0,convergiu,convergiu,True,False,False,0.00752497149272503,0.00752497149272503,2640,2103,528,9,False,0.007524962312455192,[0.007525]
leader_follower,C0_perda_0.20,14,pv1,824,75.00025998011198,62.385967974254854,12.614292005857124,0.16818993426636603,1.0516996381690304,1.049347783734997,1.0504995946954556,1.0507662576111256,2.0,False,0.0,0.16818997706410738,220.0,convergiu,convergiu,True,False,False,0.00752497149272503,0.00752497149272503,2640,2103,528,9,False,0.007524962312455192,[0.007525]
leader_follower,C0_perda_0.20,14,pv3,828,50.00017447959738,41.823999840892235,8.176174638705149,0.16352287867047488,1.0515841348025134,1.0492205322151826,1.0504995946954556,1.0507662576111256,3.0,False,0.0,0.16352292214583058,220.0,convergiu,convergiu,True,False,False,0.00752497149272503,0.00752497149272503,2640,2103,528,9,False,0.007524962312455192,[0.007525]
leader_follower,C0_perda_0.20,14,pv4,830,65.00026931172263,54.50952329223466,10.490746019487972,0.1613953671752776,1.048303567405092,1.0457380332054627,1.0504995946954556,1.0507662576111256,4.0,False,0.0,0.16139542390474362,220.0,convergiu,convergiu,True,False,False,0.00752497149272503,0.00752497149272503,2640,2103,528,9,False,0.007524962312455192,[0.007525]
leader_follower,C0_perda_0.20,14,pv5,850,45.00014500596462,37.70635883671085,7.293786169253771,0.1620835756783503,1.052636095303346,1.0504995946954556,1.0504995946954556,1.0507662576111256,5.0,False,0.0,0.16208361480361905,220.0,convergiu,convergiu,True,False,False,0.00752497149272503,0.00752497149272503,2640,2103,528,9,False,0.007524962312455192,[0.007525]
leader_follower,C0_perda_0.20,14,pv6,832,57.500322402364624,48.31959334973659,9.180729052628031,0.1596638699002194,1.041720637141921,1.0389815638746023,1.0504995946954556,1.0507662576111256,6.0,False,0.0,0.15966395785374737,220.0,convergiu,convergiu,True,False,False,0.00752497149272503,0.00752497149272503,2640,2103,528,9,False,0.007524962312455192,[0.007525]
leader_follower,C0_perda_0.20,15,pv2,816,28.12494775993489,28.12494775993489,0.0,0.0,1.038637024204754,1.038637024204754,1.0387127583100593,1.050295510013648,1.0,True,0.0,0.0,0.0,sem_sobretensao,sem_sobretensao,True,True,False,0.0,0.0,0,0,0,0,False,0.0,[0.0]
leader_follower,C0_perda_0.20,15,pv1,824,33.74993264197062,33.74993264197062,0.0,0.0,1.0361657626189191,1.0361657626189191,1.0387127583100593,1.050295510013648,2.0,False,0.0,0.0,0.0,sem_sobretensao,sem_sobretensao,True,True,False,0.0,0.0,0,0,0,0,False,0.0,[0.0]
leader_follower,C0_perda_0.20,15,pv3,828,22.499954824847904,22.499954824847904,0.0,0.0,1.0359378482649784,1.0359378482649784,1.0387127583100593,1.050295510013648,3.0,False,0.0,0.0,0.0,sem_sobretensao,sem_sobretensao,True,True,False,0.0,0.0,0,0,0,0,False,0.0,[0.0]
leader_follower,C0_perda_0.20,15,pv4,830,29.249932336395275,29.249932336395275,0.0,0.0,1.0302157541192205,1.0302157541192205,1.0387127583100593,1.050295510013648,4.0,False,0.0,0.0,0.0,sem_sobretensao,sem_sobretensao,True,True,False,0.0,0.0,0,0,0,0,False,0.0,[0.0]
leader_follower,C0_perda_0.20,15,pv5,850,20.2499625388547,20.2499625388547,0.0,0.0,1.0387127583100593,1.0387127583100593,1.0387127583100593,1.050295510013648,5.0,False,0.0,0.0,0.0,sem_sobretensao,sem_sobretensao,True,True,False,0.0,0.0,0,0,0,0,False,0.0,[0.0]
leader_follower,C0_perda_0.20,15,pv6,832,25.874924472170722,25.874924472170722,0.0,0.0,1.019932129740108,1.019932129740108,1.0387127583100593,1.050295510013648,6.0,False,0.0,0.0,0.0,sem_sobretensao,sem_sobretensao,True,True,False,0.0,0.0,0,0,0,0,False,0.0,[0.0]
leader_follower,C0_perda_0.20,16,pv2,816,3.125032294596344,3.125032294596344,0.0,0.0,1.0394703803118959,1.0394703803118959,1.0395419414769773,1.0504162382879947,1.0,True,0.0,0.0,0.0,sem_sobretensao,sem_sobretensao,True,True,False,0.0,0.0,0,0,0,0,False,0.0,[0.0]
leader_follower,C0_perda_0.20,16,pv1,824,3.7500421409588656,3.7500421409588656,0.0,0.0,1.037249237228998,1.037249237228998,1.0395419414769773,1.0504162382879947,2.0,False,0.0,0.0,0.0,sem_sobretensao,sem_sobretensao,True,True,False,0.0,0.0,0,0,0,0,False,0.0,[0.0]
leader_follower,C0_perda_0.20,16,pv3,828,2.5000282767906974,2.5000282767906974,0.0,0.0,1.0370563779560706,1.0370563779560706,1.0395419414769773,1.0504162382879947,3.0,False,0.0,0.0,0.0,sem_sobretensao,sem_sobretensao,True,True,False,0.0,0.0,0,0,0,0,False,0.0,[0.0]
leader_follower,C0_perda_0.20,16,pv4,830,3.2500425487395646,3.2500425487395646,0.0,0.0,1.0323888508528654,1.0323888508528654,1.0395419414769773,1.0504162382879947,4.0,False,0.0,0.0,0.0,sem_sobretensao,sem_sobretensao,True,True,False,0.0,0.0,0,0,0,0,False,0.0,[0.0]
leader_follower,C0_perda_0.20,16,pv5,850,2.2500231591705697,2.2500231591705697,0.0,0.0,1.0395419414769773,1.0395419414769773,1.0395419414769773,1.0504162382879947,5.0,False,0.0,0.0,0.0,sem_sobretensao,sem_sobretensao,True,True,False,0.0,0.0,0,0,0,0,False,0.0,[0.0]
leader_follower,C0_perda_0.20,16,pv6,832,2.8750471329309826,2.8750471329309826,0.0,0.0,1.0244469035472579,1.0244469035472579,1.0395419414769773,1.0504162382879947,6.0,False,0.0,0.0,0.0,sem_sobretensao,sem_sobretensao,True,True,False,0.0,0.0,0,0,0,0,False,0.0,[0.0]
leader_follower,C0_perda_0.20,17,pv2,816,-0.0,-0.0,0.0,0.0,1.0319530456641133,1.0319530456641133,1.0320537436109638,1.0501995250985579,1.0,True,0.0,,0.0,sem_sobretensao,sem_sobretensao,True,True,False,0.0,0.0,0,0,0,0,False,,[null]
leader_follower,C0_perda_0.20,17,pv1,824,-0.0,-0.0,0.0,0.0,1.0288097422283975,1.0288097422283975,1.0320537436109638,1.0501995250985579,2.0,False,0.0,,0.0,sem_sobretensao,sem_sobretensao,True,True,False,0.0,0.0,0,0,0,0,False,,[null]
leader_follower,C0_perda_0.20,17,pv3,828,-0.0,-0.0,0.0,0.0,1.0285410077167667,1.0285410077167667,1.0320537436109638,1.0501995250985579,3.0,False,0.0,,0.0,sem_sobretensao,sem_sobretensao,True,True,False,0.0,0.0,0,0,0,0,False,,[null]
leader_follower,C0_perda_0.20,17,pv4,830,-0.0,-0.0,0.0,0.0,1.0220651174905713,1.0220651174905713,1.0320537436109638,1.0501995250985579,4.0,False,0.0,,0.0,sem_sobretensao,sem_sobretensao,True,True,False,0.0,0.0,0,0,0,0,False,,[null]
leader_follower,C0_perda_0.20,17,pv5,850,-0.0,-0.0,0.0,0.0,1.0320537436109638,1.0320537436109638,1.0320537436109638,1.0501995250985579,5.0,False,0.0,,0.0,sem_sobretensao,sem_sobretensao,True,True,False,0.0,0.0,0,0,0,0,False,,[null]
leader_follower,C0_perda_0.20,17,pv6,832,-0.0,-0.0,0.0,0.0,1.0109757984235852,1.0109757984235852,1.0320537436109638,1.0501995250985579,6.0,False,0.0,,0.0,sem_sobretensao,sem_sobretensao,True,True,False,0.0,0.0,0,0,0,0,False,,[null]
leader_follower,C0_perda_0.20,18,pv2,816,-0.0,-0.0,0.0,0.0,1.0353684495010183,1.0353684495010183,1.0354558554930642,1.0503034017860868,1.0,True,0.0,,0.0,sem_sobretensao,sem_sobretensao,True,True,False,0.0,0.0,0,0,0,0,False,,[null]
leader_follower,C0_perda_0.20,18,pv1,824,-0.0,-0.0,0.0,0.0,1.0326523500430973,1.0326523500430973,1.0354558554930642,1.0503034017860868,2.0,False,0.0,,0.0,sem_sobretensao,sem_sobretensao,True,True,False,0.0,0.0,0,0,0,0,False,,[null]
leader_follower,C0_perda_0.20,18,pv3,828,-0.0,-0.0,0.0,0.0,1.0324195763808064,1.0324195763808064,1.0354558554930642,1.0503034017860868,3.0,False,0.0,,0.0,sem_sobretensao,sem_sobretensao,True,True,False,0.0,0.0,0,0,0,0,False,,[null]
leader_follower,C0_perda_0.20,18,pv4,830,-0.0,-0.0,0.0,0.0,1.02681295674242,1.02681295674242,1.0354558554930642,1.0503034017860868,4.0,False,0.0,,0.0,sem_sobretensao,sem_sobretensao,True,True,False,0.0,0.0,0,0,0,0,False,,[null]
leader_follower,C0_perda_0.20,18,pv5,850,-0.0,-0.0,0.0,0.0,1.0354558554930642,1.0354558554930642,1.0354558554930642,1.0503034017860868,5.0,False,0.0,,0.0,sem_sobretensao,sem_sobretensao,True,True,False,0.0,0.0,0,0,0,0,False,,[null]
leader_follower,C0_perda_0.20,18,pv6,832,-0.0,-0.0,0.0,0.0,1.017265056101975,1.017265056101975,1.0354558554930642,1.0503034017860868,6.0,False,0.0,,0.0,sem_sobretensao,sem_sobretensao,True,True,False,0.0,0.0,0,0,0,0,False,,[null]
leader_follower,C0_perda_0.20,19,pv2,816,-0.0,-0.0,0.0,0.0,1.012463803494029,1.012463803494029,1.0126403397694483,1.0496066048479267,1.0,True,0.0,,0.0,sem_sobretensao,sem_sobretensao,True,True,False,0.0,0.0,0,0,0,0,False,,[null]
leader_follower,C0_perda_0.20,19,pv1,824,-0.0,-0.0,0.0,0.0,1.0068862241138112,1.0068862241138112,1.0126403397694483,1.0496066048479267,2.0,False,0.0,,0.0,sem_sobretensao,sem_sobretensao,True,True,False,0.0,0.0,0,0,0,0,False,,[null]
leader_follower,C0_perda_0.20,19,pv3,828,-0.0,-0.0,0.0,0.0,1.00641255022254,1.00641255022254,1.0126403397694483,1.0496066048479267,3.0,False,0.0,,0.0,sem_sobretensao,sem_sobretensao,True,True,False,0.0,0.0,0,0,0,0,False,,[null]
leader_follower,C0_perda_0.20,19,pv4,830,-0.0,-0.0,0.0,0.0,0.9949844738133675,0.9949844738133675,1.0126403397694483,1.0496066048479267,4.0,False,0.0,,0.0,sem_sobretensao,sem_sobretensao,True,True,False,0.0,0.0,0,0,0,0,False,,[null]
leader_follower,C0_perda_0.20,19,pv5,850,-0.0,-0.0,0.0,0.0,1.0126403397694483,1.0126403397694483,1.0126403397694483,1.0496066048479267,5.0,False,0.0,,0.0,sem_sobretensao,sem_sobretensao,True,True,False,0.0,0.0,0,0,0,0,False,,[null]
leader_follower,C0_perda_0.20,19,pv6,832,-0.0,-0.0,0.0,0.0,0.9751062275735913,0.9751062275735913,1.0126403397694483,1.0496066048479267,6.0,False,0.0,,0.0,sem_sobretensao,sem_sobretensao,True,True,False,0.0,0.0,0,0,0,0,False,,[null]
leader_follower,C0_perda_0.20,20,pv2,816,-0.0,-0.0,0.0,0.0,1.0078351504741658,1.0078351504741658,1.008029696164423,1.0494657402550034,1.0,True,0.0,,0.0,sem_sobretensao,sem_sobretensao,True,True,False,0.0,0.0,0,0,0,0,False,,[null]
leader_follower,C0_perda_0.20,20,pv1,824,-0.0,-0.0,0.0,0.0,1.0016803252824402,1.0016803252824402,1.008029696164423,1.0494657402550034,2.0,False,0.0,,0.0,sem_sobretensao,sem_sobretensao,True,True,False,0.0,0.0,0,0,0,0,False,,[null]
leader_follower,C0_perda_0.20,20,pv3,828,-0.0,-0.0,0.0,0.0,1.001158047785484,1.001158047785484,1.008029696164423,1.0494657402550034,3.0,False,0.0,,0.0,sem_sobretensao,sem_sobretensao,True,True,False,0.0,0.0,0,0,0,0,False,,[null]
leader_follower,C0_perda_0.20,20,pv4,830,-0.0,-0.0,0.0,0.0,0.9885559519361026,0.9885559519361026,1.008029696164423,1.0494657402550034,4.0,False,0.0,,0.0,sem_sobretensao,sem_sobretensao,True,True,False,0.0,0.0,0,0,0,0,False,,[null]
leader_follower,C0_perda_0.20,20,pv5,850,-0.0,-0.0,0.0,0.0,1.008029696164423,1.008029696164423,1.008029696164423,1.0494657402550034,5.0,False,0.0,,0.0,sem_sobretensao,sem_sobretensao,True,True,False,0.0,0.0,0,0,0,0,False,,[null]
leader_follower,C0_perda_0.20,20,pv6,832,-0.0,-0.0,0.0,0.0,0.9665920784800833,0.9665920784800833,1.008029696164423,1.0494657402550034,6.0,False,0.0,,0.0,sem_sobretensao,sem_sobretensao,True,True,False,0.0,0.0,0,0,0,0,False,,[null]
leader_follower,C0_perda_0.20,21,pv2,816,-0.0,-0.0,0.0,0.0,1.0061895964378376,1.0061895964378376,1.0063905442901249,1.0494156571369113,1.0,True,0.0,,0.0,sem_sobretensao,sem_sobretensao,True,True,False,0.0,0.0,0,0,0,0,False,,[null]
leader_follower,C0_perda_0.20,21,pv1,824,-0.0,-0.0,0.0,0.0,0.9998296239446811,0.9998296239446811,1.0063905442901249,1.0494156571369113,2.0,False,0.0,,0.0,sem_sobretensao,sem_sobretensao,True,True,False,0.0,0.0,0,0,0,0,False,,[null]
leader_follower,C0_perda_0.20,21,pv3,828,-0.0,-0.0,0.0,0.0,0.9992900728255066,0.9992900728255066,1.0063905442901249,1.0494156571369113,3.0,False,0.0,,0.0,sem_sobretensao,sem_sobretensao,True,True,False,0.0,0.0,0,0,0,0,False,,[null]
leader_follower,C0_perda_0.20,21,pv4,830,-0.0,-0.0,0.0,0.0,0.9862707730472379,0.9862707730472379,1.0063905442901249,1.0494156571369113,4.0,False,0.0,,0.0,sem_sobretensao,sem_sobretensao,True,True,False,0.0,0.0,0,0,0,0,False,,[null]
leader_follower,C0_perda_0.20,21,pv5,850,-0.0,-0.0,0.0,0.0,1.0063905442901249,1.0063905442901249,1.0063905442901249,1.0494156571369113,5.0,False,0.0,,0.0,sem_sobretensao,sem_sobretensao,True,True,False,0.0,0.0,0,0,0,0,False,,[null]
leader_follower,C0_perda_0.20,21,pv6,832,-0.0,-0.0,0.0,0.0,0.9635655636096437,0.9635655636096437,1.0063905442901249,1.0494156571369113,6.0,False,0.0,,0.0,sem_sobretensao,sem_sobretensao,True,True,False,0.0,0.0,0,0,0,0,False,,[null]
leader_follower,C0_perda_0.20,22,pv2,816,-0.0,-0.0,0.0,0.0,1.0058618084193778,1.0058618084193778,1.0060640314884584,1.049405687339917,1.0,True,0.0,,0.0,sem_sobretensao,sem_sobretensao,True,True,False,0.0,0.0,0,0,0,0,False,,[null]
leader_follower,C0_perda_0.20,22,pv1,824,-0.0,-0.0,0.0,0.0,0.9994609737243801,0.9994609737243801,1.0060640314884584,1.049405687339917,2.0,False,0.0,,0.0,sem_sobretensao,sem_sobretensao,True,True,False,0.0,0.0,0,0,0,0,False,,[null]
leader_follower,C0_perda_0.20,22,pv3,828,-0.0,-0.0,0.0,0.0,0.9989179819308516,0.9989179819308516,1.0060640314884584,1.049405687339917,3.0,False,0.0,,0.0,sem_sobretensao,sem_sobretensao,True,True,False,0.0,0.0,0,0,0,0,False,,[null]
leader_follower,C0_perda_0.20,22,pv4,830,-0.0,-0.0,0.0,0.0,0.9858155814373922,0.9858155814373922,1.0060640314884584,1.049405687339917,4.0,False,0.0,,0.0,sem_sobretensao,sem_sobretensao,True,True,False,0.0,0.0,0,0,0,0,False,,[null]
leader_follower,C0_perda_0.20,22,pv5,850,-0.0,-0.0,0.0,0.0,1.0060640314884584,1.0060640314884584,1.0060640314884584,1.049405687339917,5.0,False,0.0,,0.0,sem_sobretensao,sem_sobretensao,True,True,False,0.0,0.0,0,0,0,0,False,,[null]
leader_follower,C0_perda_0.20,22,pv6,832,-0.0,-0.0,0.0,0.0,0.9629627164790306,0.9629627164790306,1.0060640314884584,1.049405687339917,6.0,False,0.0,,0.0,sem_sobretensao,sem_sobretensao,True,True,False,0.0,0.0,0,0,0,0,False,,[null]
leader_follower,C0_perda_0.20,23,pv2,816,-0.0,-0.0,0.0,0.0,1.0157857990852877,1.0157857990852877,1.0159494099998212,1.049707699932122,1.0,True,0.0,,0.0,sem_sobretensao,sem_sobretensao,True,True,False,0.0,0.0,0,0,0,0,False,,[null]
leader_follower,C0_perda_0.20,23,pv1,824,-0.0,-0.0,0.0,0.0,1.0106227444912799,1.0106227444912799,1.0159494099998212,1.049707699932122,2.0,False,0.0,,0.0,sem_sobretensao,sem_sobretensao,True,True,False,0.0,0.0,0,0,0,0,False,,[null]
leader_follower,C0_perda_0.20,23,pv3,828,-0.0,-0.0,0.0,0.0,1.010183972127752,1.010183972127752,1.0159494099998212,1.049707699932122,3.0,False,0.0,,0.0,sem_sobretensao,sem_sobretensao,True,True,False,0.0,0.0,0,0,0,0,False,,[null]
leader_follower,C0_perda_0.20,23,pv4,830,-0.0,-0.0,0.0,0.0,0.9995990501550603,0.9995990501550603,1.0159494099998212,1.049707699932122,4.0,False,0.0,,0.0,sem_sobretensao,sem_sobretensao,True,True,False,0.0,0.0,0,0,0,0,False,,[null]
leader_follower,C0_perda_0.20,23,pv5,850,-0.0,-0.0,0.0,0.0,1.0159494099998212,1.0159494099998212,1.0159494099998212,1.049707699932122,5.0,False,0.0,,0.0,sem_sobretensao,sem_sobretensao,True,True,False,0.0,0.0,0,0,0,0,False,,[null]
leader_follower,C0_perda_0.20,23,pv6,832,-0.0,-0.0,0.0,0.0,0.9812181271943429,0.9812181271943429,1.0159494099998212,1.049707699932122,6.0,False,0.0,,0.0,sem_sobretensao,sem_sobretensao,True,True,False,0.0,0.0,0,0,0,0,False,,[null]
leaderless,C1,0,pv2,816,-0.0,-0.0,0.0,0.0,1.0450262948633384,1.0450262948633384,1.0450761113146871,1.0505970659065016,1.0,True,0.0,,0.0,sem_sobretensao,sem_sobretensao,True,True,False,0.0,0.0,,,,,False,,[null]
leaderless,C1,0,pv1,824,-0.0,-0.0,0.0,0.0,1.0435191673339028,1.0435191673339028,1.0450761113146871,1.0505970659065016,2.0,False,0.0,,0.0,sem_sobretensao,sem_sobretensao,True,True,False,0.0,0.0,,,,,False,,[null]
leaderless,C1,0,pv3,828,-0.0,-0.0,0.0,0.0,1.043388151795147,1.043388151795147,1.0450761113146871,1.0505970659065016,3.0,False,0.0,,0.0,sem_sobretensao,sem_sobretensao,True,True,False,0.0,0.0,,,,,False,,[null]
leaderless,C1,0,pv4,830,-0.0,-0.0,0.0,0.0,1.0402417834114017,1.0402417834114017,1.0450761113146871,1.0505970659065016,4.0,False,0.0,,0.0,sem_sobretensao,sem_sobretensao,True,True,False,0.0,0.0,,,,,False,,[null]
leaderless,C1,0,pv5,850,-0.0,-0.0,0.0,0.0,1.0450761113146871,1.0450761113146871,1.0450761113146871,1.0505970659065016,5.0,False,0.0,,0.0,sem_sobretensao,sem_sobretensao,True,True,False,0.0,0.0,,,,,False,,[null]
leaderless,C1,0,pv6,832,-0.0,-0.0,0.0,0.0,1.0350545283587615,1.0350545283587615,1.0450761113146871,1.0505970659065016,6.0,False,0.0,,0.0,sem_sobretensao,sem_sobretensao,True,True,False,0.0,0.0,,,,,False,,[null]
leaderless,C1,1,pv2,816,-0.0,-0.0,0.0,0.0,1.0450265903941263,1.0450265903941263,1.0450764055625157,1.0505970903489994,1.0,True,0.0,,0.0,sem_sobretensao,sem_sobretensao,True,True,False,0.0,0.0,,,,,False,,[null]
leaderless,C1,1,pv1,824,-0.0,-0.0,0.0,0.0,1.043519497117978,1.043519497117978,1.0450764055625157,1.0505970903489994,2.0,False,0.0,,0.0,sem_sobretensao,sem_sobretensao,True,True,False,0.0,0.0,,,,,False,,[null]
leaderless,C1,1,pv3,828,-0.0,-0.0,0.0,0.0,1.0433884847070511,1.0433884847070511,1.0450764055625157,1.0505970903489994,3.0,False,0.0,,0.0,sem_sobretensao,sem_sobretensao,True,True,False,0.0,0.0,,,,,False,,[null]
leaderless,C1,1,pv4,830,-0.0,-0.0,0.0,0.0,1.0402421909746427,1.0402421909746427,1.0450764055625157,1.0505970903489994,4.0,False,0.0,,0.0,sem_sobretensao,sem_sobretensao,True,True,False,0.0,0.0,,,,,False,,[null]
leaderless,C1,1,pv5,850,-0.0,-0.0,0.0,0.0,1.0450764055625157,1.0450764055625157,1.0450764055625157,1.0505970903489994,5.0,False,0.0,,0.0,sem_sobretensao,sem_sobretensao,True,True,False,0.0,0.0,,,,,False,,[null]
leaderless,C1,1,pv6,832,-0.0,-0.0,0.0,0.0,1.0350550780786294,1.0350550780786294,1.0450764055625157,1.0505970903489994,6.0,False,0.0,,0.0,sem_sobretensao,sem_sobretensao,True,True,False,0.0,0.0,,,,,False,,[null]
leaderless,C1,2,pv2,816,-0.0,-0.0,0.0,0.0,1.0449571701348623,1.0449571701348623,1.0450072554978003,1.0505949800956955,1.0,True,0.0,,0.0,sem_sobretensao,sem_sobretensao,True,True,False,0.0,0.0,,,,,False,,[null]
leaderless,C1,2,pv1,824,-0.0,-0.0,0.0,0.0,1.0434413812534846,1.0434413812534846,1.0450072554978003,1.0505949800956955,2.0,False,0.0,,0.0,sem_sobretensao,sem_sobretensao,True,True,False,0.0,0.0,,,,,False,,[null]
leaderless,C1,2,pv3,828,-0.0,-0.0,0.0,0.0,1.0433096369965242,1.0433096369965242,1.0450072554978003,1.0505949800956955,3.0,False,0.0,,0.0,sem_sobretensao,sem_sobretensao,True,True,False,0.0,0.0,,,,,False,,[null]
leaderless,C1,2,pv4,830,-0.0,-0.0,0.0,0.0,1.0401456464219774,1.0401456464219774,1.0450072554978003,1.0505949800956955,4.0,False,0.0,,0.0,sem_sobretensao,sem_sobretensao,True,True,False,0.0,0.0,,,,,False,,[null]
leaderless,C1,2,pv5,850,-0.0,-0.0,0.0,0.0,1.0450072554978003,1.0450072554978003,1.0450072554978003,1.0505949800956955,5.0,False,0.0,,0.0,sem_sobretensao,sem_sobretensao,True,True,False,0.0,0.0,,,,,False,,[null]
leaderless,C1,2,pv6,832,-0.0,-0.0,0.0,0.0,1.0349271785104095,1.0349271785104095,1.0450072554978003,1.0505949800956955,6.0,False,0.0,,0.0,sem_sobretensao,sem_sobretensao,True,True,False,0.0,0.0,,,,,False,,[null]
leaderless,C1,3,pv2,816,-0.0,-0.0,0.0,0.0,1.0449571021647746,1.0449571021647746,1.0450071878057714,1.0505949776249717,1.0,True,0.0,,0.0,sem_sobretensao,sem_sobretensao,True,True,False,0.0,0.0,,,,,False,,[null]
leaderless,C1,3,pv1,824,-0.0,-0.0,0.0,0.0,1.043441305274198,1.043441305274198,1.0450071878057714,1.0505949776249717,2.0,False,0.0,,0.0,sem_sobretensao,sem_sobretensao,True,True,False,0.0,0.0,,,,,False,,[null]
leaderless,C1,3,pv3,828,-0.0,-0.0,0.0,0.0,1.043309560339792,1.043309560339792,1.0450071878057714,1.0505949776249717,3.0,False,0.0,,0.0,sem_sobretensao,sem_sobretensao,True,True,False,0.0,0.0,,,,,False,,[null]
leaderless,C1,3,pv4,830,-0.0,-0.0,0.0,0.0,1.0401455535283302,1.0401455535283302,1.0450071878057714,1.0505949776249717,4.0,False,0.0,,0.0,sem_sobretensao,sem_sobretensao,True,True,False,0.0,0.0,,,,,False,,[null]
leaderless,C1,3,pv5,850,-0.0,-0.0,0.0,0.0,1.0450071878057714,1.0450071878057714,1.0450071878057714,1.0505949776249717,5.0,False,0.0,,0.0,sem_sobretensao,sem_sobretensao,True,True,False,0.0,0.0,,,,,False,,[null]
leaderless,C1,3,pv6,832,-0.0,-0.0,0.0,0.0,1.0349270553472671,1.0349270553472671,1.0450071878057714,1.0505949776249717,6.0,False,0.0,,0.0,sem_sobretensao,sem_sobretensao,True,True,False,0.0,0.0,,,,,False,,[null]
leaderless,C1,4,pv2,816,-0.0,-0.0,0.0,0.0,1.045026523122921,1.045026523122921,1.045076338566197,1.0505970879234294,1.0,True,0.0,,0.0,sem_sobretensao,sem_sobretensao,True,True,False,0.0,0.0,,,,,False,,[null]
leaderless,C1,4,pv1,824,-0.0,-0.0,0.0,0.0,1.0435194219130084,1.0435194219130084,1.045076338566197,1.0505970879234294,2.0,False,0.0,,0.0,sem_sobretensao,sem_sobretensao,True,True,False,0.0,0.0,,,,,False,,[null]
leaderless,C1,4,pv3,828,-0.0,-0.0,0.0,0.0,1.0433884088314556,1.0433884088314556,1.045076338566197,1.0505970879234294,3.0,False,0.0,,0.0,sem_sobretensao,sem_sobretensao,True,True,False,0.0,0.0,,,,,False,,[null]
leaderless,C1,4,pv4,830,-0.0,-0.0,0.0,0.0,1.0402420990252506,1.0402420990252506,1.045076338566197,1.0505970879234294,4.0,False,0.0,,0.0,sem_sobretensao,sem_sobretensao,True,True,False,0.0,0.0,,,,,False,,[null]
leaderless,C1,4,pv5,850,-0.0,-0.0,0.0,0.0,1.045076338566197,1.045076338566197,1.045076338566197,1.0505970879234294,5.0,False,0.0,,0.0,sem_sobretensao,sem_sobretensao,True,True,False,0.0,0.0,,,,,False,,[null]
leaderless,C1,4,pv6,832,-0.0,-0.0,0.0,0.0,1.035054956170032,1.035054956170032,1.045076338566197,1.0505970879234294,6.0,False,0.0,,0.0,sem_sobretensao,sem_sobretensao,True,True,False,0.0,0.0,,,,,False,,[null]
leaderless,C1,5,pv2,816,-0.0,-0.0,0.0,0.0,1.046437942275659,1.046437942275659,1.0464804756969757,1.05063939179868,1.0,True,0.0,,0.0,sem_sobretensao,sem_sobretensao,True,True,False,0.0,0.0,,,,,False,,[null]
leaderless,C1,5,pv1,824,-0.0,-0.0,0.0,0.0,1.0450850714048536,1.0450850714048536,1.0464804756969757,1.05063939179868,2.0,False,0.0,,0.0,sem_sobretensao,sem_sobretensao,True,True,False,0.0,0.0,,,,,False,,[null]
leaderless,C1,5,pv3,828,-0.0,-0.0,0.0,0.0,1.044968726726859,1.044968726726859,1.0464804756969757,1.05063939179868,3.0,False,0.0,,0.0,sem_sobretensao,sem_sobretensao,True,True,False,0.0,0.0,,,,,False,,[null]
leaderless,C1,5,pv4,830,-0.0,-0.0,0.0,0.0,1.0421771197491476,1.0421771197491476,1.0464804756969757,1.05063939179868,4.0,False,0.0,,0.0,sem_sobretensao,sem_sobretensao,True,True,False,0.0,0.0,,,,,False,,[null]
leaderless,C1,5,pv5,850,-0.0,-0.0,0.0,0.0,1.0464804756969757,1.0464804756969757,1.0464804756969757,1.05063939179868,5.0,False,0.0,,0.0,sem_sobretensao,sem_sobretensao,True,True,False,0.0,0.0,,,,,False,,[null]
leaderless,C1,5,pv6,832,-0.0,-0.0,0.0,0.0,1.0376184354041749,1.0376184354041749,1.0464804756969757,1.05063939179868,6.0,False,0.0,,0.0,sem_sobretensao,sem_sobretensao,True,True,False,0.0,0.0,,,,,False,,[null]
leaderless,C1,6,pv2,816,15.625241782068514,15.625241782068514,0.0,0.0,1.0483407437819094,1.0483407437819094,1.0483782454548018,1.0506384889471005,1.0,True,0.0,0.0,0.0,sem_sobretensao,sem_sobretensao,True,True,False,0.0,0.0,,,,,False,0.0,[0.0]
leaderless,C1,6,pv1,824,18.7503236717592,18.7503236717592,0.0,0.0,1.0471579048369506,1.0471579048369506,1.0483782454548018,1.0506384889471005,2.0,False,0.0,0.0,0.0,sem_sobretensao,sem_sobretensao,True,True,False,0.0,0.0,,,,,False,0.0,[0.0]
leaderless,C1,6,pv3,828,12.500217712144039,12.500217712144039,0.0,0.0,1.0470455387298745,1.0470455387298745,1.0483782454548018,1.0506384889471005,3.0,False,0.0,0.0,0.0,sem_sobretensao,sem_sobretensao,True,True,False,0.0,0.0,,,,,False,0.0,[0.0]
leaderless,C1,6,pv4,830,16.250349249231203,16.250349249231203,0.0,0.0,1.0442222095150686,1.0442222095150686,1.0483782454548018,1.0506384889471005,4.0,False,0.0,0.0,0.0,sem_sobretensao,sem_sobretensao,True,True,False,0.0,0.0,,,,,False,0.0,[0.0]
leaderless,C1,6,pv5,850,11.250173385025839,11.250173385025839,0.0,0.0,1.0483782454548018,1.0483782454548018,1.0483782454548018,1.0506384889471005,5.0,False,0.0,0.0,0.0,sem_sobretensao,sem_sobretensao,True,True,False,0.0,0.0,,,,,False,0.0,[0.0]
leaderless,C1,6,pv6,832,14.375428037447017,14.375428037447017,0.0,0.0,1.0393165620198634,1.0393165620198634,1.0483782454548018,1.0506384889471005,6.0,False,0.0,0.0,0.0,sem_sobretensao,sem_sobretensao,True,True,False,0.0,0.0,,,,,False,0.0,[0.0]
leaderless,C1,7,pv2,816,46.87517293313687,18.42876547234264,28.446407460794227,0.6068543923737975,1.0562538666391141,1.0504676616621111,1.0504970084785632,1.050797688513331,1.0,True,0.0,0.6068544536650652,113.0,convergiu,convergiu,True,False,False,0.008208399033522072,0.008208399033522072,,,,,False,0.008208385763406812,[0.008208]
leaderless,C1,7,pv1,824,56.25022149623055,22.758042412217627,33.492179084012925,0.5954141029564963,1.0558852978158424,1.049534915526233,1.0504970084785632,1.050797688513331,2.0,False,0.0,0.5954141724803218,113.0,convergiu,convergiu,True,False,False,0.008208399033522072,0.008208399033522072,,,,,False,0.008208385763406812,[0.008208]
leaderless,C1,7,pv3,828,37.5001485947879,15.454839883726144,22.045308711061757,0.5878724981095517,1.0558243986090117,1.0494417616754357,1.0504970084785632,1.050797688513331,3.0,False,0.0,0.5878725695003194,113.0,convergiu,convergiu,True,False,False,0.008208399033522072,0.008208399033522072,,,,,False,0.008208385763406812,[0.008208]
leaderless,C1,7,pv4,830,48.75022589866941,20.21787232738594,28.532353571283473,0.5852762488386569,1.0539937130575454,1.0470531953232058,1.0504970084785632,1.050797688513331,4.0,False,0.0,0.5852763355515493,113.0,convergiu,convergiu,True,False,False,0.008208399033522072,0.008208399033522072,,,,,False,0.008208385763406812,[0.008208]
leaderless,C1,7,pv5,850,33.75012402307615,13.897069539915933,19.853054483160214,0.5882364257856751,1.056261646345798,1.0504970084785632,1.0504970084785632,1.050797688513331,5.0,False,0.0,0.5882364897262594,113.0,convergiu,convergiu,True,False,False,0.008208399033522072,0.008208399033522072,,,,,False,0.008208385763406812,[0.008208]
leaderless,C1,7,pv6,832,43.12526281682057,18.031774734381468,25.093488082439105,0.5818743208333881,1.0502737503980764,1.0428478918789472,1.0504970084785632,1.050797688513331,6.0,False,0.0,0.5818744384011416,113.0,convergiu,convergiu,True,False,False,0.008208399033522072,0.008208399033522072,,,,,False,0.008208385763406812,[0.008208]
leaderless,C1,8,pv2,816,85.41699505900372,36.64264667786219,48.774348381141536,0.57101446233614,1.0600225763616604,1.0504648263541845,1.0504950099065808,1.0507796092573651,1.0,True,0.0,0.571014566216589,72.0,convergiu,convergiu,True,False,False,0.015821168346522675,0.015821168346522675,,,,,False,0.015821137610424627,[0.015821]
leaderless,C1,8,pv1,824,102.50042165969248,45.49782030064307,57.00260135904941,0.5561205339022333,1.0599113578673374,1.0494221279223495,1.0504950099065808,1.0507796092573651,2.0,False,0.0,0.5561206523452308,72.0,convergiu,convergiu,True,False,False,0.015821168346522675,0.015821168346522675,,,,,False,0.015821137610424627,[0.015821]
leaderless,C1,8,pv3,828,68.33361539641628,31.220633191747304,37.112982204668974,0.5431144478933255,1.0598511737449743,1.0493092161699193,1.0504950099065808,1.0507796092573651,3.0,False,0.0,0.5431145709087616,72.0,convergiu,convergiu,True,False,False,0.015821168346522675,0.015821168346522675,,,,,False,0.015821137610424627,[0.015821]
leaderless,C1,8,pv4,830,88.83371831629469,41.3345364382913,47.49918187800339,0.5346975098733788,1.0577281149671873,1.0462818684459843,1.0504950099065808,1.0507796092573651,4.0,False,0.0,0.5346976663622405,72.0,convergiu,convergiu,True,False,False,0.015821168346522675,0.015821168346522675,,,,,False,0.015821137610424627,[0.015821]
leaderless,C1,8,pv5,850,61.500235530951215,28.72837022376242,32.7718653071888,0.5328737051985182,1.0600169249298315,1.0504950099065808,1.0504950099065808,1.0507796092573651,5.0,False,0.0,0.5328738178684812,72.0,convergiu,convergiu,True,False,False,0.015821168346522675,0.015821168346522675,,,,,False,0.015821137610424627,[0.015821]
leaderless,C1,8,pv6,832,78.58368111355966,37.435282065529336,41.14839904803033,0.5236250113681714,1.0527861134616847,1.0405678709316524,1.0504950099065808,1.0507796092573651,6.0,False,0.0,0.5236252420978806,72.0,convergiu,convergiu,True,False,False,0.015821168346522675,0.015821168346522675,,,,,False,0.015821137610424627,[0.015821]
leaderless,C1,9,pv2,816,109.37601376569933,41.780788688027975,67.59522507767136,0.6180076439508141,1.0634560298310713,1.0504619458823303,1.0504924752385416,1.050771335812688,1.0,True,0.0,0.618007758286666,60.0,convergiu,convergiu,True,False,False,0.021217697389454376,0.021217697389454376,,,,,False,0.02121765782449038,[0.021218]
leaderless,C1,9,pv1,824,131.25131167876575,52.39219494780626,78.85911673095949,0.6008252293852852,1.0636450072141417,1.0493852098864327,1.0504924752385416,1.050771335812688,2.0,False,0.0,0.6008253610749824,60.0,convergiu,convergiu,True,False,False,0.021217697389454376,0.021217697389454376,,,,,False,0.02121765782449038,[0.021218]
leaderless,C1,9,pv3,828,87.50087773013513,36.38851535038411,51.11236237975102,0.5841352862786712,1.0635972303472352,1.0492662169666922,1.0504924752385416,1.050771335812688,3.0,False,0.0,0.5841354247598367,60.0,convergiu,convergiu,True,False,False,0.021217697389454376,0.021217697389454376,,,,,False,0.02121765782449038,[0.021218]
leaderless,C1,9,pv4,830,113.75120348065711,48.7147135206137,65.03648996004341,0.5717431330669549,1.0615841249347364,1.046039067886546,1.0504924752385416,1.050771335812688,4.0,False,0.0,0.5717433132134077,60.0,convergiu,convergiu,True,False,False,0.021217697389454376,0.021217697389454376,,,,,False,0.02121765782449038,[0.021218]
leaderless,C1,9,pv5,850,78.75072707622377,34.129490375090285,44.62123670113348,0.5666135181554194,1.06343770729026,1.0504924752385416,1.0504924752385416,1.050771335812688,5.0,False,0.0,0.5666136473628244,60.0,convergiu,convergiu,True,False,False,0.021217697389454376,0.021217697389454376,,,,,False,0.02121765782449038,[0.021218]
leaderless,C1,9,pv6,832,100.62608318713191,44.738068826177724,55.88801436095419,0.555402584129902,1.0564042271727019,1.0398393833445416,1.0504924752385416,1.050771335812688,6.0,False,0.0,0.5554028596842092,60.0,convergiu,convergiu,True,False,False,0.021217697389454376,0.021217697389454376,,,,,False,0.02121765782449038,[0.021218]
leaderless,C1,10,pv2,816,122.91832727330423,47.47849951819047,75.43982775511375,0.6137393374091129,1.0647988787894915,1.0504581331486316,1.0504889674692404,1.050762488342488,1.0,True,0.0,0.6137394595956075,55.0,convergiu,convergiu,True,False,False,0.023715580414561326,0.023715580414561326,,,,,False,0.023715534159603577,[0.023716]
leaderless,C1,10,pv1,824,147.50216006232444,59.660698184772066,87.84146187755238,0.5955264726025978,1.0650831773500744,1.0493458347284552,1.0504889674692404,1.050762488342488,2.0,False,0.0,0.5955266135793301,55.0,convergiu,convergiu,True,False,False,0.023715580414561326,0.023715580414561326,,,,,False,0.023715534159603577,[0.023716]
leaderless,C1,10,pv3,828,98.33477902625407,41.581308807339745,56.75347021891432,0.5771453004390562,1.0650361508496717,1.049220476445591,1.0504889674692404,1.050762488342488,3.0,False,0.0,0.5771454492592281,55.0,convergiu,convergiu,True,False,False,0.023715580414561326,0.023715580414561326,,,,,False,0.023715534159603577,[0.023716]
leaderless,C1,10,pv4,830,127.83531682301833,55.87384847954172,71.96146834347661,0.5629230243951926,1.0629336625808208,1.04578637430759,1.0504889674692404,1.050762488342488,4.0,False,0.0,0.5629232213121801,55.0,convergiu,convergiu,True,False,False,0.023715580414561326,0.023715580414561326,,,,,False,0.023715534159603577,[0.023716]
leaderless,C1,10,pv5,850,88.50119099105555,39.271696379084005,49.229494611971546,0.5562578501683141,1.0647757051286364,1.0504889674692404,1.0504889674692404,1.050762488342488,5.0,False,0.0,0.5562579899850949,55.0,convergiu,convergiu,True,False,False,0.023715580414561326,0.023715580414561326,,,,,False,0.023715534159603577,[0.023716]
leaderless,C1,10,pv6,832,113.08510173411528,51.54809198931977,61.53700974479551,0.5441651790963513,1.0573508107080112,1.0390920809588835,1.0504889674692404,1.050762488342488,6.0,False,0.0,0.5441654895397344,55.0,convergiu,convergiu,True,False,False,0.023715580414561326,0.023715580414561326,,,,,False,0.023715534159603577,[0.023716]
leaderless,C1,11,pv2,816,125.00095831167911,67.41046088221445,57.59049742946466,0.46072031679154435,1.0612357737791585,1.050465795438471,1.0504972331428237,1.0507414406539928,1.0,True,0.0,0.4607204473254335,53.0,convergiu,convergiu,True,False,False,0.022240940194048976,0.022240940194048976,,,,,False,0.022240881540925583,[0.022241]
leaderless,C1,11,pv1,824,150.00123692408474,83.57261766322213,66.4286192608626,0.442853661891263,1.0610597786030118,1.0492425110824795,1.0504972331428237,1.0507414406539928,2.0,False,0.0,0.44285380989546086,53.0,convergiu,convergiu,True,False,False,0.022240940194048976,0.022240940194048976,,,,,False,0.022240881540925583,[0.022241]
leaderless,C1,11,pv3,828,100.00082698466912,57.46614886159283,42.53467812307629,0.4253431092685925,1.0609725990655274,1.0490968085484824,1.0504972331428237,1.0507414406539928,3.0,False,0.0,0.4253432637071809,53.0,convergiu,convergiu,True,False,False,0.022240940194048976,0.022240940194048976,,,,,False,0.022240881540925583,[0.022241]
leaderless,C1,11,pv4,830,130.00109902911063,76.40197913473331,53.599119894377324,0.4122972207242455,1.0578779548654649,1.0450084034318399,1.0504972331428237,1.0507414406539928,4.0,False,0.0,0.41229743667301677,53.0,convergiu,convergiu,True,False,False,0.022240940194048976,0.022240940194048976,,,,,False,0.022240881540925583,[0.022241]
leaderless,C1,11,pv5,850,90.00068729226189,53.39016044067374,36.61052685158815,0.4067803822459035,1.061226553745462,1.0504972331428237,1.0504972331428237,1.0507414406539928,5.0,False,0.0,0.40678052527200936,53.0,convergiu,convergiu,True,False,False,0.022240940194048976,0.022240940194048976,,,,,False,0.022240881540925583,[0.022241]
leaderless,C1,11,pv6,832,115.00090692340198,69.55151873345747,45.449388189944514,0.3952085799648236,1.0504893438563865,1.0367868751503508,1.0504972331428237,1.0507414406539928,6.0,False,0.0,0.3952089544843045,53.0,convergiu,convergiu,True,False,False,0.022240940194048976,0.022240940194048976,,,,,False,0.022240881540925583,[0.022241]
leaderless,C1,12,pv2,816,114.58396690914202,71.71477517920249,42.86919172993953,0.37412893670583947,1.0584759974419649,1.0504626688725571,1.050494140003295,1.050736102355654,1.0,True,0.0,0.3741290591198692,55.0,convergiu,convergiu,True,False,False,0.017969967585226388,0.017969967585226388,,,,,False,0.017969911051023527,[0.01797]
leaderless,C1,12,pv1,824,137.50081046186187,88.26843600201633,49.232374459845545,0.3580513844944038,1.0580095015261597,1.0492180473207338,1.050494140003295,1.050736102355654,2.0,False,0.0,0.35805152198358103,55.0,convergiu,convergiu,True,False,False,0.017969967585226388,0.017969967585226388,,,,,False,0.017969911051023527,[0.01797]
leaderless,C1,12,pv3,828,91.66720897007811,60.18772436304397,31.479484607034138,0.34341038534222595,1.0579033708908177,1.0490684187708585,1.050494140003295,1.050736102355654,3.0,False,0.0,0.3434105277200011,55.0,convergiu,convergiu,True,False,False,0.017969967585226388,0.017969967585226388,,,,,False,0.017969911051023527,[0.01797]
leaderless,C1,12,pv4,830,119.16741864020865,79.42395646524814,39.74346217496051,0.3335092634064938,1.0544313937564374,1.0448572109147793,1.050494140003295,1.050736102355654,4.0,False,0.0,0.33350946616502897,55.0,convergiu,convergiu,True,False,False,0.017969967585226388,0.017969967585226388,,,,,False,0.017969911051023527,[0.01797]
leaderless,C1,12,pv5,850,82.50045438378991,55.224323372403106,27.27613101138681,0.3306178184874053,1.0584772341554372,1.050494140003295,1.050494140003295,1.050736102355654,5.0,False,0.0,0.33061794889636575,55.0,convergiu,convergiu,True,False,False,0.017969967585226388,0.017969967585226388,,,,,False,0.017969911051023527,[0.01797]
leaderless,C1,12,pv6,832,105.41738218393749,71.6148306947625,33.80255148917499,0.32065407770850407,1.0465580375517438,1.0363635891824572,1.050494140003295,1.050736102355654,6.0,False,0.0,0.32065443847006764,55.0,convergiu,convergiu,True,False,False,0.017969967585226388,0.017969967585226388,,,,,False,0.017969911051023527,[0.01797]
leaderless,C1,13,pv2,816,91.66698347745714,66.54355551404154,25.123427963415594,0.27407269696449776,1.0551908300638366,1.0504551036605938,1.0504862850729741,1.0507415468359664,1.0,True,0.0,0.2740728123729956,61.0,convergiu,convergiu,True,False,False,0.011995665410681226,0.011995665410681226,,,,,False,0.011995619445625544,[0.011996]
leaderless,C1,13,pv1,824,110.00040317700643,81.3195362923966,28.680866884609827,0.26073406914208863,1.054437479955271,1.0492428013739923,1.0504862850729741,1.0507415468359664,2.0,False,0.0,0.26073419784160423,61.0,convergiu,convergiu,True,False,False,0.011995665410681226,0.011995665410681226,,,,,False,0.011995619445625544,[0.011996]
leaderless,C1,13,pv3,828,73.33360358689625,54.97973524770906,18.353868339187187,0.25027896838626057,1.0543195761257615,1.0490991368870703,1.0504862850729741,1.0507415468359664,3.0,False,0.0,0.25027910045957136,61.0,convergiu,convergiu,True,False,False,0.011995665410681226,0.011995665410681226,,,,,False,0.011995619445625544,[0.011996]
leaderless,C1,13,pv4,830,95.33373537172781,71.99703852864047,23.33669684308734,0.24478931061359,1.0507455020513399,1.0450853221069425,1.0504862850729741,1.0507415468359664,4.0,False,0.0,0.24478949400327465,61.0,convergiu,convergiu,True,False,False,0.011995665410681226,0.011995665410681226,,,,,False,0.011995619445625544,[0.011996]
leaderless,C1,13,pv5,850,66.00022720127623,49.79966828645459,16.20055891482164,0.24546204938942942,1.0552041870492368,1.0504862850729741,1.0504862850729741,1.0507415468359664,5.0,False,0.0,0.2454621688712668,61.0,convergiu,convergiu,True,False,False,0.011995665410681226,0.011995665410681226,,,,,False,0.011995619445625544,[0.011996]
leaderless,C1,13,pv6,832,84.33378622125608,64.28141875705353,20.052367464202547,0.23777351751548056,1.0431065538253186,1.037074307247972,1.0504862850729741,1.0507415468359664,6.0,False,0.0,0.23777383137516964,61.0,convergiu,convergiu,True,False,False,0.011995665410681226,0.011995665410681226,,,,,False,0.011995619445625544,[0.011996]
leaderless,C1,14,pv2,816,62.50020206706695,51.175885404682475,11.324316662384476,0.1811883682005887,1.0526136227664948,1.0504691013381302,1.0504996215540174,1.0507662697028164,1.0,True,0.0,0.1811884808025535,68.0,convergiu,convergiu,True,False,False,0.007609362811480773,0.007609362811480773,,,,,False,0.0076093310311334305,[0.007609]
leaderless,C1,14,pv1,824,75.00025977447275,62.26633716781469,12.733922606658062,0.16978492135820503,1.0516996382780854,1.0493481212159812,1.0504996215540174,1.0507662697028164,2.0,False,0.0,0.16978504667782773,68.0,convergiu,convergiu,True,False,False,0.007609362811480773,0.007609362811480773,,,,,False,0.0076093310311334305,[0.007609]
leaderless,C1,14,pv3,828,50.000174339339225,41.87018162686703,8.129992712472195,0.16259915961255608,1.0515841349123025,1.0492209446634604,1.0504996215540174,1.0507662697028164,3.0,False,0.0,0.16259928730039777,68.0,convergiu,convergiu,True,False,False,0.007609362811480773,0.007609362811480773,,,,,False,0.0076093310311334305,[0.007609]
leaderless,C1,14,pv4,830,65.00026900954697,54.55729859826867,10.442970411278296,0.16066025182158944,1.048303567530349,1.0457397881677704,1.0504996215540174,1.0507662697028164,4.0,False,0.0,0.16066041833987604,68.0,convergiu,convergiu,True,False,False,0.007609362811480773,0.007609362811480773,,,,,False,0.0076093310311334305,[0.007609]
leaderless,C1,14,pv5,850,45.00014491078909,37.60505510647225,7.395089804316839,0.16433468532398776,1.052636095402564,1.0504996215540174,1.0504996215540174,1.0507662697028164,5.0,False,0.0,0.16433479978736282,68.0,convergiu,convergiu,True,False,False,0.007609362811480773,0.007609362811480773,,,,,False,0.0076093310311334305,[0.007609]
leaderless,C1,14,pv6,832,57.50032189246133,48.39941801607553,9.1009038763858,0.1582754449152608,1.0417206372921215,1.0389848566406539,1.0504996215540174,1.0507662697028164,6.0,False,0.0,0.15827570310661146,68.0,convergiu,convergiu,True,False,False,0.007609362811480773,0.007609362811480773,,,,,False,0.0076093310311334305,[0.007609]
leaderless,C1,15,pv2,816,28.124947754565785,28.124947754565785,0.0,0.0,1.038637024206882,1.038637024206882,1.038712758312178,1.0502955100138711,1.0,True,0.0,0.0,0.0,sem_sobretensao,sem_sobretensao,True,True,False,0.0,0.0,,,,,False,0.0,[0.0]
leaderless,C1,15,pv1,824,33.74993263485031,33.74993263485031,0.0,0.0,1.0361657626212726,1.0361657626212726,1.038712758312178,1.0502955100138711,2.0,False,0.0,0.0,0.0,sem_sobretensao,sem_sobretensao,True,True,False,0.0,0.0,,,,,False,0.0,[0.0]
leaderless,C1,15,pv3,828,22.499954820063216,22.499954820063216,0.0,0.0,1.0359378482673545,1.0359378482673545,1.038712758312178,1.0502955100138711,3.0,False,0.0,0.0,0.0,sem_sobretensao,sem_sobretensao,True,True,False,0.0,0.0,,,,,False,0.0,[0.0]
leaderless,C1,15,pv4,830,29.24993232892652,29.24993232892652,0.0,0.0,1.0302157541221484,1.0302157541221484,1.038712758312178,1.0502955100138711,4.0,False,0.0,0.0,0.0,sem_sobretensao,sem_sobretensao,True,True,False,0.0,0.0,,,,,False,0.0,[0.0]
leaderless,C1,15,pv5,850,20.24996253500429,20.24996253500429,0.0,0.0,1.038712758312178,1.038712758312178,1.038712758312178,1.0502955100138711,5.0,False,0.0,0.0,0.0,sem_sobretensao,sem_sobretensao,True,True,False,0.0,0.0,,,,,False,0.0,[0.0]
leaderless,C1,15,pv6,832,25.874924463391203,25.874924463391203,0.0,0.0,1.019932129744126,1.019932129744126,1.038712758312178,1.0502955100138711,6.0,False,0.0,0.0,0.0,sem_sobretensao,sem_sobretensao,True,True,False,0.0,0.0,,,,,False,0.0,[0.0]
leaderless,C1,16,pv2,816,3.1250322945962092,3.1250322945962092,0.0,0.0,1.0394703803118956,1.0394703803118956,1.039541941476977,1.0504162382879947,1.0,True,0.0,0.0,0.0,sem_sobretensao,sem_sobretensao,True,True,False,0.0,0.0,,,,,False,0.0,[0.0]
leaderless,C1,16,pv1,824,3.750042140958689,3.750042140958689,0.0,0.0,1.0372492372289979,1.0372492372289979,1.039541941476977,1.0504162382879947,2.0,False,0.0,0.0,0.0,sem_sobretensao,sem_sobretensao,True,True,False,0.0,0.0,,,,,False,0.0,[0.0]
leaderless,C1,16,pv3,828,2.5000282767905797,2.5000282767905797,0.0,0.0,1.0370563779560702,1.0370563779560702,1.039541941476977,1.0504162382879947,3.0,False,0.0,0.0,0.0,sem_sobretensao,sem_sobretensao,True,True,False,0.0,0.0,,,,,False,0.0,[0.0]
leaderless,C1,16,pv4,830,3.250042548739388,3.250042548739388,0.0,0.0,1.032388850852865,1.032388850852865,1.039541941476977,1.0504162382879947,4.0,False,0.0,0.0,0.0,sem_sobretensao,sem_sobretensao,True,True,False,0.0,0.0,,,,,False,0.0,[0.0]
leaderless,C1,16,pv5,850,2.250023159170473,2.250023159170473,0.0,0.0,1.039541941476977,1.039541941476977,1.039541941476977,1.0504162382879947,5.0,False,0.0,0.0,0.0,sem_sobretensao,sem_sobretensao,True,True,False,0.0,0.0,,,,,False,0.0,[0.0]
leaderless,C1,16,pv6,832,2.875047132930789,2.875047132930789,0.0,0.0,1.024446903547258,1.024446903547258,1.039541941476977,1.0504162382879947,6.0,False,0.0,0.0,0.0,sem_sobretensao,sem_sobretensao,True,True,False,0.0,0.0,,,,,False,0.0,[0.0]
leaderless,C1,17,pv2,816,-0.0,-0.0,0.0,0.0,1.0319530456641133,1.0319530456641133,1.0320537436109638,1.0501995250985579,1.0,True,0.0,,0.0,sem_sobretensao,sem_sobretensao,True,True,False,0.0,0.0,,,,,False,,[null]
leaderless,C1,17,pv1,824,-0.0,-0.0,0.0,0.0,1.0288097422283975,1.0288097422283975,1.0320537436109638,1.0501995250985579,2.0,False,0.0,,0.0,sem_sobretensao,sem_sobretensao,True,True,False,0.0,0.0,,,,,False,,[null]
leaderless,C1,17,pv3,828,-0.0,-0.0,0.0,0.0,1.0285410077167667,1.0285410077167667,1.0320537436109638,1.0501995250985579,3.0,False,0.0,,0.0,sem_sobretensao,sem_sobretensao,True,True,False,0.0,0.0,,,,,False,,[null]
leaderless,C1,17,pv4,830,-0.0,-0.0,0.0,0.0,1.0220651174905713,1.0220651174905713,1.0320537436109638,1.0501995250985579,4.0,False,0.0,,0.0,sem_sobretensao,sem_sobretensao,True,True,False,0.0,0.0,,,,,False,,[null]
leaderless,C1,17,pv5,850,-0.0,-0.0,0.0,0.0,1.0320537436109638,1.0320537436109638,1.0320537436109638,1.0501995250985579,5.0,False,0.0,,0.0,sem_sobretensao,sem_sobretensao,True,True,False,0.0,0.0,,,,,False,,[null]
leaderless,C1,17,pv6,832,-0.0,-0.0,0.0,0.0,1.0109757984235852,1.0109757984235852,1.0320537436109638,1.0501995250985579,6.0,False,0.0,,0.0,sem_sobretensao,sem_sobretensao,True,True,False,0.0,0.0,,,,,False,,[null]
leaderless,C1,18,pv2,816,-0.0,-0.0,0.0,0.0,1.0353684495010183,1.0353684495010183,1.0354558554930642,1.0503034017860868,1.0,True,0.0,,0.0,sem_sobretensao,sem_sobretensao,True,True,False,0.0,0.0,,,,,False,,[null]
leaderless,C1,18,pv1,824,-0.0,-0.0,0.0,0.0,1.0326523500430973,1.0326523500430973,1.0354558554930642,1.0503034017860868,2.0,False,0.0,,0.0,sem_sobretensao,sem_sobretensao,True,True,False,0.0,0.0,,,,,False,,[null]
leaderless,C1,18,pv3,828,-0.0,-0.0,0.0,0.0,1.0324195763808064,1.0324195763808064,1.0354558554930642,1.0503034017860868,3.0,False,0.0,,0.0,sem_sobretensao,sem_sobretensao,True,True,False,0.0,0.0,,,,,False,,[null]
leaderless,C1,18,pv4,830,-0.0,-0.0,0.0,0.0,1.02681295674242,1.02681295674242,1.0354558554930642,1.0503034017860868,4.0,False,0.0,,0.0,sem_sobretensao,sem_sobretensao,True,True,False,0.0,0.0,,,,,False,,[null]
leaderless,C1,18,pv5,850,-0.0,-0.0,0.0,0.0,1.0354558554930642,1.0354558554930642,1.0354558554930642,1.0503034017860868,5.0,False,0.0,,0.0,sem_sobretensao,sem_sobretensao,True,True,False,0.0,0.0,,,,,False,,[null]
leaderless,C1,18,pv6,832,-0.0,-0.0,0.0,0.0,1.017265056101975,1.017265056101975,1.0354558554930642,1.0503034017860868,6.0,False,0.0,,0.0,sem_sobretensao,sem_sobretensao,True,True,False,0.0,0.0,,,,,False,,[null]
leaderless,C1,19,pv2,816,-0.0,-0.0,0.0,0.0,1.012463803494029,1.012463803494029,1.0126403397694483,1.0496066048479267,1.0,True,0.0,,0.0,sem_sobretensao,sem_sobretensao,True,True,False,0.0,0.0,,,,,False,,[null]
leaderless,C1,19,pv1,824,-0.0,-0.0,0.0,0.0,1.0068862241138112,1.0068862241138112,1.0126403397694483,1.0496066048479267,2.0,False,0.0,,0.0,sem_sobretensao,sem_sobretensao,True,True,False,0.0,0.0,,,,,False,,[null]
leaderless,C1,19,pv3,828,-0.0,-0.0,0.0,0.0,1.00641255022254,1.00641255022254,1.0126403397694483,1.0496066048479267,3.0,False,0.0,,0.0,sem_sobretensao,sem_sobretensao,True,True,False,0.0,0.0,,,,,False,,[null]
leaderless,C1,19,pv4,830,-0.0,-0.0,0.0,0.0,0.9949844738133675,0.9949844738133675,1.0126403397694483,1.0496066048479267,4.0,False,0.0,,0.0,sem_sobretensao,sem_sobretensao,True,True,False,0.0,0.0,,,,,False,,[null]
leaderless,C1,19,pv5,850,-0.0,-0.0,0.0,0.0,1.0126403397694483,1.0126403397694483,1.0126403397694483,1.0496066048479267,5.0,False,0.0,,0.0,sem_sobretensao,sem_sobretensao,True,True,False,0.0,0.0,,,,,False,,[null]
leaderless,C1,19,pv6,832,-0.0,-0.0,0.0,0.0,0.9751062275735913,0.9751062275735913,1.0126403397694483,1.0496066048479267,6.0,False,0.0,,0.0,sem_sobretensao,sem_sobretensao,True,True,False,0.0,0.0,,,,,False,,[null]
leaderless,C1,20,pv2,816,-0.0,-0.0,0.0,0.0,1.0078351504741658,1.0078351504741658,1.008029696164423,1.0494657402550034,1.0,True,0.0,,0.0,sem_sobretensao,sem_sobretensao,True,True,False,0.0,0.0,,,,,False,,[null]
leaderless,C1,20,pv1,824,-0.0,-0.0,0.0,0.0,1.0016803252824402,1.0016803252824402,1.008029696164423,1.0494657402550034,2.0,False,0.0,,0.0,sem_sobretensao,sem_sobretensao,True,True,False,0.0,0.0,,,,,False,,[null]
leaderless,C1,20,pv3,828,-0.0,-0.0,0.0,0.0,1.001158047785484,1.001158047785484,1.008029696164423,1.0494657402550034,3.0,False,0.0,,0.0,sem_sobretensao,sem_sobretensao,True,True,False,0.0,0.0,,,,,False,,[null]
leaderless,C1,20,pv4,830,-0.0,-0.0,0.0,0.0,0.9885559519361026,0.9885559519361026,1.008029696164423,1.0494657402550034,4.0,False,0.0,,0.0,sem_sobretensao,sem_sobretensao,True,True,False,0.0,0.0,,,,,False,,[null]
leaderless,C1,20,pv5,850,-0.0,-0.0,0.0,0.0,1.008029696164423,1.008029696164423,1.008029696164423,1.0494657402550034,5.0,False,0.0,,0.0,sem_sobretensao,sem_sobretensao,True,True,False,0.0,0.0,,,,,False,,[null]
leaderless,C1,20,pv6,832,-0.0,-0.0,0.0,0.0,0.9665920784800833,0.9665920784800833,1.008029696164423,1.0494657402550034,6.0,False,0.0,,0.0,sem_sobretensao,sem_sobretensao,True,True,False,0.0,0.0,,,,,False,,[null]
leaderless,C1,21,pv2,816,-0.0,-0.0,0.0,0.0,1.0061895964378376,1.0061895964378376,1.0063905442901249,1.0494156571369113,1.0,True,0.0,,0.0,sem_sobretensao,sem_sobretensao,True,True,False,0.0,0.0,,,,,False,,[null]
leaderless,C1,21,pv1,824,-0.0,-0.0,0.0,0.0,0.9998296239446811,0.9998296239446811,1.0063905442901249,1.0494156571369113,2.0,False,0.0,,0.0,sem_sobretensao,sem_sobretensao,True,True,False,0.0,0.0,,,,,False,,[null]
leaderless,C1,21,pv3,828,-0.0,-0.0,0.0,0.0,0.9992900728255066,0.9992900728255066,1.0063905442901249,1.0494156571369113,3.0,False,0.0,,0.0,sem_sobretensao,sem_sobretensao,True,True,False,0.0,0.0,,,,,False,,[null]
leaderless,C1,21,pv4,830,-0.0,-0.0,0.0,0.0,0.9862707730472379,0.9862707730472379,1.0063905442901249,1.0494156571369113,4.0,False,0.0,,0.0,sem_sobretensao,sem_sobretensao,True,True,False,0.0,0.0,,,,,False,,[null]
leaderless,C1,21,pv5,850,-0.0,-0.0,0.0,0.0,1.0063905442901249,1.0063905442901249,1.0063905442901249,1.0494156571369113,5.0,False,0.0,,0.0,sem_sobretensao,sem_sobretensao,True,True,False,0.0,0.0,,,,,False,,[null]
leaderless,C1,21,pv6,832,-0.0,-0.0,0.0,0.0,0.9635655636096437,0.9635655636096437,1.0063905442901249,1.0494156571369113,6.0,False,0.0,,0.0,sem_sobretensao,sem_sobretensao,True,True,False,0.0,0.0,,,,,False,,[null]
leaderless,C1,22,pv2,816,-0.0,-0.0,0.0,0.0,1.0058618084193778,1.0058618084193778,1.0060640314884584,1.049405687339917,1.0,True,0.0,,0.0,sem_sobretensao,sem_sobretensao,True,True,False,0.0,0.0,,,,,False,,[null]
leaderless,C1,22,pv1,824,-0.0,-0.0,0.0,0.0,0.9994609737243801,0.9994609737243801,1.0060640314884584,1.049405687339917,2.0,False,0.0,,0.0,sem_sobretensao,sem_sobretensao,True,True,False,0.0,0.0,,,,,False,,[null]
leaderless,C1,22,pv3,828,-0.0,-0.0,0.0,0.0,0.9989179819308516,0.9989179819308516,1.0060640314884584,1.049405687339917,3.0,False,0.0,,0.0,sem_sobretensao,sem_sobretensao,True,True,False,0.0,0.0,,,,,False,,[null]
leaderless,C1,22,pv4,830,-0.0,-0.0,0.0,0.0,0.9858155814373922,0.9858155814373922,1.0060640314884584,1.049405687339917,4.0,False,0.0,,0.0,sem_sobretensao,sem_sobretensao,True,True,False,0.0,0.0,,,,,False,,[null]
leaderless,C1,22,pv5,850,-0.0,-0.0,0.0,0.0,1.0060640314884584,1.0060640314884584,1.0060640314884584,1.049405687339917,5.0,False,0.0,,0.0,sem_sobretensao,sem_sobretensao,True,True,False,0.0,0.0,,,,,False,,[null]
leaderless,C1,22,pv6,832,-0.0,-0.0,0.0,0.0,0.9629627164790306,0.9629627164790306,1.0060640314884584,1.049405687339917,6.0,False,0.0,,0.0,sem_sobretensao,sem_sobretensao,True,True,False,0.0,0.0,,,,,False,,[null]
leaderless,C1,23,pv2,816,-0.0,-0.0,0.0,0.0,1.0157857990852877,1.0157857990852877,1.0159494099998212,1.049707699932122,1.0,True,0.0,,0.0,sem_sobretensao,sem_sobretensao,True,True,False,0.0,0.0,,,,,False,,[null]
leaderless,C1,23,pv1,824,-0.0,-0.0,0.0,0.0,1.0106227444912799,1.0106227444912799,1.0159494099998212,1.049707699932122,2.0,False,0.0,,0.0,sem_sobretensao,sem_sobretensao,True,True,False,0.0,0.0,,,,,False,,[null]
leaderless,C1,23,pv3,828,-0.0,-0.0,0.0,0.0,1.010183972127752,1.010183972127752,1.0159494099998212,1.049707699932122,3.0,False,0.0,,0.0,sem_sobretensao,sem_sobretensao,True,True,False,0.0,0.0,,,,,False,,[null]
leaderless,C1,23,pv4,830,-0.0,-0.0,0.0,0.0,0.9995990501550603,0.9995990501550603,1.0159494099998212,1.049707699932122,4.0,False,0.0,,0.0,sem_sobretensao,sem_sobretensao,True,True,False,0.0,0.0,,,,,False,,[null]
leaderless,C1,23,pv5,850,-0.0,-0.0,0.0,0.0,1.0159494099998212,1.0159494099998212,1.0159494099998212,1.049707699932122,5.0,False,0.0,,0.0,sem_sobretensao,sem_sobretensao,True,True,False,0.0,0.0,,,,,False,,[null]
leaderless,C1,23,pv6,832,-0.0,-0.0,0.0,0.0,0.9812181271943429,0.9812181271943429,1.0159494099998212,1.049707699932122,6.0,False,0.0,,0.0,sem_sobretensao,sem_sobretensao,True,True,False,0.0,0.0,,,,,False,,[null]
leaderless,C2,0,pv2,816,-0.0,-0.0,0.0,0.0,1.0450262948633384,1.0450262948633384,1.0450761113146871,1.0505970659065016,1.0,True,0.0,,0.0,sem_sobretensao,sem_sobretensao,True,True,False,0.0,0.0,,,,,False,,"[null, null]"
leaderless,C2,0,pv1,824,-0.0,-0.0,0.0,0.0,1.0435191673339028,1.0435191673339028,1.0450761113146871,1.0505970659065016,2.0,False,1.0,,0.0,sem_sobretensao,sem_sobretensao,True,True,False,0.0,0.0,,,,,False,,"[null, null]"
leaderless,C2,0,pv3,828,-0.0,-0.0,0.0,0.0,1.043388151795147,1.043388151795147,1.0450761113146871,1.0505970659065016,3.0,False,1.0,,0.0,sem_sobretensao,sem_sobretensao,True,True,False,0.0,0.0,,,,,False,,"[null, null]"
leaderless,C2,0,pv4,830,-0.0,-0.0,0.0,0.0,1.0402417834114017,1.0402417834114017,1.0450761113146871,1.0505970659065016,4.0,False,1.0,,0.0,sem_sobretensao,sem_sobretensao,True,True,False,0.0,0.0,,,,,False,,"[null, null]"
leaderless,C2,0,pv5,850,-0.0,-0.0,0.0,0.0,1.0450761113146871,1.0450761113146871,1.0450761113146871,1.0505970659065016,5.0,False,1.0,,0.0,sem_sobretensao,sem_sobretensao,True,True,False,0.0,0.0,,,,,False,,"[null, null]"
leaderless,C2,0,pv6,832,-0.0,-0.0,0.0,0.0,1.0350545283587615,1.0350545283587615,1.0450761113146871,1.0505970659065016,6.0,False,1.0,,0.0,sem_sobretensao,sem_sobretensao,True,True,False,0.0,0.0,,,,,False,,"[null, null]"
leaderless,C2,1,pv2,816,-0.0,-0.0,0.0,0.0,1.0450265903941263,1.0450265903941263,1.0450764055625157,1.0505970903489994,1.0,True,0.0,,0.0,sem_sobretensao,sem_sobretensao,True,True,False,0.0,0.0,,,,,False,,"[null, null]"
leaderless,C2,1,pv1,824,-0.0,-0.0,0.0,0.0,1.043519497117978,1.043519497117978,1.0450764055625157,1.0505970903489994,2.0,False,1.0,,0.0,sem_sobretensao,sem_sobretensao,True,True,False,0.0,0.0,,,,,False,,"[null, null]"
leaderless,C2,1,pv3,828,-0.0,-0.0,0.0,0.0,1.0433884847070511,1.0433884847070511,1.0450764055625157,1.0505970903489994,3.0,False,1.0,,0.0,sem_sobretensao,sem_sobretensao,True,True,False,0.0,0.0,,,,,False,,"[null, null]"
leaderless,C2,1,pv4,830,-0.0,-0.0,0.0,0.0,1.0402421909746427,1.0402421909746427,1.0450764055625157,1.0505970903489994,4.0,False,1.0,,0.0,sem_sobretensao,sem_sobretensao,True,True,False,0.0,0.0,,,,,False,,"[null, null]"
leaderless,C2,1,pv5,850,-0.0,-0.0,0.0,0.0,1.0450764055625157,1.0450764055625157,1.0450764055625157,1.0505970903489994,5.0,False,1.0,,0.0,sem_sobretensao,sem_sobretensao,True,True,False,0.0,0.0,,,,,False,,"[null, null]"
leaderless,C2,1,pv6,832,-0.0,-0.0,0.0,0.0,1.0350550780786294,1.0350550780786294,1.0450764055625157,1.0505970903489994,6.0,False,1.0,,0.0,sem_sobretensao,sem_sobretensao,True,True,False,0.0,0.0,,,,,False,,"[null, null]"
leaderless,C2,2,pv2,816,-0.0,-0.0,0.0,0.0,1.0449571701348623,1.0449571701348623,1.0450072554978003,1.0505949800956955,1.0,True,0.0,,0.0,sem_sobretensao,sem_sobretensao,True,True,False,0.0,0.0,,,,,False,,"[null, null]"
leaderless,C2,2,pv1,824,-0.0,-0.0,0.0,0.0,1.0434413812534846,1.0434413812534846,1.0450072554978003,1.0505949800956955,2.0,False,1.0,,0.0,sem_sobretensao,sem_sobretensao,True,True,False,0.0,0.0,,,,,False,,"[null, null]"
leaderless,C2,2,pv3,828,-0.0,-0.0,0.0,0.0,1.0433096369965242,1.0433096369965242,1.0450072554978003,1.0505949800956955,3.0,False,1.0,,0.0,sem_sobretensao,sem_sobretensao,True,True,False,0.0,0.0,,,,,False,,"[null, null]"
leaderless,C2,2,pv4,830,-0.0,-0.0,0.0,0.0,1.0401456464219774,1.0401456464219774,1.0450072554978003,1.0505949800956955,4.0,False,1.0,,0.0,sem_sobretensao,sem_sobretensao,True,True,False,0.0,0.0,,,,,False,,"[null, null]"
leaderless,C2,2,pv5,850,-0.0,-0.0,0.0,0.0,1.0450072554978003,1.0450072554978003,1.0450072554978003,1.0505949800956955,5.0,False,1.0,,0.0,sem_sobretensao,sem_sobretensao,True,True,False,0.0,0.0,,,,,False,,"[null, null]"
leaderless,C2,2,pv6,832,-0.0,-0.0,0.0,0.0,1.0349271785104095,1.0349271785104095,1.0450072554978003,1.0505949800956955,6.0,False,1.0,,0.0,sem_sobretensao,sem_sobretensao,True,True,False,0.0,0.0,,,,,False,,"[null, null]"
leaderless,C2,3,pv2,816,-0.0,-0.0,0.0,0.0,1.0449571021647746,1.0449571021647746,1.0450071878057714,1.0505949776249717,1.0,True,0.0,,0.0,sem_sobretensao,sem_sobretensao,True,True,False,0.0,0.0,,,,,False,,"[null, null]"
leaderless,C2,3,pv1,824,-0.0,-0.0,0.0,0.0,1.043441305274198,1.043441305274198,1.0450071878057714,1.0505949776249717,2.0,False,1.0,,0.0,sem_sobretensao,sem_sobretensao,True,True,False,0.0,0.0,,,,,False,,"[null, null]"
leaderless,C2,3,pv3,828,-0.0,-0.0,0.0,0.0,1.043309560339792,1.043309560339792,1.0450071878057714,1.0505949776249717,3.0,False,1.0,,0.0,sem_sobretensao,sem_sobretensao,True,True,False,0.0,0.0,,,,,False,,"[null, null]"
leaderless,C2,3,pv4,830,-0.0,-0.0,0.0,0.0,1.0401455535283302,1.0401455535283302,1.0450071878057714,1.0505949776249717,4.0,False,1.0,,0.0,sem_sobretensao,sem_sobretensao,True,True,False,0.0,0.0,,,,,False,,"[null, null]"
leaderless,C2,3,pv5,850,-0.0,-0.0,0.0,0.0,1.0450071878057714,1.0450071878057714,1.0450071878057714,1.0505949776249717,5.0,False,1.0,,0.0,sem_sobretensao,sem_sobretensao,True,True,False,0.0,0.0,,,,,False,,"[null, null]"
leaderless,C2,3,pv6,832,-0.0,-0.0,0.0,0.0,1.0349270553472671,1.0349270553472671,1.0450071878057714,1.0505949776249717,6.0,False,1.0,,0.0,sem_sobretensao,sem_sobretensao,True,True,False,0.0,0.0,,,,,False,,"[null, null]"
leaderless,C2,4,pv2,816,-0.0,-0.0,0.0,0.0,1.045026523122921,1.045026523122921,1.045076338566197,1.0505970879234294,1.0,True,0.0,,0.0,sem_sobretensao,sem_sobretensao,True,True,False,0.0,0.0,,,,,False,,"[null, null]"
leaderless,C2,4,pv1,824,-0.0,-0.0,0.0,0.0,1.0435194219130084,1.0435194219130084,1.045076338566197,1.0505970879234294,2.0,False,1.0,,0.0,sem_sobretensao,sem_sobretensao,True,True,False,0.0,0.0,,,,,False,,"[null, null]"
leaderless,C2,4,pv3,828,-0.0,-0.0,0.0,0.0,1.0433884088314556,1.0433884088314556,1.045076338566197,1.0505970879234294,3.0,False,1.0,,0.0,sem_sobretensao,sem_sobretensao,True,True,False,0.0,0.0,,,,,False,,"[null, null]"
leaderless,C2,4,pv4,830,-0.0,-0.0,0.0,0.0,1.0402420990252506,1.0402420990252506,1.045076338566197,1.0505970879234294,4.0,False,1.0,,0.0,sem_sobretensao,sem_sobretensao,True,True,False,0.0,0.0,,,,,False,,"[null, null]"
leaderless,C2,4,pv5,850,-0.0,-0.0,0.0,0.0,1.045076338566197,1.045076338566197,1.045076338566197,1.0505970879234294,5.0,False,1.0,,0.0,sem_sobretensao,sem_sobretensao,True,True,False,0.0,0.0,,,,,False,,"[null, null]"
leaderless,C2,4,pv6,832,-0.0,-0.0,0.0,0.0,1.035054956170032,1.035054956170032,1.045076338566197,1.0505970879234294,6.0,False,1.0,,0.0,sem_sobretensao,sem_sobretensao,True,True,False,0.0,0.0,,,,,False,,"[null, null]"
leaderless,C2,5,pv2,816,-0.0,-0.0,0.0,0.0,1.046437942275659,1.046437942275659,1.0464804756969757,1.05063939179868,1.0,True,0.0,,0.0,sem_sobretensao,sem_sobretensao,True,True,False,0.0,0.0,,,,,False,,"[null, null]"
leaderless,C2,5,pv1,824,-0.0,-0.0,0.0,0.0,1.0450850714048536,1.0450850714048536,1.0464804756969757,1.05063939179868,2.0,False,1.0,,0.0,sem_sobretensao,sem_sobretensao,True,True,False,0.0,0.0,,,,,False,,"[null, null]"
leaderless,C2,5,pv3,828,-0.0,-0.0,0.0,0.0,1.044968726726859,1.044968726726859,1.0464804756969757,1.05063939179868,3.0,False,1.0,,0.0,sem_sobretensao,sem_sobretensao,True,True,False,0.0,0.0,,,,,False,,"[null, null]"
leaderless,C2,5,pv4,830,-0.0,-0.0,0.0,0.0,1.0421771197491476,1.0421771197491476,1.0464804756969757,1.05063939179868,4.0,False,1.0,,0.0,sem_sobretensao,sem_sobretensao,True,True,False,0.0,0.0,,,,,False,,"[null, null]"
leaderless,C2,5,pv5,850,-0.0,-0.0,0.0,0.0,1.0464804756969757,1.0464804756969757,1.0464804756969757,1.05063939179868,5.0,False,1.0,,0.0,sem_sobretensao,sem_sobretensao,True,True,False,0.0,0.0,,,,,False,,"[null, null]"
leaderless,C2,5,pv6,832,-0.0,-0.0,0.0,0.0,1.0376184354041749,1.0376184354041749,1.0464804756969757,1.05063939179868,6.0,False,1.0,,0.0,sem_sobretensao,sem_sobretensao,True,True,False,0.0,0.0,,,,,False,,"[null, null]"
leaderless,C2,6,pv2,816,15.625241782068514,15.625241782068514,0.0,0.0,1.0483407437819094,1.0483407437819094,1.0483782454548018,1.0506384889471005,1.0,True,0.0,0.0,0.0,sem_sobretensao,sem_sobretensao,True,True,False,0.0,0.0,,,,,False,0.0,"[0.0, 0.0]"
leaderless,C2,6,pv1,824,18.7503236717592,18.7503236717592,0.0,0.0,1.0471579048369506,1.0471579048369506,1.0483782454548018,1.0506384889471005,2.0,False,1.0,0.0,0.0,sem_sobretensao,sem_sobretensao,True,True,False,0.0,0.0,,,,,False,0.0,"[0.0, 0.0]"
leaderless,C2,6,pv3,828,12.500217712144039,12.500217712144039,0.0,0.0,1.0470455387298745,1.0470455387298745,1.0483782454548018,1.0506384889471005,3.0,False,1.0,0.0,0.0,sem_sobretensao,sem_sobretensao,True,True,False,0.0,0.0,,,,,False,0.0,"[0.0, 0.0]"
leaderless,C2,6,pv4,830,16.250349249231203,16.250349249231203,0.0,0.0,1.0442222095150686,1.0442222095150686,1.0483782454548018,1.0506384889471005,4.0,False,1.0,0.0,0.0,sem_sobretensao,sem_sobretensao,True,True,False,0.0,0.0,,,,,False,0.0,"[0.0, 0.0]"
leaderless,C2,6,pv5,850,11.250173385025839,11.250173385025839,0.0,0.0,1.0483782454548018,1.0483782454548018,1.0483782454548018,1.0506384889471005,5.0,False,1.0,0.0,0.0,sem_sobretensao,sem_sobretensao,True,True,False,0.0,0.0,,,,,False,0.0,"[0.0, 0.0]"
leaderless,C2,6,pv6,832,14.375428037447017,14.375428037447017,0.0,0.0,1.0393165620198634,1.0393165620198634,1.0483782454548018,1.0506384889471005,6.0,False,1.0,0.0,0.0,sem_sobretensao,sem_sobretensao,True,True,False,0.0,0.0,,,,,False,0.0,"[0.0, 0.0]"
leaderless,C2,7,pv2,816,46.87517293313687,-0.0,46.87517293313687,1.0,1.0562538666391141,1.0504662247813892,1.0504960055277075,1.0507974619454468,1.0,True,0.0,1.0,117.0,convergiu,convergiu,True,False,False,0.18418420289902873,0.002082258153584845,,,,,False,0.18418418448212667,"[0.0, 0.002082]"
leaderless,C2,7,pv1,824,56.25022149623055,27.850888683740006,28.399332812490545,0.5048749967760187,1.0558852978158424,1.0496138896310068,1.0504960055277075,1.0507974619454468,2.0,False,1.0,0.5048750397257306,117.0,convergiu,convergiu,True,False,False,0.18418420289902873,0.002082258153584845,,,,,False,0.18418418448212667,"[0.0, 0.002082]"
leaderless,C2,7,pv3,828,37.5001485947879,18.62541995352743,18.87472864126047,0.5033240592468884,1.0558243986090117,1.0495251798515213,1.0504960055277075,1.0507974619454468,3.0,False,1.0,0.5033241026645917,117.0,convergiu,convergiu,True,False,False,0.18418420289902873,0.002082258153584845,,,,,False,0.18418418448212667,"[0.0, 0.002082]"
leaderless,C2,7,pv4,830,48.75022589866941,24.13745321941023,24.612772679259184,0.504874996735499,1.0539937130575454,1.0472117557202445,1.0504960055277075,1.0507974619454468,4.0,False,1.0,0.5048750487929732,117.0,convergiu,convergiu,True,False,False,0.18418420289902873,0.002082258153584845,,,,,False,0.18418418448212667,"[0.0, 0.002082]"
leaderless,C2,7,pv5,850,33.75012402307615,16.55611642605241,17.194007597023738,0.5094501661129037,1.056261646345798,1.0504960055277075,1.0504960055277075,1.0507974619454468,5.0,False,1.0,0.5094502048427315,117.0,convergiu,convergiu,True,False,False,0.18418420289902873,0.002082258153584845,,,,,False,0.18418418448212667,"[0.0, 0.002082]"
leaderless,C2,7,pv6,832,43.12526281682057,21.281581403431353,21.84368141338922,0.5065169919728738,1.0502737503980764,1.043069106400481,1.0504960055277075,1.0507974619454468,6.0,False,1.0,0.5065170618477788,117.0,convergiu,convergiu,True,False,False,0.18418420289902873,0.002082258153584845,,,,,False,0.18418418448212667,"[0.0, 0.002082]"
leaderless,C2,8,pv2,816,85.41699346518497,11.751629891821528,73.66536357336345,0.8624204417304804,1.060022574694492,1.0504569544683213,1.0504876738227584,1.0507771299264554,1.0,True,0.0,0.8624204691000819,69.0,convergiu,convergiu,True,False,False,0.1430986032558553,0.0021611957563605596,,,,,False,0.14309856315182037,"[0.0, 0.002161]"
leaderless,C2,8,pv1,824,102.50041941949496,53.55456379802688,48.945855621468084,0.4775184763606645,1.0599113560383098,1.0495245636584263,1.0504876738227584,1.0507771299264554,2.0,False,1.0,0.4775185886913442,69.0,convergiu,convergiu,True,False,False,0.1430986032558553,0.0021611957563605596,,,,,False,0.14309856315182037,"[0.0, 0.002161]"
leaderless,C2,8,pv3,828,68.33361387716843,35.816078644220624,32.51753523294781,0.4758643019617087,1.059851171907038,1.049417295055063,1.0504876738227584,1.0507771299264554,3.0,False,1.0,0.47586441559199516,69.0,convergiu,convergiu,True,False,False,0.1430986032558553,0.0021611957563605596,,,,,False,0.14309856315182037,"[0.0, 0.002161]"
leaderless,C2,8,pv4,830,88.83371535408527,46.41398285378065,42.41973250030462,0.477518246136695,1.0577281129848177,1.0464795192831735,1.0504876738227584,1.0507771299264554,4.0,False,1.0,0.4775183873737847,69.0,convergiu,convergiu,True,False,False,0.1430986032558553,0.0021611957563605596,,,,,False,0.14309856315182037,"[0.0, 0.002161]"
leaderless,C2,8,pv5,850,61.500234387825934,31.84346309313779,29.656771294688145,0.48222198306867153,1.0600169232689314,1.0504876738227584,1.0504876738227584,1.0507771299264554,5.0,False,1.0,0.48222208565368896,69.0,convergiu,convergiu,True,False,False,0.1430986032558553,0.0021611957563605596,,,,,False,0.14309856315182037,"[0.0, 0.002161]"
leaderless,C2,8,pv6,832,78.58367639025136,40.919097638330385,37.66457875192097,0.47929244787162006,1.0527861113830626,1.0408325572884944,1.0504876738227584,1.0507771299264554,6.0,False,1.0,0.47929265315708014,69.0,convergiu,convergiu,True,False,False,0.1430986032558553,0.0021611957563605596,,,,,False,0.14309856315182037,"[0.0, 0.002161]"
leaderless,C2,9,pv2,816,109.37601591009282,15.094524721130455,94.28149118896236,0.8619941663599329,1.0634560196266631,1.050457747038884,1.0504887604295925,1.0507701736148871,1.0,True,0.0,0.8619941986775403,57.0,convergiu,convergiu,True,False,False,0.125150384934548,0.002110788460811838,,,,,False,0.12515034224127178,"[0.0, 0.002111]"
leaderless,C2,9,pv1,824,131.25131436260227,62.29974626809751,68.95156809450476,0.5253399002677325,1.0636449960580738,1.04950226358697,1.0504887604295925,1.0507701736148871,2.0,False,1.0,0.5253400198646032,57.0,convergiu,convergiu,True,False,False,0.125150384934548,0.002110788460811838,,,,,False,0.12515034224127178,"[0.0, 0.002111]"
leaderless,C2,9,pv3,828,87.50087951917129,41.67651950699919,45.8243600121721,0.5237015864396941,1.0635972191368084,1.0493890281082794,1.0504887604295925,1.0507701736148871,3.0,False,1.0,0.5237017075026321,57.0,convergiu,convergiu,True,False,False,0.125150384934548,0.002110788460811838,,,,,False,0.12515034224127178,"[0.0, 0.002111]"
leaderless,C2,9,pv4,830,113.75120565646515,53.99334386138233,59.75786179508282,0.5253381186128943,1.0615841127980148,1.0462471056883718,1.0504887604295925,1.0507701736148871,4.0,False,1.0,0.5253382718030684,57.0,convergiu,convergiu,True,False,False,0.125150384934548,0.002110788460811838,,,,,False,0.12515034224127178,"[0.0, 0.002111]"
leaderless,C2,9,pv5,850,78.75072861463713,37.01474082310922,41.735987791527904,0.5299757842676176,1.0634376971219701,1.0504887604295925,1.0504887604295925,1.0507701736148871,5.0,False,1.0,0.5299758938836101,57.0,convergiu,convergiu,True,False,False,0.125150384934548,0.002110788460811838,,,,,False,0.12515034224127178,"[0.0, 0.002111]"
leaderless,C2,9,pv6,832,100.6260843886754,47.6216879464815,53.004396442193894,0.5267458586291142,1.0564042143708476,1.0401028333406832,1.0504887604295925,1.0507701736148871,6.0,False,1.0,0.5267460893883206,57.0,convergiu,convergiu,True,False,False,0.125150384934548,0.002110788460811838,,,,,False,0.12515034224127178,"[0.0, 0.002111]"
leaderless,C2,10,pv2,816,122.91832914626221,19.74023668733049,103.17809245893172,0.8394035982053216,1.0647988602980363,1.05045700232346,1.0504882848552968,1.050762429339678,1.0,True,0.0,0.8394036363458756,52.0,convergiu,convergiu,True,False,False,0.11847210607503832,0.002057508542775409,,,,,False,0.11847206300074982,"[0.0, 0.002058]"
leaderless,C2,10,pv1,824,147.5021623613681,70.69074394694631,76.8114184144218,0.5207476229793387,1.0650831571021184,1.0494725596998382,1.0504882848552968,1.050762429339678,2.0,False,1.0,0.5207477448787508,52.0,convergiu,convergiu,True,False,False,0.11847210607503832,0.002057508542775409,,,,,False,0.11847206300074982,"[0.0, 0.002058]"
leaderless,C2,10,pv3,828,98.3347805630928,47.285138827269854,51.04964173582295,0.5191411350534635,1.0650361304993936,1.0493530253571335,1.0504882848552968,1.050762429339678,3.0,False,1.0,0.5191412584997723,52.0,convergiu,convergiu,True,False,False,0.11847210607503832,0.002057508542775409,,,,,False,0.11847206300074982,"[0.0, 0.002058]"
leaderless,C2,10,pv4,830,127.8353189639235,61.26580546276094,66.56951350116256,0.5207441387840238,1.0629336404389484,1.0460014898101493,1.0504882848552968,1.050762429339678,4.0,False,1.0,0.5207442985294948,52.0,convergiu,convergiu,True,False,False,0.11847210607503832,0.002057508542775409,,,,,False,0.11847206300074982,"[0.0, 0.002058]"
leaderless,C2,10,pv5,850,88.50119233510547,42.01229199445408,46.48890034065139,0.5252911195627515,1.0647756867030849,1.0504882848552968,1.0504882848552968,1.050762429339678,5.0,False,1.0,0.5252912318358766,52.0,convergiu,convergiu,True,False,False,0.11847210607503832,0.002057508542775409,,,,,False,0.11847206300074982,"[0.0, 0.002058]"
leaderless,C2,10,pv6,832,113.08510372160751,54.074594474810056,59.010509246797454,0.5218236439595844,1.05735078712244,1.0393556568740183,1.0504882848552968,1.050762429339678,6.0,False,1.0,0.521823894613647,52.0,convergiu,convergiu,True,False,False,0.11847210607503832,0.002057508542775409,,,,,False,0.11847206300074982,"[0.0, 0.002058]"
leaderless,C2,11,pv2,816,125.00095292362363,38.136388592320344,86.86456433130328,0.6949111711231892,1.0612357650403792,1.0504486691131212,1.0504806666125077,1.0507356544711008,1.0,True,0.0,0.6949112170719057,51.0,convergiu,convergiu,True,False,False,0.12123767119924586,0.002101626649484913,,,,,False,0.1212376350218973,"[0.0, 0.002102]"
leaderless,C2,11,pv1,824,150.00122938952586,94.68647032364663,55.31475906587923,0.3687619385497229,1.0610597690848893,1.0493575213671782,1.0504806666125077,1.0507356544711008,2.0,False,1.0,0.36876203809128044,51.0,convergiu,convergiu,True,False,False,0.12123767119924586,0.002101626649484913,,,,,False,0.1212376350218973,"[0.0, 0.002102]"
leaderless,C2,11,pv3,828,100.00082190057975,63.28855304606029,36.712268854519465,0.3671195701501401,1.060972589512743,1.0492179587403667,1.0504806666125077,1.0507356544711008,3.0,False,1.0,0.3671196711864888,51.0,convergiu,convergiu,True,False,False,0.12123767119924586,0.002101626649484913,,,,,False,0.1212376350218973,"[0.0, 0.002102]"
leaderless,C2,11,pv4,830,130.00109041304611,82.0618053521491,47.93928506089702,0.36876049113839765,1.0578779449543259,1.0452185586777103,1.0504806666125077,1.0507356544711008,4.0,False,1.0,0.3687606381498945,51.0,convergiu,convergiu,True,False,False,0.12123767119924586,0.002101626649484913,,,,,False,0.1212376350218973,"[0.0, 0.002102]"
leaderless,C2,11,pv5,850,90.00068342815021,56.39726600209055,33.603417426059664,0.373368375536673,1.061226545039512,1.0504806666125077,1.0504806666125077,1.0507356544711008,5.0,False,1.0,0.3733684695059689,51.0,convergiu,convergiu,True,False,False,0.12123767119924586,0.002101626649484913,,,,,False,0.1212376350218973,"[0.0, 0.002102]"
leaderless,C2,11,pv6,832,115.00089561431906,72.43039557070873,42.57050004361034,0.37017510421318806,1.050489334504098,1.0370521095473522,1.0504806666125077,1.0507356544711008,6.0,False,1.0,0.3701753783412255,51.0,convergiu,convergiu,True,False,False,0.12123767119924586,0.002101626649484913,,,,,False,0.1212376350218973,"[0.0, 0.002102]"
leaderless,C2,12,pv2,816,114.583962849234,44.82702785987667,69.75693498935732,0.6087844031627021,1.0584759920378906,1.0504524344242507,1.0504844447661634,1.0507328039009873,1.0,True,0.0,0.6087844516351849,53.0,convergiu,convergiu,True,False,False,0.11894487188948673,0.0021745014357758725,,,,,False,0.1189448388275961,"[0.0, 0.002175]"
leaderless,C2,12,pv1,824,137.50080462156444,97.80260238456478,39.69820223699966,0.28871241661921376,1.0580094956553552,1.0493283648317353,1.0504844447661634,1.0507328039009873,2.0,False,1.0,0.28871250860137687,53.0,convergiu,convergiu,True,False,False,0.11894487188948673,0.0021745014357758725,,,,,False,0.1189448388275961,"[0.0, 0.002175]"
leaderless,C2,12,pv3,828,91.66720501089034,65.35637940193398,26.310825608956364,0.2870254093554548,1.0579033650014043,1.049184594971477,1.0504844447661634,1.0507328039009873,3.0,False,1.0,0.28702550280474415,53.0,convergiu,convergiu,True,False,False,0.11894487188948673,0.0021745014357758725,,,,,False,0.1189448388275961,"[0.0, 0.002175]"
leaderless,C2,12,pv4,830,119.16741112710633,84.76234570225033,34.405065424856005,0.2887118911259453,1.054431387740534,1.04506230018881,1.0504844447661634,1.0507328039009873,4.0,False,1.0,0.2887120320853398,53.0,convergiu,convergiu,True,False,False,0.11894487188948673,0.0021745014357758725,,,,,False,0.1189448388275961,"[0.0, 0.002175]"
leaderless,C2,12,pv5,850,82.50045147199242,58.291439664009836,24.209011807982584,0.29344087438202543,1.0584772287718869,1.0504844447661634,1.0504844447661634,1.0507328039009873,5.0,False,1.0,0.2934409615467517,53.0,convergiu,convergiu,True,False,False,0.11894487188948673,0.0021745014357758725,,,,,False,0.1189448388275961,"[0.0, 0.002175]"
leaderless,C2,12,pv6,832,105.41737084397744,74.79984140986957,30.617529434107865,0.2904407530398208,1.0465580321229113,1.036629652603503,1.0504844447661634,1.0507328039009873,6.0,False,1.0,0.29044102683440304,53.0,convergiu,convergiu,True,False,False,0.11894487188948673,0.0021745014357758725,,,,,False,0.1189448388275961,"[0.0, 0.002175]"
leaderless,C2,13,pv2,816,91.66697903854069,45.49025682892329,46.176722209617395,0.5037442834465389,1.055190828593961,1.0504683225227558,1.0504998956697011,1.0507466595322128,1.0,True,0.0,0.5037443438623929,58.0,convergiu,convergiu,True,False,False,0.11342733478897932,0.002257043489274328,,,,,False,0.11342730332539465,"[0.0, 0.002257]"
leaderless,C2,13,pv1,824,110.00039698784232,88.17481262752825,21.825584360314068,0.1984135835343251,1.0544374783782493,1.049351406840931,1.0504998956697011,1.0507466595322128,2.0,False,1.0,0.19841368720447725,58.0,convergiu,convergiu,True,False,False,0.11342733478897932,0.002257043489274328,,,,,False,0.11342730332539465,"[0.0, 0.002257]"
leaderless,C2,13,pv3,828,73.33359939886299,58.90999706211859,14.423602336744395,0.19668466764626272,1.0543195745486689,1.0492126707931015,1.0504998956697011,1.0507466595322128,3.0,False,1.0,0.19668477280508379,58.0,convergiu,convergiu,True,False,False,0.11342733478897932,0.002257043489274328,,,,,False,0.11342730332539465,"[0.0, 0.002257]"
leaderless,C2,13,pv4,830,95.3337276439776,76.41821406520504,18.91551357877256,0.19841350735736868,1.0507455006162325,1.0452779564864036,1.0504998956697011,1.0507466595322128,4.0,False,1.0,0.1984136574351972,58.0,convergiu,convergiu,True,False,False,0.11342733478897932,0.002257043489274328,,,,,False,0.11342730332539465,"[0.0, 0.002257]"
leaderless,C2,13,pv5,850,66.00022401754184,52.58235587943738,13.41786813810446,0.20330024576957162,1.0552041855852825,1.0504998956697011,1.0504998956697011,1.0507466595322128,5.0,False,1.0,0.20330034235244712,58.0,convergiu,convergiu,True,False,False,0.11342733478897932,0.002257043489274328,,,,,False,0.11342730332539465,"[0.0, 0.002257]"
leaderless,C2,13,pv6,832,84.33377478643825,67.43553103689382,16.898243749544434,0.20037311262775157,1.0431065530193449,1.0373274033586444,1.0504998956697011,1.0507466595322128,6.0,False,1.0,0.20037338293390192,58.0,convergiu,convergiu,True,False,False,0.11342733478897932,0.002257043489274328,,,,,False,0.11342730332539465,"[0.0, 0.002257]"
leaderless,C2,14,pv2,816,62.50019715704533,38.03400790684108,24.466189250204245,0.3914577217637716,1.052613623476274,1.0504632803442961,1.0504941205049922,1.0507643828647444,1.0,True,0.0,0.39145779314467805,67.0,convergiu,convergiu,True,False,False,0.10123440289502515,0.0021784549724403832,,,,,False,0.10123437682148732,"[0.0, 0.002178]"
leaderless,C2,14,pv1,824,75.00025314872,66.08438204486521,8.915871103854798,0.11887776814873612,1.051699639067877,1.0493993378959217,1.0504941205049922,1.0507643828647444,2.0,False,1.0,0.11887788013428806,67.0,convergiu,convergiu,True,False,False,0.10123440289502515,0.0021784549724403832,,,,,False,0.10123437682148732,"[0.0, 0.002178]"
leaderless,C2,14,pv3,828,50.000169876114555,44.138656615451396,5.861513260663159,0.11722975361666306,1.0515841357120395,1.0492752269170778,1.0504941205049922,1.0507643828647444,3.0,False,1.0,0.11722986692217713,67.0,convergiu,convergiu,True,False,False,0.10123440289502515,0.0021784549724403832,,,,,False,0.10123437682148732,"[0.0, 0.002178]"
leaderless,C2,14,pv4,830,65.00026155862572,57.27316597558851,7.727095583037212,0.11887776734220928,1.048303568600764,1.0458450734167635,1.0504941205049922,1.0507643828647444,4.0,False,1.0,0.11887791522297042,67.0,convergiu,convergiu,True,False,False,0.10123440289502515,0.0021784549724403832,,,,,False,0.10123437682148732,"[0.0, 0.002178]"
leaderless,C2,14,pv5,850,45.00014138927447,39.437508417676376,5.562632971598092,0.12361357526494675,1.0526360961099341,1.0504941205049922,1.0504941205049922,1.0507643828647444,5.0,False,1.0,0.123613677643331,67.0,convergiu,convergiu,True,False,False,0.10123440289502515,0.0021784549724403832,,,,,False,0.10123437682148732,"[0.0, 0.002178]"
leaderless,C2,14,pv6,832,57.50031211035716,50.55714836485099,6.943163745506169,0.12074978649449125,1.0417206389539932,1.039131625779268,1.0504941205049922,1.0507643828647444,6.0,False,1.0,0.12075001840303998,67.0,convergiu,convergiu,True,False,False,0.10123440289502515,0.0021784549724403832,,,,,False,0.10123437682148732,"[0.0, 0.002178]"
leaderless,C2,15,pv2,816,28.124947528448686,28.124947528448686,0.0,0.0,1.0386370242924905,1.0386370242924905,1.0387127583974214,1.0502955100238065,1.0,True,0.0,0.0,0.0,sem_sobretensao,sem_sobretensao,True,True,False,0.0,0.0,,,,,False,0.0,"[0.0, 0.0]"
leaderless,C2,15,pv1,824,33.7499323337855,33.7499323337855,0.0,0.0,1.0361657627157668,1.0361657627157668,1.0387127583974214,1.0502955100238065,2.0,False,1.0,0.0,0.0,sem_sobretensao,sem_sobretensao,True,True,False,0.0,0.0,,,,,False,0.0,"[0.0, 0.0]"
leaderless,C2,15,pv3,828,22.49995461770049,22.49995461770049,0.0,0.0,1.035937848362749,1.035937848362749,1.0387127583974214,1.0502955100238065,3.0,False,1.0,0.0,0.0,sem_sobretensao,sem_sobretensao,True,True,False,0.0,0.0,,,,,False,0.0,"[0.0, 0.0]"
leaderless,C2,15,pv4,830,29.249932011289033,29.249932011289033,0.0,0.0,1.0302157542390853,1.0302157542390853,1.0387127583974214,1.0502955100238065,4.0,False,1.0,0.0,0.0,sem_sobretensao,sem_sobretensao,True,True,False,0.0,0.0,,,,,False,0.0,"[0.0, 0.0]"
leaderless,C2,15,pv5,850,20.24996237284462,20.24996237284462,0.0,0.0,1.0387127583974214,1.0387127583974214,1.0387127583974214,1.0502955100238065,5.0,False,1.0,0.0,0.0,sem_sobretensao,sem_sobretensao,True,True,False,0.0,0.0,,,,,False,0.0,"[0.0, 0.0]"
leaderless,C2,15,pv6,832,25.874924087554874,25.874924087554874,0.0,0.0,1.0199321299030681,1.0199321299030681,1.0387127583974214,1.0502955100238065,6.0,False,1.0,0.0,0.0,sem_sobretensao,sem_sobretensao,True,True,False,0.0,0.0,,,,,False,0.0,"[0.0, 0.0]"
leaderless,C2,16,pv2,816,3.125032294590623,3.125032294590623,0.0,0.0,1.0394703803119096,1.0394703803119096,1.0395419414769915,1.0504162382879958,1.0,True,0.0,0.0,0.0,sem_sobretensao,sem_sobretensao,True,True,False,0.0,0.0,,,,,False,0.0,"[0.0, 0.0]"
leaderless,C2,16,pv1,824,3.7500421409514004,3.7500421409514004,0.0,0.0,1.0372492372290134,1.0372492372290134,1.0395419414769915,1.0504162382879958,2.0,False,1.0,0.0,0.0,sem_sobretensao,sem_sobretensao,True,True,False,0.0,0.0,,,,,False,0.0,"[0.0, 0.0]"
leaderless,C2,16,pv3,828,2.5000282767856894,2.5000282767856894,0.0,0.0,1.0370563779560857,1.0370563779560857,1.0395419414769915,1.0504162382879958,3.0,False,1.0,0.0,0.0,sem_sobretensao,sem_sobretensao,True,True,False,0.0,0.0,,,,,False,0.0,"[0.0, 0.0]"
leaderless,C2,16,pv4,830,3.2500425487320377,3.2500425487320377,0.0,0.0,1.0323888508528833,1.0323888508528833,1.0395419414769915,1.0504162382879958,4.0,False,1.0,0.0,0.0,sem_sobretensao,sem_sobretensao,True,True,False,0.0,0.0,,,,,False,0.0,"[0.0, 0.0]"
leaderless,C2,16,pv5,850,2.250023159166468,2.250023159166468,0.0,0.0,1.0395419414769915,1.0395419414769915,1.0395419414769915,1.0504162382879958,5.0,False,1.0,0.0,0.0,sem_sobretensao,sem_sobretensao,True,True,False,0.0,0.0,,,,,False,0.0,"[0.0, 0.0]"
leaderless,C2,16,pv6,832,2.8750471329226617,2.8750471329226617,0.0,0.0,1.024446903547282,1.024446903547282,1.0395419414769915,1.0504162382879958,6.0,False,1.0,0.0,0.0,sem_sobretensao,sem_sobretensao,True,True,False,0.0,0.0,,,,,False,0.0,"[0.0, 0.0]"
leaderless,C2,17,pv2,816,-0.0,-0.0,0.0,0.0,1.0319530456641133,1.0319530456641133,1.032053743610964,1.0501995250985579,1.0,True,0.0,,0.0,sem_sobretensao,sem_sobretensao,True,True,False,0.0,0.0,,,,,False,,"[null, null]"
leaderless,C2,17,pv1,824,-0.0,-0.0,0.0,0.0,1.0288097422283977,1.0288097422283977,1.032053743610964,1.0501995250985579,2.0,False,1.0,,0.0,sem_sobretensao,sem_sobretensao,True,True,False,0.0,0.0,,,,,False,,"[null, null]"
leaderless,C2,17,pv3,828,-0.0,-0.0,0.0,0.0,1.0285410077167667,1.0285410077167667,1.032053743610964,1.0501995250985579,3.0,False,1.0,,0.0,sem_sobretensao,sem_sobretensao,True,True,False,0.0,0.0,,,,,False,,"[null, null]"
leaderless,C2,17,pv4,830,-0.0,-0.0,0.0,0.0,1.022065117490571,1.022065117490571,1.032053743610964,1.0501995250985579,4.0,False,1.0,,0.0,sem_sobretensao,sem_sobretensao,True,True,False,0.0,0.0,,,,,False,,"[null, null]"
leaderless,C2,17,pv5,850,-0.0,-0.0,0.0,0.0,1.032053743610964,1.032053743610964,1.032053743610964,1.0501995250985579,5.0,False,1.0,,0.0,sem_sobretensao,sem_sobretensao,True,True,False,0.0,0.0,,,,,False,,"[null, null]"
leaderless,C2,17,pv6,832,-0.0,-0.0,0.0,0.0,1.0109757984235852,1.0109757984235852,1.032053743610964,1.0501995250985579,6.0,False,1.0,,0.0,sem_sobretensao,sem_sobretensao,True,True,False,0.0,0.0,,,,,False,,"[null, null]"
leaderless,C2,18,pv2,816,-0.0,-0.0,0.0,0.0,1.0353684495010183,1.0353684495010183,1.0354558554930642,1.0503034017860868,1.0,True,0.0,,0.0,sem_sobretensao,sem_sobretensao,True,True,False,0.0,0.0,,,,,False,,"[null, null]"
leaderless,C2,18,pv1,824,-0.0,-0.0,0.0,0.0,1.0326523500430973,1.0326523500430973,1.0354558554930642,1.0503034017860868,2.0,False,1.0,,0.0,sem_sobretensao,sem_sobretensao,True,True,False,0.0,0.0,,,,,False,,"[null, null]"
leaderless,C2,18,pv3,828,-0.0,-0.0,0.0,0.0,1.0324195763808064,1.0324195763808064,1.0354558554930642,1.0503034017860868,3.0,False,1.0,,0.0,sem_sobretensao,sem_sobretensao,True,True,False,0.0,0.0,,,,,False,,"[null, null]"
leaderless,C2,18,pv4,830,-0.0,-0.0,0.0,0.0,1.02681295674242,1.02681295674242,1.0354558554930642,1.0503034017860868,4.0,False,1.0,,0.0,sem_sobretensao,sem_sobretensao,True,True,False,0.0,0.0,,,,,False,,"[null, null]"
leaderless,C2,18,pv5,850,-0.0,-0.0,0.0,0.0,1.0354558554930642,1.0354558554930642,1.0354558554930642,1.0503034017860868,5.0,False,1.0,,0.0,sem_sobretensao,sem_sobretensao,True,True,False,0.0,0.0,,,,,False,,"[null, null]"
leaderless,C2,18,pv6,832,-0.0,-0.0,0.0,0.0,1.017265056101975,1.017265056101975,1.0354558554930642,1.0503034017860868,6.0,False,1.0,,0.0,sem_sobretensao,sem_sobretensao,True,True,False,0.0,0.0,,,,,False,,"[null, null]"
leaderless,C2,19,pv2,816,-0.0,-0.0,0.0,0.0,1.012463803494029,1.012463803494029,1.0126403397694483,1.0496066048479267,1.0,True,0.0,,0.0,sem_sobretensao,sem_sobretensao,True,True,False,0.0,0.0,,,,,False,,"[null, null]"
leaderless,C2,19,pv1,824,-0.0,-0.0,0.0,0.0,1.0068862241138112,1.0068862241138112,1.0126403397694483,1.0496066048479267,2.0,False,1.0,,0.0,sem_sobretensao,sem_sobretensao,True,True,False,0.0,0.0,,,,,False,,"[null, null]"
leaderless,C2,19,pv3,828,-0.0,-0.0,0.0,0.0,1.00641255022254,1.00641255022254,1.0126403397694483,1.0496066048479267,3.0,False,1.0,,0.0,sem_sobretensao,sem_sobretensao,True,True,False,0.0,0.0,,,,,False,,"[null, null]"
leaderless,C2,19,pv4,830,-0.0,-0.0,0.0,0.0,0.9949844738133675,0.9949844738133675,1.0126403397694483,1.0496066048479267,4.0,False,1.0,,0.0,sem_sobretensao,sem_sobretensao,True,True,False,0.0,0.0,,,,,False,,"[null, null]"
leaderless,C2,19,pv5,850,-0.0,-0.0,0.0,0.0,1.0126403397694483,1.0126403397694483,1.0126403397694483,1.0496066048479267,5.0,False,1.0,,0.0,sem_sobretensao,sem_sobretensao,True,True,False,0.0,0.0,,,,,False,,"[null, null]"
leaderless,C2,19,pv6,832,-0.0,-0.0,0.0,0.0,0.9751062275735913,0.9751062275735913,1.0126403397694483,1.0496066048479267,6.0,False,1.0,,0.0,sem_sobretensao,sem_sobretensao,True,True,False,0.0,0.0,,,,,False,,"[null, null]"
leaderless,C2,20,pv2,816,-0.0,-0.0,0.0,0.0,1.0078351504741658,1.0078351504741658,1.008029696164423,1.0494657402550034,1.0,True,0.0,,0.0,sem_sobretensao,sem_sobretensao,True,True,False,0.0,0.0,,,,,False,,"[null, null]"
leaderless,C2,20,pv1,824,-0.0,-0.0,0.0,0.0,1.0016803252824402,1.0016803252824402,1.008029696164423,1.0494657402550034,2.0,False,1.0,,0.0,sem_sobretensao,sem_sobretensao,True,True,False,0.0,0.0,,,,,False,,"[null, null]"
leaderless,C2,20,pv3,828,-0.0,-0.0,0.0,0.0,1.001158047785484,1.001158047785484,1.008029696164423,1.0494657402550034,3.0,False,1.0,,0.0,sem_sobretensao,sem_sobretensao,True,True,False,0.0,0.0,,,,,False,,"[null, null]"
leaderless,C2,20,pv4,830,-0.0,-0.0,0.0,0.0,0.9885559519361026,0.9885559519361026,1.008029696164423,1.0494657402550034,4.0,False,1.0,,0.0,sem_sobretensao,sem_sobretensao,True,True,False,0.0,0.0,,,,,False,,"[null, null]"
leaderless,C2,20,pv5,850,-0.0,-0.0,0.0,0.0,1.008029696164423,1.008029696164423,1.008029696164423,1.0494657402550034,5.0,False,1.0,,0.0,sem_sobretensao,sem_sobretensao,True,True,False,0.0,0.0,,,,,False,,"[null, null]"
leaderless,C2,20,pv6,832,-0.0,-0.0,0.0,0.0,0.9665920784800833,0.9665920784800833,1.008029696164423,1.0494657402550034,6.0,False,1.0,,0.0,sem_sobretensao,sem_sobretensao,True,True,False,0.0,0.0,,,,,False,,"[null, null]"
leaderless,C2,21,pv2,816,-0.0,-0.0,0.0,0.0,1.0061895964378376,1.0061895964378376,1.0063905442901249,1.0494156571369113,1.0,True,0.0,,0.0,sem_sobretensao,sem_sobretensao,True,True,False,0.0,0.0,,,,,False,,"[null, null]"
leaderless,C2,21,pv1,824,-0.0,-0.0,0.0,0.0,0.9998296239446811,0.9998296239446811,1.0063905442901249,1.0494156571369113,2.0,False,1.0,,0.0,sem_sobretensao,sem_sobretensao,True,True,False,0.0,0.0,,,,,False,,"[null, null]"
leaderless,C2,21,pv3,828,-0.0,-0.0,0.0,0.0,0.9992900728255066,0.9992900728255066,1.0063905442901249,1.0494156571369113,3.0,False,1.0,,0.0,sem_sobretensao,sem_sobretensao,True,True,False,0.0,0.0,,,,,False,,"[null, null]"
leaderless,C2,21,pv4,830,-0.0,-0.0,0.0,0.0,0.9862707730472379,0.9862707730472379,1.0063905442901249,1.0494156571369113,4.0,False,1.0,,0.0,sem_sobretensao,sem_sobretensao,True,True,False,0.0,0.0,,,,,False,,"[null, null]"
leaderless,C2,21,pv5,850,-0.0,-0.0,0.0,0.0,1.0063905442901249,1.0063905442901249,1.0063905442901249,1.0494156571369113,5.0,False,1.0,,0.0,sem_sobretensao,sem_sobretensao,True,True,False,0.0,0.0,,,,,False,,"[null, null]"
leaderless,C2,21,pv6,832,-0.0,-0.0,0.0,0.0,0.9635655636096437,0.9635655636096437,1.0063905442901249,1.0494156571369113,6.0,False,1.0,,0.0,sem_sobretensao,sem_sobretensao,True,True,False,0.0,0.0,,,,,False,,"[null, null]"
leaderless,C2,22,pv2,816,-0.0,-0.0,0.0,0.0,1.0058618084193778,1.0058618084193778,1.0060640314884584,1.049405687339917,1.0,True,0.0,,0.0,sem_sobretensao,sem_sobretensao,True,True,False,0.0,0.0,,,,,False,,"[null, null]"
leaderless,C2,22,pv1,824,-0.0,-0.0,0.0,0.0,0.9994609737243801,0.9994609737243801,1.0060640314884584,1.049405687339917,2.0,False,1.0,,0.0,sem_sobretensao,sem_sobretensao,True,True,False,0.0,0.0,,,,,False,,"[null, null]"
leaderless,C2,22,pv3,828,-0.0,-0.0,0.0,0.0,0.9989179819308516,0.9989179819308516,1.0060640314884584,1.049405687339917,3.0,False,1.0,,0.0,sem_sobretensao,sem_sobretensao,True,True,False,0.0,0.0,,,,,False,,"[null, null]"
leaderless,C2,22,pv4,830,-0.0,-0.0,0.0,0.0,0.9858155814373922,0.9858155814373922,1.0060640314884584,1.049405687339917,4.0,False,1.0,,0.0,sem_sobretensao,sem_sobretensao,True,True,False,0.0,0.0,,,,,False,,"[null, null]"
leaderless,C2,22,pv5,850,-0.0,-0.0,0.0,0.0,1.0060640314884584,1.0060640314884584,1.0060640314884584,1.049405687339917,5.0,False,1.0,,0.0,sem_sobretensao,sem_sobretensao,True,True,False,0.0,0.0,,,,,False,,"[null, null]"
leaderless,C2,22,pv6,832,-0.0,-0.0,0.0,0.0,0.9629627164790306,0.9629627164790306,1.0060640314884584,1.049405687339917,6.0,False,1.0,,0.0,sem_sobretensao,sem_sobretensao,True,True,False,0.0,0.0,,,,,False,,"[null, null]"
leaderless,C2,23,pv2,816,-0.0,-0.0,0.0,0.0,1.0157857990852877,1.0157857990852877,1.0159494099998212,1.049707699932122,1.0,True,0.0,,0.0,sem_sobretensao,sem_sobretensao,True,True,False,0.0,0.0,,,,,False,,"[null, null]"
leaderless,C2,23,pv1,824,-0.0,-0.0,0.0,0.0,1.0106227444912799,1.0106227444912799,1.0159494099998212,1.049707699932122,2.0,False,1.0,,0.0,sem_sobretensao,sem_sobretensao,True,True,False,0.0,0.0,,,,,False,,"[null, null]"
leaderless,C2,23,pv3,828,-0.0,-0.0,0.0,0.0,1.010183972127752,1.010183972127752,1.0159494099998212,1.049707699932122,3.0,False,1.0,,0.0,sem_sobretensao,sem_sobretensao,True,True,False,0.0,0.0,,,,,False,,"[null, null]"
leaderless,C2,23,pv4,830,-0.0,-0.0,0.0,0.0,0.9995990501550603,0.9995990501550603,1.0159494099998212,1.049707699932122,4.0,False,1.0,,0.0,sem_sobretensao,sem_sobretensao,True,True,False,0.0,0.0,,,,,False,,"[null, null]"
leaderless,C2,23,pv5,850,-0.0,-0.0,0.0,0.0,1.0159494099998212,1.0159494099998212,1.0159494099998212,1.049707699932122,5.0,False,1.0,,0.0,sem_sobretensao,sem_sobretensao,True,True,False,0.0,0.0,,,,,False,,"[null, null]"
leaderless,C2,23,pv6,832,-0.0,-0.0,0.0,0.0,0.9812181271943429,0.9812181271943429,1.0159494099998212,1.049707699932122,6.0,False,1.0,,0.0,sem_sobretensao,sem_sobretensao,True,True,False,0.0,0.0,,,,,False,,"[null, null]"
leaderless,C3_lider_curta,0,pv2,816,-0.0,-0.0,0.0,0.0,1.0450262948633384,1.0450262948633384,1.0450761113146871,1.0505970659065016,1.0,True,0.0,,0.0,sem_sobretensao,sem_sobretensao,True,True,False,0.0,0.0,,,,,False,,[null]
leaderless,C3_lider_curta,0,pv1,824,-0.0,-0.0,0.0,0.0,1.0435191673339028,1.0435191673339028,1.0450761113146871,1.0505970659065016,2.0,False,0.0,,0.0,sem_sobretensao,sem_sobretensao,True,True,False,0.0,0.0,,,,,False,,[null]
leaderless,C3_lider_curta,0,pv3,828,-0.0,-0.0,0.0,0.0,1.043388151795147,1.043388151795147,1.0450761113146871,1.0505970659065016,3.0,False,0.0,,0.0,sem_sobretensao,sem_sobretensao,True,True,False,0.0,0.0,,,,,False,,[null]
leaderless,C3_lider_curta,0,pv4,830,-0.0,-0.0,0.0,0.0,1.0402417834114017,1.0402417834114017,1.0450761113146871,1.0505970659065016,4.0,False,0.0,,0.0,sem_sobretensao,sem_sobretensao,True,True,False,0.0,0.0,,,,,False,,[null]
leaderless,C3_lider_curta,0,pv5,850,-0.0,-0.0,0.0,0.0,1.0450761113146871,1.0450761113146871,1.0450761113146871,1.0505970659065016,5.0,False,0.0,,0.0,sem_sobretensao,sem_sobretensao,True,True,False,0.0,0.0,,,,,False,,[null]
leaderless,C3_lider_curta,0,pv6,832,-0.0,-0.0,0.0,0.0,1.0350545283587615,1.0350545283587615,1.0450761113146871,1.0505970659065016,6.0,False,0.0,,0.0,sem_sobretensao,sem_sobretensao,True,True,False,0.0,0.0,,,,,False,,[null]
leaderless,C3_lider_curta,1,pv2,816,-0.0,-0.0,0.0,0.0,1.0450265903941263,1.0450265903941263,1.0450764055625157,1.0505970903489994,1.0,True,0.0,,0.0,sem_sobretensao,sem_sobretensao,True,True,False,0.0,0.0,,,,,False,,[null]
leaderless,C3_lider_curta,1,pv1,824,-0.0,-0.0,0.0,0.0,1.043519497117978,1.043519497117978,1.0450764055625157,1.0505970903489994,2.0,False,0.0,,0.0,sem_sobretensao,sem_sobretensao,True,True,False,0.0,0.0,,,,,False,,[null]
leaderless,C3_lider_curta,1,pv3,828,-0.0,-0.0,0.0,0.0,1.0433884847070511,1.0433884847070511,1.0450764055625157,1.0505970903489994,3.0,False,0.0,,0.0,sem_sobretensao,sem_sobretensao,True,True,False,0.0,0.0,,,,,False,,[null]
leaderless,C3_lider_curta,1,pv4,830,-0.0,-0.0,0.0,0.0,1.0402421909746427,1.0402421909746427,1.0450764055625157,1.0505970903489994,4.0,False,0.0,,0.0,sem_sobretensao,sem_sobretensao,True,True,False,0.0,0.0,,,,,False,,[null]
leaderless,C3_lider_curta,1,pv5,850,-0.0,-0.0,0.0,0.0,1.0450764055625157,1.0450764055625157,1.0450764055625157,1.0505970903489994,5.0,False,0.0,,0.0,sem_sobretensao,sem_sobretensao,True,True,False,0.0,0.0,,,,,False,,[null]
leaderless,C3_lider_curta,1,pv6,832,-0.0,-0.0,0.0,0.0,1.0350550780786294,1.0350550780786294,1.0450764055625157,1.0505970903489994,6.0,False,0.0,,0.0,sem_sobretensao,sem_sobretensao,True,True,False,0.0,0.0,,,,,False,,[null]
leaderless,C3_lider_curta,2,pv2,816,-0.0,-0.0,0.0,0.0,1.0449571701348623,1.0449571701348623,1.0450072554978003,1.0505949800956955,1.0,True,0.0,,0.0,sem_sobretensao,sem_sobretensao,True,True,False,0.0,0.0,,,,,False,,[null]
leaderless,C3_lider_curta,2,pv1,824,-0.0,-0.0,0.0,0.0,1.0434413812534846,1.0434413812534846,1.0450072554978003,1.0505949800956955,2.0,False,0.0,,0.0,sem_sobretensao,sem_sobretensao,True,True,False,0.0,0.0,,,,,False,,[null]
leaderless,C3_lider_curta,2,pv3,828,-0.0,-0.0,0.0,0.0,1.0433096369965242,1.0433096369965242,1.0450072554978003,1.0505949800956955,3.0,False,0.0,,0.0,sem_sobretensao,sem_sobretensao,True,True,False,0.0,0.0,,,,,False,,[null]
leaderless,C3_lider_curta,2,pv4,830,-0.0,-0.0,0.0,0.0,1.0401456464219774,1.0401456464219774,1.0450072554978003,1.0505949800956955,4.0,False,0.0,,0.0,sem_sobretensao,sem_sobretensao,True,True,False,0.0,0.0,,,,,False,,[null]
leaderless,C3_lider_curta,2,pv5,850,-0.0,-0.0,0.0,0.0,1.0450072554978003,1.0450072554978003,1.0450072554978003,1.0505949800956955,5.0,False,0.0,,0.0,sem_sobretensao,sem_sobretensao,True,True,False,0.0,0.0,,,,,False,,[null]
leaderless,C3_lider_curta,2,pv6,832,-0.0,-0.0,0.0,0.0,1.0349271785104095,1.0349271785104095,1.0450072554978003,1.0505949800956955,6.0,False,0.0,,0.0,sem_sobretensao,sem_sobretensao,True,True,False,0.0,0.0,,,,,False,,[null]
leaderless,C3_lider_curta,3,pv2,816,-0.0,-0.0,0.0,0.0,1.0449571021647746,1.0449571021647746,1.0450071878057714,1.0505949776249717,1.0,True,0.0,,0.0,sem_sobretensao,sem_sobretensao,True,True,False,0.0,0.0,,,,,False,,[null]
leaderless,C3_lider_curta,3,pv1,824,-0.0,-0.0,0.0,0.0,1.043441305274198,1.043441305274198,1.0450071878057714,1.0505949776249717,2.0,False,0.0,,0.0,sem_sobretensao,sem_sobretensao,True,True,False,0.0,0.0,,,,,False,,[null]
leaderless,C3_lider_curta,3,pv3,828,-0.0,-0.0,0.0,0.0,1.043309560339792,1.043309560339792,1.0450071878057714,1.0505949776249717,3.0,False,0.0,,0.0,sem_sobretensao,sem_sobretensao,True,True,False,0.0,0.0,,,,,False,,[null]
leaderless,C3_lider_curta,3,pv4,830,-0.0,-0.0,0.0,0.0,1.0401455535283302,1.0401455535283302,1.0450071878057714,1.0505949776249717,4.0,False,0.0,,0.0,sem_sobretensao,sem_sobretensao,True,True,False,0.0,0.0,,,,,False,,[null]
leaderless,C3_lider_curta,3,pv5,850,-0.0,-0.0,0.0,0.0,1.0450071878057714,1.0450071878057714,1.0450071878057714,1.0505949776249717,5.0,False,0.0,,0.0,sem_sobretensao,sem_sobretensao,True,True,False,0.0,0.0,,,,,False,,[null]
leaderless,C3_lider_curta,3,pv6,832,-0.0,-0.0,0.0,0.0,1.0349270553472671,1.0349270553472671,1.0450071878057714,1.0505949776249717,6.0,False,0.0,,0.0,sem_sobretensao,sem_sobretensao,True,True,False,0.0,0.0,,,,,False,,[null]
leaderless,C3_lider_curta,4,pv2,816,-0.0,-0.0,0.0,0.0,1.045026523122921,1.045026523122921,1.045076338566197,1.0505970879234294,1.0,True,0.0,,0.0,sem_sobretensao,sem_sobretensao,True,True,False,0.0,0.0,,,,,False,,[null]
leaderless,C3_lider_curta,4,pv1,824,-0.0,-0.0,0.0,0.0,1.0435194219130084,1.0435194219130084,1.045076338566197,1.0505970879234294,2.0,False,0.0,,0.0,sem_sobretensao,sem_sobretensao,True,True,False,0.0,0.0,,,,,False,,[null]
leaderless,C3_lider_curta,4,pv3,828,-0.0,-0.0,0.0,0.0,1.0433884088314556,1.0433884088314556,1.045076338566197,1.0505970879234294,3.0,False,0.0,,0.0,sem_sobretensao,sem_sobretensao,True,True,False,0.0,0.0,,,,,False,,[null]
leaderless,C3_lider_curta,4,pv4,830,-0.0,-0.0,0.0,0.0,1.0402420990252506,1.0402420990252506,1.045076338566197,1.0505970879234294,4.0,False,0.0,,0.0,sem_sobretensao,sem_sobretensao,True,True,False,0.0,0.0,,,,,False,,[null]
leaderless,C3_lider_curta,4,pv5,850,-0.0,-0.0,0.0,0.0,1.045076338566197,1.045076338566197,1.045076338566197,1.0505970879234294,5.0,False,0.0,,0.0,sem_sobretensao,sem_sobretensao,True,True,False,0.0,0.0,,,,,False,,[null]
leaderless,C3_lider_curta,4,pv6,832,-0.0,-0.0,0.0,0.0,1.035054956170032,1.035054956170032,1.045076338566197,1.0505970879234294,6.0,False,0.0,,0.0,sem_sobretensao,sem_sobretensao,True,True,False,0.0,0.0,,,,,False,,[null]
leaderless,C3_lider_curta,5,pv2,816,-0.0,-0.0,0.0,0.0,1.046437942275659,1.046437942275659,1.0464804756969757,1.05063939179868,1.0,True,0.0,,0.0,sem_sobretensao,sem_sobretensao,True,True,False,0.0,0.0,,,,,False,,[null]
leaderless,C3_lider_curta,5,pv1,824,-0.0,-0.0,0.0,0.0,1.0450850714048536,1.0450850714048536,1.0464804756969757,1.05063939179868,2.0,False,0.0,,0.0,sem_sobretensao,sem_sobretensao,True,True,False,0.0,0.0,,,,,False,,[null]
leaderless,C3_lider_curta,5,pv3,828,-0.0,-0.0,0.0,0.0,1.044968726726859,1.044968726726859,1.0464804756969757,1.05063939179868,3.0,False,0.0,,0.0,sem_sobretensao,sem_sobretensao,True,True,False,0.0,0.0,,,,,False,,[null]
leaderless,C3_lider_curta,5,pv4,830,-0.0,-0.0,0.0,0.0,1.0421771197491476,1.0421771197491476,1.0464804756969757,1.05063939179868,4.0,False,0.0,,0.0,sem_sobretensao,sem_sobretensao,True,True,False,0.0,0.0,,,,,False,,[null]
leaderless,C3_lider_curta,5,pv5,850,-0.0,-0.0,0.0,0.0,1.0464804756969757,1.0464804756969757,1.0464804756969757,1.05063939179868,5.0,False,0.0,,0.0,sem_sobretensao,sem_sobretensao,True,True,False,0.0,0.0,,,,,False,,[null]
leaderless,C3_lider_curta,5,pv6,832,-0.0,-0.0,0.0,0.0,1.0376184354041749,1.0376184354041749,1.0464804756969757,1.05063939179868,6.0,False,0.0,,0.0,sem_sobretensao,sem_sobretensao,True,True,False,0.0,0.0,,,,,False,,[null]
leaderless,C3_lider_curta,6,pv2,816,15.625241782068514,15.625241782068514,0.0,0.0,1.0483407437819094,1.0483407437819094,1.0483782454548018,1.0506384889471005,1.0,True,0.0,0.0,0.0,sem_sobretensao,sem_sobretensao,True,True,False,0.0,0.0,,,,,False,0.0,[0.0]
leaderless,C3_lider_curta,6,pv1,824,18.7503236717592,18.7503236717592,0.0,0.0,1.0471579048369506,1.0471579048369506,1.0483782454548018,1.0506384889471005,2.0,False,0.0,0.0,0.0,sem_sobretensao,sem_sobretensao,True,True,False,0.0,0.0,,,,,False,0.0,[0.0]
leaderless,C3_lider_curta,6,pv3,828,12.500217712144039,12.500217712144039,0.0,0.0,1.0470455387298745,1.0470455387298745,1.0483782454548018,1.0506384889471005,3.0,False,0.0,0.0,0.0,sem_sobretensao,sem_sobretensao,True,True,False,0.0,0.0,,,,,False,0.0,[0.0]
leaderless,C3_lider_curta,6,pv4,830,16.250349249231203,16.250349249231203,0.0,0.0,1.0442222095150686,1.0442222095150686,1.0483782454548018,1.0506384889471005,4.0,False,0.0,0.0,0.0,sem_sobretensao,sem_sobretensao,True,True,False,0.0,0.0,,,,,False,0.0,[0.0]
leaderless,C3_lider_curta,6,pv5,850,11.250173385025839,11.250173385025839,0.0,0.0,1.0483782454548018,1.0483782454548018,1.0483782454548018,1.0506384889471005,5.0,False,0.0,0.0,0.0,sem_sobretensao,sem_sobretensao,True,True,False,0.0,0.0,,,,,False,0.0,[0.0]
leaderless,C3_lider_curta,6,pv6,832,14.375428037447017,14.375428037447017,0.0,0.0,1.0393165620198634,1.0393165620198634,1.0483782454548018,1.0506384889471005,6.0,False,0.0,0.0,0.0,sem_sobretensao,sem_sobretensao,True,True,False,0.0,0.0,,,,,False,0.0,[0.0]
leaderless,C3_lider_curta,7,pv2,816,46.87517293313687,18.61656406957986,28.258608863557008,0.6028480375417025,1.0562538666391141,1.050465171521414,1.0504945077928125,1.0507967743424314,1.0,True,0.0,0.6028480983710784,112.0,convergiu,convergiu,True,False,False,0.005628675277476607,0.005628675277476607,,,,,False,0.0056286640961646,[0.005629]
leaderless,C3_lider_curta,7,pv1,824,56.25022149623055,22.921835003325622,33.328386492904926,0.592502246903081,1.0558852978158424,1.0495318067162607,1.0504945077928125,1.0507967743424314,2.0,False,0.0,0.5925023156600073,112.0,convergiu,convergiu,True,False,False,0.005628675277476607,0.005628675277476607,,,,,False,0.0056286640961646,[0.005629]
leaderless,C3_lider_curta,7,pv3,828,37.5001485947879,15.481335540859565,22.018813053928337,0.5871659512259305,1.0558243986090117,1.0494385326020443,1.0504945077928125,1.0507967743424314,3.0,False,0.0,0.5871660214431444,112.0,convergiu,convergiu,True,False,False,0.005628675277476607,0.005628675277476607,,,,,False,0.0056286640961646,[0.005629]
leaderless,C3_lider_curta,7,pv4,830,48.75022589866941,20.13155181872286,28.618674079946555,0.5870469196890805,1.0539937130575454,1.0470467783556865,1.0504945077928125,1.0507967743424314,4.0,False,0.0,0.5870470044473717,112.0,convergiu,convergiu,True,False,False,0.005628675277476607,0.005628675277476607,,,,,False,0.0056286640961646,[0.005629]
leaderless,C3_lider_curta,7,pv5,850,33.75012402307615,13.764232247544683,19.985891775531464,0.5921723328187174,1.056261646345798,1.0504945077928125,1.0504945077928125,1.0507967743424314,5.0,False,0.0,0.5921723950367236,112.0,convergiu,convergiu,True,False,False,0.005628675277476607,0.005628675277476607,,,,,False,0.0056286640961646,[0.005629]
leaderless,C3_lider_curta,7,pv6,832,43.12526281682057,17.81554256744698,25.309720249373594,0.586888373065498,1.0502737503980764,1.0428373103003943,1.0504945077928125,1.0507967743424314,6.0,False,0.0,0.5868884870772728,112.0,convergiu,convergiu,True,False,False,0.005628675277476607,0.005628675277476607,,,,,False,0.0056286640961646,[0.005629]
leaderless,C3_lider_curta,8,pv2,816,85.41699518351156,37.76369215885982,47.65330302465174,0.5578900824506071,1.0600225764112021,1.0504587822863145,1.0504888723268433,1.0507773511993275,1.0,True,0.0,0.557890182419464,71.0,convergiu,convergiu,True,False,False,0.006457805843715731,0.006457805843715731,,,,,False,0.00645778290536155,[0.006458]
leaderless,C3_lider_curta,8,pv1,824,102.5004218229993,46.50469541302022,55.99572640997908,0.546297408824497,1.0599113579217716,1.0494133938882992,1.0504888723268433,1.0507773511993275,2.0,False,0.0,0.546297521649951,71.0,convergiu,convergiu,True,False,False,0.006457805843715731,0.006457805843715731,,,,,False,0.00645778290536155,[0.006458]
leaderless,C3_lider_curta,8,pv3,828,68.33361550646674,31.409825213160943,36.9237902933058,0.540345804005245,1.05985117379965,1.0492998340560133,1.0504888723268433,1.0507773511993275,3.0,False,0.0,0.5403459193493357,71.0,convergiu,convergiu,True,False,False,0.006457805843715731,0.006457805843715731,,,,,False,0.00645778290536155,[0.006458]
leaderless,C3_lider_curta,8,pv4,830,88.83371850555443,40.87413459822744,47.95958390732699,0.53988026007811,1.05772811502514,1.0462548269136773,1.0504888723268433,1.0507773511993275,4.0,False,0.0,0.5398804048074185,71.0,convergiu,convergiu,True,False,False,0.006457805843715731,0.006457805843715731,,,,,False,0.00645778290536155,[0.006458]
leaderless,C3_lider_curta,8,pv5,850,61.500235620248745,27.979467671355017,33.52076794889373,0.5450509467027748,1.0600169249791909,1.0504888723268433,1.0504888723268433,1.0507773511993275,5.0,False,0.0,0.5450510491679665,71.0,convergiu,convergiu,True,False,False,0.006457805843715731,0.006457805843715731,,,,,False,0.00645778290536155,[0.006458]
leaderless,C3_lider_curta,8,pv6,832,78.58368138197022,36.219477130947766,42.36420425102246,0.539096502049424,1.0527861135197867,1.0405174242811683,1.0504888723268433,1.0507773511993275,6.0,False,0.0,0.539096712014592,71.0,convergiu,convergiu,True,False,False,0.006457805843715731,0.006457805843715731,,,,,False,0.00645778290536155,[0.006458]
leaderless,C3_lider_curta,9,pv2,816,109.37601310477916,43.85661746808266,65.5193956366965,0.5990288168021676,1.0634560310644599,1.050455192632807,1.050485530723397,1.0507687603937348,1.0,True,0.0,0.599028925784036,59.0,convergiu,convergiu,True,False,False,0.007244773301627788,0.007244773301627788,,,,,False,0.007244744807660044,[0.007245]
leaderless,C3_lider_curta,9,pv1,824,131.25131079088754,54.29578728987616,76.95552350101138,0.5863218189255889,1.0636450085593006,1.049374070465468,1.050485530723397,1.0507687603937348,2.0,False,0.0,0.5863219425184911,59.0,convergiu,convergiu,True,False,False,0.007244773301627788,0.007244773301627788,,,,,False,0.007244744807660044,[0.007245]
leaderless,C3_lider_curta,9,pv3,828,87.50087713617727,36.760411438833685,50.74046569734358,0.5798850968193269,1.0635972316987168,1.049253909669607,1.050485530723397,1.0507687603937348,3.0,False,0.0,0.5798852235318327,59.0,convergiu,convergiu,True,False,False,0.007244773301627788,0.007244773301627788,,,,,False,0.007244744807660044,[0.007245]
leaderless,C3_lider_curta,9,pv4,830,113.75120271145519,47.882755265647305,65.86844744580789,0.5790569900713987,1.0615841263923187,1.0459946177608517,1.050485530723397,1.0507687603937348,4.0,False,0.0,0.579057151711106,59.0,convergiu,convergiu,True,False,False,0.007244773301627788,0.007244773301627788,,,,,False,0.007244744807660044,[0.007245]
leaderless,C3_lider_curta,9,pv5,850,78.75072660212736,32.74787341047341,46.00285319165395,0.5841577127097466,1.063437708519427,1.050485530723397,1.050485530723397,1.0507687603937348,5.0,False,0.0,0.5841578252867985,59.0,convergiu,convergiu,True,False,False,0.007244773301627788,0.007244773301627788,,,,,False,0.007244744807660044,[0.007245]
leaderless,C3_lider_curta,9,pv6,832,100.62608269869301,42.519329479576,58.10675321911701,0.5774519620583298,1.056404228700457,1.0397522203228986,1.050485530723397,1.0507687603937348,6.0,False,0.0,0.577452203849646,59.0,convergiu,convergiu,True,False,False,0.007244773301627788,0.007244773301627788,,,,,False,0.007244744807660044,[0.007245]
leaderless,C3_lider_curta,10,pv2,816,122.91832475882163,50.032185987565406,72.88613877125621,0.5929638609076289,1.064798882698967,1.0504533639523752,1.0504839425460843,1.0507605965094593,1.0,True,0.0,0.5929639776190109,54.0,convergiu,convergiu,True,False,False,0.008129343255192512,0.008129343255192512,,,,,False,0.008129308747659261,[0.008129]
leaderless,C3_lider_curta,10,pv1,824,147.5021567057664,62.0883646451559,85.41379206061049,0.5790679567513672,1.0650831816200739,1.049336340493057,1.0504839425460843,1.0507605965094593,2.0,False,0.0,0.5790680893635459,54.0,convergiu,convergiu,True,False,False,0.008129343255192512,0.008129343255192512,,,,,False,0.008129308747659261,[0.008129]
leaderless,C3_lider_curta,10,pv3,828,98.33477677714646,42.07151453449501,56.26326224265145,0.572160233635094,1.0650361551409906,1.0492095640630028,1.0504839425460843,1.0507605965094593,3.0,False,0.0,0.5721603697759889,54.0,convergiu,convergiu,True,False,False,0.008129343255192512,0.008129343255192512,,,,,False,0.008129308747659261,[0.008129]
leaderless,C3_lider_curta,10,pv4,830,127.83531369216493,54.85452805980536,72.98078563235957,0.5708967336249238,1.0629336672519711,1.045736032407167,1.0504839425460843,1.0507605965094593,4.0,False,0.0,0.5708969104429287,54.0,convergiu,convergiu,True,False,False,0.008129343255192512,0.008129343255192512,,,,,False,0.008129308747659261,[0.008129]
leaderless,C3_lider_curta,10,pv5,850,88.50118918741757,37.538060510281234,50.96312867713633,0.5758467024461984,1.0647757090247283,1.0504839425460843,1.0504839425460843,1.0507605965094593,5.0,False,0.0,0.5758468235857546,54.0,convergiu,convergiu,True,False,False,0.008129343255192512,0.008129343255192512,,,,,False,0.008129308747659261,[0.008129]
leaderless,C3_lider_curta,10,pv6,832,113.08509904362477,48.825487655153495,64.25961138847127,0.5682409180103309,1.0573508157047873,1.038989321502881,1.0504839425460843,1.0507605965094593,6.0,False,0.0,0.568241191208418,54.0,convergiu,convergiu,True,False,False,0.008129343255192512,0.008129343255192512,,,,,False,0.008129308747659261,[0.008129]
leaderless,C3_lider_curta,11,pv2,816,125.00095873911954,69.85159576404908,55.14936297507046,0.44119140454552186,1.0612357751532167,1.0504631344882076,1.050494324412109,1.050740316422994,1.0,True,0.0,0.441191519900009,52.0,convergiu,convergiu,True,False,False,0.00785722036467084,0.00785722036467084,,,,,False,0.007857176345939843,[0.007857]
leaderless,C3_lider_curta,11,pv1,824,150.0012375662587,85.86688080265078,64.13435676360793,0.4275587217817705,1.0610597800948303,1.0492354390580063,1.050494324412109,1.050740316422994,2.0,False,0.0,0.4275588508746698,52.0,convergiu,convergiu,True,False,False,0.00785722036467084,0.00785722036467084,,,,,False,0.007857176345939843,[0.007857]
leaderless,C3_lider_curta,11,pv3,828,100.0008274325867,57.93245117485716,42.06837625772955,0.4206801494440946,1.0609726005620694,1.0490884003340664,1.050494324412109,1.050740316422994,3.0,False,0.0,0.4206802817315586,52.0,convergiu,convergiu,True,False,False,0.00785722036467084,0.00785722036467084,,,,,False,0.007857176345939843,[0.007857]
leaderless,C3_lider_curta,11,pv4,830,130.00110051124636,75.44763183102694,54.553468680219424,0.41963832747808744,1.0578779563947016,1.0449627923354818,1.050494324412109,1.050740316422994,4.0,False,0.0,0.41963851433319227,52.0,convergiu,convergiu,True,False,False,0.00785722036467084,0.00785722036467084,,,,,False,0.007857176345939843,[0.007857]
leaderless,C3_lider_curta,11,pv5,850,90.00068759882689,51.76426064985503,38.236426948971854,0.4248458242449265,1.0612265551144426,1.050494324412109,1.050494324412109,1.050740316422994,5.0,False,0.0,0.42484594250444646,52.0,convergiu,convergiu,True,False,False,0.00785722036467084,0.00785722036467084,,,,,False,0.007857176345939843,[0.007857]
leaderless,C3_lider_curta,11,pv6,832,115.00091043703964,66.97571579699435,48.025194640045285,0.4176067539525074,1.0504893452397301,1.0366916572775764,1.050494324412109,1.050740316422994,6.0,False,0.0,0.41760708204425895,52.0,convergiu,convergiu,True,False,False,0.00785722036467084,0.00785722036467084,,,,,False,0.007857176345939843,[0.007857]
leaderless,C3_lider_curta,12,pv2,816,114.58396778268269,73.41529493210416,41.16867285057853,0.35928813683590155,1.058475998052387,1.0504644472196398,1.0504957325254483,1.050736630520015,1.0,True,0.0,0.3592882464033545,54.0,convergiu,convergiu,True,False,False,0.007378864942529764,0.007378864942529764,,,,,False,0.00737882142949569,[0.007379]
leaderless,C3_lider_curta,12,pv1,824,137.5008116988172,89.88317696278303,47.61763473603416,0.34630790458180766,1.0580095021842804,1.049217188248145,1.0504957325254483,1.050736630520015,2.0,False,0.0,0.3463080264597724,54.0,convergiu,convergiu,True,False,False,0.007378864942529764,0.007378864942529764,,,,,False,0.00737882142949569,[0.007379]
leaderless,C3_lider_curta,12,pv3,828,91.6672098171829,60.52871081789685,31.138498999286043,0.33969057883591347,1.0579033715498904,1.0490666577197334,1.0504957325254483,1.050736630520015,3.0,False,0.0,0.33969070359387304,54.0,convergiu,convergiu,True,False,False,0.007378864942529764,0.007378864942529764,,,,,False,0.00737882142949569,[0.007379]
leaderless,C3_lider_curta,12,pv4,830,119.16742071272449,78.78413221559785,40.38328849712664,0.3388784177240002,1.054431394389475,1.0448300680154592,1.0504957325254483,1.050736630520015,4.0,False,0.0,0.3388785983249412,54.0,convergiu,convergiu,True,False,False,0.007378864942529764,0.007378864942529764,,,,,False,0.00737882142949569,[0.007379]
leaderless,C3_lider_curta,12,pv5,850,82.50045501033613,54.10667388983352,28.393781120502602,0.3441650340094955,1.0584772347635696,1.0504957325254483,1.0504957325254483,1.050736630520015,5.0,False,0.0,0.34416514571883594,54.0,convergiu,convergiu,True,False,False,0.007378864942529764,0.007378864942529764,,,,,False,0.00737882142949569,[0.007379]
leaderless,C3_lider_curta,12,pv6,832,105.41738626804568,69.84755106613228,35.56983520191339,0.3374187309590712,1.046558038011867,1.0363023967115843,1.0504957325254483,1.050736630520015,6.0,False,0.0,0.3374190582895849,54.0,convergiu,convergiu,True,False,False,0.007378864942529764,0.007378864942529764,,,,,False,0.00737882142949569,[0.007379]
leaderless,C3_lider_curta,13,pv2,816,91.66698437003414,67.30899929013395,24.35798507990019,0.2657224424440966,1.0551908300164146,1.0504611846929541,1.0504922640177423,1.0507436936124213,1.0,True,0.0,0.26572255264309524,60.0,convergiu,convergiu,True,False,False,0.006551038601309122,0.006551038601309122,,,,,False,0.006551001604958458,[0.006551]
leaderless,C3_lider_curta,13,pv1,824,110.00040441486036,82.06444894085253,27.935955474007827,0.2539621755620351,1.05443747989816,1.0492483036930849,1.0504922640177423,1.0507436936124213,2.0,False,0.0,0.25396229788982355,60.0,convergiu,convergiu,True,False,False,0.006551038601309122,0.006551038601309122,,,,,False,0.006551001604958458,[0.006551]
leaderless,C3_lider_curta,13,pv3,828,73.33360442743486,55.154175873095454,18.17942855433941,0.2479002572102729,1.0543195760670518,1.0491042757342555,1.0504922640177423,1.0507436936124213,3.0,False,0.0,0.24790038204556458,60.0,convergiu,convergiu,True,False,False,0.006551038601309122,0.006551038601309122,,,,,False,0.006551001604958458,[0.006551]
leaderless,C3_lider_curta,13,pv4,830,95.33373708087281,71.74546063071719,23.588276450155618,0.24742825090571657,1.0507455019405458,1.045079855132104,1.0504922640177423,1.0507436936124213,4.0,False,0.0,0.24742842536577986,60.0,convergiu,convergiu,True,False,False,0.006551038601309122,0.006551038601309122,,,,,False,0.006551001604958458,[0.006551]
leaderless,C3_lider_curta,13,pv5,850,66.0002278414651,49.3228755885073,16.677352252957803,0.25268617132910615,1.0552041870019542,1.0504922640177423,1.0504922640177423,1.0507436936124213,5.0,False,0.0,0.25268628303855856,60.0,convergiu,convergiu,True,False,False,0.006551038601309122,0.006551038601309122,,,,,False,0.006551001604958458,[0.006551]
leaderless,C3_lider_curta,13,pv6,832,84.33378907349126,63.52884652165419,20.804942551837073,0.24669728932401097,1.0431065535815962,1.0370543284934872,1.0504922640177423,1.0507436936124213,6.0,False,0.0,0.24669759037752895,60.0,convergiu,convergiu,True,False,False,0.006551038601309122,0.006551038601309122,,,,,False,0.006551001604958458,[0.006551]
leaderless,C3_lider_curta,14,pv2,816,62.500202384307,51.34325755776803,11.156944826538975,0.1785104281295353,1.0526136226473168,1.0504672779172315,1.0504977861724873,1.0507655989240539,1.0,True,0.0,0.17851053918091536,68.0,convergiu,convergiu,True,False,False,0.005932245094882164,0.005932245094882164,,,,,False,0.005932217401250338,[0.005932]
leaderless,C3_lider_curta,14,pv1,824,75.00026022049668,62.424517447987064,12.57574277250962,0.16767586508380233,1.051699638147051,1.0493458299364011,1.0504977861724873,1.0507655989240539,2.0,False,0.0,0.16767598853040805,68.0,convergiu,convergiu,True,False,False,0.005932245094882164,0.005932245094882164,,,,,False,0.005932217401250338,[0.005932]
leaderless,C3_lider_curta,14,pv3,828,50.00017464108199,41.896386337697045,8.103788303384945,0.16207507442449856,1.051584134780224,1.0492185478025784,1.0504977861724873,1.0507655989240539,3.0,False,0.0,0.16207519996793318,68.0,convergiu,convergiu,True,False,False,0.005932245094882164,0.005932245094882164,,,,,False,0.005932217401250338,[0.005932]
leaderless,C3_lider_curta,14,pv4,830,65.00026956577598,54.478970354412425,10.521299211363555,0.16186530679612104,1.0483035673740253,1.0457345610855258,1.0504977861724873,1.0507655989240539,4.0,False,0.0,0.16186547043034483,68.0,convergiu,convergiu,True,False,False,0.005932245094882164,0.005932245094882164,,,,,False,0.005932217401250338,[0.005932]
leaderless,C3_lider_curta,14,pv5,850,45.00014513832714,37.480902426660755,7.5192427116663865,0.16709363140730424,1.0526360952837714,1.0504977861724873,1.0504977861724873,1.0507655989240539,5.0,False,0.0,0.16709374355466602,68.0,convergiu,convergiu,True,False,False,0.005932245094882164,0.005932245094882164,,,,,False,0.005932217401250338,[0.005932]
leaderless,C3_lider_curta,14,pv6,832,57.50032271332255,48.20883864406236,9.291484069260186,0.16158986673339323,1.041720637091087,1.038975961817025,1.0504977861724873,1.0507655989240539,6.0,False,0.0,0.16159012038218343,68.0,convergiu,convergiu,True,False,False,0.005932245094882164,0.005932245094882164,,,,,False,0.005932217401250338,[0.005932]
leaderless,C3_lider_curta,15,pv2,816,28.12494777047007,28.12494777047007,0.0,0.0,1.0386370242003247,1.0386370242003247,1.0387127583056504,1.0502955100132891,1.0,True,0.0,0.0,0.0,sem_sobretensao,sem_sobretensao,True,True,False,0.0,0.0,,,,,False,0.0,[0.0]
leaderless,C3_lider_curta,15,pv1,824,33.74993265576544,33.74993265576544,0.0,0.0,1.0361657626140055,1.0361657626140055,1.0387127583056504,1.0502955100132891,2.0,False,0.0,0.0,0.0,sem_sobretensao,sem_sobretensao,True,True,False,0.0,0.0,,,,,False,0.0,[0.0]
leaderless,C3_lider_curta,15,pv3,828,22.499954834109634,22.499954834109634,0.0,0.0,1.0359378482600161,1.0359378482600161,1.0387127583056504,1.0502955100132891,3.0,False,0.0,0.0,0.0,sem_sobretensao,sem_sobretensao,True,True,False,0.0,0.0,,,,,False,0.0,[0.0]
leaderless,C3_lider_curta,15,pv4,830,29.24993235059054,29.24993235059054,0.0,0.0,1.0302157541130381,1.0302157541130381,1.0387127583056504,1.0502955100132891,4.0,False,0.0,0.0,0.0,sem_sobretensao,sem_sobretensao,True,True,False,0.0,0.0,,,,,False,0.0,[0.0]
leaderless,C3_lider_curta,15,pv5,850,20.249962546409698,20.249962546409698,0.0,0.0,1.0387127583056504,1.0387127583056504,1.0387127583056504,1.0502955100132891,5.0,False,0.0,0.0,0.0,sem_sobretensao,sem_sobretensao,True,True,False,0.0,0.0,,,,,False,0.0,[0.0]
leaderless,C3_lider_curta,15,pv6,832,25.874924488489185,25.874924488489185,0.0,0.0,1.0199321297314483,1.0199321297314483,1.0387127583056504,1.0502955100132891,6.0,False,0.0,0.0,0.0,sem_sobretensao,sem_sobretensao,True,True,False,0.0,0.0,,,,,False,0.0,[0.0]
leaderless,C3_lider_curta,16,pv2,816,3.1250322945966156,3.1250322945966156,0.0,0.0,1.0394703803118939,1.0394703803118939,1.0395419414769755,1.0504162382879945,1.0,True,0.0,0.0,0.0,sem_sobretensao,sem_sobretensao,True,True,False,0.0,0.0,,,,,False,0.0,[0.0]
leaderless,C3_lider_curta,16,pv1,824,3.7500421409592146,3.7500421409592146,0.0,0.0,1.037249237228996,1.037249237228996,1.0395419414769755,1.0504162382879945,2.0,False,0.0,0.0,0.0,sem_sobretensao,sem_sobretensao,True,True,False,0.0,0.0,,,,,False,0.0,[0.0]
leaderless,C3_lider_curta,16,pv3,828,2.5000282767909323,2.5000282767909323,0.0,0.0,1.0370563779560686,1.0370563779560686,1.0395419414769755,1.0504162382879945,3.0,False,0.0,0.0,0.0,sem_sobretensao,sem_sobretensao,True,True,False,0.0,0.0,,,,,False,0.0,[0.0]
leaderless,C3_lider_curta,16,pv4,830,3.250042548739909,3.250042548739909,0.0,0.0,1.032388850852863,1.032388850852863,1.0395419414769755,1.0504162382879945,4.0,False,0.0,0.0,0.0,sem_sobretensao,sem_sobretensao,True,True,False,0.0,0.0,,,,,False,0.0,[0.0]
leaderless,C3_lider_curta,16,pv5,850,2.250023159170765,2.250023159170765,0.0,0.0,1.0395419414769755,1.0395419414769755,1.0395419414769755,1.0504162382879945,5.0,False,0.0,0.0,0.0,sem_sobretensao,sem_sobretensao,True,True,False,0.0,0.0,,,,,False,0.0,[0.0]
leaderless,C3_lider_curta,16,pv6,832,2.875047132931354,2.875047132931354,0.0,0.0,1.024446903547255,1.024446903547255,1.0395419414769755,1.0504162382879945,6.0,False,0.0,0.0,0.0,sem_sobretensao,sem_sobretensao,True,True,False,0.0,0.0,,,,,False,0.0,[0.0]
leaderless,C3_lider_curta,17,pv2,816,-0.0,-0.0,0.0,0.0,1.0319530456641133,1.0319530456641133,1.0320537436109638,1.0501995250985579,1.0,True,0.0,,0.0,sem_sobretensao,sem_sobretensao,True,True,False,0.0,0.0,,,,,False,,[null]
leaderless,C3_lider_curta,17,pv1,824,-0.0,-0.0,0.0,0.0,1.0288097422283975,1.0288097422283975,1.0320537436109638,1.0501995250985579,2.0,False,0.0,,0.0,sem_sobretensao,sem_sobretensao,True,True,False,0.0,0.0,,,,,False,,[null]
leaderless,C3_lider_curta,17,pv3,828,-0.0,-0.0,0.0,0.0,1.0285410077167667,1.0285410077167667,1.0320537436109638,1.0501995250985579,3.0,False,0.0,,0.0,sem_sobretensao,sem_sobretensao,True,True,False,0.0,0.0,,,,,False,,[null]
leaderless,C3_lider_curta,17,pv4,830,-0.0,-0.0,0.0,0.0,1.0220651174905713,1.0220651174905713,1.0320537436109638,1.0501995250985579,4.0,False,0.0,,0.0,sem_sobretensao,sem_sobretensao,True,True,False,0.0,0.0,,,,,False,,[null]
leaderless,C3_lider_curta,17,pv5,850,-0.0,-0.0,0.0,0.0,1.0320537436109638,1.0320537436109638,1.0320537436109638,1.0501995250985579,5.0,False,0.0,,0.0,sem_sobretensao,sem_sobretensao,True,True,False,0.0,0.0,,,,,False,,[null]
leaderless,C3_lider_curta,17,pv6,832,-0.0,-0.0,0.0,0.0,1.0109757984235852,1.0109757984235852,1.0320537436109638,1.0501995250985579,6.0,False,0.0,,0.0,sem_sobretensao,sem_sobretensao,True,True,False,0.0,0.0,,,,,False,,[null]
leaderless,C3_lider_curta,18,pv2,816,-0.0,-0.0,0.0,0.0,1.0353684495010183,1.0353684495010183,1.0354558554930642,1.0503034017860868,1.0,True,0.0,,0.0,sem_sobretensao,sem_sobretensao,True,True,False,0.0,0.0,,,,,False,,[null]
leaderless,C3_lider_curta,18,pv1,824,-0.0,-0.0,0.0,0.0,1.0326523500430973,1.0326523500430973,1.0354558554930642,1.0503034017860868,2.0,False,0.0,,0.0,sem_sobretensao,sem_sobretensao,True,True,False,0.0,0.0,,,,,False,,[null]
leaderless,C3_lider_curta,18,pv3,828,-0.0,-0.0,0.0,0.0,1.0324195763808064,1.0324195763808064,1.0354558554930642,1.0503034017860868,3.0,False,0.0,,0.0,sem_sobretensao,sem_sobretensao,True,True,False,0.0,0.0,,,,,False,,[null]
leaderless,C3_lider_curta,18,pv4,830,-0.0,-0.0,0.0,0.0,1.02681295674242,1.02681295674242,1.0354558554930642,1.0503034017860868,4.0,False,0.0,,0.0,sem_sobretensao,sem_sobretensao,True,True,False,0.0,0.0,,,,,False,,[null]
leaderless,C3_lider_curta,18,pv5,850,-0.0,-0.0,0.0,0.0,1.0354558554930642,1.0354558554930642,1.0354558554930642,1.0503034017860868,5.0,False,0.0,,0.0,sem_sobretensao,sem_sobretensao,True,True,False,0.0,0.0,,,,,False,,[null]
leaderless,C3_lider_curta,18,pv6,832,-0.0,-0.0,0.0,0.0,1.017265056101975,1.017265056101975,1.0354558554930642,1.0503034017860868,6.0,False,0.0,,0.0,sem_sobretensao,sem_sobretensao,True,True,False,0.0,0.0,,,,,False,,[null]
leaderless,C3_lider_curta,19,pv2,816,-0.0,-0.0,0.0,0.0,1.012463803494029,1.012463803494029,1.0126403397694483,1.0496066048479267,1.0,True,0.0,,0.0,sem_sobretensao,sem_sobretensao,True,True,False,0.0,0.0,,,,,False,,[null]
leaderless,C3_lider_curta,19,pv1,824,-0.0,-0.0,0.0,0.0,1.0068862241138112,1.0068862241138112,1.0126403397694483,1.0496066048479267,2.0,False,0.0,,0.0,sem_sobretensao,sem_sobretensao,True,True,False,0.0,0.0,,,,,False,,[null]
leaderless,C3_lider_curta,19,pv3,828,-0.0,-0.0,0.0,0.0,1.00641255022254,1.00641255022254,1.0126403397694483,1.0496066048479267,3.0,False,0.0,,0.0,sem_sobretensao,sem_sobretensao,True,True,False,0.0,0.0,,,,,False,,[null]
leaderless,C3_lider_curta,19,pv4,830,-0.0,-0.0,0.0,0.0,0.9949844738133675,0.9949844738133675,1.0126403397694483,1.0496066048479267,4.0,False,0.0,,0.0,sem_sobretensao,sem_sobretensao,True,True,False,0.0,0.0,,,,,False,,[null]
leaderless,C3_lider_curta,19,pv5,850,-0.0,-0.0,0.0,0.0,1.0126403397694483,1.0126403397694483,1.0126403397694483,1.0496066048479267,5.0,False,0.0,,0.0,sem_sobretensao,sem_sobretensao,True,True,False,0.0,0.0,,,,,False,,[null]
leaderless,C3_lider_curta,19,pv6,832,-0.0,-0.0,0.0,0.0,0.9751062275735913,0.9751062275735913,1.0126403397694483,1.0496066048479267,6.0,False,0.0,,0.0,sem_sobretensao,sem_sobretensao,True,True,False,0.0,0.0,,,,,False,,[null]
leaderless,C3_lider_curta,20,pv2,816,-0.0,-0.0,0.0,0.0,1.0078351504741658,1.0078351504741658,1.008029696164423,1.0494657402550034,1.0,True,0.0,,0.0,sem_sobretensao,sem_sobretensao,True,True,False,0.0,0.0,,,,,False,,[null]
leaderless,C3_lider_curta,20,pv1,824,-0.0,-0.0,0.0,0.0,1.0016803252824402,1.0016803252824402,1.008029696164423,1.0494657402550034,2.0,False,0.0,,0.0,sem_sobretensao,sem_sobretensao,True,True,False,0.0,0.0,,,,,False,,[null]
leaderless,C3_lider_curta,20,pv3,828,-0.0,-0.0,0.0,0.0,1.001158047785484,1.001158047785484,1.008029696164423,1.0494657402550034,3.0,False,0.0,,0.0,sem_sobretensao,sem_sobretensao,True,True,False,0.0,0.0,,,,,False,,[null]
leaderless,C3_lider_curta,20,pv4,830,-0.0,-0.0,0.0,0.0,0.9885559519361026,0.9885559519361026,1.008029696164423,1.0494657402550034,4.0,False,0.0,,0.0,sem_sobretensao,sem_sobretensao,True,True,False,0.0,0.0,,,,,False,,[null]
leaderless,C3_lider_curta,20,pv5,850,-0.0,-0.0,0.0,0.0,1.008029696164423,1.008029696164423,1.008029696164423,1.0494657402550034,5.0,False,0.0,,0.0,sem_sobretensao,sem_sobretensao,True,True,False,0.0,0.0,,,,,False,,[null]
leaderless,C3_lider_curta,20,pv6,832,-0.0,-0.0,0.0,0.0,0.9665920784800833,0.9665920784800833,1.008029696164423,1.0494657402550034,6.0,False,0.0,,0.0,sem_sobretensao,sem_sobretensao,True,True,False,0.0,0.0,,,,,False,,[null]
leaderless,C3_lider_curta,21,pv2,816,-0.0,-0.0,0.0,0.0,1.0061895964378376,1.0061895964378376,1.0063905442901249,1.0494156571369113,1.0,True,0.0,,0.0,sem_sobretensao,sem_sobretensao,True,True,False,0.0,0.0,,,,,False,,[null]
leaderless,C3_lider_curta,21,pv1,824,-0.0,-0.0,0.0,0.0,0.9998296239446811,0.9998296239446811,1.0063905442901249,1.0494156571369113,2.0,False,0.0,,0.0,sem_sobretensao,sem_sobretensao,True,True,False,0.0,0.0,,,,,False,,[null]
leaderless,C3_lider_curta,21,pv3,828,-0.0,-0.0,0.0,0.0,0.9992900728255066,0.9992900728255066,1.0063905442901249,1.0494156571369113,3.0,False,0.0,,0.0,sem_sobretensao,sem_sobretensao,True,True,False,0.0,0.0,,,,,False,,[null]
leaderless,C3_lider_curta,21,pv4,830,-0.0,-0.0,0.0,0.0,0.9862707730472379,0.9862707730472379,1.0063905442901249,1.0494156571369113,4.0,False,0.0,,0.0,sem_sobretensao,sem_sobretensao,True,True,False,0.0,0.0,,,,,False,,[null]
leaderless,C3_lider_curta,21,pv5,850,-0.0,-0.0,0.0,0.0,1.0063905442901249,1.0063905442901249,1.0063905442901249,1.0494156571369113,5.0,False,0.0,,0.0,sem_sobretensao,sem_sobretensao,True,True,False,0.0,0.0,,,,,False,,[null]
leaderless,C3_lider_curta,21,pv6,832,-0.0,-0.0,0.0,0.0,0.9635655636096437,0.9635655636096437,1.0063905442901249,1.0494156571369113,6.0,False,0.0,,0.0,sem_sobretensao,sem_sobretensao,True,True,False,0.0,0.0,,,,,False,,[null]
leaderless,C3_lider_curta,22,pv2,816,-0.0,-0.0,0.0,0.0,1.0058618084193778,1.0058618084193778,1.0060640314884584,1.049405687339917,1.0,True,0.0,,0.0,sem_sobretensao,sem_sobretensao,True,True,False,0.0,0.0,,,,,False,,[null]
leaderless,C3_lider_curta,22,pv1,824,-0.0,-0.0,0.0,0.0,0.9994609737243801,0.9994609737243801,1.0060640314884584,1.049405687339917,2.0,False,0.0,,0.0,sem_sobretensao,sem_sobretensao,True,True,False,0.0,0.0,,,,,False,,[null]
leaderless,C3_lider_curta,22,pv3,828,-0.0,-0.0,0.0,0.0,0.9989179819308516,0.9989179819308516,1.0060640314884584,1.049405687339917,3.0,False,0.0,,0.0,sem_sobretensao,sem_sobretensao,True,True,False,0.0,0.0,,,,,False,,[null]
leaderless,C3_lider_curta,22,pv4,830,-0.0,-0.0,0.0,0.0,0.9858155814373922,0.9858155814373922,1.0060640314884584,1.049405687339917,4.0,False,0.0,,0.0,sem_sobretensao,sem_sobretensao,True,True,False,0.0,0.0,,,,,False,,[null]
leaderless,C3_lider_curta,22,pv5,850,-0.0,-0.0,0.0,0.0,1.0060640314884584,1.0060640314884584,1.0060640314884584,1.049405687339917,5.0,False,0.0,,0.0,sem_sobretensao,sem_sobretensao,True,True,False,0.0,0.0,,,,,False,,[null]
leaderless,C3_lider_curta,22,pv6,832,-0.0,-0.0,0.0,0.0,0.9629627164790306,0.9629627164790306,1.0060640314884584,1.049405687339917,6.0,False,0.0,,0.0,sem_sobretensao,sem_sobretensao,True,True,False,0.0,0.0,,,,,False,,[null]
leaderless,C3_lider_curta,23,pv2,816,-0.0,-0.0,0.0,0.0,1.0157857990852877,1.0157857990852877,1.0159494099998212,1.049707699932122,1.0,True,0.0,,0.0,sem_sobretensao,sem_sobretensao,True,True,False,0.0,0.0,,,,,False,,[null]
leaderless,C3_lider_curta,23,pv1,824,-0.0,-0.0,0.0,0.0,1.0106227444912799,1.0106227444912799,1.0159494099998212,1.049707699932122,2.0,False,0.0,,0.0,sem_sobretensao,sem_sobretensao,True,True,False,0.0,0.0,,,,,False,,[null]
leaderless,C3_lider_curta,23,pv3,828,-0.0,-0.0,0.0,0.0,1.010183972127752,1.010183972127752,1.0159494099998212,1.049707699932122,3.0,False,0.0,,0.0,sem_sobretensao,sem_sobretensao,True,True,False,0.0,0.0,,,,,False,,[null]
leaderless,C3_lider_curta,23,pv4,830,-0.0,-0.0,0.0,0.0,0.9995990501550603,0.9995990501550603,1.0159494099998212,1.049707699932122,4.0,False,0.0,,0.0,sem_sobretensao,sem_sobretensao,True,True,False,0.0,0.0,,,,,False,,[null]
leaderless,C3_lider_curta,23,pv5,850,-0.0,-0.0,0.0,0.0,1.0159494099998212,1.0159494099998212,1.0159494099998212,1.049707699932122,5.0,False,0.0,,0.0,sem_sobretensao,sem_sobretensao,True,True,False,0.0,0.0,,,,,False,,[null]
leaderless,C3_lider_curta,23,pv6,832,-0.0,-0.0,0.0,0.0,0.9812181271943429,0.9812181271943429,1.0159494099998212,1.049707699932122,6.0,False,0.0,,0.0,sem_sobretensao,sem_sobretensao,True,True,False,0.0,0.0,,,,,False,,[null]
leaderless,C3_lider_longa,0,pv2,816,-0.0,-0.0,0.0,0.0,1.0450262948633384,1.0450262948633384,1.0450761113146871,1.0505970659065016,1.0,True,0.0,,0.0,sem_sobretensao,sem_sobretensao,True,True,False,0.0,0.0,,,,,False,,[null]
leaderless,C3_lider_longa,0,pv1,824,-0.0,-0.0,0.0,0.0,1.0435191673339028,1.0435191673339028,1.0450761113146871,1.0505970659065016,2.0,False,0.0,,0.0,sem_sobretensao,sem_sobretensao,True,True,False,0.0,0.0,,,,,False,,[null]
leaderless,C3_lider_longa,0,pv3,828,-0.0,-0.0,0.0,0.0,1.043388151795147,1.043388151795147,1.0450761113146871,1.0505970659065016,3.0,False,0.0,,0.0,sem_sobretensao,sem_sobretensao,True,True,False,0.0,0.0,,,,,False,,[null]
leaderless,C3_lider_longa,0,pv4,830,-0.0,-0.0,0.0,0.0,1.0402417834114017,1.0402417834114017,1.0450761113146871,1.0505970659065016,4.0,False,0.0,,0.0,sem_sobretensao,sem_sobretensao,True,True,False,0.0,0.0,,,,,False,,[null]
leaderless,C3_lider_longa,0,pv5,850,-0.0,-0.0,0.0,0.0,1.0450761113146871,1.0450761113146871,1.0450761113146871,1.0505970659065016,5.0,False,0.0,,0.0,sem_sobretensao,sem_sobretensao,True,True,False,0.0,0.0,,,,,False,,[null]
leaderless,C3_lider_longa,0,pv6,832,-0.0,-0.0,0.0,0.0,1.0350545283587615,1.0350545283587615,1.0450761113146871,1.0505970659065016,6.0,False,0.0,,0.0,sem_sobretensao,sem_sobretensao,True,True,False,0.0,0.0,,,,,False,,[null]
leaderless,C3_lider_longa,1,pv2,816,-0.0,-0.0,0.0,0.0,1.0450265903941263,1.0450265903941263,1.0450764055625157,1.0505970903489994,1.0,True,0.0,,0.0,sem_sobretensao,sem_sobretensao,True,True,False,0.0,0.0,,,,,False,,[null]
leaderless,C3_lider_longa,1,pv1,824,-0.0,-0.0,0.0,0.0,1.043519497117978,1.043519497117978,1.0450764055625157,1.0505970903489994,2.0,False,0.0,,0.0,sem_sobretensao,sem_sobretensao,True,True,False,0.0,0.0,,,,,False,,[null]
leaderless,C3_lider_longa,1,pv3,828,-0.0,-0.0,0.0,0.0,1.0433884847070511,1.0433884847070511,1.0450764055625157,1.0505970903489994,3.0,False,0.0,,0.0,sem_sobretensao,sem_sobretensao,True,True,False,0.0,0.0,,,,,False,,[null]
leaderless,C3_lider_longa,1,pv4,830,-0.0,-0.0,0.0,0.0,1.0402421909746427,1.0402421909746427,1.0450764055625157,1.0505970903489994,4.0,False,0.0,,0.0,sem_sobretensao,sem_sobretensao,True,True,False,0.0,0.0,,,,,False,,[null]
leaderless,C3_lider_longa,1,pv5,850,-0.0,-0.0,0.0,0.0,1.0450764055625157,1.0450764055625157,1.0450764055625157,1.0505970903489994,5.0,False,0.0,,0.0,sem_sobretensao,sem_sobretensao,True,True,False,0.0,0.0,,,,,False,,[null]
leaderless,C3_lider_longa,1,pv6,832,-0.0,-0.0,0.0,0.0,1.0350550780786294,1.0350550780786294,1.0450764055625157,1.0505970903489994,6.0,False,0.0,,0.0,sem_sobretensao,sem_sobretensao,True,True,False,0.0,0.0,,,,,False,,[null]
leaderless,C3_lider_longa,2,pv2,816,-0.0,-0.0,0.0,0.0,1.0449571701348623,1.0449571701348623,1.0450072554978003,1.0505949800956955,1.0,True,0.0,,0.0,sem_sobretensao,sem_sobretensao,True,True,False,0.0,0.0,,,,,False,,[null]
leaderless,C3_lider_longa,2,pv1,824,-0.0,-0.0,0.0,0.0,1.0434413812534846,1.0434413812534846,1.0450072554978003,1.0505949800956955,2.0,False,0.0,,0.0,sem_sobretensao,sem_sobretensao,True,True,False,0.0,0.0,,,,,False,,[null]
leaderless,C3_lider_longa,2,pv3,828,-0.0,-0.0,0.0,0.0,1.0433096369965242,1.0433096369965242,1.0450072554978003,1.0505949800956955,3.0,False,0.0,,0.0,sem_sobretensao,sem_sobretensao,True,True,False,0.0,0.0,,,,,False,,[null]
leaderless,C3_lider_longa,2,pv4,830,-0.0,-0.0,0.0,0.0,1.0401456464219774,1.0401456464219774,1.0450072554978003,1.0505949800956955,4.0,False,0.0,,0.0,sem_sobretensao,sem_sobretensao,True,True,False,0.0,0.0,,,,,False,,[null]
leaderless,C3_lider_longa,2,pv5,850,-0.0,-0.0,0.0,0.0,1.0450072554978003,1.0450072554978003,1.0450072554978003,1.0505949800956955,5.0,False,0.0,,0.0,sem_sobretensao,sem_sobretensao,True,True,False,0.0,0.0,,,,,False,,[null]
leaderless,C3_lider_longa,2,pv6,832,-0.0,-0.0,0.0,0.0,1.0349271785104095,1.0349271785104095,1.0450072554978003,1.0505949800956955,6.0,False,0.0,,0.0,sem_sobretensao,sem_sobretensao,True,True,False,0.0,0.0,,,,,False,,[null]
leaderless,C3_lider_longa,3,pv2,816,-0.0,-0.0,0.0,0.0,1.0449571021647746,1.0449571021647746,1.0450071878057714,1.0505949776249717,1.0,True,0.0,,0.0,sem_sobretensao,sem_sobretensao,True,True,False,0.0,0.0,,,,,False,,[null]
leaderless,C3_lider_longa,3,pv1,824,-0.0,-0.0,0.0,0.0,1.043441305274198,1.043441305274198,1.0450071878057714,1.0505949776249717,2.0,False,0.0,,0.0,sem_sobretensao,sem_sobretensao,True,True,False,0.0,0.0,,,,,False,,[null]
leaderless,C3_lider_longa,3,pv3,828,-0.0,-0.0,0.0,0.0,1.043309560339792,1.043309560339792,1.0450071878057714,1.0505949776249717,3.0,False,0.0,,0.0,sem_sobretensao,sem_sobretensao,True,True,False,0.0,0.0,,,,,False,,[null]
leaderless,C3_lider_longa,3,pv4,830,-0.0,-0.0,0.0,0.0,1.0401455535283302,1.0401455535283302,1.0450071878057714,1.0505949776249717,4.0,False,0.0,,0.0,sem_sobretensao,sem_sobretensao,True,True,False,0.0,0.0,,,,,False,,[null]
leaderless,C3_lider_longa,3,pv5,850,-0.0,-0.0,0.0,0.0,1.0450071878057714,1.0450071878057714,1.0450071878057714,1.0505949776249717,5.0,False,0.0,,0.0,sem_sobretensao,sem_sobretensao,True,True,False,0.0,0.0,,,,,False,,[null]
leaderless,C3_lider_longa,3,pv6,832,-0.0,-0.0,0.0,0.0,1.0349270553472671,1.0349270553472671,1.0450071878057714,1.0505949776249717,6.0,False,0.0,,0.0,sem_sobretensao,sem_sobretensao,True,True,False,0.0,0.0,,,,,False,,[null]
leaderless,C3_lider_longa,4,pv2,816,-0.0,-0.0,0.0,0.0,1.045026523122921,1.045026523122921,1.045076338566197,1.0505970879234294,1.0,True,0.0,,0.0,sem_sobretensao,sem_sobretensao,True,True,False,0.0,0.0,,,,,False,,[null]
leaderless,C3_lider_longa,4,pv1,824,-0.0,-0.0,0.0,0.0,1.0435194219130084,1.0435194219130084,1.045076338566197,1.0505970879234294,2.0,False,0.0,,0.0,sem_sobretensao,sem_sobretensao,True,True,False,0.0,0.0,,,,,False,,[null]
leaderless,C3_lider_longa,4,pv3,828,-0.0,-0.0,0.0,0.0,1.0433884088314556,1.0433884088314556,1.045076338566197,1.0505970879234294,3.0,False,0.0,,0.0,sem_sobretensao,sem_sobretensao,True,True,False,0.0,0.0,,,,,False,,[null]
leaderless,C3_lider_longa,4,pv4,830,-0.0,-0.0,0.0,0.0,1.0402420990252506,1.0402420990252506,1.045076338566197,1.0505970879234294,4.0,False,0.0,,0.0,sem_sobretensao,sem_sobretensao,True,True,False,0.0,0.0,,,,,False,,[null]
leaderless,C3_lider_longa,4,pv5,850,-0.0,-0.0,0.0,0.0,1.045076338566197,1.045076338566197,1.045076338566197,1.0505970879234294,5.0,False,0.0,,0.0,sem_sobretensao,sem_sobretensao,True,True,False,0.0,0.0,,,,,False,,[null]
leaderless,C3_lider_longa,4,pv6,832,-0.0,-0.0,0.0,0.0,1.035054956170032,1.035054956170032,1.045076338566197,1.0505970879234294,6.0,False,0.0,,0.0,sem_sobretensao,sem_sobretensao,True,True,False,0.0,0.0,,,,,False,,[null]
leaderless,C3_lider_longa,5,pv2,816,-0.0,-0.0,0.0,0.0,1.046437942275659,1.046437942275659,1.0464804756969757,1.05063939179868,1.0,True,0.0,,0.0,sem_sobretensao,sem_sobretensao,True,True,False,0.0,0.0,,,,,False,,[null]
leaderless,C3_lider_longa,5,pv1,824,-0.0,-0.0,0.0,0.0,1.0450850714048536,1.0450850714048536,1.0464804756969757,1.05063939179868,2.0,False,0.0,,0.0,sem_sobretensao,sem_sobretensao,True,True,False,0.0,0.0,,,,,False,,[null]
leaderless,C3_lider_longa,5,pv3,828,-0.0,-0.0,0.0,0.0,1.044968726726859,1.044968726726859,1.0464804756969757,1.05063939179868,3.0,False,0.0,,0.0,sem_sobretensao,sem_sobretensao,True,True,False,0.0,0.0,,,,,False,,[null]
leaderless,C3_lider_longa,5,pv4,830,-0.0,-0.0,0.0,0.0,1.0421771197491476,1.0421771197491476,1.0464804756969757,1.05063939179868,4.0,False,0.0,,0.0,sem_sobretensao,sem_sobretensao,True,True,False,0.0,0.0,,,,,False,,[null]
leaderless,C3_lider_longa,5,pv5,850,-0.0,-0.0,0.0,0.0,1.0464804756969757,1.0464804756969757,1.0464804756969757,1.05063939179868,5.0,False,0.0,,0.0,sem_sobretensao,sem_sobretensao,True,True,False,0.0,0.0,,,,,False,,[null]
leaderless,C3_lider_longa,5,pv6,832,-0.0,-0.0,0.0,0.0,1.0376184354041749,1.0376184354041749,1.0464804756969757,1.05063939179868,6.0,False,0.0,,0.0,sem_sobretensao,sem_sobretensao,True,True,False,0.0,0.0,,,,,False,,[null]
leaderless,C3_lider_longa,6,pv2,816,15.625241782068514,15.625241782068514,0.0,0.0,1.0483407437819094,1.0483407437819094,1.0483782454548018,1.0506384889471005,1.0,True,0.0,0.0,0.0,sem_sobretensao,sem_sobretensao,True,True,False,0.0,0.0,,,,,False,0.0,[0.0]
leaderless,C3_lider_longa,6,pv1,824,18.7503236717592,18.7503236717592,0.0,0.0,1.0471579048369506,1.0471579048369506,1.0483782454548018,1.0506384889471005,2.0,False,0.0,0.0,0.0,sem_sobretensao,sem_sobretensao,True,True,False,0.0,0.0,,,,,False,0.0,[0.0]
leaderless,C3_lider_longa,6,pv3,828,12.500217712144039,12.500217712144039,0.0,0.0,1.0470455387298745,1.0470455387298745,1.0483782454548018,1.0506384889471005,3.0,False,0.0,0.0,0.0,sem_sobretensao,sem_sobretensao,True,True,False,0.0,0.0,,,,,False,0.0,[0.0]
leaderless,C3_lider_longa,6,pv4,830,16.250349249231203,16.250349249231203,0.0,0.0,1.0442222095150686,1.0442222095150686,1.0483782454548018,1.0506384889471005,4.0,False,0.0,0.0,0.0,sem_sobretensao,sem_sobretensao,True,True,False,0.0,0.0,,,,,False,0.0,[0.0]
leaderless,C3_lider_longa,6,pv5,850,11.250173385025839,11.250173385025839,0.0,0.0,1.0483782454548018,1.0483782454548018,1.0483782454548018,1.0506384889471005,5.0,False,0.0,0.0,0.0,sem_sobretensao,sem_sobretensao,True,True,False,0.0,0.0,,,,,False,0.0,[0.0]
leaderless,C3_lider_longa,6,pv6,832,14.375428037447017,14.375428037447017,0.0,0.0,1.0393165620198634,1.0393165620198634,1.0483782454548018,1.0506384889471005,6.0,False,0.0,0.0,0.0,sem_sobretensao,sem_sobretensao,True,True,False,0.0,0.0,,,,,False,0.0,[0.0]
leaderless,C3_lider_longa,7,pv2,816,46.87517293313687,18.61656406957986,28.258608863557008,0.6028480375417025,1.0562538666391141,1.050465171521414,1.0504945077928125,1.0507967743424314,1.0,True,0.0,0.6028480983710784,112.0,convergiu,convergiu,True,False,False,0.005628675277476607,0.005628675277476607,,,,,False,0.0056286640961646,[0.005629]
leaderless,C3_lider_longa,7,pv1,824,56.25022149623055,22.921835003325622,33.328386492904926,0.592502246903081,1.0558852978158424,1.0495318067162607,1.0504945077928125,1.0507967743424314,2.0,False,0.0,0.5925023156600073,112.0,convergiu,convergiu,True,False,False,0.005628675277476607,0.005628675277476607,,,,,False,0.0056286640961646,[0.005629]
leaderless,C3_lider_longa,7,pv3,828,37.5001485947879,15.481335540859565,22.018813053928337,0.5871659512259305,1.0558243986090117,1.0494385326020443,1.0504945077928125,1.0507967743424314,3.0,False,0.0,0.5871660214431444,112.0,convergiu,convergiu,True,False,False,0.005628675277476607,0.005628675277476607,,,,,False,0.0056286640961646,[0.005629]
leaderless,C3_lider_longa,7,pv4,830,48.75022589866941,20.13155181872286,28.618674079946555,0.5870469196890805,1.0539937130575454,1.0470467783556865,1.0504945077928125,1.0507967743424314,4.0,False,0.0,0.5870470044473717,112.0,convergiu,convergiu,True,False,False,0.005628675277476607,0.005628675277476607,,,,,False,0.0056286640961646,[0.005629]
leaderless,C3_lider_longa,7,pv5,850,33.75012402307615,13.764232247544683,19.985891775531464,0.5921723328187174,1.056261646345798,1.0504945077928125,1.0504945077928125,1.0507967743424314,5.0,False,0.0,0.5921723950367236,112.0,convergiu,convergiu,True,False,False,0.005628675277476607,0.005628675277476607,,,,,False,0.0056286640961646,[0.005629]
leaderless,C3_lider_longa,7,pv6,832,43.12526281682057,17.81554256744698,25.309720249373594,0.586888373065498,1.0502737503980764,1.0428373103003943,1.0504945077928125,1.0507967743424314,6.0,False,0.0,0.5868884870772728,112.0,convergiu,convergiu,True,False,False,0.005628675277476607,0.005628675277476607,,,,,False,0.0056286640961646,[0.005629]
leaderless,C3_lider_longa,8,pv2,816,85.41699518351156,37.76369215885982,47.65330302465174,0.5578900824506071,1.0600225764112021,1.0504587822863145,1.0504888723268433,1.0507773511993275,1.0,True,0.0,0.557890182419464,71.0,convergiu,convergiu,True,False,False,0.006457805843715731,0.006457805843715731,,,,,False,0.00645778290536155,[0.006458]
leaderless,C3_lider_longa,8,pv1,824,102.5004218229993,46.50469541302022,55.99572640997908,0.546297408824497,1.0599113579217716,1.0494133938882992,1.0504888723268433,1.0507773511993275,2.0,False,0.0,0.546297521649951,71.0,convergiu,convergiu,True,False,False,0.006457805843715731,0.006457805843715731,,,,,False,0.00645778290536155,[0.006458]
leaderless,C3_lider_longa,8,pv3,828,68.33361550646674,31.409825213160943,36.9237902933058,0.540345804005245,1.05985117379965,1.0492998340560133,1.0504888723268433,1.0507773511993275,3.0,False,0.0,0.5403459193493357,71.0,convergiu,convergiu,True,False,False,0.006457805843715731,0.006457805843715731,,,,,False,0.00645778290536155,[0.006458]
leaderless,C3_lider_longa,8,pv4,830,88.83371850555443,40.87413459822744,47.95958390732699,0.53988026007811,1.05772811502514,1.0462548269136773,1.0504888723268433,1.0507773511993275,4.0,False,0.0,0.5398804048074185,71.0,convergiu,convergiu,True,False,False,0.006457805843715731,0.006457805843715731,,,,,False,0.00645778290536155,[0.006458]
leaderless,C3_lider_longa,8,pv5,850,61.500235620248745,27.979467671355017,33.52076794889373,0.5450509467027748,1.0600169249791909,1.0504888723268433,1.0504888723268433,1.0507773511993275,5.0,False,0.0,0.5450510491679665,71.0,convergiu,convergiu,True,False,False,0.006457805843715731,0.006457805843715731,,,,,False,0.00645778290536155,[0.006458]
leaderless,C3_lider_longa,8,pv6,832,78.58368138197022,36.219477130947766,42.36420425102246,0.539096502049424,1.0527861135197867,1.0405174242811683,1.0504888723268433,1.0507773511993275,6.0,False,0.0,0.539096712014592,71.0,convergiu,convergiu,True,False,False,0.006457805843715731,0.006457805843715731,,,,,False,0.00645778290536155,[0.006458]
leaderless,C3_lider_longa,9,pv2,816,109.37601310477916,43.85661746808266,65.5193956366965,0.5990288168021676,1.0634560310644599,1.050455192632807,1.050485530723397,1.0507687603937348,1.0,True,0.0,0.599028925784036,59.0,convergiu,convergiu,True,False,False,0.007244773301627788,0.007244773301627788,,,,,False,0.007244744807660044,[0.007245]
leaderless,C3_lider_longa,9,pv1,824,131.25131079088754,54.29578728987616,76.95552350101138,0.5863218189255889,1.0636450085593006,1.049374070465468,1.050485530723397,1.0507687603937348,2.0,False,0.0,0.5863219425184911,59.0,convergiu,convergiu,True,False,False,0.007244773301627788,0.007244773301627788,,,,,False,0.007244744807660044,[0.007245]
leaderless,C3_lider_longa,9,pv3,828,87.50087713617727,36.760411438833685,50.74046569734358,0.5798850968193269,1.0635972316987168,1.049253909669607,1.050485530723397,1.0507687603937348,3.0,False,0.0,0.5798852235318327,59.0,convergiu,convergiu,True,False,False,0.007244773301627788,0.007244773301627788,,,,,False,0.007244744807660044,[0.007245]
leaderless,C3_lider_longa,9,pv4,830,113.75120271145519,47.882755265647305,65.86844744580789,0.5790569900713987,1.0615841263923187,1.0459946177608517,1.050485530723397,1.0507687603937348,4.0,False,0.0,0.579057151711106,59.0,convergiu,convergiu,True,False,False,0.007244773301627788,0.007244773301627788,,,,,False,0.007244744807660044,[0.007245]
leaderless,C3_lider_longa,9,pv5,850,78.75072660212736,32.74787341047341,46.00285319165395,0.5841577127097466,1.063437708519427,1.050485530723397,1.050485530723397,1.0507687603937348,5.0,False,0.0,0.5841578252867985,59.0,convergiu,convergiu,True,False,False,0.007244773301627788,0.007244773301627788,,,,,False,0.007244744807660044,[0.007245]
leaderless,C3_lider_longa,9,pv6,832,100.62608269869301,42.519329479576,58.10675321911701,0.5774519620583298,1.056404228700457,1.0397522203228986,1.050485530723397,1.0507687603937348,6.0,False,0.0,0.577452203849646,59.0,convergiu,convergiu,True,False,False,0.007244773301627788,0.007244773301627788,,,,,False,0.007244744807660044,[0.007245]
leaderless,C3_lider_longa,10,pv2,816,122.91832475882163,19.74024025273765,103.17808450608398,0.8394035634666908,1.064798882698967,1.0504570023125843,1.050488284844397,1.0507624293356874,1.0,True,0.0,0.8394036016072459,52.0,convergiu,convergiu,True,False,False,0.11847209771057311,0.002057508560706017,,,,,False,0.11847205463629466,"[0.0, 0.002058]"
leaderless,C3_lider_longa,10,pv1,824,147.5021567057664,70.6907430582811,76.8114136474853,0.5207476106283894,1.0650831816200739,1.0494725596714067,1.050488284844397,1.0507624293356874,2.0,False,1.0,0.5207477325277812,52.0,convergiu,convergiu,True,False,False,0.11847209771057311,0.002057508560706017,,,,,False,0.11847205463629466,"[0.0, 0.002058]"
leaderless,C3_lider_longa,10,pv3,828,98.33477677714646,47.28513822331305,51.04963855383341,0.5191411226819849,1.0650361551409906,1.0493530253276369,1.050488284844397,1.0507624293356874,3.0,False,1.0,0.5191412461282734,52.0,convergiu,convergiu,True,False,False,0.11847209771057311,0.002057508560706017,,,,,False,0.11847205463629466,"[0.0, 0.002058]"
leaderless,C3_lider_longa,10,pv4,830,127.83531369216493,61.26580451488849,66.56950917727644,0.5207441264349756,1.0629336672519711,1.0460014897610186,1.050488284844397,1.0507624293356874,4.0,False,1.0,0.5207442861804196,52.0,convergiu,convergiu,True,False,False,0.11847209771057311,0.002057508560706017,,,,,False,0.11847205463629466,"[0.0, 0.002058]"
leaderless,C3_lider_longa,10,pv5,850,88.50118918741757,42.0122915920401,46.488897595377466,0.5252911072259739,1.0647757090247283,1.050488284844397,1.050488284844397,1.0507624293356874,5.0,False,1.0,0.5252912194990811,52.0,convergiu,convergiu,True,False,False,0.11847209771057311,0.002057508560706017,,,,,False,0.11847205463629466,"[0.0, 0.002058]"
leaderless,C3_lider_longa,10,pv6,832,113.08509904362477,54.074593600165116,59.01050544345965,0.5218236319133482,1.0573508157047873,1.039355656807021,1.050488284844397,1.0507624293356874,6.0,False,1.0,0.5218238825673682,52.0,convergiu,convergiu,True,False,False,0.11847209771057311,0.002057508560706017,,,,,False,0.11847205463629466,"[0.0, 0.002058]"
leaderless,C3_lider_longa,11,pv2,816,125.0009529236251,69.85159761728335,55.14935530634176,0.44119136372198303,1.0612357650403805,1.0504631345706807,1.0504943244944533,1.0507403164527338,1.0,True,0.0,0.4411914790764652,52.0,convergiu,convergiu,True,False,False,0.007857221419306323,0.007857221419306323,,,,,False,0.007857177400570644,[0.007857]
leaderless,C3_lider_longa,11,pv1,824,150.00122938952785,85.8668825341033,64.13434685542455,0.4275586790344601,1.0610597690848909,1.0492354391352074,1.0504943244944533,1.0507403164527338,2.0,False,0.0,0.42755880812735536,52.0,convergiu,convergiu,True,False,False,0.007857221419306323,0.007857221419306323,,,,,False,0.007857177400570644,[0.007857]
leaderless,C3_lider_longa,11,pv3,828,100.0008219005811,57.932452338299456,42.068369562281646,0.42068010576203535,1.0609725895127444,1.049088400410102,1.0504943244944533,1.0507403164527338,3.0,False,0.0,0.42068023804949534,52.0,convergiu,convergiu,True,False,False,0.007857221419306323,0.007857221419306323,,,,,False,0.007857177400570644,[0.007857]
leaderless,C3_lider_longa,11,pv4,830,130.0010904130483,75.4476316594639,54.55345875358441,0.41963828371658884,1.0578779449543274,1.0449627923713167,1.0504943244944533,1.0507403164527338,4.0,False,0.0,0.41963847057169634,52.0,convergiu,convergiu,True,False,False,0.007857221419306323,0.007857221419306323,,,,,False,0.007857177400570644,[0.007857]
leaderless,C3_lider_longa,11,pv5,850,90.00068342815126,51.76426211402789,38.23642131412337,0.4248457813235476,1.0612265450395133,1.0504943244944533,1.0504943244944533,1.0507403164527338,5.0,False,0.0,0.42484589958306274,52.0,convergiu,convergiu,True,False,False,0.007857221419306323,0.007857221419306323,,,,,False,0.007857177400570644,[0.007857]
leaderless,C3_lider_longa,11,pv6,832,115.00089561432188,66.97571221593893,48.02518339838295,0.4176067100259566,1.0504893345040993,1.0366916572437361,1.0504943244944533,1.0507403164527338,6.0,False,0.0,0.41760703811772776,52.0,convergiu,convergiu,True,False,False,0.007857221419306323,0.007857221419306323,,,,,False,0.007857177400570644,[0.007857]
leaderless,C3_lider_longa,12,pv2,816,114.58396778267678,73.41529493210325,41.16867285057353,0.3592881368358764,1.0584759980523848,1.0504644472196403,1.0504957325254485,1.050736630520015,1.0,True,0.0,0.35928824640332935,54.0,convergiu,convergiu,True,False,False,0.007378864942529741,0.007378864942529741,,,,,False,0.0073788214294956845,[0.007379]
leaderless,C3_lider_longa,12,pv1,824,137.50081169880985,89.8831769627817,47.61763473602815,0.3463079045817823,1.0580095021842781,1.0492171882481451,1.0504957325254485,1.050736630520015,2.0,False,0.0,0.3463080264597471,54.0,convergiu,convergiu,True,False,False,0.007378864942529741,0.007378864942529741,,,,,False,0.0073788214294956845,[0.007379]
leaderless,C3_lider_longa,12,pv3,828,91.66720981717799,60.52871081789592,31.13849899928207,0.3396905788358884,1.0579033715498882,1.0490666577197336,1.0504957325254485,1.050736630520015,3.0,False,0.0,0.3396907035938479,54.0,convergiu,convergiu,True,False,False,0.007378864942529741,0.007378864942529741,,,,,False,0.0073788214294956845,[0.007379]
leaderless,C3_lider_longa,12,pv4,830,119.16742071271902,78.78413221559724,40.38328849712178,0.3388784177239749,1.0544313943894732,1.044830068015459,1.0504957325254485,1.050736630520015,4.0,False,0.0,0.33887859832491596,54.0,convergiu,convergiu,True,False,False,0.007378864942529741,0.007378864942529741,,,,,False,0.0073788214294956845,[0.007379]
leaderless,C3_lider_longa,12,pv5,850,82.50045501033189,54.10667388983269,28.3937811204992,0.34416503400947174,1.0584772347635678,1.0504957325254485,1.0504957325254485,1.050736630520015,5.0,False,0.0,0.34416514571881235,54.0,convergiu,convergiu,True,False,False,0.007378864942529741,0.007378864942529741,,,,,False,0.0073788214294956845,[0.007379]
leaderless,C3_lider_longa,12,pv6,832,105.41738626804346,69.84755106613346,35.569835201909996,0.3374187309590462,1.0465580380118653,1.0363023967115843,1.0504957325254485,1.050736630520015,6.0,False,0.0,0.3374190582895598,54.0,convergiu,convergiu,True,False,False,0.007378864942529741,0.007378864942529741,,,,,False,0.0073788214294956845,[0.007379]
leaderless,C3_lider_longa,13,pv2,816,91.66698437003414,67.30899929013395,24.35798507990019,0.2657224424440966,1.0551908300164146,1.0504611846929541,1.0504922640177423,1.0507436936124213,1.0,True,0.0,0.26572255264309524,60.0,convergiu,convergiu,True,False,False,0.006551038601309122,0.006551038601309122,,,,,False,0.006551001604958458,[0.006551]
leaderless,C3_lider_longa,13,pv1,824,110.00040441486036,82.06444894085253,27.935955474007827,0.2539621755620351,1.05443747989816,1.0492483036930849,1.0504922640177423,1.0507436936124213,2.0,False,0.0,0.25396229788982355,60.0,convergiu,convergiu,True,False,False,0.006551038601309122,0.006551038601309122,,,,,False,0.006551001604958458,[0.006551]
leaderless,C3_lider_longa,13,pv3,828,73.33360442743486,55.154175873095454,18.17942855433941,0.2479002572102729,1.0543195760670518,1.0491042757342555,1.0504922640177423,1.0507436936124213,3.0,False,0.0,0.24790038204556458,60.0,convergiu,convergiu,True,False,False,0.006551038601309122,0.006551038601309122,,,,,False,0.006551001604958458,[0.006551]
leaderless,C3_lider_longa,13,pv4,830,95.33373708087281,71.74546063071719,23.588276450155618,0.24742825090571657,1.0507455019405458,1.045079855132104,1.0504922640177423,1.0507436936124213,4.0,False,0.0,0.24742842536577986,60.0,convergiu,convergiu,True,False,False,0.006551038601309122,0.006551038601309122,,,,,False,0.006551001604958458,[0.006551]
leaderless,C3_lider_longa,13,pv5,850,66.0002278414651,49.3228755885073,16.677352252957803,0.25268617132910615,1.0552041870019542,1.0504922640177423,1.0504922640177423,1.0507436936124213,5.0,False,0.0,0.25268628303855856,60.0,convergiu,convergiu,True,False,False,0.006551038601309122,0.006551038601309122,,,,,False,0.006551001604958458,[0.006551]
leaderless,C3_lider_longa,13,pv6,832,84.33378907349126,63.52884652165419,20.804942551837073,0.24669728932401097,1.0431065535815962,1.0370543284934872,1.0504922640177423,1.0507436936124213,6.0,False,0.0,0.24669759037752895,60.0,convergiu,convergiu,True,False,False,0.006551038601309122,0.006551038601309122,,,,,False,0.006551001604958458,[0.006551]
leaderless,C3_lider_longa,14,pv2,816,62.500202384307,51.34325755776803,11.156944826538975,0.1785104281295353,1.0526136226473168,1.0504672779172315,1.0504977861724873,1.0507655989240539,1.0,True,0.0,0.17851053918091536,68.0,convergiu,convergiu,True,False,False,0.005932245094882164,0.005932245094882164,,,,,False,0.005932217401250338,[0.005932]
leaderless,C3_lider_longa,14,pv1,824,75.00026022049668,62.424517447987064,12.57574277250962,0.16767586508380233,1.051699638147051,1.0493458299364011,1.0504977861724873,1.0507655989240539,2.0,False,0.0,0.16767598853040805,68.0,convergiu,convergiu,True,False,False,0.005932245094882164,0.005932245094882164,,,,,False,0.005932217401250338,[0.005932]
leaderless,C3_lider_longa,14,pv3,828,50.00017464108199,41.896386337697045,8.103788303384945,0.16207507442449856,1.051584134780224,1.0492185478025784,1.0504977861724873,1.0507655989240539,3.0,False,0.0,0.16207519996793318,68.0,convergiu,convergiu,True,False,False,0.005932245094882164,0.005932245094882164,,,,,False,0.005932217401250338,[0.005932]
leaderless,C3_lider_longa,14,pv4,830,65.00026956577598,54.478970354412425,10.521299211363555,0.16186530679612104,1.0483035673740253,1.0457345610855258,1.0504977861724873,1.0507655989240539,4.0,False,0.0,0.16186547043034483,68.0,convergiu,convergiu,True,False,False,0.005932245094882164,0.005932245094882164,,,,,False,0.005932217401250338,[0.005932]
leaderless,C3_lider_longa,14,pv5,850,45.00014513832714,37.480902426660755,7.5192427116663865,0.16709363140730424,1.0526360952837714,1.0504977861724873,1.0504977861724873,1.0507655989240539,5.0,False,0.0,0.16709374355466602,68.0,convergiu,convergiu,True,False,False,0.005932245094882164,0.005932245094882164,,,,,False,0.005932217401250338,[0.005932]
leaderless,C3_lider_longa,14,pv6,832,57.50032271332255,48.20883864406236,9.291484069260186,0.16158986673339323,1.041720637091087,1.038975961817025,1.0504977861724873,1.0507655989240539,6.0,False,0.0,0.16159012038218343,68.0,convergiu,convergiu,True,False,False,0.005932245094882164,0.005932245094882164,,,,,False,0.005932217401250338,[0.005932]
leaderless,C3_lider_longa,15,pv2,816,28.12494777047007,28.12494777047007,0.0,0.0,1.0386370242003247,1.0386370242003247,1.0387127583056504,1.0502955100132891,1.0,True,0.0,0.0,0.0,sem_sobretensao,sem_sobretensao,True,True,False,0.0,0.0,,,,,False,0.0,[0.0]
leaderless,C3_lider_longa,15,pv1,824,33.74993265576544,33.74993265576544,0.0,0.0,1.0361657626140055,1.0361657626140055,1.0387127583056504,1.0502955100132891,2.0,False,0.0,0.0,0.0,sem_sobretensao,sem_sobretensao,True,True,False,0.0,0.0,,,,,False,0.0,[0.0]
leaderless,C3_lider_longa,15,pv3,828,22.499954834109634,22.499954834109634,0.0,0.0,1.0359378482600161,1.0359378482600161,1.0387127583056504,1.0502955100132891,3.0,False,0.0,0.0,0.0,sem_sobretensao,sem_sobretensao,True,True,False,0.0,0.0,,,,,False,0.0,[0.0]
leaderless,C3_lider_longa,15,pv4,830,29.24993235059054,29.24993235059054,0.0,0.0,1.0302157541130381,1.0302157541130381,1.0387127583056504,1.0502955100132891,4.0,False,0.0,0.0,0.0,sem_sobretensao,sem_sobretensao,True,True,False,0.0,0.0,,,,,False,0.0,[0.0]
leaderless,C3_lider_longa,15,pv5,850,20.249962546409698,20.249962546409698,0.0,0.0,1.0387127583056504,1.0387127583056504,1.0387127583056504,1.0502955100132891,5.0,False,0.0,0.0,0.0,sem_sobretensao,sem_sobretensao,True,True,False,0.0,0.0,,,,,False,0.0,[0.0]
leaderless,C3_lider_longa,15,pv6,832,25.874924488489185,25.874924488489185,0.0,0.0,1.0199321297314483,1.0199321297314483,1.0387127583056504,1.0502955100132891,6.0,False,0.0,0.0,0.0,sem_sobretensao,sem_sobretensao,True,True,False,0.0,0.0,,,,,False,0.0,[0.0]
leaderless,C3_lider_longa,16,pv2,816,3.1250322945966156,3.1250322945966156,0.0,0.0,1.0394703803118939,1.0394703803118939,1.0395419414769755,1.0504162382879945,1.0,True,0.0,0.0,0.0,sem_sobretensao,sem_sobretensao,True,True,False,0.0,0.0,,,,,False,0.0,[0.0]
leaderless,C3_lider_longa,16,pv1,824,3.7500421409592146,3.7500421409592146,0.0,0.0,1.037249237228996,1.037249237228996,1.0395419414769755,1.0504162382879945,2.0,False,0.0,0.0,0.0,sem_sobretensao,sem_sobretensao,True,True,False,0.0,0.0,,,,,False,0.0,[0.0]
leaderless,C3_lider_longa,16,pv3,828,2.5000282767909323,2.5000282767909323,0.0,0.0,1.0370563779560686,1.0370563779560686,1.0395419414769755,1.0504162382879945,3.0,False,0.0,0.0,0.0,sem_sobretensao,sem_sobretensao,True,True,False,0.0,0.0,,,,,False,0.0,[0.0]
leaderless,C3_lider_longa,16,pv4,830,3.250042548739909,3.250042548739909,0.0,0.0,1.032388850852863,1.032388850852863,1.0395419414769755,1.0504162382879945,4.0,False,0.0,0.0,0.0,sem_sobretensao,sem_sobretensao,True,True,False,0.0,0.0,,,,,False,0.0,[0.0]
leaderless,C3_lider_longa,16,pv5,850,2.250023159170765,2.250023159170765,0.0,0.0,1.0395419414769755,1.0395419414769755,1.0395419414769755,1.0504162382879945,5.0,False,0.0,0.0,0.0,sem_sobretensao,sem_sobretensao,True,True,False,0.0,0.0,,,,,False,0.0,[0.0]
leaderless,C3_lider_longa,16,pv6,832,2.875047132931354,2.875047132931354,0.0,0.0,1.024446903547255,1.024446903547255,1.0395419414769755,1.0504162382879945,6.0,False,0.0,0.0,0.0,sem_sobretensao,sem_sobretensao,True,True,False,0.0,0.0,,,,,False,0.0,[0.0]
leaderless,C3_lider_longa,17,pv2,816,-0.0,-0.0,0.0,0.0,1.0319530456641133,1.0319530456641133,1.0320537436109638,1.0501995250985579,1.0,True,0.0,,0.0,sem_sobretensao,sem_sobretensao,True,True,False,0.0,0.0,,,,,False,,[null]
leaderless,C3_lider_longa,17,pv1,824,-0.0,-0.0,0.0,0.0,1.0288097422283975,1.0288097422283975,1.0320537436109638,1.0501995250985579,2.0,False,0.0,,0.0,sem_sobretensao,sem_sobretensao,True,True,False,0.0,0.0,,,,,False,,[null]
leaderless,C3_lider_longa,17,pv3,828,-0.0,-0.0,0.0,0.0,1.0285410077167667,1.0285410077167667,1.0320537436109638,1.0501995250985579,3.0,False,0.0,,0.0,sem_sobretensao,sem_sobretensao,True,True,False,0.0,0.0,,,,,False,,[null]
leaderless,C3_lider_longa,17,pv4,830,-0.0,-0.0,0.0,0.0,1.0220651174905713,1.0220651174905713,1.0320537436109638,1.0501995250985579,4.0,False,0.0,,0.0,sem_sobretensao,sem_sobretensao,True,True,False,0.0,0.0,,,,,False,,[null]
leaderless,C3_lider_longa,17,pv5,850,-0.0,-0.0,0.0,0.0,1.0320537436109638,1.0320537436109638,1.0320537436109638,1.0501995250985579,5.0,False,0.0,,0.0,sem_sobretensao,sem_sobretensao,True,True,False,0.0,0.0,,,,,False,,[null]
leaderless,C3_lider_longa,17,pv6,832,-0.0,-0.0,0.0,0.0,1.0109757984235852,1.0109757984235852,1.0320537436109638,1.0501995250985579,6.0,False,0.0,,0.0,sem_sobretensao,sem_sobretensao,True,True,False,0.0,0.0,,,,,False,,[null]
leaderless,C3_lider_longa,18,pv2,816,-0.0,-0.0,0.0,0.0,1.0353684495010183,1.0353684495010183,1.0354558554930642,1.0503034017860868,1.0,True,0.0,,0.0,sem_sobretensao,sem_sobretensao,True,True,False,0.0,0.0,,,,,False,,[null]
leaderless,C3_lider_longa,18,pv1,824,-0.0,-0.0,0.0,0.0,1.0326523500430973,1.0326523500430973,1.0354558554930642,1.0503034017860868,2.0,False,0.0,,0.0,sem_sobretensao,sem_sobretensao,True,True,False,0.0,0.0,,,,,False,,[null]
leaderless,C3_lider_longa,18,pv3,828,-0.0,-0.0,0.0,0.0,1.0324195763808064,1.0324195763808064,1.0354558554930642,1.0503034017860868,3.0,False,0.0,,0.0,sem_sobretensao,sem_sobretensao,True,True,False,0.0,0.0,,,,,False,,[null]
leaderless,C3_lider_longa,18,pv4,830,-0.0,-0.0,0.0,0.0,1.02681295674242,1.02681295674242,1.0354558554930642,1.0503034017860868,4.0,False,0.0,,0.0,sem_sobretensao,sem_sobretensao,True,True,False,0.0,0.0,,,,,False,,[null]
leaderless,C3_lider_longa,18,pv5,850,-0.0,-0.0,0.0,0.0,1.0354558554930642,1.0354558554930642,1.0354558554930642,1.0503034017860868,5.0,False,0.0,,0.0,sem_sobretensao,sem_sobretensao,True,True,False,0.0,0.0,,,,,False,,[null]
leaderless,C3_lider_longa,18,pv6,832,-0.0,-0.0,0.0,0.0,1.017265056101975,1.017265056101975,1.0354558554930642,1.0503034017860868,6.0,False,0.0,,0.0,sem_sobretensao,sem_sobretensao,True,True,False,0.0,0.0,,,,,False,,[null]
leaderless,C3_lider_longa,19,pv2,816,-0.0,-0.0,0.0,0.0,1.012463803494029,1.012463803494029,1.0126403397694483,1.0496066048479267,1.0,True,0.0,,0.0,sem_sobretensao,sem_sobretensao,True,True,False,0.0,0.0,,,,,False,,[null]
leaderless,C3_lider_longa,19,pv1,824,-0.0,-0.0,0.0,0.0,1.0068862241138112,1.0068862241138112,1.0126403397694483,1.0496066048479267,2.0,False,0.0,,0.0,sem_sobretensao,sem_sobretensao,True,True,False,0.0,0.0,,,,,False,,[null]
leaderless,C3_lider_longa,19,pv3,828,-0.0,-0.0,0.0,0.0,1.00641255022254,1.00641255022254,1.0126403397694483,1.0496066048479267,3.0,False,0.0,,0.0,sem_sobretensao,sem_sobretensao,True,True,False,0.0,0.0,,,,,False,,[null]
leaderless,C3_lider_longa,19,pv4,830,-0.0,-0.0,0.0,0.0,0.9949844738133675,0.9949844738133675,1.0126403397694483,1.0496066048479267,4.0,False,0.0,,0.0,sem_sobretensao,sem_sobretensao,True,True,False,0.0,0.0,,,,,False,,[null]
leaderless,C3_lider_longa,19,pv5,850,-0.0,-0.0,0.0,0.0,1.0126403397694483,1.0126403397694483,1.0126403397694483,1.0496066048479267,5.0,False,0.0,,0.0,sem_sobretensao,sem_sobretensao,True,True,False,0.0,0.0,,,,,False,,[null]
leaderless,C3_lider_longa,19,pv6,832,-0.0,-0.0,0.0,0.0,0.9751062275735913,0.9751062275735913,1.0126403397694483,1.0496066048479267,6.0,False,0.0,,0.0,sem_sobretensao,sem_sobretensao,True,True,False,0.0,0.0,,,,,False,,[null]
leaderless,C3_lider_longa,20,pv2,816,-0.0,-0.0,0.0,0.0,1.0078351504741658,1.0078351504741658,1.008029696164423,1.0494657402550034,1.0,True,0.0,,0.0,sem_sobretensao,sem_sobretensao,True,True,False,0.0,0.0,,,,,False,,[null]
leaderless,C3_lider_longa,20,pv1,824,-0.0,-0.0,0.0,0.0,1.0016803252824402,1.0016803252824402,1.008029696164423,1.0494657402550034,2.0,False,0.0,,0.0,sem_sobretensao,sem_sobretensao,True,True,False,0.0,0.0,,,,,False,,[null]
leaderless,C3_lider_longa,20,pv3,828,-0.0,-0.0,0.0,0.0,1.001158047785484,1.001158047785484,1.008029696164423,1.0494657402550034,3.0,False,0.0,,0.0,sem_sobretensao,sem_sobretensao,True,True,False,0.0,0.0,,,,,False,,[null]
leaderless,C3_lider_longa,20,pv4,830,-0.0,-0.0,0.0,0.0,0.9885559519361026,0.9885559519361026,1.008029696164423,1.0494657402550034,4.0,False,0.0,,0.0,sem_sobretensao,sem_sobretensao,True,True,False,0.0,0.0,,,,,False,,[null]
leaderless,C3_lider_longa,20,pv5,850,-0.0,-0.0,0.0,0.0,1.008029696164423,1.008029696164423,1.008029696164423,1.0494657402550034,5.0,False,0.0,,0.0,sem_sobretensao,sem_sobretensao,True,True,False,0.0,0.0,,,,,False,,[null]
leaderless,C3_lider_longa,20,pv6,832,-0.0,-0.0,0.0,0.0,0.9665920784800833,0.9665920784800833,1.008029696164423,1.0494657402550034,6.0,False,0.0,,0.0,sem_sobretensao,sem_sobretensao,True,True,False,0.0,0.0,,,,,False,,[null]
leaderless,C3_lider_longa,21,pv2,816,-0.0,-0.0,0.0,0.0,1.0061895964378376,1.0061895964378376,1.0063905442901249,1.0494156571369113,1.0,True,0.0,,0.0,sem_sobretensao,sem_sobretensao,True,True,False,0.0,0.0,,,,,False,,[null]
leaderless,C3_lider_longa,21,pv1,824,-0.0,-0.0,0.0,0.0,0.9998296239446811,0.9998296239446811,1.0063905442901249,1.0494156571369113,2.0,False,0.0,,0.0,sem_sobretensao,sem_sobretensao,True,True,False,0.0,0.0,,,,,False,,[null]
leaderless,C3_lider_longa,21,pv3,828,-0.0,-0.0,0.0,0.0,0.9992900728255066,0.9992900728255066,1.0063905442901249,1.0494156571369113,3.0,False,0.0,,0.0,sem_sobretensao,sem_sobretensao,True,True,False,0.0,0.0,,,,,False,,[null]
leaderless,C3_lider_longa,21,pv4,830,-0.0,-0.0,0.0,0.0,0.9862707730472379,0.9862707730472379,1.0063905442901249,1.0494156571369113,4.0,False,0.0,,0.0,sem_sobretensao,sem_sobretensao,True,True,False,0.0,0.0,,,,,False,,[null]
leaderless,C3_lider_longa,21,pv5,850,-0.0,-0.0,0.0,0.0,1.0063905442901249,1.0063905442901249,1.0063905442901249,1.0494156571369113,5.0,False,0.0,,0.0,sem_sobretensao,sem_sobretensao,True,True,False,0.0,0.0,,,,,False,,[null]
leaderless,C3_lider_longa,21,pv6,832,-0.0,-0.0,0.0,0.0,0.9635655636096437,0.9635655636096437,1.0063905442901249,1.0494156571369113,6.0,False,0.0,,0.0,sem_sobretensao,sem_sobretensao,True,True,False,0.0,0.0,,,,,False,,[null]
leaderless,C3_lider_longa,22,pv2,816,-0.0,-0.0,0.0,0.0,1.0058618084193778,1.0058618084193778,1.0060640314884584,1.049405687339917,1.0,True,0.0,,0.0,sem_sobretensao,sem_sobretensao,True,True,False,0.0,0.0,,,,,False,,[null]
leaderless,C3_lider_longa,22,pv1,824,-0.0,-0.0,0.0,0.0,0.9994609737243801,0.9994609737243801,1.0060640314884584,1.049405687339917,2.0,False,0.0,,0.0,sem_sobretensao,sem_sobretensao,True,True,False,0.0,0.0,,,,,False,,[null]
leaderless,C3_lider_longa,22,pv3,828,-0.0,-0.0,0.0,0.0,0.9989179819308516,0.9989179819308516,1.0060640314884584,1.049405687339917,3.0,False,0.0,,0.0,sem_sobretensao,sem_sobretensao,True,True,False,0.0,0.0,,,,,False,,[null]
leaderless,C3_lider_longa,22,pv4,830,-0.0,-0.0,0.0,0.0,0.9858155814373922,0.9858155814373922,1.0060640314884584,1.049405687339917,4.0,False,0.0,,0.0,sem_sobretensao,sem_sobretensao,True,True,False,0.0,0.0,,,,,False,,[null]
leaderless,C3_lider_longa,22,pv5,850,-0.0,-0.0,0.0,0.0,1.0060640314884584,1.0060640314884584,1.0060640314884584,1.049405687339917,5.0,False,0.0,,0.0,sem_sobretensao,sem_sobretensao,True,True,False,0.0,0.0,,,,,False,,[null]
leaderless,C3_lider_longa,22,pv6,832,-0.0,-0.0,0.0,0.0,0.9629627164790306,0.9629627164790306,1.0060640314884584,1.049405687339917,6.0,False,0.0,,0.0,sem_sobretensao,sem_sobretensao,True,True,False,0.0,0.0,,,,,False,,[null]
leaderless,C3_lider_longa,23,pv2,816,-0.0,-0.0,0.0,0.0,1.0157857990852877,1.0157857990852877,1.0159494099998212,1.049707699932122,1.0,True,0.0,,0.0,sem_sobretensao,sem_sobretensao,True,True,False,0.0,0.0,,,,,False,,[null]
leaderless,C3_lider_longa,23,pv1,824,-0.0,-0.0,0.0,0.0,1.0106227444912799,1.0106227444912799,1.0159494099998212,1.049707699932122,2.0,False,0.0,,0.0,sem_sobretensao,sem_sobretensao,True,True,False,0.0,0.0,,,,,False,,[null]
leaderless,C3_lider_longa,23,pv3,828,-0.0,-0.0,0.0,0.0,1.010183972127752,1.010183972127752,1.0159494099998212,1.049707699932122,3.0,False,0.0,,0.0,sem_sobretensao,sem_sobretensao,True,True,False,0.0,0.0,,,,,False,,[null]
leaderless,C3_lider_longa,23,pv4,830,-0.0,-0.0,0.0,0.0,0.9995990501550603,0.9995990501550603,1.0159494099998212,1.049707699932122,4.0,False,0.0,,0.0,sem_sobretensao,sem_sobretensao,True,True,False,0.0,0.0,,,,,False,,[null]
leaderless,C3_lider_longa,23,pv5,850,-0.0,-0.0,0.0,0.0,1.0159494099998212,1.0159494099998212,1.0159494099998212,1.049707699932122,5.0,False,0.0,,0.0,sem_sobretensao,sem_sobretensao,True,True,False,0.0,0.0,,,,,False,,[null]
leaderless,C3_lider_longa,23,pv6,832,-0.0,-0.0,0.0,0.0,0.9812181271943429,0.9812181271943429,1.0159494099998212,1.049707699932122,6.0,False,0.0,,0.0,sem_sobretensao,sem_sobretensao,True,True,False,0.0,0.0,,,,,False,,[null]
leaderless,C3_naolider_curta,0,pv2,816,-0.0,-0.0,0.0,0.0,1.0450262948633384,1.0450262948633384,1.0450761113146871,1.0505970659065016,1.0,True,0.0,,0.0,sem_sobretensao,sem_sobretensao,True,True,False,0.0,0.0,,,,,False,,[null]
leaderless,C3_naolider_curta,0,pv1,824,-0.0,-0.0,0.0,0.0,1.0435191673339028,1.0435191673339028,1.0450761113146871,1.0505970659065016,2.0,False,0.0,,0.0,sem_sobretensao,sem_sobretensao,True,True,False,0.0,0.0,,,,,False,,[null]
leaderless,C3_naolider_curta,0,pv3,828,-0.0,-0.0,0.0,0.0,1.043388151795147,1.043388151795147,1.0450761113146871,1.0505970659065016,3.0,False,0.0,,0.0,sem_sobretensao,sem_sobretensao,True,True,False,0.0,0.0,,,,,False,,[null]
leaderless,C3_naolider_curta,0,pv4,830,-0.0,-0.0,0.0,0.0,1.0402417834114017,1.0402417834114017,1.0450761113146871,1.0505970659065016,4.0,False,0.0,,0.0,sem_sobretensao,sem_sobretensao,True,True,False,0.0,0.0,,,,,False,,[null]
leaderless,C3_naolider_curta,0,pv5,850,-0.0,-0.0,0.0,0.0,1.0450761113146871,1.0450761113146871,1.0450761113146871,1.0505970659065016,5.0,False,0.0,,0.0,sem_sobretensao,sem_sobretensao,True,True,False,0.0,0.0,,,,,False,,[null]
leaderless,C3_naolider_curta,0,pv6,832,-0.0,-0.0,0.0,0.0,1.0350545283587615,1.0350545283587615,1.0450761113146871,1.0505970659065016,6.0,False,0.0,,0.0,sem_sobretensao,sem_sobretensao,True,True,False,0.0,0.0,,,,,False,,[null]
leaderless,C3_naolider_curta,1,pv2,816,-0.0,-0.0,0.0,0.0,1.0450265903941263,1.0450265903941263,1.0450764055625157,1.0505970903489994,1.0,True,0.0,,0.0,sem_sobretensao,sem_sobretensao,True,True,False,0.0,0.0,,,,,False,,[null]
leaderless,C3_naolider_curta,1,pv1,824,-0.0,-0.0,0.0,0.0,1.043519497117978,1.043519497117978,1.0450764055625157,1.0505970903489994,2.0,False,0.0,,0.0,sem_sobretensao,sem_sobretensao,True,True,False,0.0,0.0,,,,,False,,[null]
leaderless,C3_naolider_curta,1,pv3,828,-0.0,-0.0,0.0,0.0,1.0433884847070511,1.0433884847070511,1.0450764055625157,1.0505970903489994,3.0,False,0.0,,0.0,sem_sobretensao,sem_sobretensao,True,True,False,0.0,0.0,,,,,False,,[null]
leaderless,C3_naolider_curta,1,pv4,830,-0.0,-0.0,0.0,0.0,1.0402421909746427,1.0402421909746427,1.0450764055625157,1.0505970903489994,4.0,False,0.0,,0.0,sem_sobretensao,sem_sobretensao,True,True,False,0.0,0.0,,,,,False,,[null]
leaderless,C3_naolider_curta,1,pv5,850,-0.0,-0.0,0.0,0.0,1.0450764055625157,1.0450764055625157,1.0450764055625157,1.0505970903489994,5.0,False,0.0,,0.0,sem_sobretensao,sem_sobretensao,True,True,False,0.0,0.0,,,,,False,,[null]
leaderless,C3_naolider_curta,1,pv6,832,-0.0,-0.0,0.0,0.0,1.0350550780786294,1.0350550780786294,1.0450764055625157,1.0505970903489994,6.0,False,0.0,,0.0,sem_sobretensao,sem_sobretensao,True,True,False,0.0,0.0,,,,,False,,[null]
leaderless,C3_naolider_curta,2,pv2,816,-0.0,-0.0,0.0,0.0,1.0449571701348623,1.0449571701348623,1.0450072554978003,1.0505949800956955,1.0,True,0.0,,0.0,sem_sobretensao,sem_sobretensao,True,True,False,0.0,0.0,,,,,False,,[null]
leaderless,C3_naolider_curta,2,pv1,824,-0.0,-0.0,0.0,0.0,1.0434413812534846,1.0434413812534846,1.0450072554978003,1.0505949800956955,2.0,False,0.0,,0.0,sem_sobretensao,sem_sobretensao,True,True,False,0.0,0.0,,,,,False,,[null]
leaderless,C3_naolider_curta,2,pv3,828,-0.0,-0.0,0.0,0.0,1.0433096369965242,1.0433096369965242,1.0450072554978003,1.0505949800956955,3.0,False,0.0,,0.0,sem_sobretensao,sem_sobretensao,True,True,False,0.0,0.0,,,,,False,,[null]
leaderless,C3_naolider_curta,2,pv4,830,-0.0,-0.0,0.0,0.0,1.0401456464219774,1.0401456464219774,1.0450072554978003,1.0505949800956955,4.0,False,0.0,,0.0,sem_sobretensao,sem_sobretensao,True,True,False,0.0,0.0,,,,,False,,[null]
leaderless,C3_naolider_curta,2,pv5,850,-0.0,-0.0,0.0,0.0,1.0450072554978003,1.0450072554978003,1.0450072554978003,1.0505949800956955,5.0,False,0.0,,0.0,sem_sobretensao,sem_sobretensao,True,True,False,0.0,0.0,,,,,False,,[null]
leaderless,C3_naolider_curta,2,pv6,832,-0.0,-0.0,0.0,0.0,1.0349271785104095,1.0349271785104095,1.0450072554978003,1.0505949800956955,6.0,False,0.0,,0.0,sem_sobretensao,sem_sobretensao,True,True,False,0.0,0.0,,,,,False,,[null]
leaderless,C3_naolider_curta,3,pv2,816,-0.0,-0.0,0.0,0.0,1.0449571021647746,1.0449571021647746,1.0450071878057714,1.0505949776249717,1.0,True,0.0,,0.0,sem_sobretensao,sem_sobretensao,True,True,False,0.0,0.0,,,,,False,,[null]
leaderless,C3_naolider_curta,3,pv1,824,-0.0,-0.0,0.0,0.0,1.043441305274198,1.043441305274198,1.0450071878057714,1.0505949776249717,2.0,False,0.0,,0.0,sem_sobretensao,sem_sobretensao,True,True,False,0.0,0.0,,,,,False,,[null]
leaderless,C3_naolider_curta,3,pv3,828,-0.0,-0.0,0.0,0.0,1.043309560339792,1.043309560339792,1.0450071878057714,1.0505949776249717,3.0,False,0.0,,0.0,sem_sobretensao,sem_sobretensao,True,True,False,0.0,0.0,,,,,False,,[null]
leaderless,C3_naolider_curta,3,pv4,830,-0.0,-0.0,0.0,0.0,1.0401455535283302,1.0401455535283302,1.0450071878057714,1.0505949776249717,4.0,False,0.0,,0.0,sem_sobretensao,sem_sobretensao,True,True,False,0.0,0.0,,,,,False,,[null]
leaderless,C3_naolider_curta,3,pv5,850,-0.0,-0.0,0.0,0.0,1.0450071878057714,1.0450071878057714,1.0450071878057714,1.0505949776249717,5.0,False,0.0,,0.0,sem_sobretensao,sem_sobretensao,True,True,False,0.0,0.0,,,,,False,,[null]
leaderless,C3_naolider_curta,3,pv6,832,-0.0,-0.0,0.0,0.0,1.0349270553472671,1.0349270553472671,1.0450071878057714,1.0505949776249717,6.0,False,0.0,,0.0,sem_sobretensao,sem_sobretensao,True,True,False,0.0,0.0,,,,,False,,[null]
leaderless,C3_naolider_curta,4,pv2,816,-0.0,-0.0,0.0,0.0,1.045026523122921,1.045026523122921,1.045076338566197,1.0505970879234294,1.0,True,0.0,,0.0,sem_sobretensao,sem_sobretensao,True,True,False,0.0,0.0,,,,,False,,[null]
leaderless,C3_naolider_curta,4,pv1,824,-0.0,-0.0,0.0,0.0,1.0435194219130084,1.0435194219130084,1.045076338566197,1.0505970879234294,2.0,False,0.0,,0.0,sem_sobretensao,sem_sobretensao,True,True,False,0.0,0.0,,,,,False,,[null]
leaderless,C3_naolider_curta,4,pv3,828,-0.0,-0.0,0.0,0.0,1.0433884088314556,1.0433884088314556,1.045076338566197,1.0505970879234294,3.0,False,0.0,,0.0,sem_sobretensao,sem_sobretensao,True,True,False,0.0,0.0,,,,,False,,[null]
leaderless,C3_naolider_curta,4,pv4,830,-0.0,-0.0,0.0,0.0,1.0402420990252506,1.0402420990252506,1.045076338566197,1.0505970879234294,4.0,False,0.0,,0.0,sem_sobretensao,sem_sobretensao,True,True,False,0.0,0.0,,,,,False,,[null]
leaderless,C3_naolider_curta,4,pv5,850,-0.0,-0.0,0.0,0.0,1.045076338566197,1.045076338566197,1.045076338566197,1.0505970879234294,5.0,False,0.0,,0.0,sem_sobretensao,sem_sobretensao,True,True,False,0.0,0.0,,,,,False,,[null]
leaderless,C3_naolider_curta,4,pv6,832,-0.0,-0.0,0.0,0.0,1.035054956170032,1.035054956170032,1.045076338566197,1.0505970879234294,6.0,False,0.0,,0.0,sem_sobretensao,sem_sobretensao,True,True,False,0.0,0.0,,,,,False,,[null]
leaderless,C3_naolider_curta,5,pv2,816,-0.0,-0.0,0.0,0.0,1.046437942275659,1.046437942275659,1.0464804756969757,1.05063939179868,1.0,True,0.0,,0.0,sem_sobretensao,sem_sobretensao,True,True,False,0.0,0.0,,,,,False,,[null]
leaderless,C3_naolider_curta,5,pv1,824,-0.0,-0.0,0.0,0.0,1.0450850714048536,1.0450850714048536,1.0464804756969757,1.05063939179868,2.0,False,0.0,,0.0,sem_sobretensao,sem_sobretensao,True,True,False,0.0,0.0,,,,,False,,[null]
leaderless,C3_naolider_curta,5,pv3,828,-0.0,-0.0,0.0,0.0,1.044968726726859,1.044968726726859,1.0464804756969757,1.05063939179868,3.0,False,0.0,,0.0,sem_sobretensao,sem_sobretensao,True,True,False,0.0,0.0,,,,,False,,[null]
leaderless,C3_naolider_curta,5,pv4,830,-0.0,-0.0,0.0,0.0,1.0421771197491476,1.0421771197491476,1.0464804756969757,1.05063939179868,4.0,False,0.0,,0.0,sem_sobretensao,sem_sobretensao,True,True,False,0.0,0.0,,,,,False,,[null]
leaderless,C3_naolider_curta,5,pv5,850,-0.0,-0.0,0.0,0.0,1.0464804756969757,1.0464804756969757,1.0464804756969757,1.05063939179868,5.0,False,0.0,,0.0,sem_sobretensao,sem_sobretensao,True,True,False,0.0,0.0,,,,,False,,[null]
leaderless,C3_naolider_curta,5,pv6,832,-0.0,-0.0,0.0,0.0,1.0376184354041749,1.0376184354041749,1.0464804756969757,1.05063939179868,6.0,False,0.0,,0.0,sem_sobretensao,sem_sobretensao,True,True,False,0.0,0.0,,,,,False,,[null]
leaderless,C3_naolider_curta,6,pv2,816,15.625241782068514,15.625241782068514,0.0,0.0,1.0483407437819094,1.0483407437819094,1.0483782454548018,1.0506384889471005,1.0,True,0.0,0.0,0.0,sem_sobretensao,sem_sobretensao,True,True,False,0.0,0.0,,,,,False,0.0,[0.0]
leaderless,C3_naolider_curta,6,pv1,824,18.7503236717592,18.7503236717592,0.0,0.0,1.0471579048369506,1.0471579048369506,1.0483782454548018,1.0506384889471005,2.0,False,0.0,0.0,0.0,sem_sobretensao,sem_sobretensao,True,True,False,0.0,0.0,,,,,False,0.0,[0.0]
leaderless,C3_naolider_curta,6,pv3,828,12.500217712144039,12.500217712144039,0.0,0.0,1.0470455387298745,1.0470455387298745,1.0483782454548018,1.0506384889471005,3.0,False,0.0,0.0,0.0,sem_sobretensao,sem_sobretensao,True,True,False,0.0,0.0,,,,,False,0.0,[0.0]
leaderless,C3_naolider_curta,6,pv4,830,16.250349249231203,16.250349249231203,0.0,0.0,1.0442222095150686,1.0442222095150686,1.0483782454548018,1.0506384889471005,4.0,False,0.0,0.0,0.0,sem_sobretensao,sem_sobretensao,True,True,False,0.0,0.0,,,,,False,0.0,[0.0]
leaderless,C3_naolider_curta,6,pv5,850,11.250173385025839,11.250173385025839,0.0,0.0,1.0483782454548018,1.0483782454548018,1.0483782454548018,1.0506384889471005,5.0,False,0.0,0.0,0.0,sem_sobretensao,sem_sobretensao,True,True,False,0.0,0.0,,,,,False,0.0,[0.0]
leaderless,C3_naolider_curta,6,pv6,832,14.375428037447017,14.375428037447017,0.0,0.0,1.0393165620198634,1.0393165620198634,1.0483782454548018,1.0506384889471005,6.0,False,0.0,0.0,0.0,sem_sobretensao,sem_sobretensao,True,True,False,0.0,0.0,,,,,False,0.0,[0.0]
leaderless,C3_naolider_curta,7,pv2,816,46.87517293313687,18.61656406957986,28.258608863557008,0.6028480375417025,1.0562538666391141,1.050465171521414,1.0504945077928125,1.0507967743424314,1.0,True,0.0,0.6028480983710784,112.0,convergiu,convergiu,True,False,False,0.005628675277476607,0.005628675277476607,,,,,False,0.0056286640961646,[0.005629]
leaderless,C3_naolider_curta,7,pv1,824,56.25022149623055,22.921835003325622,33.328386492904926,0.592502246903081,1.0558852978158424,1.0495318067162607,1.0504945077928125,1.0507967743424314,2.0,False,0.0,0.5925023156600073,112.0,convergiu,convergiu,True,False,False,0.005628675277476607,0.005628675277476607,,,,,False,0.0056286640961646,[0.005629]
leaderless,C3_naolider_curta,7,pv3,828,37.5001485947879,15.481335540859565,22.018813053928337,0.5871659512259305,1.0558243986090117,1.0494385326020443,1.0504945077928125,1.0507967743424314,3.0,False,0.0,0.5871660214431444,112.0,convergiu,convergiu,True,False,False,0.005628675277476607,0.005628675277476607,,,,,False,0.0056286640961646,[0.005629]
leaderless,C3_naolider_curta,7,pv4,830,48.75022589866941,20.13155181872286,28.618674079946555,0.5870469196890805,1.0539937130575454,1.0470467783556865,1.0504945077928125,1.0507967743424314,4.0,False,0.0,0.5870470044473717,112.0,convergiu,convergiu,True,False,False,0.005628675277476607,0.005628675277476607,,,,,False,0.0056286640961646,[0.005629]
leaderless,C3_naolider_curta,7,pv5,850,33.75012402307615,13.764232247544683,19.985891775531464,0.5921723328187174,1.056261646345798,1.0504945077928125,1.0504945077928125,1.0507967743424314,5.0,False,0.0,0.5921723950367236,112.0,convergiu,convergiu,True,False,False,0.005628675277476607,0.005628675277476607,,,,,False,0.0056286640961646,[0.005629]
leaderless,C3_naolider_curta,7,pv6,832,43.12526281682057,17.81554256744698,25.309720249373594,0.586888373065498,1.0502737503980764,1.0428373103003943,1.0504945077928125,1.0507967743424314,6.0,False,0.0,0.5868884870772728,112.0,convergiu,convergiu,True,False,False,0.005628675277476607,0.005628675277476607,,,,,False,0.0056286640961646,[0.005629]
leaderless,C3_naolider_curta,8,pv2,816,85.41699518351156,37.76369215885982,47.65330302465174,0.5578900824506071,1.0600225764112021,1.0504587822863145,1.0504888723268433,1.0507773511993275,1.0,True,0.0,0.557890182419464,71.0,convergiu,convergiu,True,False,False,0.006457805843715731,0.006457805843715731,,,,,False,0.00645778290536155,[0.006458]
leaderless,C3_naolider_curta,8,pv1,824,102.5004218229993,46.50469541302022,55.99572640997908,0.546297408824497,1.0599113579217716,1.0494133938882992,1.0504888723268433,1.0507773511993275,2.0,False,0.0,0.546297521649951,71.0,convergiu,convergiu,True,False,False,0.006457805843715731,0.006457805843715731,,,,,False,0.00645778290536155,[0.006458]
leaderless,C3_naolider_curta,8,pv3,828,68.33361550646674,31.409825213160943,36.9237902933058,0.540345804005245,1.05985117379965,1.0492998340560133,1.0504888723268433,1.0507773511993275,3.0,False,0.0,0.5403459193493357,71.0,convergiu,convergiu,True,False,False,0.006457805843715731,0.006457805843715731,,,,,False,0.00645778290536155,[0.006458]
leaderless,C3_naolider_curta,8,pv4,830,88.83371850555443,40.87413459822744,47.95958390732699,0.53988026007811,1.05772811502514,1.0462548269136773,1.0504888723268433,1.0507773511993275,4.0,False,0.0,0.5398804048074185,71.0,convergiu,convergiu,True,False,False,0.006457805843715731,0.006457805843715731,,,,,False,0.00645778290536155,[0.006458]
leaderless,C3_naolider_curta,8,pv5,850,61.500235620248745,27.979467671355017,33.52076794889373,0.5450509467027748,1.0600169249791909,1.0504888723268433,1.0504888723268433,1.0507773511993275,5.0,False,0.0,0.5450510491679665,71.0,convergiu,convergiu,True,False,False,0.006457805843715731,0.006457805843715731,,,,,False,0.00645778290536155,[0.006458]
leaderless,C3_naolider_curta,8,pv6,832,78.58368138197022,36.219477130947766,42.36420425102246,0.539096502049424,1.0527861135197867,1.0405174242811683,1.0504888723268433,1.0507773511993275,6.0,False,0.0,0.539096712014592,71.0,convergiu,convergiu,True,False,False,0.006457805843715731,0.006457805843715731,,,,,False,0.00645778290536155,[0.006458]
leaderless,C3_naolider_curta,9,pv2,816,109.37601310477916,43.85661746808266,65.5193956366965,0.5990288168021676,1.0634560310644599,1.050455192632807,1.050485530723397,1.0507687603937348,1.0,True,0.0,0.599028925784036,59.0,convergiu,convergiu,True,False,False,0.007244773301627788,0.007244773301627788,,,,,False,0.007244744807660044,[0.007245]
leaderless,C3_naolider_curta,9,pv1,824,131.25131079088754,54.29578728987616,76.95552350101138,0.5863218189255889,1.0636450085593006,1.049374070465468,1.050485530723397,1.0507687603937348,2.0,False,0.0,0.5863219425184911,59.0,convergiu,convergiu,True,False,False,0.007244773301627788,0.007244773301627788,,,,,False,0.007244744807660044,[0.007245]
leaderless,C3_naolider_curta,9,pv3,828,87.50087713617727,36.760411438833685,50.74046569734358,0.5798850968193269,1.0635972316987168,1.049253909669607,1.050485530723397,1.0507687603937348,3.0,False,0.0,0.5798852235318327,59.0,convergiu,convergiu,True,False,False,0.007244773301627788,0.007244773301627788,,,,,False,0.007244744807660044,[0.007245]
leaderless,C3_naolider_curta,9,pv4,830,113.75120271145519,47.882755265647305,65.86844744580789,0.5790569900713987,1.0615841263923187,1.0459946177608517,1.050485530723397,1.0507687603937348,4.0,False,0.0,0.579057151711106,59.0,convergiu,convergiu,True,False,False,0.007244773301627788,0.007244773301627788,,,,,False,0.007244744807660044,[0.007245]
leaderless,C3_naolider_curta,9,pv5,850,78.75072660212736,32.74787341047341,46.00285319165395,0.5841577127097466,1.063437708519427,1.050485530723397,1.050485530723397,1.0507687603937348,5.0,False,0.0,0.5841578252867985,59.0,convergiu,convergiu,True,False,False,0.007244773301627788,0.007244773301627788,,,,,False,0.007244744807660044,[0.007245]
leaderless,C3_naolider_curta,9,pv6,832,100.62608269869301,42.519329479576,58.10675321911701,0.5774519620583298,1.056404228700457,1.0397522203228986,1.050485530723397,1.0507687603937348,6.0,False,0.0,0.577452203849646,59.0,convergiu,convergiu,True,False,False,0.007244773301627788,0.007244773301627788,,,,,False,0.007244744807660044,[0.007245]
leaderless,C3_naolider_curta,10,pv2,816,122.91832475882163,49.81466359013807,73.10366116868356,0.5947335057078853,1.064798882698967,1.0504525725642857,1.0504831653567683,1.0507603208198812,1.0,True,0.0,0.5947336274889887,54.0,convergiu,convergiu,True,False,False,0.009168142541440393,0.009168142541440393,,,,,False,0.00916810379879375,[0.009168]
leaderless,C3_naolider_curta,10,pv1,824,147.5021567057664,61.98654767418027,85.51560903158612,0.5797582249066255,1.0650831816200739,1.0493362006391194,1.0504831653567683,1.0507603208198812,2.0,False,0.0,0.5797583638195238,54.0,convergiu,convergiu,True,False,False,0.009168142541440393,0.009168142541440393,,,,,False,0.00916810379879375,[0.009168]
leaderless,C3_naolider_curta,10,pv3,828,98.33477677714646,42.016188533531356,56.3185882436151,0.572722856167606,1.0650361551409906,1.0492095209130667,1.0504831653567683,1.0507603208198812,3.0,False,0.0,0.5727229988150423,54.0,convergiu,convergiu,True,False,False,0.009168142541440393,0.009168142541440393,,,,,False,0.00916810379879375,[0.009168]
leaderless,C3_naolider_curta,10,pv4,830,127.83531369216493,54.86104364816759,72.97427004399734,0.570845756904474,1.0629336672519711,1.0457389031757287,1.0504831653567683,1.0507603208198812,4.0,False,0.0,0.5708459418320335,54.0,convergiu,convergiu,True,False,False,0.009168142541440393,0.009168142541440393,,,,,False,0.00916810379879375,[0.009168]
leaderless,C3_naolider_curta,10,pv5,850,88.50118918741757,37.6038065433571,50.897382644060464,0.575103813361469,1.0647757090247283,1.0504831653567683,1.0504831653567683,1.0507603208198812,5.0,False,0.0,0.5751039405388766,54.0,convergiu,convergiu,True,False,False,0.009168142541440393,0.009168142541440393,,,,,False,0.00916810379879375,[0.009168]
leaderless,C3_naolider_curta,10,pv6,832,113.08509904362477,49.09396822184483,63.99113082177993,0.5658667593049275,1.0573508157047873,1.0389973641624493,1.0504831653567683,1.0507603208198812,6.0,False,0.0,0.5658670449330739,54.0,convergiu,convergiu,True,False,False,0.009168142541440393,0.009168142541440393,,,,,False,0.00916810379879375,[0.009168]
leaderless,C3_naolider_curta,11,pv2,816,125.00095881980785,69.85159580181076,55.14936301799709,0.44119140460413286,1.0612357750743802,1.0504631344887854,1.0504943244126825,1.0507403164231834,1.0,True,0.0,0.4411915199586296,52.0,convergiu,convergiu,True,False,False,0.007857220370326719,0.007857220370326719,,,,,False,0.00785717635159288,[0.007857]
leaderless,C3_naolider_curta,11,pv1,824,150.00123766095123,85.86688084993585,64.13435681101538,0.42755872182789817,1.061059780009563,1.0492354390585252,1.0504943244126825,1.0507403164231834,2.0,False,0.0,0.42755885092080825,52.0,convergiu,convergiu,True,False,False,0.007857220370326719,0.007857220370326719,,,,,False,0.00785717635159288,[0.007857]
leaderless,C3_naolider_curta,11,pv3,828,100.00082749421337,57.93245120574691,42.06837628846646,0.4206801494922015,1.060972600476524,1.0490884003345606,1.0504943244126825,1.0507403164231834,3.0,False,0.0,0.4206802817796761,52.0,convergiu,convergiu,True,False,False,0.007857220370326719,0.007857220370326719,,,,,False,0.00785717635159288,[0.007857]
leaderless,C3_naolider_curta,11,pv4,830,130.00110051411514,75.44763182715742,54.553468686957714,0.41963832752064556,1.0578779563066283,1.0449627923350548,1.0504943244126825,1.0507403164231834,4.0,False,0.0,0.41963851437576455,52.0,convergiu,convergiu,True,False,False,0.007857220370326719,0.007857220370326719,,,,,False,0.00785717635159288,[0.007857]
leaderless,C3_naolider_curta,11,pv5,850,90.00068765669334,51.764260678611386,38.23642697808196,0.4248458242952027,1.0612265550358855,1.0504943244126825,1.0504943244126825,1.0507403164231834,5.0,False,0.0,0.42484594255473246,52.0,convergiu,convergiu,True,False,False,0.007857220370326719,0.007857220370326719,,,,,False,0.00785717635159288,[0.007857]
leaderless,C3_naolider_curta,11,pv6,832,115.00091023673184,66.97571567590705,48.02519456082479,0.41760675399100067,1.0504893451577657,1.0366916572755405,1.0504943244126825,1.0507403164231834,6.0,False,0.0,0.41760708208277564,52.0,convergiu,convergiu,True,False,False,0.007857220370326719,0.007857220370326719,,,,,False,0.00785717635159288,[0.007857]
leaderless,C3_naolider_curta,12,pv2,816,114.58396778268272,73.41529493210297,41.16867285057975,0.359288136835912,1.0584759980523877,1.0504644472196398,1.050495732525448,1.0507366305200148,1.0,True,0.0,0.35928824640336504,54.0,convergiu,convergiu,True,False,False,0.007378864942528878,0.007378864942528878,,,,,False,0.00737882142949478,[0.007379]
leaderless,C3_naolider_curta,12,pv1,824,137.50081169881724,89.88317696278116,47.61763473603608,0.34630790458182115,1.0580095021842812,1.049217188248145,1.050495732525448,1.0507366305200148,2.0,False,0.0,0.3463080264597862,54.0,convergiu,convergiu,True,False,False,0.007378864942528878,0.007378864942528878,,,,,False,0.00737882142949478,[0.007379]
leaderless,C3_naolider_curta,12,pv3,828,91.66720981718294,60.52871081789566,31.13849899928728,0.3396905788359267,1.0579033715498913,1.0490666577197332,1.050495732525448,1.0507366305200148,3.0,False,0.0,0.33969070359388637,54.0,convergiu,convergiu,True,False,False,0.007378864942528878,0.007378864942528878,,,,,False,0.00737882142949478,[0.007379]
leaderless,C3_naolider_curta,12,pv4,830,119.16742071272458,78.78413221559632,40.38328849712826,0.33887841772401334,1.054431394389476,1.0448300680154587,1.050495732525448,1.0507366305200148,4.0,False,0.0,0.33887859832495454,54.0,convergiu,convergiu,True,False,False,0.007378864942528878,0.007378864942528878,,,,,False,0.00737882142949478,[0.007379]
leaderless,C3_naolider_curta,12,pv5,850,82.50045501033615,54.10667388983266,28.39378112050349,0.34416503400950604,1.0584772347635705,1.050495732525448,1.050495732525448,1.0507366305200148,5.0,False,0.0,0.3441651457188466,54.0,convergiu,convergiu,True,False,False,0.007378864942528878,0.007378864942528878,,,,,False,0.00737882142949478,[0.007379]
leaderless,C3_naolider_curta,12,pv6,832,105.4173862680459,69.84755106613103,35.56983520191487,0.33741873095908426,1.0465580380118675,1.0363023967115843,1.050495732525448,1.0507366305200148,6.0,False,0.0,0.33741905828959823,54.0,convergiu,convergiu,True,False,False,0.007378864942528878,0.007378864942528878,,,,,False,0.00737882142949478,[0.007379]
leaderless,C3_naolider_curta,13,pv2,816,91.66698437003414,67.30899929013395,24.35798507990019,0.2657224424440966,1.0551908300164146,1.0504611846929541,1.0504922640177423,1.0507436936124213,1.0,True,0.0,0.26572255264309524,60.0,convergiu,convergiu,True,False,False,0.006551038601309122,0.006551038601309122,,,,,False,0.006551001604958458,[0.006551]
leaderless,C3_naolider_curta,13,pv1,824,110.00040441486036,82.06444894085253,27.935955474007827,0.2539621755620351,1.05443747989816,1.0492483036930849,1.0504922640177423,1.0507436936124213,2.0,False,0.0,0.25396229788982355,60.0,convergiu,convergiu,True,False,False,0.006551038601309122,0.006551038601309122,,,,,False,0.006551001604958458,[0.006551]
leaderless,C3_naolider_curta,13,pv3,828,73.33360442743486,55.154175873095454,18.17942855433941,0.2479002572102729,1.0543195760670518,1.0491042757342555,1.0504922640177423,1.0507436936124213,3.0,False,0.0,0.24790038204556458,60.0,convergiu,convergiu,True,False,False,0.006551038601309122,0.006551038601309122,,,,,False,0.006551001604958458,[0.006551]
leaderless,C3_naolider_curta,13,pv4,830,95.33373708087281,71.74546063071719,23.588276450155618,0.24742825090571657,1.0507455019405458,1.045079855132104,1.0504922640177423,1.0507436936124213,4.0,False,0.0,0.24742842536577986,60.0,convergiu,convergiu,True,False,False,0.006551038601309122,0.006551038601309122,,,,,False,0.006551001604958458,[0.006551]
leaderless,C3_naolider_curta,13,pv5,850,66.0002278414651,49.3228755885073,16.677352252957803,0.25268617132910615,1.0552041870019542,1.0504922640177423,1.0504922640177423,1.0507436936124213,5.0,False,0.0,0.25268628303855856,60.0,convergiu,convergiu,True,False,False,0.006551038601309122,0.006551038601309122,,,,,False,0.006551001604958458,[0.006551]
leaderless,C3_naolider_curta,13,pv6,832,84.33378907349126,63.52884652165419,20.804942551837073,0.24669728932401097,1.0431065535815962,1.0370543284934872,1.0504922640177423,1.0507436936124213,6.0,False,0.0,0.24669759037752895,60.0,convergiu,convergiu,True,False,False,0.006551038601309122,0.006551038601309122,,,,,False,0.006551001604958458,[0.006551]
leaderless,C3_naolider_curta,14,pv2,816,62.500202384307,51.34325755776803,11.156944826538975,0.1785104281295353,1.0526136226473168,1.0504672779172315,1.0504977861724873,1.0507655989240539,1.0,True,0.0,0.17851053918091536,68.0,convergiu,convergiu,True,False,False,0.005932245094882164,0.005932245094882164,,,,,False,0.005932217401250338,[0.005932]
leaderless,C3_naolider_curta,14,pv1,824,75.00026022049668,62.424517447987064,12.57574277250962,0.16767586508380233,1.051699638147051,1.0493458299364011,1.0504977861724873,1.0507655989240539,2.0,False,0.0,0.16767598853040805,68.0,convergiu,convergiu,True,False,False,0.005932245094882164,0.005932245094882164,,,,,False,0.005932217401250338,[0.005932]
leaderless,C3_naolider_curta,14,pv3,828,50.00017464108199,41.896386337697045,8.103788303384945,0.16207507442449856,1.051584134780224,1.0492185478025784,1.0504977861724873,1.0507655989240539,3.0,False,0.0,0.16207519996793318,68.0,convergiu,convergiu,True,False,False,0.005932245094882164,0.005932245094882164,,,,,False,0.005932217401250338,[0.005932]
leaderless,C3_naolider_curta,14,pv4,830,65.00026956577598,54.478970354412425,10.521299211363555,0.16186530679612104,1.0483035673740253,1.0457345610855258,1.0504977861724873,1.0507655989240539,4.0,False,0.0,0.16186547043034483,68.0,convergiu,convergiu,True,False,False,0.005932245094882164,0.005932245094882164,,,,,False,0.005932217401250338,[0.005932]
leaderless,C3_naolider_curta,14,pv5,850,45.00014513832714,37.480902426660755,7.5192427116663865,0.16709363140730424,1.0526360952837714,1.0504977861724873,1.0504977861724873,1.0507655989240539,5.0,False,0.0,0.16709374355466602,68.0,convergiu,convergiu,True,False,False,0.005932245094882164,0.005932245094882164,,,,,False,0.005932217401250338,[0.005932]
leaderless,C3_naolider_curta,14,pv6,832,57.50032271332255,48.20883864406236,9.291484069260186,0.16158986673339323,1.041720637091087,1.038975961817025,1.0504977861724873,1.0507655989240539,6.0,False,0.0,0.16159012038218343,68.0,convergiu,convergiu,True,False,False,0.005932245094882164,0.005932245094882164,,,,,False,0.005932217401250338,[0.005932]
leaderless,C3_naolider_curta,15,pv2,816,28.12494777047007,28.12494777047007,0.0,0.0,1.0386370242003247,1.0386370242003247,1.0387127583056504,1.0502955100132891,1.0,True,0.0,0.0,0.0,sem_sobretensao,sem_sobretensao,True,True,False,0.0,0.0,,,,,False,0.0,[0.0]
leaderless,C3_naolider_curta,15,pv1,824,33.74993265576544,33.74993265576544,0.0,0.0,1.0361657626140055,1.0361657626140055,1.0387127583056504,1.0502955100132891,2.0,False,0.0,0.0,0.0,sem_sobretensao,sem_sobretensao,True,True,False,0.0,0.0,,,,,False,0.0,[0.0]
leaderless,C3_naolider_curta,15,pv3,828,22.499954834109634,22.499954834109634,0.0,0.0,1.0359378482600161,1.0359378482600161,1.0387127583056504,1.0502955100132891,3.0,False,0.0,0.0,0.0,sem_sobretensao,sem_sobretensao,True,True,False,0.0,0.0,,,,,False,0.0,[0.0]
leaderless,C3_naolider_curta,15,pv4,830,29.24993235059054,29.24993235059054,0.0,0.0,1.0302157541130381,1.0302157541130381,1.0387127583056504,1.0502955100132891,4.0,False,0.0,0.0,0.0,sem_sobretensao,sem_sobretensao,True,True,False,0.0,0.0,,,,,False,0.0,[0.0]
leaderless,C3_naolider_curta,15,pv5,850,20.249962546409698,20.249962546409698,0.0,0.0,1.0387127583056504,1.0387127583056504,1.0387127583056504,1.0502955100132891,5.0,False,0.0,0.0,0.0,sem_sobretensao,sem_sobretensao,True,True,False,0.0,0.0,,,,,False,0.0,[0.0]
leaderless,C3_naolider_curta,15,pv6,832,25.874924488489185,25.874924488489185,0.0,0.0,1.0199321297314483,1.0199321297314483,1.0387127583056504,1.0502955100132891,6.0,False,0.0,0.0,0.0,sem_sobretensao,sem_sobretensao,True,True,False,0.0,0.0,,,,,False,0.0,[0.0]
leaderless,C3_naolider_curta,16,pv2,816,3.1250322945966156,3.1250322945966156,0.0,0.0,1.0394703803118939,1.0394703803118939,1.0395419414769755,1.0504162382879945,1.0,True,0.0,0.0,0.0,sem_sobretensao,sem_sobretensao,True,True,False,0.0,0.0,,,,,False,0.0,[0.0]
leaderless,C3_naolider_curta,16,pv1,824,3.7500421409592146,3.7500421409592146,0.0,0.0,1.037249237228996,1.037249237228996,1.0395419414769755,1.0504162382879945,2.0,False,0.0,0.0,0.0,sem_sobretensao,sem_sobretensao,True,True,False,0.0,0.0,,,,,False,0.0,[0.0]
leaderless,C3_naolider_curta,16,pv3,828,2.5000282767909323,2.5000282767909323,0.0,0.0,1.0370563779560686,1.0370563779560686,1.0395419414769755,1.0504162382879945,3.0,False,0.0,0.0,0.0,sem_sobretensao,sem_sobretensao,True,True,False,0.0,0.0,,,,,False,0.0,[0.0]
leaderless,C3_naolider_curta,16,pv4,830,3.250042548739909,3.250042548739909,0.0,0.0,1.032388850852863,1.032388850852863,1.0395419414769755,1.0504162382879945,4.0,False,0.0,0.0,0.0,sem_sobretensao,sem_sobretensao,True,True,False,0.0,0.0,,,,,False,0.0,[0.0]
leaderless,C3_naolider_curta,16,pv5,850,2.250023159170765,2.250023159170765,0.0,0.0,1.0395419414769755,1.0395419414769755,1.0395419414769755,1.0504162382879945,5.0,False,0.0,0.0,0.0,sem_sobretensao,sem_sobretensao,True,True,False,0.0,0.0,,,,,False,0.0,[0.0]
leaderless,C3_naolider_curta,16,pv6,832,2.875047132931354,2.875047132931354,0.0,0.0,1.024446903547255,1.024446903547255,1.0395419414769755,1.0504162382879945,6.0,False,0.0,0.0,0.0,sem_sobretensao,sem_sobretensao,True,True,False,0.0,0.0,,,,,False,0.0,[0.0]
leaderless,C3_naolider_curta,17,pv2,816,-0.0,-0.0,0.0,0.0,1.0319530456641133,1.0319530456641133,1.0320537436109638,1.0501995250985579,1.0,True,0.0,,0.0,sem_sobretensao,sem_sobretensao,True,True,False,0.0,0.0,,,,,False,,[null]
leaderless,C3_naolider_curta,17,pv1,824,-0.0,-0.0,0.0,0.0,1.0288097422283975,1.0288097422283975,1.0320537436109638,1.0501995250985579,2.0,False,0.0,,0.0,sem_sobretensao,sem_sobretensao,True,True,False,0.0,0.0,,,,,False,,[null]
leaderless,C3_naolider_curta,17,pv3,828,-0.0,-0.0,0.0,0.0,1.0285410077167667,1.0285410077167667,1.0320537436109638,1.0501995250985579,3.0,False,0.0,,0.0,sem_sobretensao,sem_sobretensao,True,True,False,0.0,0.0,,,,,False,,[null]
leaderless,C3_naolider_curta,17,pv4,830,-0.0,-0.0,0.0,0.0,1.0220651174905713,1.0220651174905713,1.0320537436109638,1.0501995250985579,4.0,False,0.0,,0.0,sem_sobretensao,sem_sobretensao,True,True,False,0.0,0.0,,,,,False,,[null]
leaderless,C3_naolider_curta,17,pv5,850,-0.0,-0.0,0.0,0.0,1.0320537436109638,1.0320537436109638,1.0320537436109638,1.0501995250985579,5.0,False,0.0,,0.0,sem_sobretensao,sem_sobretensao,True,True,False,0.0,0.0,,,,,False,,[null]
leaderless,C3_naolider_curta,17,pv6,832,-0.0,-0.0,0.0,0.0,1.0109757984235852,1.0109757984235852,1.0320537436109638,1.0501995250985579,6.0,False,0.0,,0.0,sem_sobretensao,sem_sobretensao,True,True,False,0.0,0.0,,,,,False,,[null]
leaderless,C3_naolider_curta,18,pv2,816,-0.0,-0.0,0.0,0.0,1.0353684495010183,1.0353684495010183,1.0354558554930642,1.0503034017860868,1.0,True,0.0,,0.0,sem_sobretensao,sem_sobretensao,True,True,False,0.0,0.0,,,,,False,,[null]
leaderless,C3_naolider_curta,18,pv1,824,-0.0,-0.0,0.0,0.0,1.0326523500430973,1.0326523500430973,1.0354558554930642,1.0503034017860868,2.0,False,0.0,,0.0,sem_sobretensao,sem_sobretensao,True,True,False,0.0,0.0,,,,,False,,[null]
leaderless,C3_naolider_curta,18,pv3,828,-0.0,-0.0,0.0,0.0,1.0324195763808064,1.0324195763808064,1.0354558554930642,1.0503034017860868,3.0,False,0.0,,0.0,sem_sobretensao,sem_sobretensao,True,True,False,0.0,0.0,,,,,False,,[null]
leaderless,C3_naolider_curta,18,pv4,830,-0.0,-0.0,0.0,0.0,1.02681295674242,1.02681295674242,1.0354558554930642,1.0503034017860868,4.0,False,0.0,,0.0,sem_sobretensao,sem_sobretensao,True,True,False,0.0,0.0,,,,,False,,[null]
leaderless,C3_naolider_curta,18,pv5,850,-0.0,-0.0,0.0,0.0,1.0354558554930642,1.0354558554930642,1.0354558554930642,1.0503034017860868,5.0,False,0.0,,0.0,sem_sobretensao,sem_sobretensao,True,True,False,0.0,0.0,,,,,False,,[null]
leaderless,C3_naolider_curta,18,pv6,832,-0.0,-0.0,0.0,0.0,1.017265056101975,1.017265056101975,1.0354558554930642,1.0503034017860868,6.0,False,0.0,,0.0,sem_sobretensao,sem_sobretensao,True,True,False,0.0,0.0,,,,,False,,[null]
leaderless,C3_naolider_curta,19,pv2,816,-0.0,-0.0,0.0,0.0,1.012463803494029,1.012463803494029,1.0126403397694483,1.0496066048479267,1.0,True,0.0,,0.0,sem_sobretensao,sem_sobretensao,True,True,False,0.0,0.0,,,,,False,,[null]
leaderless,C3_naolider_curta,19,pv1,824,-0.0,-0.0,0.0,0.0,1.0068862241138112,1.0068862241138112,1.0126403397694483,1.0496066048479267,2.0,False,0.0,,0.0,sem_sobretensao,sem_sobretensao,True,True,False,0.0,0.0,,,,,False,,[null]
leaderless,C3_naolider_curta,19,pv3,828,-0.0,-0.0,0.0,0.0,1.00641255022254,1.00641255022254,1.0126403397694483,1.0496066048479267,3.0,False,0.0,,0.0,sem_sobretensao,sem_sobretensao,True,True,False,0.0,0.0,,,,,False,,[null]
leaderless,C3_naolider_curta,19,pv4,830,-0.0,-0.0,0.0,0.0,0.9949844738133675,0.9949844738133675,1.0126403397694483,1.0496066048479267,4.0,False,0.0,,0.0,sem_sobretensao,sem_sobretensao,True,True,False,0.0,0.0,,,,,False,,[null]
leaderless,C3_naolider_curta,19,pv5,850,-0.0,-0.0,0.0,0.0,1.0126403397694483,1.0126403397694483,1.0126403397694483,1.0496066048479267,5.0,False,0.0,,0.0,sem_sobretensao,sem_sobretensao,True,True,False,0.0,0.0,,,,,False,,[null]
leaderless,C3_naolider_curta,19,pv6,832,-0.0,-0.0,0.0,0.0,0.9751062275735913,0.9751062275735913,1.0126403397694483,1.0496066048479267,6.0,False,0.0,,0.0,sem_sobretensao,sem_sobretensao,True,True,False,0.0,0.0,,,,,False,,[null]
leaderless,C3_naolider_curta,20,pv2,816,-0.0,-0.0,0.0,0.0,1.0078351504741658,1.0078351504741658,1.008029696164423,1.0494657402550034,1.0,True,0.0,,0.0,sem_sobretensao,sem_sobretensao,True,True,False,0.0,0.0,,,,,False,,[null]
leaderless,C3_naolider_curta,20,pv1,824,-0.0,-0.0,0.0,0.0,1.0016803252824402,1.0016803252824402,1.008029696164423,1.0494657402550034,2.0,False,0.0,,0.0,sem_sobretensao,sem_sobretensao,True,True,False,0.0,0.0,,,,,False,,[null]
leaderless,C3_naolider_curta,20,pv3,828,-0.0,-0.0,0.0,0.0,1.001158047785484,1.001158047785484,1.008029696164423,1.0494657402550034,3.0,False,0.0,,0.0,sem_sobretensao,sem_sobretensao,True,True,False,0.0,0.0,,,,,False,,[null]
leaderless,C3_naolider_curta,20,pv4,830,-0.0,-0.0,0.0,0.0,0.9885559519361026,0.9885559519361026,1.008029696164423,1.0494657402550034,4.0,False,0.0,,0.0,sem_sobretensao,sem_sobretensao,True,True,False,0.0,0.0,,,,,False,,[null]
leaderless,C3_naolider_curta,20,pv5,850,-0.0,-0.0,0.0,0.0,1.008029696164423,1.008029696164423,1.008029696164423,1.0494657402550034,5.0,False,0.0,,0.0,sem_sobretensao,sem_sobretensao,True,True,False,0.0,0.0,,,,,False,,[null]
leaderless,C3_naolider_curta,20,pv6,832,-0.0,-0.0,0.0,0.0,0.9665920784800833,0.9665920784800833,1.008029696164423,1.0494657402550034,6.0,False,0.0,,0.0,sem_sobretensao,sem_sobretensao,True,True,False,0.0,0.0,,,,,False,,[null]
leaderless,C3_naolider_curta,21,pv2,816,-0.0,-0.0,0.0,0.0,1.0061895964378376,1.0061895964378376,1.0063905442901249,1.0494156571369113,1.0,True,0.0,,0.0,sem_sobretensao,sem_sobretensao,True,True,False,0.0,0.0,,,,,False,,[null]
leaderless,C3_naolider_curta,21,pv1,824,-0.0,-0.0,0.0,0.0,0.9998296239446811,0.9998296239446811,1.0063905442901249,1.0494156571369113,2.0,False,0.0,,0.0,sem_sobretensao,sem_sobretensao,True,True,False,0.0,0.0,,,,,False,,[null]
leaderless,C3_naolider_curta,21,pv3,828,-0.0,-0.0,0.0,0.0,0.9992900728255066,0.9992900728255066,1.0063905442901249,1.0494156571369113,3.0,False,0.0,,0.0,sem_sobretensao,sem_sobretensao,True,True,False,0.0,0.0,,,,,False,,[null]
leaderless,C3_naolider_curta,21,pv4,830,-0.0,-0.0,0.0,0.0,0.9862707730472379,0.9862707730472379,1.0063905442901249,1.0494156571369113,4.0,False,0.0,,0.0,sem_sobretensao,sem_sobretensao,True,True,False,0.0,0.0,,,,,False,,[null]
leaderless,C3_naolider_curta,21,pv5,850,-0.0,-0.0,0.0,0.0,1.0063905442901249,1.0063905442901249,1.0063905442901249,1.0494156571369113,5.0,False,0.0,,0.0,sem_sobretensao,sem_sobretensao,True,True,False,0.0,0.0,,,,,False,,[null]
leaderless,C3_naolider_curta,21,pv6,832,-0.0,-0.0,0.0,0.0,0.9635655636096437,0.9635655636096437,1.0063905442901249,1.0494156571369113,6.0,False,0.0,,0.0,sem_sobretensao,sem_sobretensao,True,True,False,0.0,0.0,,,,,False,,[null]
leaderless,C3_naolider_curta,22,pv2,816,-0.0,-0.0,0.0,0.0,1.0058618084193778,1.0058618084193778,1.0060640314884584,1.049405687339917,1.0,True,0.0,,0.0,sem_sobretensao,sem_sobretensao,True,True,False,0.0,0.0,,,,,False,,[null]
leaderless,C3_naolider_curta,22,pv1,824,-0.0,-0.0,0.0,0.0,0.9994609737243801,0.9994609737243801,1.0060640314884584,1.049405687339917,2.0,False,0.0,,0.0,sem_sobretensao,sem_sobretensao,True,True,False,0.0,0.0,,,,,False,,[null]
leaderless,C3_naolider_curta,22,pv3,828,-0.0,-0.0,0.0,0.0,0.9989179819308516,0.9989179819308516,1.0060640314884584,1.049405687339917,3.0,False,0.0,,0.0,sem_sobretensao,sem_sobretensao,True,True,False,0.0,0.0,,,,,False,,[null]
leaderless,C3_naolider_curta,22,pv4,830,-0.0,-0.0,0.0,0.0,0.9858155814373922,0.9858155814373922,1.0060640314884584,1.049405687339917,4.0,False,0.0,,0.0,sem_sobretensao,sem_sobretensao,True,True,False,0.0,0.0,,,,,False,,[null]
leaderless,C3_naolider_curta,22,pv5,850,-0.0,-0.0,0.0,0.0,1.0060640314884584,1.0060640314884584,1.0060640314884584,1.049405687339917,5.0,False,0.0,,0.0,sem_sobretensao,sem_sobretensao,True,True,False,0.0,0.0,,,,,False,,[null]
leaderless,C3_naolider_curta,22,pv6,832,-0.0,-0.0,0.0,0.0,0.9629627164790306,0.9629627164790306,1.0060640314884584,1.049405687339917,6.0,False,0.0,,0.0,sem_sobretensao,sem_sobretensao,True,True,False,0.0,0.0,,,,,False,,[null]
leaderless,C3_naolider_curta,23,pv2,816,-0.0,-0.0,0.0,0.0,1.0157857990852877,1.0157857990852877,1.0159494099998212,1.049707699932122,1.0,True,0.0,,0.0,sem_sobretensao,sem_sobretensao,True,True,False,0.0,0.0,,,,,False,,[null]
leaderless,C3_naolider_curta,23,pv1,824,-0.0,-0.0,0.0,0.0,1.0106227444912799,1.0106227444912799,1.0159494099998212,1.049707699932122,2.0,False,0.0,,0.0,sem_sobretensao,sem_sobretensao,True,True,False,0.0,0.0,,,,,False,,[null]
leaderless,C3_naolider_curta,23,pv3,828,-0.0,-0.0,0.0,0.0,1.010183972127752,1.010183972127752,1.0159494099998212,1.049707699932122,3.0,False,0.0,,0.0,sem_sobretensao,sem_sobretensao,True,True,False,0.0,0.0,,,,,False,,[null]
leaderless,C3_naolider_curta,23,pv4,830,-0.0,-0.0,0.0,0.0,0.9995990501550603,0.9995990501550603,1.0159494099998212,1.049707699932122,4.0,False,0.0,,0.0,sem_sobretensao,sem_sobretensao,True,True,False,0.0,0.0,,,,,False,,[null]
leaderless,C3_naolider_curta,23,pv5,850,-0.0,-0.0,0.0,0.0,1.0159494099998212,1.0159494099998212,1.0159494099998212,1.049707699932122,5.0,False,0.0,,0.0,sem_sobretensao,sem_sobretensao,True,True,False,0.0,0.0,,,,,False,,[null]
leaderless,C3_naolider_curta,23,pv6,832,-0.0,-0.0,0.0,0.0,0.9812181271943429,0.9812181271943429,1.0159494099998212,1.049707699932122,6.0,False,0.0,,0.0,sem_sobretensao,sem_sobretensao,True,True,False,0.0,0.0,,,,,False,,[null]
leaderless,C3_naolider_longa,0,pv2,816,-0.0,-0.0,0.0,0.0,1.0450262948633384,1.0450262948633384,1.0450761113146871,1.0505970659065016,1.0,True,0.0,,0.0,sem_sobretensao,sem_sobretensao,True,True,False,0.0,0.0,,,,,False,,[null]
leaderless,C3_naolider_longa,0,pv1,824,-0.0,-0.0,0.0,0.0,1.0435191673339028,1.0435191673339028,1.0450761113146871,1.0505970659065016,2.0,False,0.0,,0.0,sem_sobretensao,sem_sobretensao,True,True,False,0.0,0.0,,,,,False,,[null]
leaderless,C3_naolider_longa,0,pv3,828,-0.0,-0.0,0.0,0.0,1.043388151795147,1.043388151795147,1.0450761113146871,1.0505970659065016,3.0,False,0.0,,0.0,sem_sobretensao,sem_sobretensao,True,True,False,0.0,0.0,,,,,False,,[null]
leaderless,C3_naolider_longa,0,pv4,830,-0.0,-0.0,0.0,0.0,1.0402417834114017,1.0402417834114017,1.0450761113146871,1.0505970659065016,4.0,False,0.0,,0.0,sem_sobretensao,sem_sobretensao,True,True,False,0.0,0.0,,,,,False,,[null]
leaderless,C3_naolider_longa,0,pv5,850,-0.0,-0.0,0.0,0.0,1.0450761113146871,1.0450761113146871,1.0450761113146871,1.0505970659065016,5.0,False,0.0,,0.0,sem_sobretensao,sem_sobretensao,True,True,False,0.0,0.0,,,,,False,,[null]
leaderless,C3_naolider_longa,0,pv6,832,-0.0,-0.0,0.0,0.0,1.0350545283587615,1.0350545283587615,1.0450761113146871,1.0505970659065016,6.0,False,0.0,,0.0,sem_sobretensao,sem_sobretensao,True,True,False,0.0,0.0,,,,,False,,[null]
leaderless,C3_naolider_longa,1,pv2,816,-0.0,-0.0,0.0,0.0,1.0450265903941263,1.0450265903941263,1.0450764055625157,1.0505970903489994,1.0,True,0.0,,0.0,sem_sobretensao,sem_sobretensao,True,True,False,0.0,0.0,,,,,False,,[null]
leaderless,C3_naolider_longa,1,pv1,824,-0.0,-0.0,0.0,0.0,1.043519497117978,1.043519497117978,1.0450764055625157,1.0505970903489994,2.0,False,0.0,,0.0,sem_sobretensao,sem_sobretensao,True,True,False,0.0,0.0,,,,,False,,[null]
leaderless,C3_naolider_longa,1,pv3,828,-0.0,-0.0,0.0,0.0,1.0433884847070511,1.0433884847070511,1.0450764055625157,1.0505970903489994,3.0,False,0.0,,0.0,sem_sobretensao,sem_sobretensao,True,True,False,0.0,0.0,,,,,False,,[null]
leaderless,C3_naolider_longa,1,pv4,830,-0.0,-0.0,0.0,0.0,1.0402421909746427,1.0402421909746427,1.0450764055625157,1.0505970903489994,4.0,False,0.0,,0.0,sem_sobretensao,sem_sobretensao,True,True,False,0.0,0.0,,,,,False,,[null]
leaderless,C3_naolider_longa,1,pv5,850,-0.0,-0.0,0.0,0.0,1.0450764055625157,1.0450764055625157,1.0450764055625157,1.0505970903489994,5.0,False,0.0,,0.0,sem_sobretensao,sem_sobretensao,True,True,False,0.0,0.0,,,,,False,,[null]
leaderless,C3_naolider_longa,1,pv6,832,-0.0,-0.0,0.0,0.0,1.0350550780786294,1.0350550780786294,1.0450764055625157,1.0505970903489994,6.0,False,0.0,,0.0,sem_sobretensao,sem_sobretensao,True,True,False,0.0,0.0,,,,,False,,[null]
leaderless,C3_naolider_longa,2,pv2,816,-0.0,-0.0,0.0,0.0,1.0449571701348623,1.0449571701348623,1.0450072554978003,1.0505949800956955,1.0,True,0.0,,0.0,sem_sobretensao,sem_sobretensao,True,True,False,0.0,0.0,,,,,False,,[null]
leaderless,C3_naolider_longa,2,pv1,824,-0.0,-0.0,0.0,0.0,1.0434413812534846,1.0434413812534846,1.0450072554978003,1.0505949800956955,2.0,False,0.0,,0.0,sem_sobretensao,sem_sobretensao,True,True,False,0.0,0.0,,,,,False,,[null]
leaderless,C3_naolider_longa,2,pv3,828,-0.0,-0.0,0.0,0.0,1.0433096369965242,1.0433096369965242,1.0450072554978003,1.0505949800956955,3.0,False,0.0,,0.0,sem_sobretensao,sem_sobretensao,True,True,False,0.0,0.0,,,,,False,,[null]
leaderless,C3_naolider_longa,2,pv4,830,-0.0,-0.0,0.0,0.0,1.0401456464219774,1.0401456464219774,1.0450072554978003,1.0505949800956955,4.0,False,0.0,,0.0,sem_sobretensao,sem_sobretensao,True,True,False,0.0,0.0,,,,,False,,[null]
leaderless,C3_naolider_longa,2,pv5,850,-0.0,-0.0,0.0,0.0,1.0450072554978003,1.0450072554978003,1.0450072554978003,1.0505949800956955,5.0,False,0.0,,0.0,sem_sobretensao,sem_sobretensao,True,True,False,0.0,0.0,,,,,False,,[null]
leaderless,C3_naolider_longa,2,pv6,832,-0.0,-0.0,0.0,0.0,1.0349271785104095,1.0349271785104095,1.0450072554978003,1.0505949800956955,6.0,False,0.0,,0.0,sem_sobretensao,sem_sobretensao,True,True,False,0.0,0.0,,,,,False,,[null]
leaderless,C3_naolider_longa,3,pv2,816,-0.0,-0.0,0.0,0.0,1.0449571021647746,1.0449571021647746,1.0450071878057714,1.0505949776249717,1.0,True,0.0,,0.0,sem_sobretensao,sem_sobretensao,True,True,False,0.0,0.0,,,,,False,,[null]
leaderless,C3_naolider_longa,3,pv1,824,-0.0,-0.0,0.0,0.0,1.043441305274198,1.043441305274198,1.0450071878057714,1.0505949776249717,2.0,False,0.0,,0.0,sem_sobretensao,sem_sobretensao,True,True,False,0.0,0.0,,,,,False,,[null]
leaderless,C3_naolider_longa,3,pv3,828,-0.0,-0.0,0.0,0.0,1.043309560339792,1.043309560339792,1.0450071878057714,1.0505949776249717,3.0,False,0.0,,0.0,sem_sobretensao,sem_sobretensao,True,True,False,0.0,0.0,,,,,False,,[null]
leaderless,C3_naolider_longa,3,pv4,830,-0.0,-0.0,0.0,0.0,1.0401455535283302,1.0401455535283302,1.0450071878057714,1.0505949776249717,4.0,False,0.0,,0.0,sem_sobretensao,sem_sobretensao,True,True,False,0.0,0.0,,,,,False,,[null]
leaderless,C3_naolider_longa,3,pv5,850,-0.0,-0.0,0.0,0.0,1.0450071878057714,1.0450071878057714,1.0450071878057714,1.0505949776249717,5.0,False,0.0,,0.0,sem_sobretensao,sem_sobretensao,True,True,False,0.0,0.0,,,,,False,,[null]
leaderless,C3_naolider_longa,3,pv6,832,-0.0,-0.0,0.0,0.0,1.0349270553472671,1.0349270553472671,1.0450071878057714,1.0505949776249717,6.0,False,0.0,,0.0,sem_sobretensao,sem_sobretensao,True,True,False,0.0,0.0,,,,,False,,[null]
leaderless,C3_naolider_longa,4,pv2,816,-0.0,-0.0,0.0,0.0,1.045026523122921,1.045026523122921,1.045076338566197,1.0505970879234294,1.0,True,0.0,,0.0,sem_sobretensao,sem_sobretensao,True,True,False,0.0,0.0,,,,,False,,[null]
leaderless,C3_naolider_longa,4,pv1,824,-0.0,-0.0,0.0,0.0,1.0435194219130084,1.0435194219130084,1.045076338566197,1.0505970879234294,2.0,False,0.0,,0.0,sem_sobretensao,sem_sobretensao,True,True,False,0.0,0.0,,,,,False,,[null]
leaderless,C3_naolider_longa,4,pv3,828,-0.0,-0.0,0.0,0.0,1.0433884088314556,1.0433884088314556,1.045076338566197,1.0505970879234294,3.0,False,0.0,,0.0,sem_sobretensao,sem_sobretensao,True,True,False,0.0,0.0,,,,,False,,[null]
leaderless,C3_naolider_longa,4,pv4,830,-0.0,-0.0,0.0,0.0,1.0402420990252506,1.0402420990252506,1.045076338566197,1.0505970879234294,4.0,False,0.0,,0.0,sem_sobretensao,sem_sobretensao,True,True,False,0.0,0.0,,,,,False,,[null]
leaderless,C3_naolider_longa,4,pv5,850,-0.0,-0.0,0.0,0.0,1.045076338566197,1.045076338566197,1.045076338566197,1.0505970879234294,5.0,False,0.0,,0.0,sem_sobretensao,sem_sobretensao,True,True,False,0.0,0.0,,,,,False,,[null]
leaderless,C3_naolider_longa,4,pv6,832,-0.0,-0.0,0.0,0.0,1.035054956170032,1.035054956170032,1.045076338566197,1.0505970879234294,6.0,False,0.0,,0.0,sem_sobretensao,sem_sobretensao,True,True,False,0.0,0.0,,,,,False,,[null]
leaderless,C3_naolider_longa,5,pv2,816,-0.0,-0.0,0.0,0.0,1.046437942275659,1.046437942275659,1.0464804756969757,1.05063939179868,1.0,True,0.0,,0.0,sem_sobretensao,sem_sobretensao,True,True,False,0.0,0.0,,,,,False,,[null]
leaderless,C3_naolider_longa,5,pv1,824,-0.0,-0.0,0.0,0.0,1.0450850714048536,1.0450850714048536,1.0464804756969757,1.05063939179868,2.0,False,0.0,,0.0,sem_sobretensao,sem_sobretensao,True,True,False,0.0,0.0,,,,,False,,[null]
leaderless,C3_naolider_longa,5,pv3,828,-0.0,-0.0,0.0,0.0,1.044968726726859,1.044968726726859,1.0464804756969757,1.05063939179868,3.0,False,0.0,,0.0,sem_sobretensao,sem_sobretensao,True,True,False,0.0,0.0,,,,,False,,[null]
leaderless,C3_naolider_longa,5,pv4,830,-0.0,-0.0,0.0,0.0,1.0421771197491476,1.0421771197491476,1.0464804756969757,1.05063939179868,4.0,False,0.0,,0.0,sem_sobretensao,sem_sobretensao,True,True,False,0.0,0.0,,,,,False,,[null]
leaderless,C3_naolider_longa,5,pv5,850,-0.0,-0.0,0.0,0.0,1.0464804756969757,1.0464804756969757,1.0464804756969757,1.05063939179868,5.0,False,0.0,,0.0,sem_sobretensao,sem_sobretensao,True,True,False,0.0,0.0,,,,,False,,[null]
leaderless,C3_naolider_longa,5,pv6,832,-0.0,-0.0,0.0,0.0,1.0376184354041749,1.0376184354041749,1.0464804756969757,1.05063939179868,6.0,False,0.0,,0.0,sem_sobretensao,sem_sobretensao,True,True,False,0.0,0.0,,,,,False,,[null]
leaderless,C3_naolider_longa,6,pv2,816,15.625241782068514,15.625241782068514,0.0,0.0,1.0483407437819094,1.0483407437819094,1.0483782454548018,1.0506384889471005,1.0,True,0.0,0.0,0.0,sem_sobretensao,sem_sobretensao,True,True,False,0.0,0.0,,,,,False,0.0,[0.0]
leaderless,C3_naolider_longa,6,pv1,824,18.7503236717592,18.7503236717592,0.0,0.0,1.0471579048369506,1.0471579048369506,1.0483782454548018,1.0506384889471005,2.0,False,0.0,0.0,0.0,sem_sobretensao,sem_sobretensao,True,True,False,0.0,0.0,,,,,False,0.0,[0.0]
leaderless,C3_naolider_longa,6,pv3,828,12.500217712144039,12.500217712144039,0.0,0.0,1.0470455387298745,1.0470455387298745,1.0483782454548018,1.0506384889471005,3.0,False,0.0,0.0,0.0,sem_sobretensao,sem_sobretensao,True,True,False,0.0,0.0,,,,,False,0.0,[0.0]
leaderless,C3_naolider_longa,6,pv4,830,16.250349249231203,16.250349249231203,0.0,0.0,1.0442222095150686,1.0442222095150686,1.0483782454548018,1.0506384889471005,4.0,False,0.0,0.0,0.0,sem_sobretensao,sem_sobretensao,True,True,False,0.0,0.0,,,,,False,0.0,[0.0]
leaderless,C3_naolider_longa,6,pv5,850,11.250173385025839,11.250173385025839,0.0,0.0,1.0483782454548018,1.0483782454548018,1.0483782454548018,1.0506384889471005,5.0,False,0.0,0.0,0.0,sem_sobretensao,sem_sobretensao,True,True,False,0.0,0.0,,,,,False,0.0,[0.0]
leaderless,C3_naolider_longa,6,pv6,832,14.375428037447017,14.375428037447017,0.0,0.0,1.0393165620198634,1.0393165620198634,1.0483782454548018,1.0506384889471005,6.0,False,0.0,0.0,0.0,sem_sobretensao,sem_sobretensao,True,True,False,0.0,0.0,,,,,False,0.0,[0.0]
leaderless,C3_naolider_longa,7,pv2,816,46.87517293313687,18.61656406957986,28.258608863557008,0.6028480375417025,1.0562538666391141,1.050465171521414,1.0504945077928125,1.0507967743424314,1.0,True,0.0,0.6028480983710784,112.0,convergiu,convergiu,True,False,False,0.005628675277476607,0.005628675277476607,,,,,False,0.0056286640961646,[0.005629]
leaderless,C3_naolider_longa,7,pv1,824,56.25022149623055,22.921835003325622,33.328386492904926,0.592502246903081,1.0558852978158424,1.0495318067162607,1.0504945077928125,1.0507967743424314,2.0,False,0.0,0.5925023156600073,112.0,convergiu,convergiu,True,False,False,0.005628675277476607,0.005628675277476607,,,,,False,0.0056286640961646,[0.005629]
leaderless,C3_naolider_longa,7,pv3,828,37.5001485947879,15.481335540859565,22.018813053928337,0.5871659512259305,1.0558243986090117,1.0494385326020443,1.0504945077928125,1.0507967743424314,3.0,False,0.0,0.5871660214431444,112.0,convergiu,convergiu,True,False,False,0.005628675277476607,0.005628675277476607,,,,,False,0.0056286640961646,[0.005629]
leaderless,C3_naolider_longa,7,pv4,830,48.75022589866941,20.13155181872286,28.618674079946555,0.5870469196890805,1.0539937130575454,1.0470467783556865,1.0504945077928125,1.0507967743424314,4.0,False,0.0,0.5870470044473717,112.0,convergiu,convergiu,True,False,False,0.005628675277476607,0.005628675277476607,,,,,False,0.0056286640961646,[0.005629]
leaderless,C3_naolider_longa,7,pv5,850,33.75012402307615,13.764232247544683,19.985891775531464,0.5921723328187174,1.056261646345798,1.0504945077928125,1.0504945077928125,1.0507967743424314,5.0,False,0.0,0.5921723950367236,112.0,convergiu,convergiu,True,False,False,0.005628675277476607,0.005628675277476607,,,,,False,0.0056286640961646,[0.005629]
leaderless,C3_naolider_longa,7,pv6,832,43.12526281682057,17.81554256744698,25.309720249373594,0.586888373065498,1.0502737503980764,1.0428373103003943,1.0504945077928125,1.0507967743424314,6.0,False,0.0,0.5868884870772728,112.0,convergiu,convergiu,True,False,False,0.005628675277476607,0.005628675277476607,,,,,False,0.0056286640961646,[0.005629]
leaderless,C3_naolider_longa,8,pv2,816,85.41699518351156,37.76369215885982,47.65330302465174,0.5578900824506071,1.0600225764112021,1.0504587822863145,1.0504888723268433,1.0507773511993275,1.0,True,0.0,0.557890182419464,71.0,convergiu,convergiu,True,False,False,0.006457805843715731,0.006457805843715731,,,,,False,0.00645778290536155,[0.006458]
leaderless,C3_naolider_longa,8,pv1,824,102.5004218229993,46.50469541302022,55.99572640997908,0.546297408824497,1.0599113579217716,1.0494133938882992,1.0504888723268433,1.0507773511993275,2.0,False,0.0,0.546297521649951,71.0,convergiu,convergiu,True,False,False,0.006457805843715731,0.006457805843715731,,,,,False,0.00645778290536155,[0.006458]
leaderless,C3_naolider_longa,8,pv3,828,68.33361550646674,31.409825213160943,36.9237902933058,0.540345804005245,1.05985117379965,1.0492998340560133,1.0504888723268433,1.0507773511993275,3.0,False,0.0,0.5403459193493357,71.0,convergiu,convergiu,True,False,False,0.006457805843715731,0.006457805843715731,,,,,False,0.00645778290536155,[0.006458]
leaderless,C3_naolider_longa,8,pv4,830,88.83371850555443,40.87413459822744,47.95958390732699,0.53988026007811,1.05772811502514,1.0462548269136773,1.0504888723268433,1.0507773511993275,4.0,False,0.0,0.5398804048074185,71.0,convergiu,convergiu,True,False,False,0.006457805843715731,0.006457805843715731,,,,,False,0.00645778290536155,[0.006458]
leaderless,C3_naolider_longa,8,pv5,850,61.500235620248745,27.979467671355017,33.52076794889373,0.5450509467027748,1.0600169249791909,1.0504888723268433,1.0504888723268433,1.0507773511993275,5.0,False,0.0,0.5450510491679665,71.0,convergiu,convergiu,True,False,False,0.006457805843715731,0.006457805843715731,,,,,False,0.00645778290536155,[0.006458]
leaderless,C3_naolider_longa,8,pv6,832,78.58368138197022,36.219477130947766,42.36420425102246,0.539096502049424,1.0527861135197867,1.0405174242811683,1.0504888723268433,1.0507773511993275,6.0,False,0.0,0.539096712014592,71.0,convergiu,convergiu,True,False,False,0.006457805843715731,0.006457805843715731,,,,,False,0.00645778290536155,[0.006458]
leaderless,C3_naolider_longa,9,pv2,816,109.37601310477916,43.85661746808266,65.5193956366965,0.5990288168021676,1.0634560310644599,1.050455192632807,1.050485530723397,1.0507687603937348,1.0,True,0.0,0.599028925784036,59.0,convergiu,convergiu,True,False,False,0.007244773301627788,0.007244773301627788,,,,,False,0.007244744807660044,[0.007245]
leaderless,C3_naolider_longa,9,pv1,824,131.25131079088754,54.29578728987616,76.95552350101138,0.5863218189255889,1.0636450085593006,1.049374070465468,1.050485530723397,1.0507687603937348,2.0,False,0.0,0.5863219425184911,59.0,convergiu,convergiu,True,False,False,0.007244773301627788,0.007244773301627788,,,,,False,0.007244744807660044,[0.007245]
leaderless,C3_naolider_longa,9,pv3,828,87.50087713617727,36.760411438833685,50.74046569734358,0.5798850968193269,1.0635972316987168,1.049253909669607,1.050485530723397,1.0507687603937348,3.0,False,0.0,0.5798852235318327,59.0,convergiu,convergiu,True,False,False,0.007244773301627788,0.007244773301627788,,,,,False,0.007244744807660044,[0.007245]
leaderless,C3_naolider_longa,9,pv4,830,113.75120271145519,47.882755265647305,65.86844744580789,0.5790569900713987,1.0615841263923187,1.0459946177608517,1.050485530723397,1.0507687603937348,4.0,False,0.0,0.579057151711106,59.0,convergiu,convergiu,True,False,False,0.007244773301627788,0.007244773301627788,,,,,False,0.007244744807660044,[0.007245]
leaderless,C3_naolider_longa,9,pv5,850,78.75072660212736,32.74787341047341,46.00285319165395,0.5841577127097466,1.063437708519427,1.050485530723397,1.050485530723397,1.0507687603937348,5.0,False,0.0,0.5841578252867985,59.0,convergiu,convergiu,True,False,False,0.007244773301627788,0.007244773301627788,,,,,False,0.007244744807660044,[0.007245]
leaderless,C3_naolider_longa,9,pv6,832,100.62608269869301,42.519329479576,58.10675321911701,0.5774519620583298,1.056404228700457,1.0397522203228986,1.050485530723397,1.0507687603937348,6.0,False,0.0,0.577452203849646,59.0,convergiu,convergiu,True,False,False,0.007244773301627788,0.007244773301627788,,,,,False,0.007244744807660044,[0.007245]
leaderless,C3_naolider_longa,10,pv2,816,122.91832475882163,38.89396553642481,84.02435922239681,0.6835787160280216,1.064798882698967,1.050465448021309,1.050494724391692,1.0507656051780287,1.0,True,0.0,0.6835787860537574,52.0,convergiu,convergiu,True,False,False,0.21382597090590996,0.006597982394355046,,,,,False,0.21382585087433914,"[0.006598, 0.0]"
leaderless,C3_naolider_longa,10,pv1,824,147.5021567057664,48.32473005664734,99.17742664911906,0.6723794240922554,1.0650831816200739,1.0494485558319067,1.050494724391692,1.0507656051780287,2.0,False,0.0,0.6723795018601368,52.0,convergiu,convergiu,True,False,False,0.21382597090590996,0.006597982394355046,,,,,False,0.21382585087433914,"[0.006598, 0.0]"
leaderless,C3_naolider_longa,10,pv3,828,98.33477677714646,32.90218544262733,65.43259133451913,0.6654063354341784,1.0650361551409906,1.0493358455877604,1.050494724391692,1.0507656051780287,3.0,False,0.0,0.6654064155024962,52.0,convergiu,convergiu,True,False,False,0.21382597090590996,0.006597982394355046,,,,,False,0.21382585087433914,"[0.006598, 0.0]"
leaderless,C3_naolider_longa,10,pv4,830,127.83531369216493,42.7051599644641,85.13015372770083,0.6659360272334037,1.0629336672519711,1.046297799069201,1.050494724391692,1.0507656051780287,4.0,False,0.0,0.6659361272637021,52.0,convergiu,convergiu,True,False,False,0.21382597090590996,0.006597982394355046,,,,,False,0.21382585087433914,"[0.006598, 0.0]"
leaderless,C3_naolider_longa,10,pv5,850,88.50118918741757,28.863288110062772,59.6379010773548,0.6738654617135941,1.0647757090247283,1.050494724391692,1.050494724391692,1.0507656051780287,5.0,False,0.0,0.6738655336151536,52.0,convergiu,convergiu,True,False,False,0.21382597090590996,0.006597982394355046,,,,,False,0.21382585087433914,"[0.006598, 0.0]"
leaderless,C3_naolider_longa,10,pv6,832,113.08509904362477,101.92292402576987,11.162175017854892,0.09870557388469425,1.0573508157047873,1.0405721409042814,1.050494724391692,1.0507656051780287,6.0,False,1.0,0.09870597551980625,52.0,convergiu,convergiu,True,False,False,0.21382597090590996,0.006597982394355046,,,,,False,0.21382585087433914,"[0.006598, 0.0]"
leaderless,C3_naolider_longa,11,pv2,816,125.00096066200652,69.85160324712973,55.14935741487679,0.4411913532774624,1.0612357577953115,1.0504631346570301,1.0504943245810698,1.0507403164836526,1.0,True,0.0,0.4411914686319622,52.0,convergiu,convergiu,True,False,False,0.007857222585777143,0.007857222585777143,,,,,False,0.007857178567032667,[0.007857]
leaderless,C3_naolider_longa,11,pv1,824,150.00123866554483,85.8668897274174,64.13434893812743,0.42755866647894486,1.0610597612831496,1.0492354391838343,1.0504943245810698,1.0507403164836526,2.0,False,0.0,0.4275587955718598,52.0,convergiu,convergiu,True,False,False,0.007857222585777143,0.007857222585777143,,,,,False,0.007857178567032667,[0.007857]
leaderless,C3_naolider_longa,11,pv3,828,100.00082786662391,57.9324571553374,42.068370711286505,0.42068009215421326,1.060972581692435,1.0490884004525793,1.0504943245810698,1.0507403164836526,3.0,False,0.0,0.4206802244416935,52.0,convergiu,convergiu,True,False,False,0.007857222585777143,0.007857222585777143,,,,,False,0.007857178567032667,[0.007857]
leaderless,C3_naolider_longa,11,pv4,830,130.00108663064094,75.44763124449369,54.55345538614725,0.41963827002287474,1.0578779371408855,1.0449627922151108,1.0504943245810698,1.0507403164836526,4.0,False,0.0,0.41963845687801454,52.0,convergiu,convergiu,True,False,False,0.007857222585777143,0.007857222585777143,,,,,False,0.007857178567032667,[0.007857]
leaderless,C3_naolider_longa,11,pv5,850,90.0006889774136,51.76426645686935,38.23642252054425,0.4248457685329552,1.0612265378196852,1.0504943245810698,1.0504943245810698,1.0507403164836526,5.0,False,0.0,0.4248458867924888,52.0,convergiu,convergiu,True,False,False,0.007857222585777143,0.007857222585777143,,,,,False,0.007857178567032667,[0.007857]
leaderless,C3_naolider_longa,11,pv6,832,115.00086132093384,66.97569383869542,48.025167482238416,0.41760669615656965,1.0504893278562255,1.0366916567343003,1.0504943245810698,1.0507403164836526,6.0,False,0.0,0.41760702424840274,52.0,convergiu,convergiu,True,False,False,0.007857222585777143,0.007857222585777143,,,,,False,0.007857178567032667,[0.007857]
leaderless,C3_naolider_longa,12,pv2,816,114.5839677826742,73.41529493210493,41.168672850569266,0.35928813683584937,1.0584759980523872,1.050464447221669,1.0504957325274697,1.0507366305207488,1.0,True,0.0,0.35928824640330026,54.0,convergiu,convergiu,True,False,False,0.00737886494252326,0.00737886494252326,,,,,False,0.007378821429491949,[0.007379]
leaderless,C3_naolider_longa,12,pv1,824,137.50081169880735,89.8831769627828,47.617634736024556,0.34630790458176575,1.0580095021842808,1.0492171882504273,1.0504957325274697,1.0507366305207488,2.0,False,0.0,0.3463080264597273,54.0,convergiu,convergiu,True,False,False,0.00737886494252326,0.00737886494252326,,,,,False,0.007378821429491949,[0.007379]
leaderless,C3_naolider_longa,12,pv3,828,91.66720981717647,60.528710817896254,31.138498999280216,0.33969057883587717,1.0579033715498907,1.0490666577220364,1.0504957325274697,1.0507366305207488,3.0,False,0.0,0.3396907035938333,54.0,convergiu,convergiu,True,False,False,0.00737886494252326,0.00737886494252326,,,,,False,0.007378821429491949,[0.007379]
leaderless,C3_naolider_longa,12,pv4,830,119.16742071272294,78.78413221560172,40.38328849712123,0.3388784177239662,1.0544313943894756,1.044830068018271,1.0504957325274697,1.0507366305207488,4.0,False,0.0,0.3388785983249002,54.0,convergiu,convergiu,True,False,False,0.00737886494252326,0.00737886494252326,,,,,False,0.007378821429491949,[0.007379]
leaderless,C3_naolider_longa,12,pv5,850,82.50045501033003,54.10667388983268,28.39378112049735,0.34416503400945925,1.0584772347635698,1.0504957325274697,1.0504957325274697,1.0507366305207488,5.0,False,0.0,0.34416514571879775,54.0,convergiu,convergiu,True,False,False,0.00737886494252326,0.00737886494252326,,,,,False,0.007378821429491949,[0.007379]
leaderless,C3_naolider_longa,12,pv6,832,105.41738626806148,69.8475510661478,35.569835201913676,0.3374187309590387,1.0465580380118673,1.0363023967153324,1.0504957325274697,1.0507366305207488,6.0,False,0.0,0.33741905828953705,54.0,convergiu,convergiu,True,False,False,0.00737886494252326,0.00737886494252326,,,,,False,0.007378821429491949,[0.007379]
leaderless,C3_naolider_longa,13,pv2,816,91.66698437003416,67.30899929013316,24.357985079901,0.2657224424441051,1.0551908300164154,1.0504611846929535,1.0504922640177414,1.050743693612421,1.0,True,0.0,0.26572255264310407,60.0,convergiu,convergiu,True,False,False,0.0065510386013097185,0.0065510386013097185,,,,,False,0.006551001604959001,[0.006551]
leaderless,C3_naolider_longa,13,pv1,824,110.00040441486036,82.06444894085168,27.93595547400868,0.2539621755620429,1.054437479898161,1.0492483036930844,1.0504922640177414,1.050743693612421,2.0,False,0.0,0.2539622978898313,60.0,convergiu,convergiu,True,False,False,0.0065510386013097185,0.0065510386013097185,,,,,False,0.006551001604959001,[0.006551]
leaderless,C3_naolider_longa,13,pv3,828,73.33360442743488,55.15417587309497,18.179428554339907,0.24790025721027942,1.054319576067053,1.0491042757342546,1.0504922640177414,1.050743693612421,3.0,False,0.0,0.24790038204557133,60.0,convergiu,convergiu,True,False,False,0.0065510386013097185,0.0065510386013097185,,,,,False,0.006551001604959001,[0.006551]
leaderless,C3_naolider_longa,13,pv4,830,95.33373708087281,71.74546063071648,23.58827645015633,0.24742825090572348,1.0507455019405467,1.0450798551321032,1.0504922640177414,1.050743693612421,4.0,False,0.0,0.24742842536578732,60.0,convergiu,convergiu,True,False,False,0.0065510386013097185,0.0065510386013097185,,,,,False,0.006551001604959001,[0.006551]
leaderless,C3_naolider_longa,13,pv5,850,66.00022784146509,49.32287558850683,16.677352252958258,0.2526861713291126,1.055204187001955,1.0504922640177414,1.0504922640177414,1.050743693612421,5.0,False,0.0,0.2526862830385655,60.0,convergiu,convergiu,True,False,False,0.0065510386013097185,0.0065510386013097185,,,,,False,0.006551001604959001,[0.006551]
leaderless,C3_naolider_longa,13,pv6,832,84.33378907349122,63.52884652165352,20.804942551837698,0.246697289324018,1.043106553581597,1.0370543284934868,1.0504922640177414,1.050743693612421,6.0,False,0.0,0.24669759037753647,60.0,convergiu,convergiu,True,False,False,0.0065510386013097185,0.0065510386013097185,,,,,False,0.006551001604959001,[0.006551]
leaderless,C3_naolider_longa,14,pv2,816,62.500202384307,51.34325755776803,11.156944826538975,0.1785104281295353,1.0526136226473168,1.0504672779172315,1.0504977861724873,1.0507655989240539,1.0,True,0.0,0.17851053918091536,68.0,convergiu,convergiu,True,False,False,0.005932245094882164,0.005932245094882164,,,,,False,0.005932217401250338,[0.005932]
leaderless,C3_naolider_longa,14,pv1,824,75.00026022049668,62.424517447987064,12.57574277250962,0.16767586508380233,1.051699638147051,1.0493458299364011,1.0504977861724873,1.0507655989240539,2.0,False,0.0,0.16767598853040805,68.0,convergiu,convergiu,True,False,False,0.005932245094882164,0.005932245094882164,,,,,False,0.005932217401250338,[0.005932]
leaderless,C3_naolider_longa,14,pv3,828,50.00017464108199,41.896386337697045,8.103788303384945,0.16207507442449856,1.051584134780224,1.0492185478025784,1.0504977861724873,1.0507655989240539,3.0,False,0.0,0.16207519996793318,68.0,convergiu,convergiu,True,False,False,0.005932245094882164,0.005932245094882164,,,,,False,0.005932217401250338,[0.005932]
leaderless,C3_naolider_longa,14,pv4,830,65.00026956577598,54.478970354412425,10.521299211363555,0.16186530679612104,1.0483035673740253,1.0457345610855258,1.0504977861724873,1.0507655989240539,4.0,False,0.0,0.16186547043034483,68.0,convergiu,convergiu,True,False,False,0.005932245094882164,0.005932245094882164,,,,,False,0.005932217401250338,[0.005932]
leaderless,C3_naolider_longa,14,pv5,850,45.00014513832714,37.480902426660755,7.5192427116663865,0.16709363140730424,1.0526360952837714,1.0504977861724873,1.0504977861724873,1.0507655989240539,5.0,False,0.0,0.16709374355466602,68.0,convergiu,convergiu,True,False,False,0.005932245094882164,0.005932245094882164,,,,,False,0.005932217401250338,[0.005932]
leaderless,C3_naolider_longa,14,pv6,832,57.50032271332255,48.20883864406236,9.291484069260186,0.16158986673339323,1.041720637091087,1.038975961817025,1.0504977861724873,1.0507655989240539,6.0,False,0.0,0.16159012038218343,68.0,convergiu,convergiu,True,False,False,0.005932245094882164,0.005932245094882164,,,,,False,0.005932217401250338,[0.005932]
leaderless,C3_naolider_longa,15,pv2,816,28.12494777047007,28.12494777047007,0.0,0.0,1.0386370242003247,1.0386370242003247,1.0387127583056504,1.0502955100132891,1.0,True,0.0,0.0,0.0,sem_sobretensao,sem_sobretensao,True,True,False,0.0,0.0,,,,,False,0.0,[0.0]
leaderless,C3_naolider_longa,15,pv1,824,33.74993265576544,33.74993265576544,0.0,0.0,1.0361657626140055,1.0361657626140055,1.0387127583056504,1.0502955100132891,2.0,False,0.0,0.0,0.0,sem_sobretensao,sem_sobretensao,True,True,False,0.0,0.0,,,,,False,0.0,[0.0]
leaderless,C3_naolider_longa,15,pv3,828,22.499954834109634,22.499954834109634,0.0,0.0,1.0359378482600161,1.0359378482600161,1.0387127583056504,1.0502955100132891,3.0,False,0.0,0.0,0.0,sem_sobretensao,sem_sobretensao,True,True,False,0.0,0.0,,,,,False,0.0,[0.0]
leaderless,C3_naolider_longa,15,pv4,830,29.24993235059054,29.24993235059054,0.0,0.0,1.0302157541130381,1.0302157541130381,1.0387127583056504,1.0502955100132891,4.0,False,0.0,0.0,0.0,sem_sobretensao,sem_sobretensao,True,True,False,0.0,0.0,,,,,False,0.0,[0.0]
leaderless,C3_naolider_longa,15,pv5,850,20.249962546409698,20.249962546409698,0.0,0.0,1.0387127583056504,1.0387127583056504,1.0387127583056504,1.0502955100132891,5.0,False,0.0,0.0,0.0,sem_sobretensao,sem_sobretensao,True,True,False,0.0,0.0,,,,,False,0.0,[0.0]
leaderless,C3_naolider_longa,15,pv6,832,25.874924488489185,25.874924488489185,0.0,0.0,1.0199321297314483,1.0199321297314483,1.0387127583056504,1.0502955100132891,6.0,False,0.0,0.0,0.0,sem_sobretensao,sem_sobretensao,True,True,False,0.0,0.0,,,,,False,0.0,[0.0]
leaderless,C3_naolider_longa,16,pv2,816,3.1250322945966156,3.1250322945966156,0.0,0.0,1.0394703803118939,1.0394703803118939,1.0395419414769755,1.0504162382879945,1.0,True,0.0,0.0,0.0,sem_sobretensao,sem_sobretensao,True,True,False,0.0,0.0,,,,,False,0.0,[0.0]
leaderless,C3_naolider_longa,16,pv1,824,3.7500421409592146,3.7500421409592146,0.0,0.0,1.037249237228996,1.037249237228996,1.0395419414769755,1.0504162382879945,2.0,False,0.0,0.0,0.0,sem_sobretensao,sem_sobretensao,True,True,False,0.0,0.0,,,,,False,0.0,[0.0]
leaderless,C3_naolider_longa,16,pv3,828,2.5000282767909323,2.5000282767909323,0.0,0.0,1.0370563779560686,1.0370563779560686,1.0395419414769755,1.0504162382879945,3.0,False,0.0,0.0,0.0,sem_sobretensao,sem_sobretensao,True,True,False,0.0,0.0,,,,,False,0.0,[0.0]
leaderless,C3_naolider_longa,16,pv4,830,3.250042548739909,3.250042548739909,0.0,0.0,1.032388850852863,1.032388850852863,1.0395419414769755,1.0504162382879945,4.0,False,0.0,0.0,0.0,sem_sobretensao,sem_sobretensao,True,True,False,0.0,0.0,,,,,False,0.0,[0.0]
leaderless,C3_naolider_longa,16,pv5,850,2.250023159170765,2.250023159170765,0.0,0.0,1.0395419414769755,1.0395419414769755,1.0395419414769755,1.0504162382879945,5.0,False,0.0,0.0,0.0,sem_sobretensao,sem_sobretensao,True,True,False,0.0,0.0,,,,,False,0.0,[0.0]
leaderless,C3_naolider_longa,16,pv6,832,2.875047132931354,2.875047132931354,0.0,0.0,1.024446903547255,1.024446903547255,1.0395419414769755,1.0504162382879945,6.0,False,0.0,0.0,0.0,sem_sobretensao,sem_sobretensao,True,True,False,0.0,0.0,,,,,False,0.0,[0.0]
leaderless,C3_naolider_longa,17,pv2,816,-0.0,-0.0,0.0,0.0,1.0319530456641133,1.0319530456641133,1.0320537436109638,1.0501995250985579,1.0,True,0.0,,0.0,sem_sobretensao,sem_sobretensao,True,True,False,0.0,0.0,,,,,False,,[null]
leaderless,C3_naolider_longa,17,pv1,824,-0.0,-0.0,0.0,0.0,1.0288097422283975,1.0288097422283975,1.0320537436109638,1.0501995250985579,2.0,False,0.0,,0.0,sem_sobretensao,sem_sobretensao,True,True,False,0.0,0.0,,,,,False,,[null]
leaderless,C3_naolider_longa,17,pv3,828,-0.0,-0.0,0.0,0.0,1.0285410077167667,1.0285410077167667,1.0320537436109638,1.0501995250985579,3.0,False,0.0,,0.0,sem_sobretensao,sem_sobretensao,True,True,False,0.0,0.0,,,,,False,,[null]
leaderless,C3_naolider_longa,17,pv4,830,-0.0,-0.0,0.0,0.0,1.0220651174905713,1.0220651174905713,1.0320537436109638,1.0501995250985579,4.0,False,0.0,,0.0,sem_sobretensao,sem_sobretensao,True,True,False,0.0,0.0,,,,,False,,[null]
leaderless,C3_naolider_longa,17,pv5,850,-0.0,-0.0,0.0,0.0,1.0320537436109638,1.0320537436109638,1.0320537436109638,1.0501995250985579,5.0,False,0.0,,0.0,sem_sobretensao,sem_sobretensao,True,True,False,0.0,0.0,,,,,False,,[null]
leaderless,C3_naolider_longa,17,pv6,832,-0.0,-0.0,0.0,0.0,1.0109757984235852,1.0109757984235852,1.0320537436109638,1.0501995250985579,6.0,False,0.0,,0.0,sem_sobretensao,sem_sobretensao,True,True,False,0.0,0.0,,,,,False,,[null]
leaderless,C3_naolider_longa,18,pv2,816,-0.0,-0.0,0.0,0.0,1.0353684495010183,1.0353684495010183,1.0354558554930642,1.0503034017860868,1.0,True,0.0,,0.0,sem_sobretensao,sem_sobretensao,True,True,False,0.0,0.0,,,,,False,,[null]
leaderless,C3_naolider_longa,18,pv1,824,-0.0,-0.0,0.0,0.0,1.0326523500430973,1.0326523500430973,1.0354558554930642,1.0503034017860868,2.0,False,0.0,,0.0,sem_sobretensao,sem_sobretensao,True,True,False,0.0,0.0,,,,,False,,[null]
leaderless,C3_naolider_longa,18,pv3,828,-0.0,-0.0,0.0,0.0,1.0324195763808064,1.0324195763808064,1.0354558554930642,1.0503034017860868,3.0,False,0.0,,0.0,sem_sobretensao,sem_sobretensao,True,True,False,0.0,0.0,,,,,False,,[null]
leaderless,C3_naolider_longa,18,pv4,830,-0.0,-0.0,0.0,0.0,1.02681295674242,1.02681295674242,1.0354558554930642,1.0503034017860868,4.0,False,0.0,,0.0,sem_sobretensao,sem_sobretensao,True,True,False,0.0,0.0,,,,,False,,[null]
leaderless,C3_naolider_longa,18,pv5,850,-0.0,-0.0,0.0,0.0,1.0354558554930642,1.0354558554930642,1.0354558554930642,1.0503034017860868,5.0,False,0.0,,0.0,sem_sobretensao,sem_sobretensao,True,True,False,0.0,0.0,,,,,False,,[null]
leaderless,C3_naolider_longa,18,pv6,832,-0.0,-0.0,0.0,0.0,1.017265056101975,1.017265056101975,1.0354558554930642,1.0503034017860868,6.0,False,0.0,,0.0,sem_sobretensao,sem_sobretensao,True,True,False,0.0,0.0,,,,,False,,[null]
leaderless,C3_naolider_longa,19,pv2,816,-0.0,-0.0,0.0,0.0,1.012463803494029,1.012463803494029,1.0126403397694483,1.0496066048479267,1.0,True,0.0,,0.0,sem_sobretensao,sem_sobretensao,True,True,False,0.0,0.0,,,,,False,,[null]
leaderless,C3_naolider_longa,19,pv1,824,-0.0,-0.0,0.0,0.0,1.0068862241138112,1.0068862241138112,1.0126403397694483,1.0496066048479267,2.0,False,0.0,,0.0,sem_sobretensao,sem_sobretensao,True,True,False,0.0,0.0,,,,,False,,[null]
leaderless,C3_naolider_longa,19,pv3,828,-0.0,-0.0,0.0,0.0,1.00641255022254,1.00641255022254,1.0126403397694483,1.0496066048479267,3.0,False,0.0,,0.0,sem_sobretensao,sem_sobretensao,True,True,False,0.0,0.0,,,,,False,,[null]
leaderless,C3_naolider_longa,19,pv4,830,-0.0,-0.0,0.0,0.0,0.9949844738133675,0.9949844738133675,1.0126403397694483,1.0496066048479267,4.0,False,0.0,,0.0,sem_sobretensao,sem_sobretensao,True,True,False,0.0,0.0,,,,,False,,[null]
leaderless,C3_naolider_longa,19,pv5,850,-0.0,-0.0,0.0,0.0,1.0126403397694483,1.0126403397694483,1.0126403397694483,1.0496066048479267,5.0,False,0.0,,0.0,sem_sobretensao,sem_sobretensao,True,True,False,0.0,0.0,,,,,False,,[null]
leaderless,C3_naolider_longa,19,pv6,832,-0.0,-0.0,0.0,0.0,0.9751062275735913,0.9751062275735913,1.0126403397694483,1.0496066048479267,6.0,False,0.0,,0.0,sem_sobretensao,sem_sobretensao,True,True,False,0.0,0.0,,,,,False,,[null]
leaderless,C3_naolider_longa,20,pv2,816,-0.0,-0.0,0.0,0.0,1.0078351504741658,1.0078351504741658,1.008029696164423,1.0494657402550034,1.0,True,0.0,,0.0,sem_sobretensao,sem_sobretensao,True,True,False,0.0,0.0,,,,,False,,[null]
leaderless,C3_naolider_longa,20,pv1,824,-0.0,-0.0,0.0,0.0,1.0016803252824402,1.0016803252824402,1.008029696164423,1.0494657402550034,2.0,False,0.0,,0.0,sem_sobretensao,sem_sobretensao,True,True,False,0.0,0.0,,,,,False,,[null]
leaderless,C3_naolider_longa,20,pv3,828,-0.0,-0.0,0.0,0.0,1.001158047785484,1.001158047785484,1.008029696164423,1.0494657402550034,3.0,False,0.0,,0.0,sem_sobretensao,sem_sobretensao,True,True,False,0.0,0.0,,,,,False,,[null]
leaderless,C3_naolider_longa,20,pv4,830,-0.0,-0.0,0.0,0.0,0.9885559519361026,0.9885559519361026,1.008029696164423,1.0494657402550034,4.0,False,0.0,,0.0,sem_sobretensao,sem_sobretensao,True,True,False,0.0,0.0,,,,,False,,[null]
leaderless,C3_naolider_longa,20,pv5,850,-0.0,-0.0,0.0,0.0,1.008029696164423,1.008029696164423,1.008029696164423,1.0494657402550034,5.0,False,0.0,,0.0,sem_sobretensao,sem_sobretensao,True,True,False,0.0,0.0,,,,,False,,[null]
leaderless,C3_naolider_longa,20,pv6,832,-0.0,-0.0,0.0,0.0,0.9665920784800833,0.9665920784800833,1.008029696164423,1.0494657402550034,6.0,False,0.0,,0.0,sem_sobretensao,sem_sobretensao,True,True,False,0.0,0.0,,,,,False,,[null]
leaderless,C3_naolider_longa,21,pv2,816,-0.0,-0.0,0.0,0.0,1.0061895964378376,1.0061895964378376,1.0063905442901249,1.0494156571369113,1.0,True,0.0,,0.0,sem_sobretensao,sem_sobretensao,True,True,False,0.0,0.0,,,,,False,,[null]
leaderless,C3_naolider_longa,21,pv1,824,-0.0,-0.0,0.0,0.0,0.9998296239446811,0.9998296239446811,1.0063905442901249,1.0494156571369113,2.0,False,0.0,,0.0,sem_sobretensao,sem_sobretensao,True,True,False,0.0,0.0,,,,,False,,[null]
leaderless,C3_naolider_longa,21,pv3,828,-0.0,-0.0,0.0,0.0,0.9992900728255066,0.9992900728255066,1.0063905442901249,1.0494156571369113,3.0,False,0.0,,0.0,sem_sobretensao,sem_sobretensao,True,True,False,0.0,0.0,,,,,False,,[null]
leaderless,C3_naolider_longa,21,pv4,830,-0.0,-0.0,0.0,0.0,0.9862707730472379,0.9862707730472379,1.0063905442901249,1.0494156571369113,4.0,False,0.0,,0.0,sem_sobretensao,sem_sobretensao,True,True,False,0.0,0.0,,,,,False,,[null]
leaderless,C3_naolider_longa,21,pv5,850,-0.0,-0.0,0.0,0.0,1.0063905442901249,1.0063905442901249,1.0063905442901249,1.0494156571369113,5.0,False,0.0,,0.0,sem_sobretensao,sem_sobretensao,True,True,False,0.0,0.0,,,,,False,,[null]
leaderless,C3_naolider_longa,21,pv6,832,-0.0,-0.0,0.0,0.0,0.9635655636096437,0.9635655636096437,1.0063905442901249,1.0494156571369113,6.0,False,0.0,,0.0,sem_sobretensao,sem_sobretensao,True,True,False,0.0,0.0,,,,,False,,[null]
leaderless,C3_naolider_longa,22,pv2,816,-0.0,-0.0,0.0,0.0,1.0058618084193778,1.0058618084193778,1.0060640314884584,1.049405687339917,1.0,True,0.0,,0.0,sem_sobretensao,sem_sobretensao,True,True,False,0.0,0.0,,,,,False,,[null]
leaderless,C3_naolider_longa,22,pv1,824,-0.0,-0.0,0.0,0.0,0.9994609737243801,0.9994609737243801,1.0060640314884584,1.049405687339917,2.0,False,0.0,,0.0,sem_sobretensao,sem_sobretensao,True,True,False,0.0,0.0,,,,,False,,[null]
leaderless,C3_naolider_longa,22,pv3,828,-0.0,-0.0,0.0,0.0,0.9989179819308516,0.9989179819308516,1.0060640314884584,1.049405687339917,3.0,False,0.0,,0.0,sem_sobretensao,sem_sobretensao,True,True,False,0.0,0.0,,,,,False,,[null]
leaderless,C3_naolider_longa,22,pv4,830,-0.0,-0.0,0.0,0.0,0.9858155814373922,0.9858155814373922,1.0060640314884584,1.049405687339917,4.0,False,0.0,,0.0,sem_sobretensao,sem_sobretensao,True,True,False,0.0,0.0,,,,,False,,[null]
leaderless,C3_naolider_longa,22,pv5,850,-0.0,-0.0,0.0,0.0,1.0060640314884584,1.0060640314884584,1.0060640314884584,1.049405687339917,5.0,False,0.0,,0.0,sem_sobretensao,sem_sobretensao,True,True,False,0.0,0.0,,,,,False,,[null]
leaderless,C3_naolider_longa,22,pv6,832,-0.0,-0.0,0.0,0.0,0.9629627164790306,0.9629627164790306,1.0060640314884584,1.049405687339917,6.0,False,0.0,,0.0,sem_sobretensao,sem_sobretensao,True,True,False,0.0,0.0,,,,,False,,[null]
leaderless,C3_naolider_longa,23,pv2,816,-0.0,-0.0,0.0,0.0,1.0157857990852877,1.0157857990852877,1.0159494099998212,1.049707699932122,1.0,True,0.0,,0.0,sem_sobretensao,sem_sobretensao,True,True,False,0.0,0.0,,,,,False,,[null]
leaderless,C3_naolider_longa,23,pv1,824,-0.0,-0.0,0.0,0.0,1.0106227444912799,1.0106227444912799,1.0159494099998212,1.049707699932122,2.0,False,0.0,,0.0,sem_sobretensao,sem_sobretensao,True,True,False,0.0,0.0,,,,,False,,[null]
leaderless,C3_naolider_longa,23,pv3,828,-0.0,-0.0,0.0,0.0,1.010183972127752,1.010183972127752,1.0159494099998212,1.049707699932122,3.0,False,0.0,,0.0,sem_sobretensao,sem_sobretensao,True,True,False,0.0,0.0,,,,,False,,[null]
leaderless,C3_naolider_longa,23,pv4,830,-0.0,-0.0,0.0,0.0,0.9995990501550603,0.9995990501550603,1.0159494099998212,1.049707699932122,4.0,False,0.0,,0.0,sem_sobretensao,sem_sobretensao,True,True,False,0.0,0.0,,,,,False,,[null]
leaderless,C3_naolider_longa,23,pv5,850,-0.0,-0.0,0.0,0.0,1.0159494099998212,1.0159494099998212,1.0159494099998212,1.049707699932122,5.0,False,0.0,,0.0,sem_sobretensao,sem_sobretensao,True,True,False,0.0,0.0,,,,,False,,[null]
leaderless,C3_naolider_longa,23,pv6,832,-0.0,-0.0,0.0,0.0,0.9812181271943429,0.9812181271943429,1.0159494099998212,1.049707699932122,6.0,False,0.0,,0.0,sem_sobretensao,sem_sobretensao,True,True,False,0.0,0.0,,,,,False,,[null]
leaderless,C0,0,pv2,816,-0.0,-0.0,0.0,0.0,1.0450262948633384,1.0450262948633384,1.0450761113146871,1.0505970659065016,1.0,True,0.0,,0.0,sem_sobretensao,sem_sobretensao,True,True,False,0.0,0.0,0,0,0,0,False,,[null]
leaderless,C0,0,pv1,824,-0.0,-0.0,0.0,0.0,1.0435191673339028,1.0435191673339028,1.0450761113146871,1.0505970659065016,2.0,False,0.0,,0.0,sem_sobretensao,sem_sobretensao,True,True,False,0.0,0.0,0,0,0,0,False,,[null]
leaderless,C0,0,pv3,828,-0.0,-0.0,0.0,0.0,1.043388151795147,1.043388151795147,1.0450761113146871,1.0505970659065016,3.0,False,0.0,,0.0,sem_sobretensao,sem_sobretensao,True,True,False,0.0,0.0,0,0,0,0,False,,[null]
leaderless,C0,0,pv4,830,-0.0,-0.0,0.0,0.0,1.0402417834114017,1.0402417834114017,1.0450761113146871,1.0505970659065016,4.0,False,0.0,,0.0,sem_sobretensao,sem_sobretensao,True,True,False,0.0,0.0,0,0,0,0,False,,[null]
leaderless,C0,0,pv5,850,-0.0,-0.0,0.0,0.0,1.0450761113146871,1.0450761113146871,1.0450761113146871,1.0505970659065016,5.0,False,0.0,,0.0,sem_sobretensao,sem_sobretensao,True,True,False,0.0,0.0,0,0,0,0,False,,[null]
leaderless,C0,0,pv6,832,-0.0,-0.0,0.0,0.0,1.0350545283587615,1.0350545283587615,1.0450761113146871,1.0505970659065016,6.0,False,0.0,,0.0,sem_sobretensao,sem_sobretensao,True,True,False,0.0,0.0,0,0,0,0,False,,[null]
leaderless,C0,1,pv2,816,-0.0,-0.0,0.0,0.0,1.0450265903941263,1.0450265903941263,1.0450764055625157,1.0505970903489994,1.0,True,0.0,,0.0,sem_sobretensao,sem_sobretensao,True,True,False,0.0,0.0,0,0,0,0,False,,[null]
leaderless,C0,1,pv1,824,-0.0,-0.0,0.0,0.0,1.043519497117978,1.043519497117978,1.0450764055625157,1.0505970903489994,2.0,False,0.0,,0.0,sem_sobretensao,sem_sobretensao,True,True,False,0.0,0.0,0,0,0,0,False,,[null]
leaderless,C0,1,pv3,828,-0.0,-0.0,0.0,0.0,1.0433884847070511,1.0433884847070511,1.0450764055625157,1.0505970903489994,3.0,False,0.0,,0.0,sem_sobretensao,sem_sobretensao,True,True,False,0.0,0.0,0,0,0,0,False,,[null]
leaderless,C0,1,pv4,830,-0.0,-0.0,0.0,0.0,1.0402421909746427,1.0402421909746427,1.0450764055625157,1.0505970903489994,4.0,False,0.0,,0.0,sem_sobretensao,sem_sobretensao,True,True,False,0.0,0.0,0,0,0,0,False,,[null]
leaderless,C0,1,pv5,850,-0.0,-0.0,0.0,0.0,1.0450764055625157,1.0450764055625157,1.0450764055625157,1.0505970903489994,5.0,False,0.0,,0.0,sem_sobretensao,sem_sobretensao,True,True,False,0.0,0.0,0,0,0,0,False,,[null]
leaderless,C0,1,pv6,832,-0.0,-0.0,0.0,0.0,1.0350550780786294,1.0350550780786294,1.0450764055625157,1.0505970903489994,6.0,False,0.0,,0.0,sem_sobretensao,sem_sobretensao,True,True,False,0.0,0.0,0,0,0,0,False,,[null]
leaderless,C0,2,pv2,816,-0.0,-0.0,0.0,0.0,1.0449571701348623,1.0449571701348623,1.0450072554978003,1.0505949800956955,1.0,True,0.0,,0.0,sem_sobretensao,sem_sobretensao,True,True,False,0.0,0.0,0,0,0,0,False,,[null]
leaderless,C0,2,pv1,824,-0.0,-0.0,0.0,0.0,1.0434413812534846,1.0434413812534846,1.0450072554978003,1.0505949800956955,2.0,False,0.0,,0.0,sem_sobretensao,sem_sobretensao,True,True,False,0.0,0.0,0,0,0,0,False,,[null]
leaderless,C0,2,pv3,828,-0.0,-0.0,0.0,0.0,1.0433096369965242,1.0433096369965242,1.0450072554978003,1.0505949800956955,3.0,False,0.0,,0.0,sem_sobretensao,sem_sobretensao,True,True,False,0.0,0.0,0,0,0,0,False,,[null]
leaderless,C0,2,pv4,830,-0.0,-0.0,0.0,0.0,1.0401456464219774,1.0401456464219774,1.0450072554978003,1.0505949800956955,4.0,False,0.0,,0.0,sem_sobretensao,sem_sobretensao,True,True,False,0.0,0.0,0,0,0,0,False,,[null]
leaderless,C0,2,pv5,850,-0.0,-0.0,0.0,0.0,1.0450072554978003,1.0450072554978003,1.0450072554978003,1.0505949800956955,5.0,False,0.0,,0.0,sem_sobretensao,sem_sobretensao,True,True,False,0.0,0.0,0,0,0,0,False,,[null]
leaderless,C0,2,pv6,832,-0.0,-0.0,0.0,0.0,1.0349271785104095,1.0349271785104095,1.0450072554978003,1.0505949800956955,6.0,False,0.0,,0.0,sem_sobretensao,sem_sobretensao,True,True,False,0.0,0.0,0,0,0,0,False,,[null]
leaderless,C0,3,pv2,816,-0.0,-0.0,0.0,0.0,1.0449571021647746,1.0449571021647746,1.0450071878057714,1.0505949776249717,1.0,True,0.0,,0.0,sem_sobretensao,sem_sobretensao,True,True,False,0.0,0.0,0,0,0,0,False,,[null]
leaderless,C0,3,pv1,824,-0.0,-0.0,0.0,0.0,1.043441305274198,1.043441305274198,1.0450071878057714,1.0505949776249717,2.0,False,0.0,,0.0,sem_sobretensao,sem_sobretensao,True,True,False,0.0,0.0,0,0,0,0,False,,[null]
leaderless,C0,3,pv3,828,-0.0,-0.0,0.0,0.0,1.043309560339792,1.043309560339792,1.0450071878057714,1.0505949776249717,3.0,False,0.0,,0.0,sem_sobretensao,sem_sobretensao,True,True,False,0.0,0.0,0,0,0,0,False,,[null]
leaderless,C0,3,pv4,830,-0.0,-0.0,0.0,0.0,1.0401455535283302,1.0401455535283302,1.0450071878057714,1.0505949776249717,4.0,False,0.0,,0.0,sem_sobretensao,sem_sobretensao,True,True,False,0.0,0.0,0,0,0,0,False,,[null]
leaderless,C0,3,pv5,850,-0.0,-0.0,0.0,0.0,1.0450071878057714,1.0450071878057714,1.0450071878057714,1.0505949776249717,5.0,False,0.0,,0.0,sem_sobretensao,sem_sobretensao,True,True,False,0.0,0.0,0,0,0,0,False,,[null]
leaderless,C0,3,pv6,832,-0.0,-0.0,0.0,0.0,1.0349270553472671,1.0349270553472671,1.0450071878057714,1.0505949776249717,6.0,False,0.0,,0.0,sem_sobretensao,sem_sobretensao,True,True,False,0.0,0.0,0,0,0,0,False,,[null]
leaderless,C0,4,pv2,816,-0.0,-0.0,0.0,0.0,1.045026523122921,1.045026523122921,1.045076338566197,1.0505970879234294,1.0,True,0.0,,0.0,sem_sobretensao,sem_sobretensao,True,True,False,0.0,0.0,0,0,0,0,False,,[null]
leaderless,C0,4,pv1,824,-0.0,-0.0,0.0,0.0,1.0435194219130084,1.0435194219130084,1.045076338566197,1.0505970879234294,2.0,False,0.0,,0.0,sem_sobretensao,sem_sobretensao,True,True,False,0.0,0.0,0,0,0,0,False,,[null]
leaderless,C0,4,pv3,828,-0.0,-0.0,0.0,0.0,1.0433884088314556,1.0433884088314556,1.045076338566197,1.0505970879234294,3.0,False,0.0,,0.0,sem_sobretensao,sem_sobretensao,True,True,False,0.0,0.0,0,0,0,0,False,,[null]
leaderless,C0,4,pv4,830,-0.0,-0.0,0.0,0.0,1.0402420990252506,1.0402420990252506,1.045076338566197,1.0505970879234294,4.0,False,0.0,,0.0,sem_sobretensao,sem_sobretensao,True,True,False,0.0,0.0,0,0,0,0,False,,[null]
leaderless,C0,4,pv5,850,-0.0,-0.0,0.0,0.0,1.045076338566197,1.045076338566197,1.045076338566197,1.0505970879234294,5.0,False,0.0,,0.0,sem_sobretensao,sem_sobretensao,True,True,False,0.0,0.0,0,0,0,0,False,,[null]
leaderless,C0,4,pv6,832,-0.0,-0.0,0.0,0.0,1.035054956170032,1.035054956170032,1.045076338566197,1.0505970879234294,6.0,False,0.0,,0.0,sem_sobretensao,sem_sobretensao,True,True,False,0.0,0.0,0,0,0,0,False,,[null]
leaderless,C0,5,pv2,816,-0.0,-0.0,0.0,0.0,1.046437942275659,1.046437942275659,1.0464804756969757,1.05063939179868,1.0,True,0.0,,0.0,sem_sobretensao,sem_sobretensao,True,True,False,0.0,0.0,0,0,0,0,False,,[null]
leaderless,C0,5,pv1,824,-0.0,-0.0,0.0,0.0,1.0450850714048536,1.0450850714048536,1.0464804756969757,1.05063939179868,2.0,False,0.0,,0.0,sem_sobretensao,sem_sobretensao,True,True,False,0.0,0.0,0,0,0,0,False,,[null]
leaderless,C0,5,pv3,828,-0.0,-0.0,0.0,0.0,1.044968726726859,1.044968726726859,1.0464804756969757,1.05063939179868,3.0,False,0.0,,0.0,sem_sobretensao,sem_sobretensao,True,True,False,0.0,0.0,0,0,0,0,False,,[null]
leaderless,C0,5,pv4,830,-0.0,-0.0,0.0,0.0,1.0421771197491476,1.0421771197491476,1.0464804756969757,1.05063939179868,4.0,False,0.0,,0.0,sem_sobretensao,sem_sobretensao,True,True,False,0.0,0.0,0,0,0,0,False,,[null]
leaderless,C0,5,pv5,850,-0.0,-0.0,0.0,0.0,1.0464804756969757,1.0464804756969757,1.0464804756969757,1.05063939179868,5.0,False,0.0,,0.0,sem_sobretensao,sem_sobretensao,True,True,False,0.0,0.0,0,0,0,0,False,,[null]
leaderless,C0,5,pv6,832,-0.0,-0.0,0.0,0.0,1.0376184354041749,1.0376184354041749,1.0464804756969757,1.05063939179868,6.0,False,0.0,,0.0,sem_sobretensao,sem_sobretensao,True,True,False,0.0,0.0,0,0,0,0,False,,[null]
leaderless,C0,6,pv2,816,15.625241782068514,15.625241782068514,0.0,0.0,1.0483407437819094,1.0483407437819094,1.0483782454548018,1.0506384889471005,1.0,True,0.0,0.0,0.0,sem_sobretensao,sem_sobretensao,True,True,False,0.0,0.0,0,0,0,0,False,0.0,[0.0]
leaderless,C0,6,pv1,824,18.7503236717592,18.7503236717592,0.0,0.0,1.0471579048369506,1.0471579048369506,1.0483782454548018,1.0506384889471005,2.0,False,0.0,0.0,0.0,sem_sobretensao,sem_sobretensao,True,True,False,0.0,0.0,0,0,0,0,False,0.0,[0.0]
leaderless,C0,6,pv3,828,12.500217712144039,12.500217712144039,0.0,0.0,1.0470455387298745,1.0470455387298745,1.0483782454548018,1.0506384889471005,3.0,False,0.0,0.0,0.0,sem_sobretensao,sem_sobretensao,True,True,False,0.0,0.0,0,0,0,0,False,0.0,[0.0]
leaderless,C0,6,pv4,830,16.250349249231203,16.250349249231203,0.0,0.0,1.0442222095150686,1.0442222095150686,1.0483782454548018,1.0506384889471005,4.0,False,0.0,0.0,0.0,sem_sobretensao,sem_sobretensao,True,True,False,0.0,0.0,0,0,0,0,False,0.0,[0.0]
leaderless,C0,6,pv5,850,11.250173385025839,11.250173385025839,0.0,0.0,1.0483782454548018,1.0483782454548018,1.0483782454548018,1.0506384889471005,5.0,False,0.0,0.0,0.0,sem_sobretensao,sem_sobretensao,True,True,False,0.0,0.0,0,0,0,0,False,0.0,[0.0]
leaderless,C0,6,pv6,832,14.375428037447017,14.375428037447017,0.0,0.0,1.0393165620198634,1.0393165620198634,1.0483782454548018,1.0506384889471005,6.0,False,0.0,0.0,0.0,sem_sobretensao,sem_sobretensao,True,True,False,0.0,0.0,0,0,0,0,False,0.0,[0.0]
leaderless,C0,7,pv2,816,46.87517293313687,18.624361126929053,28.250811806207814,0.6026817163783954,1.0562538666391141,1.0504681129409879,1.0504974389982733,1.0507978401993958,1.0,True,0.0,0.6026817617612847,150.0,convergiu,convergiu,True,False,False,0.00562978258703675,0.00562978258703675,1800,1788,0,12,False,0.005629774810432602,[0.00563]
leaderless,C0,7,pv1,824,56.25022149623055,22.95326612153359,33.296955374696964,0.5919434910810208,1.0558852978158424,1.0495350440606908,1.0504974389982733,1.0507978401993958,2.0,False,0.0,0.5919435424254865,150.0,convergiu,convergiu,True,False,False,0.00562978258703675,0.00562978258703675,1800,1788,0,12,False,0.005629774810432602,[0.00563]
leaderless,C0,7,pv3,828,37.5001485947879,15.499686590940197,22.000462003847705,0.5866766096215836,1.0558243986090117,1.0494417809431622,1.0504974389982733,1.0507978401993958,3.0,False,0.0,0.586676662046761,150.0,convergiu,convergiu,True,False,False,0.00562978258703675,0.00562978258703675,1800,1788,0,12,False,0.005629774810432602,[0.00563]
leaderless,C0,7,pv4,830,48.75022589866941,20.153453885143342,28.59677201352607,0.5865976700950193,1.0539937130575454,1.047050104941657,1.0504974389982733,1.0507978401993958,4.0,False,0.0,0.5865977333718692,150.0,convergiu,convergiu,True,False,False,0.00562978258703675,0.00562978258703675,1800,1788,0,12,False,0.005629774810432602,[0.00563]
leaderless,C0,7,pv5,850,33.75012402307615,13.779256783091927,19.97086723998422,0.5917271787988869,1.056261646345798,1.0504974389982733,1.0504974389982733,1.0507978401993958,5.0,False,0.0,0.5917272252489927,150.0,convergiu,convergiu,True,False,False,0.00562978258703675,0.00562978258703675,1800,1788,0,12,False,0.005629774810432602,[0.00563]
leaderless,C0,7,pv6,832,43.12526281682057,17.801484747022187,25.323778069798387,0.5872143785725856,1.0502737503980764,1.0428403694111543,1.0504974389982733,1.0507978401993958,6.0,False,0.0,0.5872144635353064,150.0,convergiu,convergiu,True,False,False,0.00562978258703675,0.00562978258703675,1800,1788,0,12,False,0.005629774810432602,[0.00563]
leaderless,C0,8,pv2,816,85.41699506629742,37.81020120762321,47.60679385867421,0.5573456144934134,1.0600225763462736,1.0504594737475113,1.050489560978046,1.0507775993946795,1.0,True,0.0,0.5573456877255355,96.0,convergiu,convergiu,True,False,False,0.0061353005407197014,0.0061353005407197014,1152,1140,0,12,False,0.006135285231671704,[0.006135]
leaderless,C0,8,pv1,824,102.50042167352632,46.54939273116071,55.95102894236561,0.5458613687716602,1.0599113578504313,1.0494139387508583,1.050489560978046,1.0507775993946795,2.0,False,0.0,0.5458614513857807,96.0,convergiu,convergiu,True,False,False,0.0061353005407197014,0.0061353005407197014,1152,1140,0,12,False,0.006135285231671704,[0.006135]
leaderless,C0,8,pv3,828,68.33361540645367,31.422835908110276,36.9107794983434,0.540155434636236,1.0598511737279823,1.0493003479307317,1.050489560978046,1.0507775993946795,3.0,False,0.0,0.540155519048644,96.0,convergiu,convergiu,True,False,False,0.0061353005407197014,0.0061353005407197014,1152,1140,0,12,False,0.006135285231671704,[0.006135]
leaderless,C0,8,pv4,830,88.83371836658488,40.877627124755456,47.95609124182942,0.539840982851075,1.0577281149487507,1.0462544558182112,1.050489560978046,1.0507775993946795,4.0,False,0.0,0.5398410887623981,96.0,convergiu,convergiu,True,False,False,0.0061353005407197014,0.0061353005407197014,1152,1140,0,12,False,0.006135285231671704,[0.006135]
leaderless,C0,8,pv5,850,61.5002355361829,27.98155973034526,33.51867580583764,0.545016956483056,1.060016924914504,1.050489560978046,1.050489560978046,1.0507775993946795,5.0,False,0.0,0.5450170314570152,96.0,convergiu,convergiu,True,False,False,0.0061353005407197014,0.0061353005407197014,1152,1140,0,12,False,0.006135285231671704,[0.006135]
leaderless,C0,8,pv6,832,78.58368124863844,36.1326402210822,42.45104102755624,0.5402015825953146,1.0527861134429408,1.0405153804156766,1.050489560978046,1.0507775993946795,6.0,False,0.0,0.5402017359461861,96.0,convergiu,convergiu,True,False,False,0.0061353005407197014,0.0061353005407197014,1152,1140,0,12,False,0.006135285231671704,[0.006135]
leaderless,C0,9,pv2,816,109.37601298201962,43.98200561040698,65.39400737161264,0.5978824508309203,1.0634560310761276,1.0504581043832242,1.0504884290951086,1.0507698089136028,1.0,True,0.0,0.5978825300787185,80.0,convergiu,convergiu,True,False,False,0.006643709071093754,0.006643709071093754,960,948,0,12,False,0.006643690451259269,[0.006644]
leaderless,C0,9,pv1,824,131.25131063016028,54.38344756674138,76.8678630634189,0.5856539711271291,1.0636450085713833,1.0493767780068652,1.0504884290951086,1.0507698089136028,2.0,False,0.0,0.5856540608574724,80.0,convergiu,convergiu,True,False,False,0.006643709071093754,0.006643709071093754,960,948,0,12,False,0.006643690451259269,[0.006644]
leaderless,C0,9,pv3,828,87.500877028646,36.78859380259263,50.71228322605337,0.5795630501679052,1.0635972317108342,1.0492565633114803,1.0504884290951086,1.0507698089136028,3.0,False,0.0,0.5795631420865782,80.0,convergiu,convergiu,True,False,False,0.006643709071093754,0.006643709071093754,960,948,0,12,False,0.006643690451259269,[0.006644]
leaderless,C0,9,pv4,830,113.75120256722802,47.88819124182254,65.86301132540548,0.5790092456020518,1.061584126405245,1.0459956755330184,1.0504884290951086,1.0507698089136028,4.0,False,0.0,0.5790093628810634,80.0,convergiu,convergiu,True,False,False,0.006643709071093754,0.006643709071093754,960,948,0,12,False,0.006643690451259269,[0.006644]
leaderless,C0,9,pv5,850,78.75072651407879,32.744095075630675,46.00663143844812,0.5842057216153866,1.0634377085310804,1.0504884290951086,1.0504884290951086,1.0507698089136028,5.0,False,0.0,0.5842058032343765,80.0,convergiu,convergiu,True,False,False,0.006643709071093754,0.006643709071093754,960,948,0,12,False,0.006643690451259269,[0.006644]
leaderless,C0,9,pv6,832,100.62608258245291,42.36381995163845,58.26226263081446,0.5789974480002786,1.0564042287146793,1.0397502803702916,1.0504884290951086,1.0507698089136028,6.0,False,0.0,0.5789976230374906,80.0,convergiu,convergiu,True,False,False,0.006643709071093754,0.006643709071093754,960,948,0,12,False,0.006643690451259269,[0.006644]
leaderless,C0,10,pv2,816,122.91832424016582,50.303483098510284,72.61484114165553,0.5907567587617928,1.0647988826502515,1.0504608929710997,1.0504914356146176,1.05076330895231,1.0,True,0.0,0.5907568427289648,73.0,convergiu,convergiu,True,False,False,0.0070355919070013385,0.0070355919070013385,876,864,0,12,False,0.007035570092927308,[0.007036]
leaderless,C0,10,pv1,824,147.50215602672617,62.2533778047272,85.24877822199898,0.5779492754250051,1.0650831815642918,1.049343658283008,1.0504914356146176,1.05076330895231,2.0,False,0.0,0.5779493704929479,73.0,convergiu,convergiu,True,False,False,0.0070355919070013385,0.0070355919070013385,876,864,0,12,False,0.007035570092927308,[0.007036]
leaderless,C0,10,pv3,828,98.33477632256087,42.12928312714378,56.20549319541709,0.5715728017278138,1.0650361550849168,1.0492167946749862,1.0504914356146176,1.05076330895231,3.0,False,0.0,0.5715728992055673,73.0,convergiu,convergiu,True,False,False,0.0070355919070013385,0.0070355919070013385,876,864,0,12,False,0.007035570092927308,[0.007036]
leaderless,C0,10,pv4,830,127.83531306711274,54.860912022679145,72.97440104443359,0.5708468426067473,1.0629336671933864,1.0457405576437722,1.0504914356146176,1.05076330895231,4.0,False,0.0,0.5708469693825718,73.0,convergiu,convergiu,True,False,False,0.0070355919070013385,0.0070355919070013385,876,864,0,12,False,0.007035570092927308,[0.007036]
leaderless,C0,10,pv5,850,88.50118881542193,37.51791976803495,50.983269047386976,0.5760743111187068,1.0647757089763032,1.0504914356146176,1.0504914356146176,1.05076330895231,5.0,False,0.0,0.5760743977543361,73.0,convergiu,convergiu,True,False,False,0.0070355919070013385,0.0070355919070013385,876,864,0,12,False,0.007035570092927308,[0.007036]
leaderless,C0,10,pv6,832,113.08509849475432,48.565190259831596,64.51990823492272,0.5705427767993211,1.0573508156526903,1.0389888231824045,1.0504914356146176,1.05076330895231,6.0,False,0.0,0.570542972449333,73.0,convergiu,convergiu,True,False,False,0.0070355919070013385,0.0070355919070013385,876,864,0,12,False,0.007035570092927308,[0.007036]
leaderless,C0,11,pv2,816,125.00095798692834,70.02943326421314,54.9715247227152,0.43976874617225103,1.0612357749546666,1.0504599643886525,1.050491161725573,1.0507391636058752,1.0,True,0.0,0.4397688274394162,71.0,convergiu,convergiu,True,False,False,0.006978409140459169,0.006978409140459169,852,840,0,12,False,0.00697838140140494,[0.006978]
leaderless,C0,11,pv1,824,150.00123661016994,85.94545694224095,64.05577966792899,0.4270349198843786,1.0610597798770944,1.0492311094748226,1.050491161725573,1.0507391636058752,2.0,False,0.0,0.4270350106139463,71.0,convergiu,convergiu,True,False,False,0.006978409140459169,0.006978409140459169,852,840,0,12,False,0.00697838140140494,[0.006978]
leaderless,C0,11,pv3,828,100.0008267949229,57.93329102555303,42.06753576936987,0.4206717866964417,1.0609726003436817,1.0490839420301086,1.050491161725573,1.0507391636058752,3.0,False,0.0,0.42067187959995606,71.0,convergiu,convergiu,True,False,False,0.006978409140459169,0.006978409140459169,852,840,0,12,False,0.00697838140140494,[0.006978]
leaderless,C0,11,pv4,830,130.00109973054322,75.40264860651774,54.59845112402547,0.4199844009576805,1.0578779561754066,1.0449552019038668,1.050491161725573,1.0507391636058752,4.0,False,0.0,0.41998453272467046,71.0,convergiu,convergiu,True,False,False,0.006978409140459169,0.006978409140459169,852,840,0,12,False,0.00697838140140494,[0.006978]
leaderless,C0,11,pv5,850,90.00068705937052,51.72819200627963,38.27249505309089,0.4252466156605719,1.0612265549167028,1.050491161725573,1.050491161725573,1.0507391636058752,5.0,False,0.0,0.4252466987040196,71.0,convergiu,convergiu,True,False,False,0.006978409140459169,0.006978409140459169,852,840,0,12,False,0.00697838140140494,[0.006978]
leaderless,C0,11,pv6,832,115.00090995448979,66.72338850619889,48.2775214482909,0.4198009805626074,1.0504893450550832,1.0366792135234255,1.050491161725573,1.0507391636058752,6.0,False,0.0,0.4198012125938494,71.0,convergiu,convergiu,True,False,False,0.006978409140459169,0.006978409140459169,852,840,0,12,False,0.00697838140140494,[0.006978]
leaderless,C0,12,pv2,816,114.58396811647614,73.52692872012403,41.05703939635211,0.3583139182529621,1.0584759982013474,1.0504555471897998,1.0504868631936506,1.0507334111792714,1.0,True,0.0,0.3583139951534675,74.0,convergiu,convergiu,True,False,False,0.006617990149871507,0.006617990149871507,888,876,0,12,False,0.006617962765255906,[0.006618]
leaderless,C0,12,pv1,824,137.50081213695287,89.90869468624389,47.59211745070898,0.34612236081328385,1.0580095023458884,1.0492067015608615,1.0504868631936506,1.0507334111792714,2.0,False,0.0,0.34612244619549243,74.0,convergiu,convergiu,True,False,False,0.006617990149871507,0.006617990149871507,888,876,0,12,False,0.006617962765255906,[0.006618]
leaderless,C0,12,pv3,828,91.66721011211555,60.49834377370935,31.168866338406204,0.3400218932583561,1.0579033717118427,1.0490560295183793,1.0504868631936506,1.0507334111792714,3.0,False,0.0,0.3400219806000908,74.0,convergiu,convergiu,True,False,False,0.006617990149871507,0.006617990149871507,888,876,0,12,False,0.006617962765255906,[0.006618]
leaderless,C0,12,pv4,830,119.16742120291437,78.71165272817642,40.45576847473795,0.33948668976411484,1.0544313945484085,1.0448163152110048,1.0504868631936506,1.0507334111792714,4.0,False,0.0,0.33948681666821673,74.0,convergiu,convergiu,True,False,False,0.006617990149871507,0.006617990149871507,888,876,0,12,False,0.006617962765255906,[0.006618]
leaderless,C0,12,pv5,850,82.50045524973166,54.06171595743652,28.43873929229514,0.3447100110309129,1.058477234911964,1.0504868631936506,1.0504868631936506,1.0507334111792714,5.0,False,0.0,0.34471008924993346,74.0,convergiu,convergiu,True,False,False,0.006617990149871507,0.006617990149871507,888,876,0,12,False,0.006617962765255906,[0.006618]
leaderless,C0,12,pv6,832,105.41738692538266,69.62123925698862,35.79614766839404,0.33956564853866805,1.046558038136783,1.036284309336859,1.0504868631936506,1.0507334111792714,6.0,False,0.0,0.3395658791441259,74.0,convergiu,convergiu,True,False,False,0.006617990149871507,0.006617990149871507,888,876,0,12,False,0.006617962765255906,[0.006618]
leaderless,C0,13,pv2,816,91.6669849895095,67.36022745380004,24.306757535709465,0.2651636264953378,1.0551908300945645,1.0504626263750168,1.0504937002018364,1.0507442119743406,1.0,True,0.0,0.26516370685139434,81.0,convergiu,convergiu,True,False,False,0.00624067351824715,0.00624067351824715,972,960,0,12,False,0.0062406490543265485,[0.006241]
leaderless,C0,13,pv1,824,110.00040521356803,82.11548309957749,27.88492211399054,0.2534982689569883,1.0544374799816572,1.049249663135758,1.0504937002018364,1.0507442119743406,2.0,False,0.0,0.25349835811833055,81.0,convergiu,convergiu,True,False,False,0.00624067351824715,0.00624067351824715,972,960,0,12,False,0.0062406490543265485,[0.006241]
leaderless,C0,13,pv3,828,73.33360496357463,55.17005794157086,18.16354702200377,0.24768372372239347,1.0543195761503095,1.0491056068102849,1.0504937002018364,1.0507442119743406,3.0,False,0.0,0.24768381468531028,81.0,convergiu,convergiu,True,False,False,0.00624067351824715,0.00624067351824715,972,960,0,12,False,0.0062406490543265485,[0.006241]
leaderless,C0,13,pv4,830,95.33373790719783,71.75277815109688,23.580959756100953,0.24735154769002896,1.0507455020070324,1.0450803355873755,1.0504937002018364,1.0507442119743406,4.0,False,0.0,0.2473516750078102,81.0,convergiu,convergiu,True,False,False,0.00624067351824715,0.00624067351824715,972,960,0,12,False,0.0062406490543265485,[0.006241]
leaderless,C0,13,pv5,850,66.00022828574231,49.328488547751576,16.671739737990734,0.2526011621217281,1.0552041870798365,1.0504937002018364,1.0504937002018364,1.0507442119743406,5.0,False,0.0,0.25260124352618707,81.0,convergiu,convergiu,True,False,False,0.00624067351824715,0.00624067351824715,972,960,0,12,False,0.0062406490543265485,[0.006241]
leaderless,C0,13,pv6,832,84.33379005823915,63.441791022621985,20.89199903561716,0.24772965234520172,1.0431065535898403,1.037053127349784,1.0504937002018364,1.0507442119743406,6.0,False,0.0,0.24772987222784112,81.0,convergiu,convergiu,True,False,False,0.00624067351824715,0.00624067351824715,972,960,0,12,False,0.0062406490543265485,[0.006241]
leaderless,C0,14,pv2,816,62.50020238961949,51.333824539291385,11.166377850328104,0.17866138588682634,1.0526136226352345,1.0504627107803317,1.0504932368338655,1.0507639466638796,1.0,True,0.0,0.1786614670576283,92.0,convergiu,convergiu,True,False,False,0.005768195702906065,0.005768195702906065,1104,1092,0,12,False,0.005768177144686446,[0.005768]
leaderless,C0,14,pv1,824,75.0002602317117,62.420773746522976,12.579486485188731,0.16772581426511032,1.051699638133839,1.0493407250239353,1.0504932368338655,1.0507639466638796,2.0,False,0.0,0.1677259045011934,92.0,convergiu,convergiu,True,False,False,0.005768195702906065,0.005768195702906065,1104,1092,0,12,False,0.005768177144686446,[0.005768]
leaderless,C0,14,pv3,828,50.000174648895076,41.883906572062244,8.116268076832831,0.16232470279251515,1.0515841347669348,1.0492134001910536,1.0504932368338655,1.0507639466638796,3.0,False,0.0,0.16232479453973644,92.0,convergiu,convergiu,True,False,False,0.005768195702906065,0.005768195702906065,1104,1092,0,12,False,0.005768177144686446,[0.005768]
leaderless,C0,14,pv4,830,65.00026958886531,54.45859200693202,10.541677581933286,0.16217886287284736,1.0483035673592596,1.0457285047283769,1.0504932368338655,1.0507639466638796,4.0,False,0.0,0.16217898246592963,92.0,convergiu,convergiu,True,False,False,0.005768195702906065,0.005768195702906065,1104,1092,0,12,False,0.005768177144686446,[0.005768]
leaderless,C0,14,pv5,850,45.00014514213984,37.47052975826075,7.52961538387909,0.16732416465981387,1.0526360952717233,1.0504932368338655,1.0504932368338655,1.0507639466638796,5.0,False,0.0,0.1673242466239975,92.0,convergiu,convergiu,True,False,False,0.005768195702906065,0.005768195702906065,1104,1092,0,12,False,0.005768177144686446,[0.005768]
leaderless,C0,14,pv6,832,57.50032276022385,48.14232471081214,9.357998049411712,0.16274669339045036,1.0417206370743313,1.038968629857265,1.0504932368338655,1.0507639466638796,6.0,False,0.0,0.16274687862943887,92.0,convergiu,convergiu,True,False,False,0.005768195702906065,0.005768195702906065,1104,1092,0,12,False,0.005768177144686446,[0.005768]
leaderless,C0,15,pv2,816,28.124947786140357,28.124947786140357,0.0,0.0,1.0386370241934972,1.0386370241934972,1.0387127582988556,1.0502955100128464,1.0,True,0.0,0.0,0.0,sem_sobretensao,sem_sobretensao,True,True,False,0.0,0.0,0,0,0,0,False,0.0,[0.0]
leaderless,C0,15,pv1,824,33.749932676080654,33.749932676080654,0.0,0.0,1.036165762606418,1.036165762606418,1.0387127582988556,1.0502955100128464,2.0,False,0.0,0.0,0.0,sem_sobretensao,sem_sobretensao,True,True,False,0.0,0.0,0,0,0,0,False,0.0,[0.0]
leaderless,C0,15,pv3,828,22.49995484773966,22.49995484773966,0.0,0.0,1.035937848252353,1.035937848252353,1.0387127582988556,1.0502955100128464,3.0,False,0.0,0.0,0.0,sem_sobretensao,sem_sobretensao,True,True,False,0.0,0.0,0,0,0,0,False,0.0,[0.0]
leaderless,C0,15,pv4,830,29.249932371174214,29.249932371174214,0.0,0.0,1.030215754103421,1.030215754103421,1.0387127582988556,1.0502955100128464,4.0,False,0.0,0.0,0.0,sem_sobretensao,sem_sobretensao,True,True,False,0.0,0.0,0,0,0,0,False,0.0,[0.0]
leaderless,C0,15,pv5,850,20.24996255764694,20.24996255764694,0.0,0.0,1.0387127582988556,1.0387127582988556,1.0387127582988556,1.0502955100128464,5.0,False,0.0,0.0,0.0,sem_sobretensao,sem_sobretensao,True,True,False,0.0,0.0,0,0,0,0,False,0.0,[0.0]
leaderless,C0,15,pv6,832,25.874924511712365,25.874924511712365,0.0,0.0,1.019932129717797,1.019932129717797,1.0387127582988556,1.0502955100128464,6.0,False,0.0,0.0,0.0,sem_sobretensao,sem_sobretensao,True,True,False,0.0,0.0,0,0,0,0,False,0.0,[0.0]
leaderless,C0,16,pv2,816,3.125032294597031,3.125032294597031,0.0,0.0,1.0394703803118912,1.0394703803118912,1.0395419414769727,1.0504162382879945,1.0,True,0.0,0.0,0.0,sem_sobretensao,sem_sobretensao,True,True,False,0.0,0.0,0,0,0,0,False,0.0,[0.0]
leaderless,C0,16,pv1,824,3.7500421409597458,3.7500421409597458,0.0,0.0,1.037249237228993,1.037249237228993,1.0395419414769727,1.0504162382879945,2.0,False,0.0,0.0,0.0,sem_sobretensao,sem_sobretensao,True,True,False,0.0,0.0,0,0,0,0,False,0.0,[0.0]
leaderless,C0,16,pv3,828,2.5000282767912885,2.5000282767912885,0.0,0.0,1.0370563779560655,1.0370563779560655,1.0395419414769727,1.0504162382879945,3.0,False,0.0,0.0,0.0,sem_sobretensao,sem_sobretensao,True,True,False,0.0,0.0,0,0,0,0,False,0.0,[0.0]
leaderless,C0,16,pv4,830,3.2500425487404283,3.2500425487404283,0.0,0.0,1.0323888508528594,1.0323888508528594,1.0395419414769727,1.0504162382879945,4.0,False,0.0,0.0,0.0,sem_sobretensao,sem_sobretensao,True,True,False,0.0,0.0,0,0,0,0,False,0.0,[0.0]
leaderless,C0,16,pv5,850,2.2500231591710627,2.2500231591710627,0.0,0.0,1.0395419414769727,1.0395419414769727,1.0395419414769727,1.0504162382879945,5.0,False,0.0,0.0,0.0,sem_sobretensao,sem_sobretensao,True,True,False,0.0,0.0,0,0,0,0,False,0.0,[0.0]
leaderless,C0,16,pv6,832,2.8750471329319045,2.8750471329319045,0.0,0.0,1.0244469035472503,1.0244469035472503,1.0395419414769727,1.0504162382879945,6.0,False,0.0,0.0,0.0,sem_sobretensao,sem_sobretensao,True,True,False,0.0,0.0,0,0,0,0,False,0.0,[0.0]
leaderless,C0,17,pv2,816,-0.0,-0.0,0.0,0.0,1.0319530456641133,1.0319530456641133,1.032053743610964,1.0501995250985579,1.0,True,0.0,,0.0,sem_sobretensao,sem_sobretensao,True,True,False,0.0,0.0,0,0,0,0,False,,[null]
leaderless,C0,17,pv1,824,-0.0,-0.0,0.0,0.0,1.0288097422283977,1.0288097422283977,1.032053743610964,1.0501995250985579,2.0,False,0.0,,0.0,sem_sobretensao,sem_sobretensao,True,True,False,0.0,0.0,0,0,0,0,False,,[null]
leaderless,C0,17,pv3,828,-0.0,-0.0,0.0,0.0,1.0285410077167667,1.0285410077167667,1.032053743610964,1.0501995250985579,3.0,False,0.0,,0.0,sem_sobretensao,sem_sobretensao,True,True,False,0.0,0.0,0,0,0,0,False,,[null]
leaderless,C0,17,pv4,830,-0.0,-0.0,0.0,0.0,1.022065117490571,1.022065117490571,1.032053743610964,1.0501995250985579,4.0,False,0.0,,0.0,sem_sobretensao,sem_sobretensao,True,True,False,0.0,0.0,0,0,0,0,False,,[null]
leaderless,C0,17,pv5,850,-0.0,-0.0,0.0,0.0,1.032053743610964,1.032053743610964,1.032053743610964,1.0501995250985579,5.0,False,0.0,,0.0,sem_sobretensao,sem_sobretensao,True,True,False,0.0,0.0,0,0,0,0,False,,[null]
leaderless,C0,17,pv6,832,-0.0,-0.0,0.0,0.0,1.0109757984235852,1.0109757984235852,1.032053743610964,1.0501995250985579,6.0,False,0.0,,0.0,sem_sobretensao,sem_sobretensao,True,True,False,0.0,0.0,0,0,0,0,False,,[null]
leaderless,C0,18,pv2,816,-0.0,-0.0,0.0,0.0,1.0353684495010183,1.0353684495010183,1.0354558554930642,1.0503034017860868,1.0,True,0.0,,0.0,sem_sobretensao,sem_sobretensao,True,True,False,0.0,0.0,0,0,0,0,False,,[null]
leaderless,C0,18,pv1,824,-0.0,-0.0,0.0,0.0,1.0326523500430973,1.0326523500430973,1.0354558554930642,1.0503034017860868,2.0,False,0.0,,0.0,sem_sobretensao,sem_sobretensao,True,True,False,0.0,0.0,0,0,0,0,False,,[null]
leaderless,C0,18,pv3,828,-0.0,-0.0,0.0,0.0,1.0324195763808064,1.0324195763808064,1.0354558554930642,1.0503034017860868,3.0,False,0.0,,0.0,sem_sobretensao,sem_sobretensao,True,True,False,0.0,0.0,0,0,0,0,False,,[null]
leaderless,C0,18,pv4,830,-0.0,-0.0,0.0,0.0,1.02681295674242,1.02681295674242,1.0354558554930642,1.0503034017860868,4.0,False,0.0,,0.0,sem_sobretensao,sem_sobretensao,True,True,False,0.0,0.0,0,0,0,0,False,,[null]
leaderless,C0,18,pv5,850,-0.0,-0.0,0.0,0.0,1.0354558554930642,1.0354558554930642,1.0354558554930642,1.0503034017860868,5.0,False,0.0,,0.0,sem_sobretensao,sem_sobretensao,True,True,False,0.0,0.0,0,0,0,0,False,,[null]
leaderless,C0,18,pv6,832,-0.0,-0.0,0.0,0.0,1.017265056101975,1.017265056101975,1.0354558554930642,1.0503034017860868,6.0,False,0.0,,0.0,sem_sobretensao,sem_sobretensao,True,True,False,0.0,0.0,0,0,0,0,False,,[null]
leaderless,C0,19,pv2,816,-0.0,-0.0,0.0,0.0,1.012463803494029,1.012463803494029,1.0126403397694483,1.0496066048479267,1.0,True,0.0,,0.0,sem_sobretensao,sem_sobretensao,True,True,False,0.0,0.0,0,0,0,0,False,,[null]
leaderless,C0,19,pv1,824,-0.0,-0.0,0.0,0.0,1.0068862241138112,1.0068862241138112,1.0126403397694483,1.0496066048479267,2.0,False,0.0,,0.0,sem_sobretensao,sem_sobretensao,True,True,False,0.0,0.0,0,0,0,0,False,,[null]
leaderless,C0,19,pv3,828,-0.0,-0.0,0.0,0.0,1.00641255022254,1.00641255022254,1.0126403397694483,1.0496066048479267,3.0,False,0.0,,0.0,sem_sobretensao,sem_sobretensao,True,True,False,0.0,0.0,0,0,0,0,False,,[null]
leaderless,C0,19,pv4,830,-0.0,-0.0,0.0,0.0,0.9949844738133675,0.9949844738133675,1.0126403397694483,1.0496066048479267,4.0,False,0.0,,0.0,sem_sobretensao,sem_sobretensao,True,True,False,0.0,0.0,0,0,0,0,False,,[null]
leaderless,C0,19,pv5,850,-0.0,-0.0,0.0,0.0,1.0126403397694483,1.0126403397694483,1.0126403397694483,1.0496066048479267,5.0,False,0.0,,0.0,sem_sobretensao,sem_sobretensao,True,True,False,0.0,0.0,0,0,0,0,False,,[null]
leaderless,C0,19,pv6,832,-0.0,-0.0,0.0,0.0,0.9751062275735913,0.9751062275735913,1.0126403397694483,1.0496066048479267,6.0,False,0.0,,0.0,sem_sobretensao,sem_sobretensao,True,True,False,0.0,0.0,0,0,0,0,False,,[null]
leaderless,C0,20,pv2,816,-0.0,-0.0,0.0,0.0,1.0078351504741658,1.0078351504741658,1.008029696164423,1.0494657402550034,1.0,True,0.0,,0.0,sem_sobretensao,sem_sobretensao,True,True,False,0.0,0.0,0,0,0,0,False,,[null]
leaderless,C0,20,pv1,824,-0.0,-0.0,0.0,0.0,1.0016803252824402,1.0016803252824402,1.008029696164423,1.0494657402550034,2.0,False,0.0,,0.0,sem_sobretensao,sem_sobretensao,True,True,False,0.0,0.0,0,0,0,0,False,,[null]
leaderless,C0,20,pv3,828,-0.0,-0.0,0.0,0.0,1.001158047785484,1.001158047785484,1.008029696164423,1.0494657402550034,3.0,False,0.0,,0.0,sem_sobretensao,sem_sobretensao,True,True,False,0.0,0.0,0,0,0,0,False,,[null]
leaderless,C0,20,pv4,830,-0.0,-0.0,0.0,0.0,0.9885559519361026,0.9885559519361026,1.008029696164423,1.0494657402550034,4.0,False,0.0,,0.0,sem_sobretensao,sem_sobretensao,True,True,False,0.0,0.0,0,0,0,0,False,,[null]
leaderless,C0,20,pv5,850,-0.0,-0.0,0.0,0.0,1.008029696164423,1.008029696164423,1.008029696164423,1.0494657402550034,5.0,False,0.0,,0.0,sem_sobretensao,sem_sobretensao,True,True,False,0.0,0.0,0,0,0,0,False,,[null]
leaderless,C0,20,pv6,832,-0.0,-0.0,0.0,0.0,0.9665920784800833,0.9665920784800833,1.008029696164423,1.0494657402550034,6.0,False,0.0,,0.0,sem_sobretensao,sem_sobretensao,True,True,False,0.0,0.0,0,0,0,0,False,,[null]
leaderless,C0,21,pv2,816,-0.0,-0.0,0.0,0.0,1.0061895964378376,1.0061895964378376,1.0063905442901249,1.0494156571369113,1.0,True,0.0,,0.0,sem_sobretensao,sem_sobretensao,True,True,False,0.0,0.0,0,0,0,0,False,,[null]
leaderless,C0,21,pv1,824,-0.0,-0.0,0.0,0.0,0.9998296239446811,0.9998296239446811,1.0063905442901249,1.0494156571369113,2.0,False,0.0,,0.0,sem_sobretensao,sem_sobretensao,True,True,False,0.0,0.0,0,0,0,0,False,,[null]
leaderless,C0,21,pv3,828,-0.0,-0.0,0.0,0.0,0.9992900728255066,0.9992900728255066,1.0063905442901249,1.0494156571369113,3.0,False,0.0,,0.0,sem_sobretensao,sem_sobretensao,True,True,False,0.0,0.0,0,0,0,0,False,,[null]
leaderless,C0,21,pv4,830,-0.0,-0.0,0.0,0.0,0.9862707730472379,0.9862707730472379,1.0063905442901249,1.0494156571369113,4.0,False,0.0,,0.0,sem_sobretensao,sem_sobretensao,True,True,False,0.0,0.0,0,0,0,0,False,,[null]
leaderless,C0,21,pv5,850,-0.0,-0.0,0.0,0.0,1.0063905442901249,1.0063905442901249,1.0063905442901249,1.0494156571369113,5.0,False,0.0,,0.0,sem_sobretensao,sem_sobretensao,True,True,False,0.0,0.0,0,0,0,0,False,,[null]
leaderless,C0,21,pv6,832,-0.0,-0.0,0.0,0.0,0.9635655636096437,0.9635655636096437,1.0063905442901249,1.0494156571369113,6.0,False,0.0,,0.0,sem_sobretensao,sem_sobretensao,True,True,False,0.0,0.0,0,0,0,0,False,,[null]
leaderless,C0,22,pv2,816,-0.0,-0.0,0.0,0.0,1.0058618084193778,1.0058618084193778,1.0060640314884584,1.049405687339917,1.0,True,0.0,,0.0,sem_sobretensao,sem_sobretensao,True,True,False,0.0,0.0,0,0,0,0,False,,[null]
leaderless,C0,22,pv1,824,-0.0,-0.0,0.0,0.0,0.9994609737243801,0.9994609737243801,1.0060640314884584,1.049405687339917,2.0,False,0.0,,0.0,sem_sobretensao,sem_sobretensao,True,True,False,0.0,0.0,0,0,0,0,False,,[null]
leaderless,C0,22,pv3,828,-0.0,-0.0,0.0,0.0,0.9989179819308516,0.9989179819308516,1.0060640314884584,1.049405687339917,3.0,False,0.0,,0.0,sem_sobretensao,sem_sobretensao,True,True,False,0.0,0.0,0,0,0,0,False,,[null]
leaderless,C0,22,pv4,830,-0.0,-0.0,0.0,0.0,0.9858155814373922,0.9858155814373922,1.0060640314884584,1.049405687339917,4.0,False,0.0,,0.0,sem_sobretensao,sem_sobretensao,True,True,False,0.0,0.0,0,0,0,0,False,,[null]
leaderless,C0,22,pv5,850,-0.0,-0.0,0.0,0.0,1.0060640314884584,1.0060640314884584,1.0060640314884584,1.049405687339917,5.0,False,0.0,,0.0,sem_sobretensao,sem_sobretensao,True,True,False,0.0,0.0,0,0,0,0,False,,[null]
leaderless,C0,22,pv6,832,-0.0,-0.0,0.0,0.0,0.9629627164790306,0.9629627164790306,1.0060640314884584,1.049405687339917,6.0,False,0.0,,0.0,sem_sobretensao,sem_sobretensao,True,True,False,0.0,0.0,0,0,0,0,False,,[null]
leaderless,C0,23,pv2,816,-0.0,-0.0,0.0,0.0,1.0157857990852877,1.0157857990852877,1.0159494099998212,1.049707699932122,1.0,True,0.0,,0.0,sem_sobretensao,sem_sobretensao,True,True,False,0.0,0.0,0,0,0,0,False,,[null]
leaderless,C0,23,pv1,824,-0.0,-0.0,0.0,0.0,1.0106227444912799,1.0106227444912799,1.0159494099998212,1.049707699932122,2.0,False,0.0,,0.0,sem_sobretensao,sem_sobretensao,True,True,False,0.0,0.0,0,0,0,0,False,,[null]
leaderless,C0,23,pv3,828,-0.0,-0.0,0.0,0.0,1.010183972127752,1.010183972127752,1.0159494099998212,1.049707699932122,3.0,False,0.0,,0.0,sem_sobretensao,sem_sobretensao,True,True,False,0.0,0.0,0,0,0,0,False,,[null]
leaderless,C0,23,pv4,830,-0.0,-0.0,0.0,0.0,0.9995990501550603,0.9995990501550603,1.0159494099998212,1.049707699932122,4.0,False,0.0,,0.0,sem_sobretensao,sem_sobretensao,True,True,False,0.0,0.0,0,0,0,0,False,,[null]
leaderless,C0,23,pv5,850,-0.0,-0.0,0.0,0.0,1.0159494099998212,1.0159494099998212,1.0159494099998212,1.049707699932122,5.0,False,0.0,,0.0,sem_sobretensao,sem_sobretensao,True,True,False,0.0,0.0,0,0,0,0,False,,[null]
leaderless,C0,23,pv6,832,-0.0,-0.0,0.0,0.0,0.9812181271943429,0.9812181271943429,1.0159494099998212,1.049707699932122,6.0,False,0.0,,0.0,sem_sobretensao,sem_sobretensao,True,True,False,0.0,0.0,0,0,0,0,False,,[null]
leaderless,C0_perda_0.05,0,pv2,816,-0.0,-0.0,0.0,0.0,1.0450262948633384,1.0450262948633384,1.0450761113146871,1.0505970659065016,1.0,True,0.0,,0.0,sem_sobretensao,sem_sobretensao,True,True,False,0.0,0.0,0,0,0,0,False,,[null]
leaderless,C0_perda_0.05,0,pv1,824,-0.0,-0.0,0.0,0.0,1.0435191673339028,1.0435191673339028,1.0450761113146871,1.0505970659065016,2.0,False,0.0,,0.0,sem_sobretensao,sem_sobretensao,True,True,False,0.0,0.0,0,0,0,0,False,,[null]
leaderless,C0_perda_0.05,0,pv3,828,-0.0,-0.0,0.0,0.0,1.043388151795147,1.043388151795147,1.0450761113146871,1.0505970659065016,3.0,False,0.0,,0.0,sem_sobretensao,sem_sobretensao,True,True,False,0.0,0.0,0,0,0,0,False,,[null]
leaderless,C0_perda_0.05,0,pv4,830,-0.0,-0.0,0.0,0.0,1.0402417834114017,1.0402417834114017,1.0450761113146871,1.0505970659065016,4.0,False,0.0,,0.0,sem_sobretensao,sem_sobretensao,True,True,False,0.0,0.0,0,0,0,0,False,,[null]
leaderless,C0_perda_0.05,0,pv5,850,-0.0,-0.0,0.0,0.0,1.0450761113146871,1.0450761113146871,1.0450761113146871,1.0505970659065016,5.0,False,0.0,,0.0,sem_sobretensao,sem_sobretensao,True,True,False,0.0,0.0,0,0,0,0,False,,[null]
leaderless,C0_perda_0.05,0,pv6,832,-0.0,-0.0,0.0,0.0,1.0350545283587615,1.0350545283587615,1.0450761113146871,1.0505970659065016,6.0,False,0.0,,0.0,sem_sobretensao,sem_sobretensao,True,True,False,0.0,0.0,0,0,0,0,False,,[null]
leaderless,C0_perda_0.05,1,pv2,816,-0.0,-0.0,0.0,0.0,1.0450265903941263,1.0450265903941263,1.0450764055625157,1.0505970903489994,1.0,True,0.0,,0.0,sem_sobretensao,sem_sobretensao,True,True,False,0.0,0.0,0,0,0,0,False,,[null]
leaderless,C0_perda_0.05,1,pv1,824,-0.0,-0.0,0.0,0.0,1.043519497117978,1.043519497117978,1.0450764055625157,1.0505970903489994,2.0,False,0.0,,0.0,sem_sobretensao,sem_sobretensao,True,True,False,0.0,0.0,0,0,0,0,False,,[null]
leaderless,C0_perda_0.05,1,pv3,828,-0.0,-0.0,0.0,0.0,1.0433884847070511,1.0433884847070511,1.0450764055625157,1.0505970903489994,3.0,False,0.0,,0.0,sem_sobretensao,sem_sobretensao,True,True,False,0.0,0.0,0,0,0,0,False,,[null]
leaderless,C0_perda_0.05,1,pv4,830,-0.0,-0.0,0.0,0.0,1.0402421909746427,1.0402421909746427,1.0450764055625157,1.0505970903489994,4.0,False,0.0,,0.0,sem_sobretensao,sem_sobretensao,True,True,False,0.0,0.0,0,0,0,0,False,,[null]
leaderless,C0_perda_0.05,1,pv5,850,-0.0,-0.0,0.0,0.0,1.0450764055625157,1.0450764055625157,1.0450764055625157,1.0505970903489994,5.0,False,0.0,,0.0,sem_sobretensao,sem_sobretensao,True,True,False,0.0,0.0,0,0,0,0,False,,[null]
leaderless,C0_perda_0.05,1,pv6,832,-0.0,-0.0,0.0,0.0,1.0350550780786294,1.0350550780786294,1.0450764055625157,1.0505970903489994,6.0,False,0.0,,0.0,sem_sobretensao,sem_sobretensao,True,True,False,0.0,0.0,0,0,0,0,False,,[null]
leaderless,C0_perda_0.05,2,pv2,816,-0.0,-0.0,0.0,0.0,1.0449571701348623,1.0449571701348623,1.0450072554978003,1.0505949800956955,1.0,True,0.0,,0.0,sem_sobretensao,sem_sobretensao,True,True,False,0.0,0.0,0,0,0,0,False,,[null]
leaderless,C0_perda_0.05,2,pv1,824,-0.0,-0.0,0.0,0.0,1.0434413812534846,1.0434413812534846,1.0450072554978003,1.0505949800956955,2.0,False,0.0,,0.0,sem_sobretensao,sem_sobretensao,True,True,False,0.0,0.0,0,0,0,0,False,,[null]
leaderless,C0_perda_0.05,2,pv3,828,-0.0,-0.0,0.0,0.0,1.0433096369965242,1.0433096369965242,1.0450072554978003,1.0505949800956955,3.0,False,0.0,,0.0,sem_sobretensao,sem_sobretensao,True,True,False,0.0,0.0,0,0,0,0,False,,[null]
leaderless,C0_perda_0.05,2,pv4,830,-0.0,-0.0,0.0,0.0,1.0401456464219774,1.0401456464219774,1.0450072554978003,1.0505949800956955,4.0,False,0.0,,0.0,sem_sobretensao,sem_sobretensao,True,True,False,0.0,0.0,0,0,0,0,False,,[null]
leaderless,C0_perda_0.05,2,pv5,850,-0.0,-0.0,0.0,0.0,1.0450072554978003,1.0450072554978003,1.0450072554978003,1.0505949800956955,5.0,False,0.0,,0.0,sem_sobretensao,sem_sobretensao,True,True,False,0.0,0.0,0,0,0,0,False,,[null]
leaderless,C0_perda_0.05,2,pv6,832,-0.0,-0.0,0.0,0.0,1.0349271785104095,1.0349271785104095,1.0450072554978003,1.0505949800956955,6.0,False,0.0,,0.0,sem_sobretensao,sem_sobretensao,True,True,False,0.0,0.0,0,0,0,0,False,,[null]
leaderless,C0_perda_0.05,3,pv2,816,-0.0,-0.0,0.0,0.0,1.0449571021647746,1.0449571021647746,1.0450071878057714,1.0505949776249717,1.0,True,0.0,,0.0,sem_sobretensao,sem_sobretensao,True,True,False,0.0,0.0,0,0,0,0,False,,[null]
leaderless,C0_perda_0.05,3,pv1,824,-0.0,-0.0,0.0,0.0,1.043441305274198,1.043441305274198,1.0450071878057714,1.0505949776249717,2.0,False,0.0,,0.0,sem_sobretensao,sem_sobretensao,True,True,False,0.0,0.0,0,0,0,0,False,,[null]
leaderless,C0_perda_0.05,3,pv3,828,-0.0,-0.0,0.0,0.0,1.043309560339792,1.043309560339792,1.0450071878057714,1.0505949776249717,3.0,False,0.0,,0.0,sem_sobretensao,sem_sobretensao,True,True,False,0.0,0.0,0,0,0,0,False,,[null]
leaderless,C0_perda_0.05,3,pv4,830,-0.0,-0.0,0.0,0.0,1.0401455535283302,1.0401455535283302,1.0450071878057714,1.0505949776249717,4.0,False,0.0,,0.0,sem_sobretensao,sem_sobretensao,True,True,False,0.0,0.0,0,0,0,0,False,,[null]
leaderless,C0_perda_0.05,3,pv5,850,-0.0,-0.0,0.0,0.0,1.0450071878057714,1.0450071878057714,1.0450071878057714,1.0505949776249717,5.0,False,0.0,,0.0,sem_sobretensao,sem_sobretensao,True,True,False,0.0,0.0,0,0,0,0,False,,[null]
leaderless,C0_perda_0.05,3,pv6,832,-0.0,-0.0,0.0,0.0,1.0349270553472671,1.0349270553472671,1.0450071878057714,1.0505949776249717,6.0,False,0.0,,0.0,sem_sobretensao,sem_sobretensao,True,True,False,0.0,0.0,0,0,0,0,False,,[null]
leaderless,C0_perda_0.05,4,pv2,816,-0.0,-0.0,0.0,0.0,1.045026523122921,1.045026523122921,1.045076338566197,1.0505970879234294,1.0,True,0.0,,0.0,sem_sobretensao,sem_sobretensao,True,True,False,0.0,0.0,0,0,0,0,False,,[null]
leaderless,C0_perda_0.05,4,pv1,824,-0.0,-0.0,0.0,0.0,1.0435194219130084,1.0435194219130084,1.045076338566197,1.0505970879234294,2.0,False,0.0,,0.0,sem_sobretensao,sem_sobretensao,True,True,False,0.0,0.0,0,0,0,0,False,,[null]
leaderless,C0_perda_0.05,4,pv3,828,-0.0,-0.0,0.0,0.0,1.0433884088314556,1.0433884088314556,1.045076338566197,1.0505970879234294,3.0,False,0.0,,0.0,sem_sobretensao,sem_sobretensao,True,True,False,0.0,0.0,0,0,0,0,False,,[null]
leaderless,C0_perda_0.05,4,pv4,830,-0.0,-0.0,0.0,0.0,1.0402420990252506,1.0402420990252506,1.045076338566197,1.0505970879234294,4.0,False,0.0,,0.0,sem_sobretensao,sem_sobretensao,True,True,False,0.0,0.0,0,0,0,0,False,,[null]
leaderless,C0_perda_0.05,4,pv5,850,-0.0,-0.0,0.0,0.0,1.045076338566197,1.045076338566197,1.045076338566197,1.0505970879234294,5.0,False,0.0,,0.0,sem_sobretensao,sem_sobretensao,True,True,False,0.0,0.0,0,0,0,0,False,,[null]
leaderless,C0_perda_0.05,4,pv6,832,-0.0,-0.0,0.0,0.0,1.035054956170032,1.035054956170032,1.045076338566197,1.0505970879234294,6.0,False,0.0,,0.0,sem_sobretensao,sem_sobretensao,True,True,False,0.0,0.0,0,0,0,0,False,,[null]
leaderless,C0_perda_0.05,5,pv2,816,-0.0,-0.0,0.0,0.0,1.046437942275659,1.046437942275659,1.0464804756969757,1.05063939179868,1.0,True,0.0,,0.0,sem_sobretensao,sem_sobretensao,True,True,False,0.0,0.0,0,0,0,0,False,,[null]
leaderless,C0_perda_0.05,5,pv1,824,-0.0,-0.0,0.0,0.0,1.0450850714048536,1.0450850714048536,1.0464804756969757,1.05063939179868,2.0,False,0.0,,0.0,sem_sobretensao,sem_sobretensao,True,True,False,0.0,0.0,0,0,0,0,False,,[null]
leaderless,C0_perda_0.05,5,pv3,828,-0.0,-0.0,0.0,0.0,1.044968726726859,1.044968726726859,1.0464804756969757,1.05063939179868,3.0,False,0.0,,0.0,sem_sobretensao,sem_sobretensao,True,True,False,0.0,0.0,0,0,0,0,False,,[null]
leaderless,C0_perda_0.05,5,pv4,830,-0.0,-0.0,0.0,0.0,1.0421771197491476,1.0421771197491476,1.0464804756969757,1.05063939179868,4.0,False,0.0,,0.0,sem_sobretensao,sem_sobretensao,True,True,False,0.0,0.0,0,0,0,0,False,,[null]
leaderless,C0_perda_0.05,5,pv5,850,-0.0,-0.0,0.0,0.0,1.0464804756969757,1.0464804756969757,1.0464804756969757,1.05063939179868,5.0,False,0.0,,0.0,sem_sobretensao,sem_sobretensao,True,True,False,0.0,0.0,0,0,0,0,False,,[null]
leaderless,C0_perda_0.05,5,pv6,832,-0.0,-0.0,0.0,0.0,1.0376184354041749,1.0376184354041749,1.0464804756969757,1.05063939179868,6.0,False,0.0,,0.0,sem_sobretensao,sem_sobretensao,True,True,False,0.0,0.0,0,0,0,0,False,,[null]
leaderless,C0_perda_0.05,6,pv2,816,15.625241782068514,15.625241782068514,0.0,0.0,1.0483407437819094,1.0483407437819094,1.0483782454548018,1.0506384889471005,1.0,True,0.0,0.0,0.0,sem_sobretensao,sem_sobretensao,True,True,False,0.0,0.0,0,0,0,0,False,0.0,[0.0]
leaderless,C0_perda_0.05,6,pv1,824,18.7503236717592,18.7503236717592,0.0,0.0,1.0471579048369506,1.0471579048369506,1.0483782454548018,1.0506384889471005,2.0,False,0.0,0.0,0.0,sem_sobretensao,sem_sobretensao,True,True,False,0.0,0.0,0,0,0,0,False,0.0,[0.0]
leaderless,C0_perda_0.05,6,pv3,828,12.500217712144039,12.500217712144039,0.0,0.0,1.0470455387298745,1.0470455387298745,1.0483782454548018,1.0506384889471005,3.0,False,0.0,0.0,0.0,sem_sobretensao,sem_sobretensao,True,True,False,0.0,0.0,0,0,0,0,False,0.0,[0.0]
leaderless,C0_perda_0.05,6,pv4,830,16.250349249231203,16.250349249231203,0.0,0.0,1.0442222095150686,1.0442222095150686,1.0483782454548018,1.0506384889471005,4.0,False,0.0,0.0,0.0,sem_sobretensao,sem_sobretensao,True,True,False,0.0,0.0,0,0,0,0,False,0.0,[0.0]
leaderless,C0_perda_0.05,6,pv5,850,11.250173385025839,11.250173385025839,0.0,0.0,1.0483782454548018,1.0483782454548018,1.0483782454548018,1.0506384889471005,5.0,False,0.0,0.0,0.0,sem_sobretensao,sem_sobretensao,True,True,False,0.0,0.0,0,0,0,0,False,0.0,[0.0]
leaderless,C0_perda_0.05,6,pv6,832,14.375428037447017,14.375428037447017,0.0,0.0,1.0393165620198634,1.0393165620198634,1.0483782454548018,1.0506384889471005,6.0,False,0.0,0.0,0.0,sem_sobretensao,sem_sobretensao,True,True,False,0.0,0.0,0,0,0,0,False,0.0,[0.0]
leaderless,C0_perda_0.05,7,pv2,816,46.87517293313687,18.628497596350236,28.24667533678663,0.6025934722683334,1.0562538666391141,1.050467786369069,1.0504971134159584,1.050797721679297,1.0,True,0.0,0.6025935174058541,152.0,convergiu,convergiu,True,False,False,0.005574022255162994,0.005574022255162994,1824,1721,92,11,False,0.005574014552736814,[0.005574]
leaderless,C0_perda_0.05,7,pv1,824,56.25022149623055,22.9526446118108,33.297576884419755,0.591954540395464,1.0558852978158424,1.0495346636774772,1.0504971134159584,1.050797721679297,2.0,False,0.0,0.5919545914437172,152.0,convergiu,convergiu,True,False,False,0.005574022255162994,0.005574022255162994,1824,1721,92,11,False,0.005574014552736814,[0.005574]
leaderless,C0_perda_0.05,7,pv3,828,37.5001485947879,15.498493404063112,22.00165519072479,0.5867084281176379,1.0558243986090117,1.049441396402103,1.0504971134159584,1.050797721679297,3.0,False,0.0,0.586708480237403,152.0,convergiu,convergiu,True,False,False,0.005574022255162994,0.005574022255162994,1824,1721,92,11,False,0.005574014552736814,[0.005574]
leaderless,C0_perda_0.05,7,pv4,830,48.75022589866941,20.14907193013306,28.60115396853635,0.5866875563191914,1.0539937130575454,1.0470496318410936,1.0504971134159584,1.050797721679297,4.0,False,0.0,0.5866876192119757,152.0,convergiu,convergiu,True,False,False,0.005574022255162994,0.005574022255162994,1824,1721,92,11,False,0.005574014552736814,[0.005574]
leaderless,C0_perda_0.05,7,pv5,850,33.75012402307615,13.776746420278668,19.973377602797477,0.5918015599157987,1.056261646345798,1.0504971134159584,1.0504971134159584,1.050797721679297,5.0,False,0.0,0.5918016060960539,152.0,convergiu,convergiu,True,False,False,0.005574022255162994,0.005574022255162994,1824,1721,92,11,False,0.005574014552736814,[0.005574]
leaderless,C0_perda_0.05,7,pv6,832,43.12526281682057,17.797422080709886,25.327840736110687,0.5873085852785298,1.0502737503980764,1.0428398177148221,1.0504971134159584,1.050797721679297,6.0,False,0.0,0.5873086697162532,152.0,convergiu,convergiu,True,False,False,0.005574022255162994,0.005574022255162994,1824,1721,92,11,False,0.005574014552736814,[0.005574]
leaderless,C0_perda_0.05,8,pv2,816,85.41699508013285,37.814002152444104,47.602992927688746,0.5573011232631078,1.0600225763536202,1.0504624658246067,1.0504925413652682,1.050778682283298,1.0,True,0.0,0.5573011891021291,97.0,convergiu,convergiu,True,False,False,0.006175928665547228,0.006175928665547228,1164,1099,53,12,False,0.006175914776626947,[0.006176]
leaderless,C0_perda_0.05,8,pv1,824,102.50042169130165,46.57904492863534,55.92137676266631,0.5455720886288963,1.0599113578585027,1.049417296133385,1.0504925413652682,1.050778682283298,2.0,False,0.0,0.5455721629232272,97.0,convergiu,convergiu,True,False,False,0.006175928665547228,0.006175928665547228,1164,1099,53,12,False,0.006175914776626947,[0.006176]
leaderless,C0_perda_0.05,8,pv3,828,68.33361541836774,31.43027580422895,36.903339614138794,0.5400465671688881,1.0598511737360907,1.049303722795135,1.0504925413652682,1.050778682283298,3.0,False,0.0,0.5400466430497011,97.0,convergiu,convergiu,True,False,False,0.006175928665547228,0.006175928665547228,1164,1099,53,12,False,0.006175914776626947,[0.006176]
leaderless,C0_perda_0.05,8,pv4,830,88.83371838408047,40.89051716965518,47.94320121442529,0.5396958905585325,1.0577281149573894,1.046258178884364,1.0504925413652682,1.050778682283298,4.0,False,0.0,0.5396959857870477,97.0,convergiu,convergiu,True,False,False,0.006175928665547228,0.006175928665547228,1164,1099,53,12,False,0.006175914776626947,[0.006176]
leaderless,C0_perda_0.05,8,pv5,850,61.50023554610567,27.988304459164656,33.51193108694102,0.5449072941488307,1.0600169249218234,1.0504925413652682,1.0504925413652682,1.050778682283298,5.0,False,0.0,0.5449073615631553,97.0,convergiu,convergiu,True,False,False,0.006175928665547228,0.006175928665547228,1164,1099,53,12,False,0.006175914776626947,[0.006176]
leaderless,C0_perda_0.05,8,pv6,832,78.58368126765001,36.15318180695424,42.43049946069577,0.5399402004483914,1.0527861134516394,1.0405194977660484,1.0504925413652682,1.050778682283298,6.0,False,0.0,0.5399403384550125,97.0,convergiu,convergiu,True,False,False,0.006175928665547228,0.006175928665547228,1164,1099,53,12,False,0.006175914776626947,[0.006176]
leaderless,C0_perda_0.05,9,pv2,816,109.37601278032437,44.010009401468956,65.36600337885542,0.597626420382168,1.0634560308716607,1.0504666147989252,1.0504969075080923,1.0507728876647398,1.0,True,0.0,0.5976264970468379,81.0,convergiu,convergiu,True,False,False,0.006704903113984525,0.006704903113984525,972,899,61,12,False,0.006704885182562863,[0.006705]
leaderless,C0_perda_0.05,9,pv1,824,131.25131037042138,54.43087759686466,76.82043277355672,0.5852926051575904,1.063645008346679,1.0493861983440862,1.0504969075080923,1.0507728876647398,2.0,False,0.0,0.5852926919872403,81.0,convergiu,convergiu,True,False,False,0.006704903113984525,0.006704903113984525,972,899,61,12,False,0.006704885182562863,[0.006705]
leaderless,C0_perda_0.05,9,pv3,828,87.5008768548656,36.83108266846108,50.669794186404516,0.5790774701063984,1.0635972314850157,1.049266038448263,1.0504969075080923,1.0507728876647398,3.0,False,0.0,0.5790775590791918,81.0,convergiu,convergiu,True,False,False,0.006704903113984525,0.006704903113984525,972,899,61,12,False,0.006704885182562863,[0.006705]
leaderless,C0_perda_0.05,9,pv4,830,113.75120232905329,47.93817354018924,65.81302878886405,0.5785698483012625,1.0615841261613315,1.0460060451645847,1.0504969075080923,1.0507728876647398,4.0,False,0.0,0.5785699618232052,81.0,convergiu,convergiu,True,False,False,0.006704903113984525,0.006704903113984525,972,899,61,12,False,0.006704885182562863,[0.006705]
leaderless,C0_perda_0.05,9,pv5,850,78.75072636942429,32.771763628880464,45.97896274054382,0.5838543800282604,1.0634377083273805,1.0504969075080923,1.0504969075080923,1.0507728876647398,5.0,False,0.0,0.583854459003385,81.0,convergiu,convergiu,True,False,False,0.006704903113984525,0.006704903113984525,972,899,61,12,False,0.006704885182562863,[0.006705]
leaderless,C0_perda_0.05,9,pv6,832,100.62608236541016,42.40039382924027,58.22568853616988,0.5786339895034189,1.0564042284608293,1.0397613470803821,1.0504969075080923,1.0507728876647398,6.0,False,0.0,0.5786341589323838,81.0,convergiu,convergiu,True,False,False,0.006704903113984525,0.006704903113984525,972,899,61,12,False,0.006704885182562863,[0.006705]
leaderless,C0_perda_0.05,10,pv2,816,122.9183233817493,50.31074280427248,72.60758057747682,0.5906976937057404,1.0647988817919187,1.0504661662666719,1.0504966890528045,1.050765215913577,1.0,True,0.0,0.5906977786540283,74.0,convergiu,convergiu,True,False,False,0.007105889104117117,0.007105889104117117,888,825,53,10,False,0.007105867071771023,[0.007106]
leaderless,C0_perda_0.05,10,pv1,824,147.50215491395306,62.284171556648275,85.21798335730479,0.577740502953107,1.065083180620213,1.0493495483426087,1.0504966890528045,1.050765215913577,2.0,False,0.0,0.577740599159501,74.0,convergiu,convergiu,True,False,False,0.007105889104117117,0.007105889104117117,888,825,53,10,False,0.007105867071771023,[0.007106]
leaderless,C0_perda_0.05,10,pv3,828,98.33477557797559,42.15475231602962,56.18002326194597,0.5713137924034242,1.0650361541360893,1.0492227224623487,1.0504966890528045,1.050765215913577,3.0,False,0.0,0.5713138910598055,74.0,convergiu,convergiu,True,False,False,0.007105889104117117,0.007105889104117117,888,825,53,10,False,0.007105867071771023,[0.007106]
leaderless,C0_perda_0.05,10,pv4,830,127.83531205046867,54.900152724599266,72.9351593258694,0.5705398746862658,1.0629336661668063,1.0457471402630107,1.0504966890528045,1.050765215913577,4.0,False,0.0,0.5705400030398096,74.0,convergiu,convergiu,True,False,False,0.007105889104117117,0.007105889104117117,888,825,53,10,False,0.007105867071771023,[0.007106]
leaderless,C0_perda_0.05,10,pv5,850,88.50118819977149,37.5349400455171,50.966248154254394,0.5758819901927469,1.0647757081212252,1.0504966890528045,1.0504966890528045,1.050765215913577,5.0,False,0.0,0.5758820778678087,74.0,convergiu,convergiu,True,False,False,0.007105889104117117,0.007105889104117117,888,825,53,10,False,0.007105867071771023,[0.007106]
leaderless,C0_perda_0.05,10,pv6,832,113.08509759191728,48.5894124597989,64.49568513211838,0.5703285764325474,1.0573508145814425,1.0389958652242681,1.0504966890528045,1.050765215913577,6.0,False,0.0,0.5703287745734607,74.0,convergiu,convergiu,True,False,False,0.007105889104117117,0.007105889104117117,888,825,53,10,False,0.007105867071771023,[0.007106]
leaderless,C0_perda_0.05,11,pv2,816,125.00095744920893,70.02767642672094,54.97328102248798,0.43978279928045005,1.0612357747115626,1.0504552861836933,1.0504865006820017,1.050737473702646,1.0,True,0.0,0.4397828796217423,72.0,convergiu,convergiu,True,False,False,0.006894973022424025,0.006894973022424025,864,819,36,9,False,0.006894945708499069,[0.006895]
leaderless,C0_perda_0.05,11,pv1,824,150.00123591851562,85.92215501370777,64.07908090480785,0.4271902632109492,1.061059779611653,1.049225874493422,1.0504865006820017,1.050737473702646,2.0,False,0.0,0.4271903528822735,72.0,convergiu,convergiu,True,False,False,0.006894973022424025,0.006894973022424025,864,819,36,9,False,0.006894945708499069,[0.006895]
leaderless,C0_perda_0.05,11,pv3,828,100.00082633219165,57.91152347638877,42.08930285580288,0.42088945880163703,1.0609726000774133,1.0490786710327917,1.0504865006820017,1.050737473702646,3.0,False,0.0,0.42088955061218075,72.0,convergiu,convergiu,True,False,False,0.006894973022424025,0.006894973022424025,864,819,36,9,False,0.006894945708499069,[0.006895]
leaderless,C0_perda_0.05,11,pv4,830,130.00109909686262,75.3720381958434,54.629060901019216,0.42021986237824377,1.0578779559054914,1.0449492789274866,1.0504865006820017,1.050737473702646,4.0,False,0.0,0.4202199926041826,72.0,convergiu,convergiu,True,False,False,0.006894973022424025,0.006894973022424025,864,819,36,9,False,0.006894945708499069,[0.006895]
leaderless,C0_perda_0.05,11,pv5,850,90.00068667372804,51.709949919488665,38.290736754239376,0.42544930247765833,1.0612265546745494,1.0504865006820017,1.0504865006820017,1.050737473702646,5.0,False,0.0,0.4254493845480488,72.0,convergiu,convergiu,True,False,False,0.006894973022424025,0.006894973022424025,864,819,36,9,False,0.006894945708499069,[0.006895]
leaderless,C0_perda_0.05,11,pv6,832,115.00090937738572,66.69062404308616,48.310285334299564,0.4200858864826179,1.0504893448189818,1.0366726722097583,1.0504865006820017,1.050737473702646,6.0,False,0.0,0.4200861158042243,72.0,convergiu,convergiu,True,False,False,0.006894973022424025,0.006894973022424025,864,819,36,9,False,0.006894945708499069,[0.006895]
leaderless,C0_perda_0.05,12,pv2,816,114.58396851395472,73.53840738114475,41.045561132809965,0.35821374774880116,1.0584759983391132,1.0504571459557308,1.0504884556224554,1.050733988387309,1.0,True,0.0,0.35821382052945033,75.0,convergiu,convergiu,True,False,False,0.00661396687565498,0.00661396687565498,900,842,47,11,False,0.006613940315658762,[0.006614]
leaderless,C0_perda_0.05,12,pv1,824,137.50081264561493,89.91209311260182,47.588719533013105,0.3460976522243228,1.0580095024958578,1.0492084502254009,1.0504884556224554,1.050733988387309,2.0,False,0.0,0.3460977329324226,75.0,convergiu,convergiu,True,False,False,0.00661396687565498,0.00661396687565498,900,842,47,11,False,0.006613940315658762,[0.006614]
leaderless,C0_perda_0.05,12,pv3,828,91.66721045259987,60.50361323675969,31.163597215840184,0.3399644157630753,1.0579033718621695,1.049057789114366,1.0504884556224554,1.050733988387309,3.0,False,0.0,0.33996449834103487,75.0,convergiu,convergiu,True,False,False,0.00661396687565498,0.00661396687565498,900,842,47,11,False,0.006613940315658762,[0.006614]
leaderless,C0_perda_0.05,12,pv4,830,119.16742168135936,78.71900813232978,40.44841354902958,0.3394249753440449,1.0544313946969264,1.0448182866018232,1.0504884556224554,1.050733988387309,4.0,False,0.0,0.3394250960399581,75.0,convergiu,convergiu,True,False,False,0.00661396687565498,0.00661396687565498,900,842,47,11,False,0.006613940315658762,[0.006614]
leaderless,C0_perda_0.05,12,pv5,850,82.50045553479546,54.06494218421484,28.43551335058062,0.3446709119303456,1.058477235049202,1.0504884556224554,1.0504884556224554,1.050733988387309,5.0,False,0.0,0.3446709859509519,75.0,convergiu,convergiu,True,False,False,0.00661396687565498,0.00661396687565498,900,842,47,11,False,0.006613940315658762,[0.006614]
leaderless,C0_perda_0.05,12,pv6,832,105.41738739655644,69.63446153232927,35.78292586422717,0.3394402332134257,1.046558038256012,1.036286530796827,1.0504884556224554,1.050733988387309,6.0,False,0.0,0.3394404542546655,75.0,convergiu,convergiu,True,False,False,0.00661396687565498,0.00661396687565498,900,842,47,11,False,0.006613940315658762,[0.006614]
leaderless,C0_perda_0.05,13,pv2,816,91.66698489490838,67.3563702243766,24.310614670531777,0.26520570436712243,1.0551908300811352,1.0504608655921994,1.0504919457850483,1.0507435757402777,1.0,True,0.0,0.26520578481339474,82.0,convergiu,convergiu,True,False,False,0.006221491257293857,0.006221491257293857,984,936,36,12,False,0.006221466935370008,[0.006221]
leaderless,C0_perda_0.05,13,pv1,824,110.00040509302565,82.10457715612094,27.89582793690471,0.2535974126336324,1.0544374799672287,1.0492477123114627,1.0504919457850483,1.0507435757402777,2.0,False,0.0,0.25359750187568525,82.0,convergiu,convergiu,True,False,False,0.006221491257293857,0.006221491257293857,984,936,36,12,False,0.006221466935370008,[0.006221]
leaderless,C0_perda_0.05,13,pv3,828,73.3336048828062,55.16881740077152,18.164787482034676,0.2477006392027178,1.0543195761359028,1.0491036449426747,1.0504919457850483,1.0507435757402777,3.0,False,0.0,0.24770073025952652,82.0,convergiu,convergiu,True,False,False,0.006221491257293857,0.006221491257293857,984,936,36,12,False,0.006221466935370008,[0.006221]
leaderless,C0_perda_0.05,13,pv4,830,95.3337377889195,71.74197000244935,23.591767786470157,0.2474649182636991,1.0507455019948098,1.04507811774791,1.0504919457850483,1.0507435757402777,4.0,False,0.0,0.24746504578164344,82.0,convergiu,convergiu,True,False,False,0.006221491257293857,0.006221491257293857,984,936,36,12,False,0.006221466935370008,[0.006221]
leaderless,C0_perda_0.05,13,pv5,850,66.00022821789678,49.32105483645241,16.679173381444365,0.25271379286969065,1.0552041870664521,1.0504919457850483,1.0504919457850483,1.0507435757402777,5.0,False,0.0,0.2527138743578102,82.0,convergiu,convergiu,True,False,False,0.006221491257293857,0.006221491257293857,984,936,36,12,False,0.006221466935370008,[0.006221]
leaderless,C0_perda_0.05,13,pv6,832,84.33378992935324,63.42779621318175,20.905993716171494,0.2478955961265729,1.043106553585739,1.0370506442634086,1.0504919457850483,1.0507435757402777,6.0,False,0.0,0.24789581653669934,82.0,convergiu,convergiu,True,False,False,0.006221491257293857,0.006221491257293857,984,936,36,12,False,0.006221466935370008,[0.006221]
leaderless,C0_perda_0.05,14,pv2,816,62.50020246209811,51.33721707614659,11.162985385951522,0.17860710723035916,1.052613622632012,1.0504641203534812,1.050494641327189,1.0507644565221197,1.0,True,0.0,0.17860718759624936,93.0,convergiu,convergiu,True,False,False,0.005792195978168927,0.005792195978168927,1116,1054,51,11,False,0.005792177490670794,[0.005792]
leaderless,C0_perda_0.05,14,pv1,824,75.00026032476224,62.428168711150335,12.572091613611903,0.16762721700538608,1.051699638130121,1.0493422845092737,1.050494641327189,1.0507644565221197,2.0,False,0.0,0.1676273063476431,93.0,convergiu,convergiu,True,False,False,0.005792195978168927,0.005792195978168927,1116,1054,51,11,False,0.005792177490670794,[0.005792]
leaderless,C0_perda_0.05,14,pv3,828,50.00017471131086,41.888421359075124,8.111753352235738,0.1622344093231043,1.0515841347631205,1.0492149688882377,1.050494641327189,1.0507644565221197,3.0,False,0.0,0.16223450016067095,93.0,convergiu,convergiu,True,False,False,0.005792195978168927,0.005792195978168927,1116,1054,51,11,False,0.005792177490670794,[0.005792]
leaderless,C0_perda_0.05,14,pv4,830,65.00026968336641,54.46569623078534,10.534573452581071,0.1620695699658757,1.0483035673524426,1.0457302508941098,1.050494641327189,1.0507644565221197,4.0,False,0.0,0.1620696883858756,93.0,convergiu,convergiu,True,False,False,0.005792195978168927,0.005792195978168927,1116,1054,51,11,False,0.005792177490670794,[0.005792]
leaderless,C0_perda_0.05,14,pv5,850,45.00014519411903,37.476521943675216,7.523623250443812,0.16719100718065777,1.052636095268523,1.050494641327189,1.050494641327189,1.0507644565221197,5.0,False,0.0,0.16719108833957846,93.0,convergiu,convergiu,True,False,False,0.005792195978168927,0.005792195978168927,1116,1054,51,11,False,0.005792177490670794,[0.005792]
leaderless,C0_perda_0.05,14,pv6,832,57.50032286936524,48.15234297054099,9.34797989882425,0.16257246713693785,1.041720637060223,1.0389705671355007,1.050494641327189,1.0507644565221197,6.0,False,0.0,0.16257265059296952,93.0,convergiu,convergiu,True,False,False,0.005792195978168927,0.005792195978168927,1116,1054,51,11,False,0.005792177490670794,[0.005792]
leaderless,C0_perda_0.05,15,pv2,816,28.124947781836777,28.124947781836777,0.0,0.0,1.038637024195392,1.038637024195392,1.0387127583007412,1.0502955100129607,1.0,True,0.0,0.0,0.0,sem_sobretensao,sem_sobretensao,True,True,False,0.0,0.0,0,0,0,0,False,0.0,[0.0]
leaderless,C0_perda_0.05,15,pv1,824,33.7499326705175,33.7499326705175,0.0,0.0,1.0361657626085248,1.0361657626085248,1.0387127583007412,1.0502955100129607,2.0,False,0.0,0.0,0.0,sem_sobretensao,sem_sobretensao,True,True,False,0.0,0.0,0,0,0,0,False,0.0,[0.0]
leaderless,C0_perda_0.05,15,pv3,828,22.49995484400795,22.49995484400795,0.0,0.0,1.0359378482544805,1.0359378482544805,1.0387127583007412,1.0502955100129607,3.0,False,0.0,0.0,0.0,sem_sobretensao,sem_sobretensao,True,True,False,0.0,0.0,0,0,0,0,False,0.0,[0.0]
leaderless,C0_perda_0.05,15,pv4,830,29.249932365563176,29.249932365563176,0.0,0.0,1.030215754106097,1.030215754106097,1.0387127583007412,1.0502955100129607,4.0,False,0.0,0.0,0.0,sem_sobretensao,sem_sobretensao,True,True,False,0.0,0.0,0,0,0,0,False,0.0,[0.0]
leaderless,C0_perda_0.05,15,pv5,850,20.24996255456084,20.24996255456084,0.0,0.0,1.0387127583007412,1.0387127583007412,1.0387127583007412,1.0502955100129607,5.0,False,0.0,0.0,0.0,sem_sobretensao,sem_sobretensao,True,True,False,0.0,0.0,0,0,0,0,False,0.0,[0.0]
leaderless,C0_perda_0.05,15,pv6,832,25.874924505417386,25.874924505417386,0.0,0.0,1.0199321297216088,1.0199321297216088,1.0387127583007412,1.0502955100129607,6.0,False,0.0,0.0,0.0,sem_sobretensao,sem_sobretensao,True,True,False,0.0,0.0,0,0,0,0,False,0.0,[0.0]
leaderless,C0_perda_0.05,16,pv2,816,3.125032294596916,3.125032294596916,0.0,0.0,1.0394703803118923,1.0394703803118923,1.0395419414769742,1.0504162382879947,1.0,True,0.0,0.0,0.0,sem_sobretensao,sem_sobretensao,True,True,False,0.0,0.0,0,0,0,0,False,0.0,[0.0]
leaderless,C0_perda_0.05,16,pv1,824,3.7500421409595996,3.7500421409595996,0.0,0.0,1.0372492372289943,1.0372492372289943,1.0395419414769742,1.0504162382879947,2.0,False,0.0,0.0,0.0,sem_sobretensao,sem_sobretensao,True,True,False,0.0,0.0,0,0,0,0,False,0.0,[0.0]
leaderless,C0_perda_0.05,16,pv3,828,2.5000282767911903,2.5000282767911903,0.0,0.0,1.0370563779560669,1.0370563779560669,1.0395419414769742,1.0504162382879947,3.0,False,0.0,0.0,0.0,sem_sobretensao,sem_sobretensao,True,True,False,0.0,0.0,0,0,0,0,False,0.0,[0.0]
leaderless,C0_perda_0.05,16,pv4,830,3.2500425487402866,3.2500425487402866,0.0,0.0,1.0323888508528607,1.0323888508528607,1.0395419414769742,1.0504162382879947,4.0,False,0.0,0.0,0.0,sem_sobretensao,sem_sobretensao,True,True,False,0.0,0.0,0,0,0,0,False,0.0,[0.0]
leaderless,C0_perda_0.05,16,pv5,850,2.25002315917098,2.25002315917098,0.0,0.0,1.0395419414769742,1.0395419414769742,1.0395419414769742,1.0504162382879947,5.0,False,0.0,0.0,0.0,sem_sobretensao,sem_sobretensao,True,True,False,0.0,0.0,0,0,0,0,False,0.0,[0.0]
leaderless,C0_perda_0.05,16,pv6,832,2.875047132931754,2.875047132931754,0.0,0.0,1.0244469035472519,1.0244469035472519,1.0395419414769742,1.0504162382879947,6.0,False,0.0,0.0,0.0,sem_sobretensao,sem_sobretensao,True,True,False,0.0,0.0,0,0,0,0,False,0.0,[0.0]
leaderless,C0_perda_0.05,17,pv2,816,-0.0,-0.0,0.0,0.0,1.0319530456641133,1.0319530456641133,1.0320537436109638,1.0501995250985579,1.0,True,0.0,,0.0,sem_sobretensao,sem_sobretensao,True,True,False,0.0,0.0,0,0,0,0,False,,[null]
leaderless,C0_perda_0.05,17,pv1,824,-0.0,-0.0,0.0,0.0,1.0288097422283975,1.0288097422283975,1.0320537436109638,1.0501995250985579,2.0,False,0.0,,0.0,sem_sobretensao,sem_sobretensao,True,True,False,0.0,0.0,0,0,0,0,False,,[null]
leaderless,C0_perda_0.05,17,pv3,828,-0.0,-0.0,0.0,0.0,1.0285410077167667,1.0285410077167667,1.0320537436109638,1.0501995250985579,3.0,False,0.0,,0.0,sem_sobretensao,sem_sobretensao,True,True,False,0.0,0.0,0,0,0,0,False,,[null]
leaderless,C0_perda_0.05,17,pv4,830,-0.0,-0.0,0.0,0.0,1.0220651174905713,1.0220651174905713,1.0320537436109638,1.0501995250985579,4.0,False,0.0,,0.0,sem_sobretensao,sem_sobretensao,True,True,False,0.0,0.0,0,0,0,0,False,,[null]
leaderless,C0_perda_0.05,17,pv5,850,-0.0,-0.0,0.0,0.0,1.0320537436109638,1.0320537436109638,1.0320537436109638,1.0501995250985579,5.0,False,0.0,,0.0,sem_sobretensao,sem_sobretensao,True,True,False,0.0,0.0,0,0,0,0,False,,[null]
leaderless,C0_perda_0.05,17,pv6,832,-0.0,-0.0,0.0,0.0,1.0109757984235852,1.0109757984235852,1.0320537436109638,1.0501995250985579,6.0,False,0.0,,0.0,sem_sobretensao,sem_sobretensao,True,True,False,0.0,0.0,0,0,0,0,False,,[null]
leaderless,C0_perda_0.05,18,pv2,816,-0.0,-0.0,0.0,0.0,1.0353684495010183,1.0353684495010183,1.0354558554930642,1.0503034017860868,1.0,True,0.0,,0.0,sem_sobretensao,sem_sobretensao,True,True,False,0.0,0.0,0,0,0,0,False,,[null]
leaderless,C0_perda_0.05,18,pv1,824,-0.0,-0.0,0.0,0.0,1.0326523500430973,1.0326523500430973,1.0354558554930642,1.0503034017860868,2.0,False,0.0,,0.0,sem_sobretensao,sem_sobretensao,True,True,False,0.0,0.0,0,0,0,0,False,,[null]
leaderless,C0_perda_0.05,18,pv3,828,-0.0,-0.0,0.0,0.0,1.0324195763808064,1.0324195763808064,1.0354558554930642,1.0503034017860868,3.0,False,0.0,,0.0,sem_sobretensao,sem_sobretensao,True,True,False,0.0,0.0,0,0,0,0,False,,[null]
leaderless,C0_perda_0.05,18,pv4,830,-0.0,-0.0,0.0,0.0,1.02681295674242,1.02681295674242,1.0354558554930642,1.0503034017860868,4.0,False,0.0,,0.0,sem_sobretensao,sem_sobretensao,True,True,False,0.0,0.0,0,0,0,0,False,,[null]
leaderless,C0_perda_0.05,18,pv5,850,-0.0,-0.0,0.0,0.0,1.0354558554930642,1.0354558554930642,1.0354558554930642,1.0503034017860868,5.0,False,0.0,,0.0,sem_sobretensao,sem_sobretensao,True,True,False,0.0,0.0,0,0,0,0,False,,[null]
leaderless,C0_perda_0.05,18,pv6,832,-0.0,-0.0,0.0,0.0,1.017265056101975,1.017265056101975,1.0354558554930642,1.0503034017860868,6.0,False,0.0,,0.0,sem_sobretensao,sem_sobretensao,True,True,False,0.0,0.0,0,0,0,0,False,,[null]
leaderless,C0_perda_0.05,19,pv2,816,-0.0,-0.0,0.0,0.0,1.012463803494029,1.012463803494029,1.0126403397694483,1.0496066048479267,1.0,True,0.0,,0.0,sem_sobretensao,sem_sobretensao,True,True,False,0.0,0.0,0,0,0,0,False,,[null]
leaderless,C0_perda_0.05,19,pv1,824,-0.0,-0.0,0.0,0.0,1.0068862241138112,1.0068862241138112,1.0126403397694483,1.0496066048479267,2.0,False,0.0,,0.0,sem_sobretensao,sem_sobretensao,True,True,False,0.0,0.0,0,0,0,0,False,,[null]
leaderless,C0_perda_0.05,19,pv3,828,-0.0,-0.0,0.0,0.0,1.00641255022254,1.00641255022254,1.0126403397694483,1.0496066048479267,3.0,False,0.0,,0.0,sem_sobretensao,sem_sobretensao,True,True,False,0.0,0.0,0,0,0,0,False,,[null]
leaderless,C0_perda_0.05,19,pv4,830,-0.0,-0.0,0.0,0.0,0.9949844738133675,0.9949844738133675,1.0126403397694483,1.0496066048479267,4.0,False,0.0,,0.0,sem_sobretensao,sem_sobretensao,True,True,False,0.0,0.0,0,0,0,0,False,,[null]
leaderless,C0_perda_0.05,19,pv5,850,-0.0,-0.0,0.0,0.0,1.0126403397694483,1.0126403397694483,1.0126403397694483,1.0496066048479267,5.0,False,0.0,,0.0,sem_sobretensao,sem_sobretensao,True,True,False,0.0,0.0,0,0,0,0,False,,[null]
leaderless,C0_perda_0.05,19,pv6,832,-0.0,-0.0,0.0,0.0,0.9751062275735913,0.9751062275735913,1.0126403397694483,1.0496066048479267,6.0,False,0.0,,0.0,sem_sobretensao,sem_sobretensao,True,True,False,0.0,0.0,0,0,0,0,False,,[null]
leaderless,C0_perda_0.05,20,pv2,816,-0.0,-0.0,0.0,0.0,1.0078351504741658,1.0078351504741658,1.008029696164423,1.0494657402550034,1.0,True,0.0,,0.0,sem_sobretensao,sem_sobretensao,True,True,False,0.0,0.0,0,0,0,0,False,,[null]
leaderless,C0_perda_0.05,20,pv1,824,-0.0,-0.0,0.0,0.0,1.0016803252824402,1.0016803252824402,1.008029696164423,1.0494657402550034,2.0,False,0.0,,0.0,sem_sobretensao,sem_sobretensao,True,True,False,0.0,0.0,0,0,0,0,False,,[null]
leaderless,C0_perda_0.05,20,pv3,828,-0.0,-0.0,0.0,0.0,1.001158047785484,1.001158047785484,1.008029696164423,1.0494657402550034,3.0,False,0.0,,0.0,sem_sobretensao,sem_sobretensao,True,True,False,0.0,0.0,0,0,0,0,False,,[null]
leaderless,C0_perda_0.05,20,pv4,830,-0.0,-0.0,0.0,0.0,0.9885559519361026,0.9885559519361026,1.008029696164423,1.0494657402550034,4.0,False,0.0,,0.0,sem_sobretensao,sem_sobretensao,True,True,False,0.0,0.0,0,0,0,0,False,,[null]
leaderless,C0_perda_0.05,20,pv5,850,-0.0,-0.0,0.0,0.0,1.008029696164423,1.008029696164423,1.008029696164423,1.0494657402550034,5.0,False,0.0,,0.0,sem_sobretensao,sem_sobretensao,True,True,False,0.0,0.0,0,0,0,0,False,,[null]
leaderless,C0_perda_0.05,20,pv6,832,-0.0,-0.0,0.0,0.0,0.9665920784800833,0.9665920784800833,1.008029696164423,1.0494657402550034,6.0,False,0.0,,0.0,sem_sobretensao,sem_sobretensao,True,True,False,0.0,0.0,0,0,0,0,False,,[null]
leaderless,C0_perda_0.05,21,pv2,816,-0.0,-0.0,0.0,0.0,1.0061895964378376,1.0061895964378376,1.0063905442901249,1.0494156571369113,1.0,True,0.0,,0.0,sem_sobretensao,sem_sobretensao,True,True,False,0.0,0.0,0,0,0,0,False,,[null]
leaderless,C0_perda_0.05,21,pv1,824,-0.0,-0.0,0.0,0.0,0.9998296239446811,0.9998296239446811,1.0063905442901249,1.0494156571369113,2.0,False,0.0,,0.0,sem_sobretensao,sem_sobretensao,True,True,False,0.0,0.0,0,0,0,0,False,,[null]
leaderless,C0_perda_0.05,21,pv3,828,-0.0,-0.0,0.0,0.0,0.9992900728255066,0.9992900728255066,1.0063905442901249,1.0494156571369113,3.0,False,0.0,,0.0,sem_sobretensao,sem_sobretensao,True,True,False,0.0,0.0,0,0,0,0,False,,[null]
leaderless,C0_perda_0.05,21,pv4,830,-0.0,-0.0,0.0,0.0,0.9862707730472379,0.9862707730472379,1.0063905442901249,1.0494156571369113,4.0,False,0.0,,0.0,sem_sobretensao,sem_sobretensao,True,True,False,0.0,0.0,0,0,0,0,False,,[null]
leaderless,C0_perda_0.05,21,pv5,850,-0.0,-0.0,0.0,0.0,1.0063905442901249,1.0063905442901249,1.0063905442901249,1.0494156571369113,5.0,False,0.0,,0.0,sem_sobretensao,sem_sobretensao,True,True,False,0.0,0.0,0,0,0,0,False,,[null]
leaderless,C0_perda_0.05,21,pv6,832,-0.0,-0.0,0.0,0.0,0.9635655636096437,0.9635655636096437,1.0063905442901249,1.0494156571369113,6.0,False,0.0,,0.0,sem_sobretensao,sem_sobretensao,True,True,False,0.0,0.0,0,0,0,0,False,,[null]
leaderless,C0_perda_0.05,22,pv2,816,-0.0,-0.0,0.0,0.0,1.0058618084193778,1.0058618084193778,1.0060640314884584,1.049405687339917,1.0,True,0.0,,0.0,sem_sobretensao,sem_sobretensao,True,True,False,0.0,0.0,0,0,0,0,False,,[null]
leaderless,C0_perda_0.05,22,pv1,824,-0.0,-0.0,0.0,0.0,0.9994609737243801,0.9994609737243801,1.0060640314884584,1.049405687339917,2.0,False,0.0,,0.0,sem_sobretensao,sem_sobretensao,True,True,False,0.0,0.0,0,0,0,0,False,,[null]
leaderless,C0_perda_0.05,22,pv3,828,-0.0,-0.0,0.0,0.0,0.9989179819308516,0.9989179819308516,1.0060640314884584,1.049405687339917,3.0,False,0.0,,0.0,sem_sobretensao,sem_sobretensao,True,True,False,0.0,0.0,0,0,0,0,False,,[null]
leaderless,C0_perda_0.05,22,pv4,830,-0.0,-0.0,0.0,0.0,0.9858155814373922,0.9858155814373922,1.0060640314884584,1.049405687339917,4.0,False,0.0,,0.0,sem_sobretensao,sem_sobretensao,True,True,False,0.0,0.0,0,0,0,0,False,,[null]
leaderless,C0_perda_0.05,22,pv5,850,-0.0,-0.0,0.0,0.0,1.0060640314884584,1.0060640314884584,1.0060640314884584,1.049405687339917,5.0,False,0.0,,0.0,sem_sobretensao,sem_sobretensao,True,True,False,0.0,0.0,0,0,0,0,False,,[null]
leaderless,C0_perda_0.05,22,pv6,832,-0.0,-0.0,0.0,0.0,0.9629627164790306,0.9629627164790306,1.0060640314884584,1.049405687339917,6.0,False,0.0,,0.0,sem_sobretensao,sem_sobretensao,True,True,False,0.0,0.0,0,0,0,0,False,,[null]
leaderless,C0_perda_0.05,23,pv2,816,-0.0,-0.0,0.0,0.0,1.0157857990852877,1.0157857990852877,1.0159494099998212,1.049707699932122,1.0,True,0.0,,0.0,sem_sobretensao,sem_sobretensao,True,True,False,0.0,0.0,0,0,0,0,False,,[null]
leaderless,C0_perda_0.05,23,pv1,824,-0.0,-0.0,0.0,0.0,1.0106227444912799,1.0106227444912799,1.0159494099998212,1.049707699932122,2.0,False,0.0,,0.0,sem_sobretensao,sem_sobretensao,True,True,False,0.0,0.0,0,0,0,0,False,,[null]
leaderless,C0_perda_0.05,23,pv3,828,-0.0,-0.0,0.0,0.0,1.010183972127752,1.010183972127752,1.0159494099998212,1.049707699932122,3.0,False,0.0,,0.0,sem_sobretensao,sem_sobretensao,True,True,False,0.0,0.0,0,0,0,0,False,,[null]
leaderless,C0_perda_0.05,23,pv4,830,-0.0,-0.0,0.0,0.0,0.9995990501550603,0.9995990501550603,1.0159494099998212,1.049707699932122,4.0,False,0.0,,0.0,sem_sobretensao,sem_sobretensao,True,True,False,0.0,0.0,0,0,0,0,False,,[null]
leaderless,C0_perda_0.05,23,pv5,850,-0.0,-0.0,0.0,0.0,1.0159494099998212,1.0159494099998212,1.0159494099998212,1.049707699932122,5.0,False,0.0,,0.0,sem_sobretensao,sem_sobretensao,True,True,False,0.0,0.0,0,0,0,0,False,,[null]
leaderless,C0_perda_0.05,23,pv6,832,-0.0,-0.0,0.0,0.0,0.9812181271943429,0.9812181271943429,1.0159494099998212,1.049707699932122,6.0,False,0.0,,0.0,sem_sobretensao,sem_sobretensao,True,True,False,0.0,0.0,0,0,0,0,False,,[null]
leaderless,C0_perda_0.10,0,pv2,816,-0.0,-0.0,0.0,0.0,1.0450262948633384,1.0450262948633384,1.0450761113146871,1.0505970659065016,1.0,True,0.0,,0.0,sem_sobretensao,sem_sobretensao,True,True,False,0.0,0.0,0,0,0,0,False,,[null]
leaderless,C0_perda_0.10,0,pv1,824,-0.0,-0.0,0.0,0.0,1.0435191673339028,1.0435191673339028,1.0450761113146871,1.0505970659065016,2.0,False,0.0,,0.0,sem_sobretensao,sem_sobretensao,True,True,False,0.0,0.0,0,0,0,0,False,,[null]
leaderless,C0_perda_0.10,0,pv3,828,-0.0,-0.0,0.0,0.0,1.043388151795147,1.043388151795147,1.0450761113146871,1.0505970659065016,3.0,False,0.0,,0.0,sem_sobretensao,sem_sobretensao,True,True,False,0.0,0.0,0,0,0,0,False,,[null]
leaderless,C0_perda_0.10,0,pv4,830,-0.0,-0.0,0.0,0.0,1.0402417834114017,1.0402417834114017,1.0450761113146871,1.0505970659065016,4.0,False,0.0,,0.0,sem_sobretensao,sem_sobretensao,True,True,False,0.0,0.0,0,0,0,0,False,,[null]
leaderless,C0_perda_0.10,0,pv5,850,-0.0,-0.0,0.0,0.0,1.0450761113146871,1.0450761113146871,1.0450761113146871,1.0505970659065016,5.0,False,0.0,,0.0,sem_sobretensao,sem_sobretensao,True,True,False,0.0,0.0,0,0,0,0,False,,[null]
leaderless,C0_perda_0.10,0,pv6,832,-0.0,-0.0,0.0,0.0,1.0350545283587615,1.0350545283587615,1.0450761113146871,1.0505970659065016,6.0,False,0.0,,0.0,sem_sobretensao,sem_sobretensao,True,True,False,0.0,0.0,0,0,0,0,False,,[null]
leaderless,C0_perda_0.10,1,pv2,816,-0.0,-0.0,0.0,0.0,1.0450265903941263,1.0450265903941263,1.0450764055625157,1.0505970903489994,1.0,True,0.0,,0.0,sem_sobretensao,sem_sobretensao,True,True,False,0.0,0.0,0,0,0,0,False,,[null]
leaderless,C0_perda_0.10,1,pv1,824,-0.0,-0.0,0.0,0.0,1.043519497117978,1.043519497117978,1.0450764055625157,1.0505970903489994,2.0,False,0.0,,0.0,sem_sobretensao,sem_sobretensao,True,True,False,0.0,0.0,0,0,0,0,False,,[null]
leaderless,C0_perda_0.10,1,pv3,828,-0.0,-0.0,0.0,0.0,1.0433884847070511,1.0433884847070511,1.0450764055625157,1.0505970903489994,3.0,False,0.0,,0.0,sem_sobretensao,sem_sobretensao,True,True,False,0.0,0.0,0,0,0,0,False,,[null]
leaderless,C0_perda_0.10,1,pv4,830,-0.0,-0.0,0.0,0.0,1.0402421909746427,1.0402421909746427,1.0450764055625157,1.0505970903489994,4.0,False,0.0,,0.0,sem_sobretensao,sem_sobretensao,True,True,False,0.0,0.0,0,0,0,0,False,,[null]
leaderless,C0_perda_0.10,1,pv5,850,-0.0,-0.0,0.0,0.0,1.0450764055625157,1.0450764055625157,1.0450764055625157,1.0505970903489994,5.0,False,0.0,,0.0,sem_sobretensao,sem_sobretensao,True,True,False,0.0,0.0,0,0,0,0,False,,[null]
leaderless,C0_perda_0.10,1,pv6,832,-0.0,-0.0,0.0,0.0,1.0350550780786294,1.0350550780786294,1.0450764055625157,1.0505970903489994,6.0,False,0.0,,0.0,sem_sobretensao,sem_sobretensao,True,True,False,0.0,0.0,0,0,0,0,False,,[null]
leaderless,C0_perda_0.10,2,pv2,816,-0.0,-0.0,0.0,0.0,1.0449571701348623,1.0449571701348623,1.0450072554978003,1.0505949800956955,1.0,True,0.0,,0.0,sem_sobretensao,sem_sobretensao,True,True,False,0.0,0.0,0,0,0,0,False,,[null]
leaderless,C0_perda_0.10,2,pv1,824,-0.0,-0.0,0.0,0.0,1.0434413812534846,1.0434413812534846,1.0450072554978003,1.0505949800956955,2.0,False,0.0,,0.0,sem_sobretensao,sem_sobretensao,True,True,False,0.0,0.0,0,0,0,0,False,,[null]
leaderless,C0_perda_0.10,2,pv3,828,-0.0,-0.0,0.0,0.0,1.0433096369965242,1.0433096369965242,1.0450072554978003,1.0505949800956955,3.0,False,0.0,,0.0,sem_sobretensao,sem_sobretensao,True,True,False,0.0,0.0,0,0,0,0,False,,[null]
leaderless,C0_perda_0.10,2,pv4,830,-0.0,-0.0,0.0,0.0,1.0401456464219774,1.0401456464219774,1.0450072554978003,1.0505949800956955,4.0,False,0.0,,0.0,sem_sobretensao,sem_sobretensao,True,True,False,0.0,0.0,0,0,0,0,False,,[null]
leaderless,C0_perda_0.10,2,pv5,850,-0.0,-0.0,0.0,0.0,1.0450072554978003,1.0450072554978003,1.0450072554978003,1.0505949800956955,5.0,False,0.0,,0.0,sem_sobretensao,sem_sobretensao,True,True,False,0.0,0.0,0,0,0,0,False,,[null]
leaderless,C0_perda_0.10,2,pv6,832,-0.0,-0.0,0.0,0.0,1.0349271785104095,1.0349271785104095,1.0450072554978003,1.0505949800956955,6.0,False,0.0,,0.0,sem_sobretensao,sem_sobretensao,True,True,False,0.0,0.0,0,0,0,0,False,,[null]
leaderless,C0_perda_0.10,3,pv2,816,-0.0,-0.0,0.0,0.0,1.0449571021647746,1.0449571021647746,1.0450071878057714,1.0505949776249717,1.0,True,0.0,,0.0,sem_sobretensao,sem_sobretensao,True,True,False,0.0,0.0,0,0,0,0,False,,[null]
leaderless,C0_perda_0.10,3,pv1,824,-0.0,-0.0,0.0,0.0,1.043441305274198,1.043441305274198,1.0450071878057714,1.0505949776249717,2.0,False,0.0,,0.0,sem_sobretensao,sem_sobretensao,True,True,False,0.0,0.0,0,0,0,0,False,,[null]
leaderless,C0_perda_0.10,3,pv3,828,-0.0,-0.0,0.0,0.0,1.043309560339792,1.043309560339792,1.0450071878057714,1.0505949776249717,3.0,False,0.0,,0.0,sem_sobretensao,sem_sobretensao,True,True,False,0.0,0.0,0,0,0,0,False,,[null]
leaderless,C0_perda_0.10,3,pv4,830,-0.0,-0.0,0.0,0.0,1.0401455535283302,1.0401455535283302,1.0450071878057714,1.0505949776249717,4.0,False,0.0,,0.0,sem_sobretensao,sem_sobretensao,True,True,False,0.0,0.0,0,0,0,0,False,,[null]
leaderless,C0_perda_0.10,3,pv5,850,-0.0,-0.0,0.0,0.0,1.0450071878057714,1.0450071878057714,1.0450071878057714,1.0505949776249717,5.0,False,0.0,,0.0,sem_sobretensao,sem_sobretensao,True,True,False,0.0,0.0,0,0,0,0,False,,[null]
leaderless,C0_perda_0.10,3,pv6,832,-0.0,-0.0,0.0,0.0,1.0349270553472671,1.0349270553472671,1.0450071878057714,1.0505949776249717,6.0,False,0.0,,0.0,sem_sobretensao,sem_sobretensao,True,True,False,0.0,0.0,0,0,0,0,False,,[null]
leaderless,C0_perda_0.10,4,pv2,816,-0.0,-0.0,0.0,0.0,1.045026523122921,1.045026523122921,1.045076338566197,1.0505970879234294,1.0,True,0.0,,0.0,sem_sobretensao,sem_sobretensao,True,True,False,0.0,0.0,0,0,0,0,False,,[null]
leaderless,C0_perda_0.10,4,pv1,824,-0.0,-0.0,0.0,0.0,1.0435194219130084,1.0435194219130084,1.045076338566197,1.0505970879234294,2.0,False,0.0,,0.0,sem_sobretensao,sem_sobretensao,True,True,False,0.0,0.0,0,0,0,0,False,,[null]
leaderless,C0_perda_0.10,4,pv3,828,-0.0,-0.0,0.0,0.0,1.0433884088314556,1.0433884088314556,1.045076338566197,1.0505970879234294,3.0,False,0.0,,0.0,sem_sobretensao,sem_sobretensao,True,True,False,0.0,0.0,0,0,0,0,False,,[null]
leaderless,C0_perda_0.10,4,pv4,830,-0.0,-0.0,0.0,0.0,1.0402420990252506,1.0402420990252506,1.045076338566197,1.0505970879234294,4.0,False,0.0,,0.0,sem_sobretensao,sem_sobretensao,True,True,False,0.0,0.0,0,0,0,0,False,,[null]
leaderless,C0_perda_0.10,4,pv5,850,-0.0,-0.0,0.0,0.0,1.045076338566197,1.045076338566197,1.045076338566197,1.0505970879234294,5.0,False,0.0,,0.0,sem_sobretensao,sem_sobretensao,True,True,False,0.0,0.0,0,0,0,0,False,,[null]
leaderless,C0_perda_0.10,4,pv6,832,-0.0,-0.0,0.0,0.0,1.035054956170032,1.035054956170032,1.045076338566197,1.0505970879234294,6.0,False,0.0,,0.0,sem_sobretensao,sem_sobretensao,True,True,False,0.0,0.0,0,0,0,0,False,,[null]
leaderless,C0_perda_0.10,5,pv2,816,-0.0,-0.0,0.0,0.0,1.046437942275659,1.046437942275659,1.0464804756969757,1.05063939179868,1.0,True,0.0,,0.0,sem_sobretensao,sem_sobretensao,True,True,False,0.0,0.0,0,0,0,0,False,,[null]
leaderless,C0_perda_0.10,5,pv1,824,-0.0,-0.0,0.0,0.0,1.0450850714048536,1.0450850714048536,1.0464804756969757,1.05063939179868,2.0,False,0.0,,0.0,sem_sobretensao,sem_sobretensao,True,True,False,0.0,0.0,0,0,0,0,False,,[null]
leaderless,C0_perda_0.10,5,pv3,828,-0.0,-0.0,0.0,0.0,1.044968726726859,1.044968726726859,1.0464804756969757,1.05063939179868,3.0,False,0.0,,0.0,sem_sobretensao,sem_sobretensao,True,True,False,0.0,0.0,0,0,0,0,False,,[null]
leaderless,C0_perda_0.10,5,pv4,830,-0.0,-0.0,0.0,0.0,1.0421771197491476,1.0421771197491476,1.0464804756969757,1.05063939179868,4.0,False,0.0,,0.0,sem_sobretensao,sem_sobretensao,True,True,False,0.0,0.0,0,0,0,0,False,,[null]
leaderless,C0_perda_0.10,5,pv5,850,-0.0,-0.0,0.0,0.0,1.0464804756969757,1.0464804756969757,1.0464804756969757,1.05063939179868,5.0,False,0.0,,0.0,sem_sobretensao,sem_sobretensao,True,True,False,0.0,0.0,0,0,0,0,False,,[null]
leaderless,C0_perda_0.10,5,pv6,832,-0.0,-0.0,0.0,0.0,1.0376184354041749,1.0376184354041749,1.0464804756969757,1.05063939179868,6.0,False,0.0,,0.0,sem_sobretensao,sem_sobretensao,True,True,False,0.0,0.0,0,0,0,0,False,,[null]
leaderless,C0_perda_0.10,6,pv2,816,15.625241782068514,15.625241782068514,0.0,0.0,1.0483407437819094,1.0483407437819094,1.0483782454548018,1.0506384889471005,1.0,True,0.0,0.0,0.0,sem_sobretensao,sem_sobretensao,True,True,False,0.0,0.0,0,0,0,0,False,0.0,[0.0]
leaderless,C0_perda_0.10,6,pv1,824,18.7503236717592,18.7503236717592,0.0,0.0,1.0471579048369506,1.0471579048369506,1.0483782454548018,1.0506384889471005,2.0,False,0.0,0.0,0.0,sem_sobretensao,sem_sobretensao,True,True,False,0.0,0.0,0,0,0,0,False,0.0,[0.0]
leaderless,C0_perda_0.10,6,pv3,828,12.500217712144039,12.500217712144039,0.0,0.0,1.0470455387298745,1.0470455387298745,1.0483782454548018,1.0506384889471005,3.0,False,0.0,0.0,0.0,sem_sobretensao,sem_sobretensao,True,True,False,0.0,0.0,0,0,0,0,False,0.0,[0.0]
leaderless,C0_perda_0.10,6,pv4,830,16.250349249231203,16.250349249231203,0.0,0.0,1.0442222095150686,1.0442222095150686,1.0483782454548018,1.0506384889471005,4.0,False,0.0,0.0,0.0,sem_sobretensao,sem_sobretensao,True,True,False,0.0,0.0,0,0,0,0,False,0.0,[0.0]
leaderless,C0_perda_0.10,6,pv5,850,11.250173385025839,11.250173385025839,0.0,0.0,1.0483782454548018,1.0483782454548018,1.0483782454548018,1.0506384889471005,5.0,False,0.0,0.0,0.0,sem_sobretensao,sem_sobretensao,True,True,False,0.0,0.0,0,0,0,0,False,0.0,[0.0]
leaderless,C0_perda_0.10,6,pv6,832,14.375428037447017,14.375428037447017,0.0,0.0,1.0393165620198634,1.0393165620198634,1.0483782454548018,1.0506384889471005,6.0,False,0.0,0.0,0.0,sem_sobretensao,sem_sobretensao,True,True,False,0.0,0.0,0,0,0,0,False,0.0,[0.0]
leaderless,C0_perda_0.10,7,pv2,816,46.87517293313687,18.635522004311284,28.239650928825583,0.6024436191999928,1.0562538666391141,1.0504706613468506,1.0504999775582753,1.0507987635540048,1.0,True,0.0,0.6024436639221973,154.0,convergiu,convergiu,True,False,False,0.005612830521449405,0.005612830521449405,1848,1637,200,11,False,0.0056128229661418045,[0.005613]
leaderless,C0_perda_0.10,7,pv1,824,56.25022149623055,22.97894444309118,33.27127705313937,0.5914869901041842,1.0558852978158424,1.0495378589846578,1.0504999775582753,1.0507987635540048,2.0,False,0.0,0.591487040728701,154.0,convergiu,convergiu,True,False,False,0.005612830521449405,0.005612830521449405,1848,1637,200,11,False,0.0056128229661418045,[0.005613]
leaderless,C0_perda_0.10,7,pv3,828,37.5001485947879,15.508612659860908,21.991535934926993,0.5864385828232769,1.0558243986090117,1.049444606886743,1.0504999775582753,1.0507987635540048,3.0,False,0.0,0.5864386344853996,154.0,convergiu,convergiu,True,False,False,0.005612830521449405,0.005612830521449405,1848,1637,200,11,False,0.0056128229661418045,[0.005613]
leaderless,C0_perda_0.10,7,pv4,830,48.75022589866941,20.165771793806115,28.584454104863298,0.5863449971347832,1.0539937130575454,1.047053106554013,1.0504999775582753,1.0507987635540048,4.0,False,0.0,0.5863450594932214,154.0,convergiu,convergiu,True,False,False,0.005612830521449405,0.005612830521449405,1848,1637,200,11,False,0.0056128229661418045,[0.005613]
leaderless,C0_perda_0.10,7,pv5,850,33.75012402307615,13.785691203268463,19.964432819807683,0.5915365306950393,1.056261646345798,1.0504999775582753,1.0504999775582753,1.0507987635540048,5.0,False,0.0,0.5915365764628686,154.0,convergiu,convergiu,True,False,False,0.005612830521449405,0.005612830521449405,1848,1637,200,11,False,0.0056128229661418045,[0.005613]
leaderless,C0_perda_0.10,7,pv6,832,43.12526281682057,17.805998628008556,25.319264188812017,0.587109710768267,1.0502737503980764,1.0428434606887191,1.0504999775582753,1.0507987635540048,6.0,False,0.0,0.5871097944691596,154.0,convergiu,convergiu,True,False,False,0.005612830521449405,0.005612830521449405,1848,1637,200,11,False,0.0056128229661418045,[0.005613]
leaderless,C0_perda_0.10,8,pv2,816,85.41699496378241,37.82535167530075,47.59164328848166,0.5571682473546645,1.060022576291255,1.0504656895211555,1.0504957528814118,1.050779849304561,1.0,True,0.0,0.5571683165470871,98.0,convergiu,convergiu,True,False,False,0.006221933660975026,0.006221933660975026,1176,1053,113,10,False,0.006221918738716584,[0.006222]
leaderless,C0_perda_0.10,8,pv1,824,102.50042154259154,46.58638000324753,55.91404153934401,0.5455005228473552,1.0599113577899781,1.0494208625091332,1.0504957528814118,1.050779849304561,2.0,False,0.0,0.5455006008547029,98.0,convergiu,convergiu,True,False,False,0.006221933660975026,0.006221933660975026,1176,1053,113,10,False,0.006221918738716584,[0.006222]
leaderless,C0_perda_0.10,8,pv3,828,68.3336153188005,31.443830366826553,36.889784951973944,0.5398482040503211,1.0598511736672525,1.049307314262744,1.0504957528814118,1.050779849304561,3.0,False,0.0,0.5398482837454164,98.0,convergiu,convergiu,True,False,False,0.006221933660975026,0.006221933660975026,1176,1053,113,10,False,0.006221918738716584,[0.006222]
leaderless,C0_perda_0.10,8,pv4,830,88.83371824268384,40.904241848772365,47.92947639391148,0.539541386414647,1.057728114884056,1.0462622402211708,1.0504957528814118,1.050779849304561,4.0,False,0.0,0.5395414865217448,98.0,convergiu,convergiu,True,False,False,0.006221933660975026,0.006221933660975026,1176,1053,113,10,False,0.006221918738716584,[0.006222]
leaderless,C0_perda_0.10,8,pv5,850,61.50023546265922,27.998141080215603,33.502094382443616,0.5447473456490814,1.0600169248596896,1.0504957528814118,1.0504957528814118,1.050779849304561,5.0,False,0.0,0.5447474165002979,98.0,convergiu,convergiu,True,False,False,0.006221933660975026,0.006221933660975026,1176,1053,113,10,False,0.006221918738716584,[0.006222]
leaderless,C0_perda_0.10,8,pv6,832,78.58368112463154,36.18439323489893,42.39928788973261,0.5395430177366429,1.052786113377919,1.0405241589755148,1.0504957528814118,1.050779849304561,6.0,False,0.0,0.5395431631980756,98.0,convergiu,convergiu,True,False,False,0.006221933660975026,0.006221933660975026,1176,1053,113,10,False,0.006221918738716584,[0.006222]
leaderless,C0_perda_0.10,9,pv2,816,109.37601257205662,44.01310545970714,65.36290711234949,0.5975981111381544,1.0634560306502827,1.050469157417661,1.0504994395928131,1.0507738072046118,1.0,True,0.0,0.5975981897245393,82.0,convergiu,convergiu,True,False,False,0.006756994631224243,0.006756994631224243,984,864,109,11,False,0.00675697630501216,[0.006757]
leaderless,C0_perda_0.10,9,pv1,824,131.25131010262407,54.442043805934254,76.80926629668983,0.5852075271225542,1.0636450081034519,1.0493890718753298,1.0504994395928131,1.0507738072046118,2.0,False,0.0,0.5852076161116673,82.0,convergiu,convergiu,True,False,False,0.006756994631224243,0.006756994631224243,984,864,109,11,False,0.00675697630501216,[0.006757]
leaderless,C0_perda_0.10,9,pv3,828,87.50087667569719,36.844193096348434,50.65668357934875,0.5789276350572797,1.063597231240585,1.0492689344761523,1.0504994395928131,1.0507738072046118,3.0,False,0.0,0.5789277262569225,82.0,convergiu,convergiu,True,False,False,0.006756994631224243,0.006756994631224243,984,864,109,11,False,0.00675697630501216,[0.006757]
leaderless,C0_perda_0.10,9,pv4,830,113.75120208324552,47.97313196397448,65.77807011927104,0.5782625208921728,1.0615841258973535,1.0460093525998029,1.0504994395928131,1.0507738072046118,4.0,False,0.0,0.5782626373577421,82.0,convergiu,convergiu,True,False,False,0.006756994631224243,0.006756994631224243,984,864,109,11,False,0.00675697630501216,[0.006757]
leaderless,C0_perda_0.10,9,pv5,850,78.75072622005658,32.77374205437029,45.97698416568629,0.5838292546288799,1.06343770810683,1.0504994395928131,1.0504994395928131,1.0507738072046118,5.0,False,0.0,0.5838293355823895,82.0,convergiu,convergiu,True,False,False,0.006756994631224243,0.006756994631224243,984,864,109,11,False,0.00675697630501216,[0.006757]
leaderless,C0_perda_0.10,9,pv6,832,100.62608213988128,42.4052985152669,58.22078362461438,0.5785852424402838,1.056404228186105,1.039764746725019,1.0504994395928131,1.0507738072046118,6.0,False,0.0,0.5785854162907894,82.0,convergiu,convergiu,True,False,False,0.006756994631224243,0.006756994631224243,984,864,109,11,False,0.00675697630501216,[0.006757]
leaderless,C0_perda_0.10,10,pv2,816,122.91832311993073,50.32900308822464,72.5893200317061,0.5905491400668181,1.064798881524647,1.050468770059873,1.0504992849469652,1.050766157949028,1.0,True,0.0,0.5905492215418615,75.0,convergiu,convergiu,True,False,False,0.007082640458827953,0.007082640458827953,900,794,94,12,False,0.007082619445286571,[0.007083]
leaderless,C0_perda_0.10,10,pv1,824,147.50215457423332,62.29183459624299,85.21031997799032,0.5776885538437052,1.065083180326261,1.049352318585568,1.0504992849469652,1.050766157949028,2.0,False,0.0,0.5776886461350406,75.0,convergiu,convergiu,True,False,False,0.007082640458827953,0.007082640458827953,900,794,94,12,False,0.007082619445286571,[0.007083]
leaderless,C0_perda_0.10,10,pv3,828,98.33477535065154,42.16450938434516,56.17026596630638,0.5712145724492419,1.0650361538406583,1.0492255031908866,1.0504992849469652,1.050766157949028,3.0,False,0.0,0.571214667100312,75.0,convergiu,convergiu,True,False,False,0.007082640458827953,0.007082640458827953,900,794,94,12,False,0.007082619445286571,[0.007083]
leaderless,C0_perda_0.10,10,pv4,830,127.83531173995848,54.90505176767632,72.93025997228216,0.5705015558850606,1.062933665847107,1.0457500758837153,1.0504992849469652,1.050766157949028,4.0,False,0.0,0.5705016789151051,75.0,convergiu,convergiu,True,False,False,0.007082640458827953,0.007082640458827953,900,794,94,12,False,0.007082619445286571,[0.007083]
leaderless,C0_perda_0.10,10,pv5,850,88.5011880119973,37.55573163771877,50.94545637427853,0.5756470627693344,1.0647757078549662,1.0504992849469652,1.0504992849469652,1.050766157949028,5.0,False,0.0,0.5756471468764048,75.0,convergiu,convergiu,True,False,False,0.007082640458827953,0.007082640458827953,900,794,94,12,False,0.007082619445286571,[0.007083]
leaderless,C0_perda_0.10,10,pv6,832,113.08509731642854,48.5996561180782,64.48544119835034,0.5702380002118955,1.0573508142476418,1.0389989947991993,1.0504992849469652,1.050766157949028,6.0,False,0.0,0.5702381898996886,75.0,convergiu,convergiu,True,False,False,0.007082640458827953,0.007082640458827953,900,794,94,12,False,0.007082619445286571,[0.007083]
leaderless,C0_perda_0.10,11,pv2,816,125.00095719050634,70.05259282889487,54.94836436161147,0.4395834710657496,1.0612357746025405,1.0504603738814804,1.0504915703438764,1.0507393108864749,1.0,True,0.0,0.43958354877129474,73.0,convergiu,convergiu,True,False,False,0.00687828348396911,0.00687828348396911,876,777,87,12,False,0.006878257781516781,[0.006878]
leaderless,C0_perda_0.10,11,pv1,824,150.00123558650643,85.95910978985285,64.04212579665358,0.42694390166762974,1.061059779492582,1.0492314287430822,1.0504915703438764,1.0507393108864749,2.0,False,0.0,0.42694398846948284,73.0,convergiu,convergiu,True,False,False,0.00687828348396911,0.00687828348396911,876,777,87,12,False,0.006878257781516781,[0.006878]
leaderless,C0_perda_0.10,11,pv3,828,100.00082611012749,57.937259322707945,42.063566787419546,0.4206321041243239,1.0609725999579778,1.0490842481055864,1.0504915703438764,1.0507393108864749,3.0,False,0.0,0.4206321929890497,73.0,convergiu,convergiu,True,False,False,0.00687828348396911,0.00687828348396911,876,777,87,12,False,0.006878257781516781,[0.006878]
leaderless,C0_perda_0.10,11,pv4,830,130.0010987949759,75.39444197382997,54.60665682114592,0.4200475304177191,1.0578779557847011,1.0449551474234395,1.0504915703438764,1.0507393108864749,4.0,False,0.0,0.42004765596070703,73.0,convergiu,convergiu,True,False,False,0.00687828348396911,0.00687828348396911,876,777,87,12,False,0.006878257781516781,[0.006878]
leaderless,C0_perda_0.10,11,pv5,850,90.00068648819114,51.73429268447008,38.26639380372106,0.42517883087229025,1.0612265545659547,1.0504915703438764,1.0504915703438764,1.0507393108864749,5.0,False,0.0,0.4251789102602227,73.0,convergiu,convergiu,True,False,False,0.00687828348396911,0.00687828348396911,876,777,87,12,False,0.006878257781516781,[0.006878]
leaderless,C0_perda_0.10,11,pv6,832,115.00090910712869,66.6975086216897,48.303400485438985,0.420026029004474,1.0504893447141683,1.036678659494627,1.0504915703438764,1.0507393108864749,6.0,False,0.0,0.4200262490137545,73.0,convergiu,convergiu,True,False,False,0.00687828348396911,0.00687828348396911,876,777,87,12,False,0.006878257781516781,[0.006878]
leaderless,C0_perda_0.10,12,pv2,816,114.58396809205522,73.54154459544273,41.042423496612486,0.35818636169526175,1.0584759981986693,1.0504593697490066,1.0504906727952903,1.0507347916271879,1.0,True,0.0,0.35818643899327657,76.0,convergiu,convergiu,True,False,False,0.0066312649447931435,0.0066312649447931435,912,809,92,11,False,0.0066312376557437075,[0.006631]
leaderless,C0_perda_0.10,12,pv1,824,137.50081210733967,89.92646762132209,47.57434448601758,0.3459931032824445,1.0580095023428997,1.049210876316209,1.0504906727952903,1.0507347916271879,2.0,False,0.0,0.34599318910843074,76.0,convergiu,convergiu,True,False,False,0.0066312649447931435,0.0066312649447931435,912,809,92,11,False,0.0066312376557437075,[0.006631]
leaderless,C0_perda_0.10,12,pv3,828,91.66721009252178,60.51577153698184,31.151438555539947,0.3398317727284852,1.0579033717088433,1.0490602258047763,1.0504906727952903,1.0507347916271879,3.0,False,0.0,0.3398318605322241,76.0,convergiu,convergiu,True,False,False,0.0066312649447931435,0.0066312649447931435,912,809,92,11,False,0.0066312376557437075,[0.006631]
leaderless,C0_perda_0.10,12,pv4,830,119.16742118569732,78.73359940365359,40.43382178204374,0.33930252225623536,1.0544313945453903,1.044820856464753,1.0504906727952903,1.0507347916271879,4.0,False,0.0,0.33930264983276043,76.0,convergiu,convergiu,True,False,False,0.0066312649447931435,0.0066312649447931435,912,809,92,11,False,0.0066312376557437075,[0.006631]
leaderless,C0_perda_0.10,12,pv5,850,82.50045523221813,54.083751063017004,28.416704169201125,0.34444291975607916,1.058477234909297,1.0504906727952903,1.0504906727952903,1.0507347916271879,5.0,False,0.0,0.34444299839576903,76.0,convergiu,convergiu,True,False,False,0.0066312649447931435,0.0066312649447931435,912,809,92,11,False,0.0066312376557437075,[0.006631]
leaderless,C0_perda_0.10,12,pv6,832,105.41738693195731,69.63334170467456,35.784045227282746,0.33945084230804373,1.046558038134264,1.0362890724819112,1.0504906727952903,1.0507347916271879,6.0,False,0.0,0.3394510741418767,76.0,convergiu,convergiu,True,False,False,0.0066312649447931435,0.0066312649447931435,912,809,92,11,False,0.0066312376557437075,[0.006631]
leaderless,C0_perda_0.10,13,pv2,816,91.66698477163297,67.3630841624822,24.303900609150773,0.26513246161827353,1.0551908300615411,1.050468175532036,1.0504992302847032,1.050746217068633,1.0,True,0.0,0.2651325411182478,83.0,convergiu,convergiu,True,False,False,0.006360458942896115,0.006360458942896115,996,882,103,11,False,0.0063604349345176454,[0.00636]
leaderless,C0_perda_0.10,13,pv1,824,110.00040493678473,82.14172585697844,27.858679079806294,0.25325969839449686,1.0544374799461147,1.049255826504221,1.0504992302847032,1.050746217068633,2.0,False,0.0,0.2532597865963873,83.0,convergiu,convergiu,True,False,False,0.006360458942896115,0.006360458942896115,996,882,103,11,False,0.0063604349345176454,[0.00636]
leaderless,C0_perda_0.10,13,pv3,828,73.3336047782177,55.19737690193787,18.136227876279833,0.24731119288103734,1.0543195761148016,1.0491118096848744,1.0504992302847032,1.050746217068633,3.0,False,0.0,0.24731128288496246,83.0,convergiu,convergiu,True,False,False,0.006360458942896115,0.006360458942896115,996,882,103,11,False,0.0063604349345176454,[0.00636]
leaderless,C0_perda_0.10,13,pv4,830,95.33373764009752,71.7950230759648,23.538714564132718,0.2469084199839832,1.0507455019762433,1.0450872182324322,1.0504992302847032,1.050746217068633,4.0,False,0.0,0.24690854619584637,83.0,convergiu,convergiu,True,False,False,0.006360458942896115,0.006360458942896115,996,882,103,11,False,0.0063604349345176454,[0.00636]
leaderless,C0_perda_0.10,13,pv5,850,66.00022812948723,49.35847402325095,16.641754106236277,0.25214683735860766,1.0552041870469242,1.0504992302847032,1.0504992302847032,1.050746217068633,5.0,False,0.0,0.2521469179407452,83.0,convergiu,convergiu,True,False,False,0.006360458942896115,0.006360458942896115,996,882,103,11,False,0.0063604349345176454,[0.00636]
leaderless,C0_perda_0.10,13,pv6,832,84.33378977629002,63.46591125042305,20.86787852586697,0.2474436421575269,1.0431065535772612,1.0370604605131364,1.0504992302847032,1.050746217068633,6.0,False,0.0,0.24744386065446167,83.0,convergiu,convergiu,True,False,False,0.006360458942896115,0.006360458942896115,996,882,103,11,False,0.0063604349345176454,[0.00636]
leaderless,C0_perda_0.10,14,pv2,816,62.50020217129084,51.332631682621496,11.167570488669341,0.17868046986442085,1.052613622642819,1.0504627982436094,1.0504933245976469,1.0507639785119747,1.0,True,0.0,0.17868054983347093,94.0,convergiu,convergiu,True,False,False,0.005771987963689898,0.005771987963689898,1128,1024,93,11,False,0.00577196971627562,[0.005772]
leaderless,C0_perda_0.10,14,pv1,824,75.00025995208574,62.420540441647496,12.579719510438245,0.167728923208018,1.0516996381427226,1.0493408087635654,1.0504933245976469,1.0507639785119747,2.0,False,0.0,0.16772901211908942,94.0,convergiu,convergiu,True,False,False,0.005771987963689898,0.005771987963689898,1128,1024,93,11,False,0.00577196971627562,[0.005772]
leaderless,C0_perda_0.10,14,pv3,828,50.000174461375934,41.88288298280136,8.117291478574572,0.1623451727140094,1.0515841347760957,1.049213483726045,1.0504933245976469,1.0507639785119747,3.0,False,0.0,0.16234526311193187,94.0,convergiu,convergiu,True,False,False,0.005771987963689898,0.005771987963689898,1128,1024,93,11,False,0.00577196971627562,[0.005772]
leaderless,C0_perda_0.10,14,pv4,830,65.00026930678267,54.45827267586073,10.541996630921943,0.1621837737821544,1.048303567377252,1.045728593865909,1.0504933245976469,1.0507639785119747,4.0,False,0.0,0.16218389159538302,94.0,convergiu,convergiu,True,False,False,0.005771987963689898,0.005771987963689898,1128,1024,93,11,False,0.00577196971627562,[0.005772]
leaderless,C0_perda_0.10,14,pv5,850,45.0001449855624,37.474862866785216,7.525282118777184,0.16722787197433514,1.0526360952792464,1.0504933245976469,1.0504933245976469,1.0507639785119747,5.0,False,0.0,0.16722795273640906,94.0,convergiu,convergiu,True,False,False,0.005771987963689898,0.005771987963689898,1128,1024,93,11,False,0.00577196971627562,[0.005772]
leaderless,C0_perda_0.10,14,pv6,832,57.50032243779496,48.143179939319964,9.357142498475,0.16273181805262743,1.0417206371140577,1.038968735358974,1.0504933245976469,1.0507639785119747,6.0,False,0.0,0.16273200047874078,94.0,convergiu,convergiu,True,False,False,0.005771987963689898,0.005771987963689898,1128,1024,93,11,False,0.00577196971627562,[0.005772]
leaderless,C0_perda_0.10,15,pv2,816,28.12494778589599,28.12494778589599,0.0,0.0,1.038637024193607,1.038637024193607,1.038712758298965,1.0502955100128528,1.0,True,0.0,0.0,0.0,sem_sobretensao,sem_sobretensao,True,True,False,0.0,0.0,0,0,0,0,False,0.0,[0.0]
leaderless,C0_perda_0.10,15,pv1,824,33.749932675765606,33.749932675765606,0.0,0.0,1.0361657626065401,1.0361657626065401,1.038712758298965,1.0502955100128528,2.0,False,0.0,0.0,0.0,sem_sobretensao,sem_sobretensao,True,True,False,0.0,0.0,0,0,0,0,False,0.0,[0.0]
leaderless,C0_perda_0.10,15,pv3,828,22.499954847528368,22.499954847528368,0.0,0.0,1.0359378482524764,1.0359378482524764,1.038712758298965,1.0502955100128528,3.0,False,0.0,0.0,0.0,sem_sobretensao,sem_sobretensao,True,True,False,0.0,0.0,0,0,0,0,False,0.0,[0.0]
leaderless,C0_perda_0.10,15,pv4,830,29.249932370857778,29.249932370857778,0.0,0.0,1.0302157541035761,1.0302157541035761,1.038712758298965,1.0502955100128528,4.0,False,0.0,0.0,0.0,sem_sobretensao,sem_sobretensao,True,True,False,0.0,0.0,0,0,0,0,False,0.0,[0.0]
leaderless,C0_perda_0.10,15,pv5,850,20.24996255747171,20.24996255747171,0.0,0.0,1.038712758298965,1.038712758298965,1.038712758298965,1.0502955100128528,5.0,False,0.0,0.0,0.0,sem_sobretensao,sem_sobretensao,True,True,False,0.0,0.0,0,0,0,0,False,0.0,[0.0]
leaderless,C0_perda_0.10,15,pv6,832,25.874924511359197,25.874924511359197,0.0,0.0,1.0199321297180182,1.0199321297180182,1.038712758298965,1.0502955100128528,6.0,False,0.0,0.0,0.0,sem_sobretensao,sem_sobretensao,True,True,False,0.0,0.0,0,0,0,0,False,0.0,[0.0]
leaderless,C0_perda_0.10,16,pv2,816,3.1250322945970255,3.1250322945970255,0.0,0.0,1.0394703803118917,1.0394703803118917,1.0395419414769735,1.0504162382879947,1.0,True,0.0,0.0,0.0,sem_sobretensao,sem_sobretensao,True,True,False,0.0,0.0,0,0,0,0,False,0.0,[0.0]
leaderless,C0_perda_0.10,16,pv1,824,3.7500421409597378,3.7500421409597378,0.0,0.0,1.0372492372289936,1.0372492372289936,1.0395419414769735,1.0504162382879947,2.0,False,0.0,0.0,0.0,sem_sobretensao,sem_sobretensao,True,True,False,0.0,0.0,0,0,0,0,False,0.0,[0.0]
leaderless,C0_perda_0.10,16,pv3,828,2.5000282767912827,2.5000282767912827,0.0,0.0,1.037056377956066,1.037056377956066,1.0395419414769735,1.0504162382879947,3.0,False,0.0,0.0,0.0,sem_sobretensao,sem_sobretensao,True,True,False,0.0,0.0,0,0,0,0,False,0.0,[0.0]
leaderless,C0_perda_0.10,16,pv4,830,3.2500425487404208,3.2500425487404208,0.0,0.0,1.0323888508528596,1.0323888508528596,1.0395419414769735,1.0504162382879947,4.0,False,0.0,0.0,0.0,sem_sobretensao,sem_sobretensao,True,True,False,0.0,0.0,0,0,0,0,False,0.0,[0.0]
leaderless,C0_perda_0.10,16,pv5,850,2.2500231591710587,2.2500231591710587,0.0,0.0,1.0395419414769735,1.0395419414769735,1.0395419414769735,1.0504162382879947,5.0,False,0.0,0.0,0.0,sem_sobretensao,sem_sobretensao,True,True,False,0.0,0.0,0,0,0,0,False,0.0,[0.0]
leaderless,C0_perda_0.10,16,pv6,832,2.875047132931897,2.875047132931897,0.0,0.0,1.0244469035472508,1.0244469035472508,1.0395419414769735,1.0504162382879947,6.0,False,0.0,0.0,0.0,sem_sobretensao,sem_sobretensao,True,True,False,0.0,0.0,0,0,0,0,False,0.0,[0.0]
leaderless,C0_perda_0.10,17,pv2,816,-0.0,-0.0,0.0,0.0,1.0319530456641133,1.0319530456641133,1.0320537436109638,1.0501995250985579,1.0,True,0.0,,0.0,sem_sobretensao,sem_sobretensao,True,True,False,0.0,0.0,0,0,0,0,False,,[null]
leaderless,C0_perda_0.10,17,pv1,824,-0.0,-0.0,0.0,0.0,1.0288097422283975,1.0288097422283975,1.0320537436109638,1.0501995250985579,2.0,False,0.0,,0.0,sem_sobretensao,sem_sobretensao,True,True,False,0.0,0.0,0,0,0,0,False,,[null]
leaderless,C0_perda_0.10,17,pv3,828,-0.0,-0.0,0.0,0.0,1.0285410077167667,1.0285410077167667,1.0320537436109638,1.0501995250985579,3.0,False,0.0,,0.0,sem_sobretensao,sem_sobretensao,True,True,False,0.0,0.0,0,0,0,0,False,,[null]
leaderless,C0_perda_0.10,17,pv4,830,-0.0,-0.0,0.0,0.0,1.0220651174905713,1.0220651174905713,1.0320537436109638,1.0501995250985579,4.0,False,0.0,,0.0,sem_sobretensao,sem_sobretensao,True,True,False,0.0,0.0,0,0,0,0,False,,[null]
leaderless,C0_perda_0.10,17,pv5,850,-0.0,-0.0,0.0,0.0,1.0320537436109638,1.0320537436109638,1.0320537436109638,1.0501995250985579,5.0,False,0.0,,0.0,sem_sobretensao,sem_sobretensao,True,True,False,0.0,0.0,0,0,0,0,False,,[null]
leaderless,C0_perda_0.10,17,pv6,832,-0.0,-0.0,0.0,0.0,1.0109757984235852,1.0109757984235852,1.0320537436109638,1.0501995250985579,6.0,False,0.0,,0.0,sem_sobretensao,sem_sobretensao,True,True,False,0.0,0.0,0,0,0,0,False,,[null]
leaderless,C0_perda_0.10,18,pv2,816,-0.0,-0.0,0.0,0.0,1.0353684495010183,1.0353684495010183,1.0354558554930642,1.0503034017860868,1.0,True,0.0,,0.0,sem_sobretensao,sem_sobretensao,True,True,False,0.0,0.0,0,0,0,0,False,,[null]
leaderless,C0_perda_0.10,18,pv1,824,-0.0,-0.0,0.0,0.0,1.0326523500430973,1.0326523500430973,1.0354558554930642,1.0503034017860868,2.0,False,0.0,,0.0,sem_sobretensao,sem_sobretensao,True,True,False,0.0,0.0,0,0,0,0,False,,[null]
leaderless,C0_perda_0.10,18,pv3,828,-0.0,-0.0,0.0,0.0,1.0324195763808064,1.0324195763808064,1.0354558554930642,1.0503034017860868,3.0,False,0.0,,0.0,sem_sobretensao,sem_sobretensao,True,True,False,0.0,0.0,0,0,0,0,False,,[null]
leaderless,C0_perda_0.10,18,pv4,830,-0.0,-0.0,0.0,0.0,1.02681295674242,1.02681295674242,1.0354558554930642,1.0503034017860868,4.0,False,0.0,,0.0,sem_sobretensao,sem_sobretensao,True,True,False,0.0,0.0,0,0,0,0,False,,[null]
leaderless,C0_perda_0.10,18,pv5,850,-0.0,-0.0,0.0,0.0,1.0354558554930642,1.0354558554930642,1.0354558554930642,1.0503034017860868,5.0,False,0.0,,0.0,sem_sobretensao,sem_sobretensao,True,True,False,0.0,0.0,0,0,0,0,False,,[null]
leaderless,C0_perda_0.10,18,pv6,832,-0.0,-0.0,0.0,0.0,1.017265056101975,1.017265056101975,1.0354558554930642,1.0503034017860868,6.0,False,0.0,,0.0,sem_sobretensao,sem_sobretensao,True,True,False,0.0,0.0,0,0,0,0,False,,[null]
leaderless,C0_perda_0.10,19,pv2,816,-0.0,-0.0,0.0,0.0,1.012463803494029,1.012463803494029,1.0126403397694483,1.0496066048479267,1.0,True,0.0,,0.0,sem_sobretensao,sem_sobretensao,True,True,False,0.0,0.0,0,0,0,0,False,,[null]
leaderless,C0_perda_0.10,19,pv1,824,-0.0,-0.0,0.0,0.0,1.0068862241138112,1.0068862241138112,1.0126403397694483,1.0496066048479267,2.0,False,0.0,,0.0,sem_sobretensao,sem_sobretensao,True,True,False,0.0,0.0,0,0,0,0,False,,[null]
leaderless,C0_perda_0.10,19,pv3,828,-0.0,-0.0,0.0,0.0,1.00641255022254,1.00641255022254,1.0126403397694483,1.0496066048479267,3.0,False,0.0,,0.0,sem_sobretensao,sem_sobretensao,True,True,False,0.0,0.0,0,0,0,0,False,,[null]
leaderless,C0_perda_0.10,19,pv4,830,-0.0,-0.0,0.0,0.0,0.9949844738133675,0.9949844738133675,1.0126403397694483,1.0496066048479267,4.0,False,0.0,,0.0,sem_sobretensao,sem_sobretensao,True,True,False,0.0,0.0,0,0,0,0,False,,[null]
leaderless,C0_perda_0.10,19,pv5,850,-0.0,-0.0,0.0,0.0,1.0126403397694483,1.0126403397694483,1.0126403397694483,1.0496066048479267,5.0,False,0.0,,0.0,sem_sobretensao,sem_sobretensao,True,True,False,0.0,0.0,0,0,0,0,False,,[null]
leaderless,C0_perda_0.10,19,pv6,832,-0.0,-0.0,0.0,0.0,0.9751062275735913,0.9751062275735913,1.0126403397694483,1.0496066048479267,6.0,False,0.0,,0.0,sem_sobretensao,sem_sobretensao,True,True,False,0.0,0.0,0,0,0,0,False,,[null]
leaderless,C0_perda_0.10,20,pv2,816,-0.0,-0.0,0.0,0.0,1.0078351504741658,1.0078351504741658,1.008029696164423,1.0494657402550034,1.0,True,0.0,,0.0,sem_sobretensao,sem_sobretensao,True,True,False,0.0,0.0,0,0,0,0,False,,[null]
leaderless,C0_perda_0.10,20,pv1,824,-0.0,-0.0,0.0,0.0,1.0016803252824402,1.0016803252824402,1.008029696164423,1.0494657402550034,2.0,False,0.0,,0.0,sem_sobretensao,sem_sobretensao,True,True,False,0.0,0.0,0,0,0,0,False,,[null]
leaderless,C0_perda_0.10,20,pv3,828,-0.0,-0.0,0.0,0.0,1.001158047785484,1.001158047785484,1.008029696164423,1.0494657402550034,3.0,False,0.0,,0.0,sem_sobretensao,sem_sobretensao,True,True,False,0.0,0.0,0,0,0,0,False,,[null]
leaderless,C0_perda_0.10,20,pv4,830,-0.0,-0.0,0.0,0.0,0.9885559519361026,0.9885559519361026,1.008029696164423,1.0494657402550034,4.0,False,0.0,,0.0,sem_sobretensao,sem_sobretensao,True,True,False,0.0,0.0,0,0,0,0,False,,[null]
leaderless,C0_perda_0.10,20,pv5,850,-0.0,-0.0,0.0,0.0,1.008029696164423,1.008029696164423,1.008029696164423,1.0494657402550034,5.0,False,0.0,,0.0,sem_sobretensao,sem_sobretensao,True,True,False,0.0,0.0,0,0,0,0,False,,[null]
leaderless,C0_perda_0.10,20,pv6,832,-0.0,-0.0,0.0,0.0,0.9665920784800833,0.9665920784800833,1.008029696164423,1.0494657402550034,6.0,False,0.0,,0.0,sem_sobretensao,sem_sobretensao,True,True,False,0.0,0.0,0,0,0,0,False,,[null]
leaderless,C0_perda_0.10,21,pv2,816,-0.0,-0.0,0.0,0.0,1.0061895964378376,1.0061895964378376,1.0063905442901249,1.0494156571369113,1.0,True,0.0,,0.0,sem_sobretensao,sem_sobretensao,True,True,False,0.0,0.0,0,0,0,0,False,,[null]
leaderless,C0_perda_0.10,21,pv1,824,-0.0,-0.0,0.0,0.0,0.9998296239446811,0.9998296239446811,1.0063905442901249,1.0494156571369113,2.0,False,0.0,,0.0,sem_sobretensao,sem_sobretensao,True,True,False,0.0,0.0,0,0,0,0,False,,[null]
leaderless,C0_perda_0.10,21,pv3,828,-0.0,-0.0,0.0,0.0,0.9992900728255066,0.9992900728255066,1.0063905442901249,1.0494156571369113,3.0,False,0.0,,0.0,sem_sobretensao,sem_sobretensao,True,True,False,0.0,0.0,0,0,0,0,False,,[null]
leaderless,C0_perda_0.10,21,pv4,830,-0.0,-0.0,0.0,0.0,0.9862707730472379,0.9862707730472379,1.0063905442901249,1.0494156571369113,4.0,False,0.0,,0.0,sem_sobretensao,sem_sobretensao,True,True,False,0.0,0.0,0,0,0,0,False,,[null]
leaderless,C0_perda_0.10,21,pv5,850,-0.0,-0.0,0.0,0.0,1.0063905442901249,1.0063905442901249,1.0063905442901249,1.0494156571369113,5.0,False,0.0,,0.0,sem_sobretensao,sem_sobretensao,True,True,False,0.0,0.0,0,0,0,0,False,,[null]
leaderless,C0_perda_0.10,21,pv6,832,-0.0,-0.0,0.0,0.0,0.9635655636096437,0.9635655636096437,1.0063905442901249,1.0494156571369113,6.0,False,0.0,,0.0,sem_sobretensao,sem_sobretensao,True,True,False,0.0,0.0,0,0,0,0,False,,[null]
leaderless,C0_perda_0.10,22,pv2,816,-0.0,-0.0,0.0,0.0,1.0058618084193778,1.0058618084193778,1.0060640314884584,1.049405687339917,1.0,True,0.0,,0.0,sem_sobretensao,sem_sobretensao,True,True,False,0.0,0.0,0,0,0,0,False,,[null]
leaderless,C0_perda_0.10,22,pv1,824,-0.0,-0.0,0.0,0.0,0.9994609737243801,0.9994609737243801,1.0060640314884584,1.049405687339917,2.0,False,0.0,,0.0,sem_sobretensao,sem_sobretensao,True,True,False,0.0,0.0,0,0,0,0,False,,[null]
leaderless,C0_perda_0.10,22,pv3,828,-0.0,-0.0,0.0,0.0,0.9989179819308516,0.9989179819308516,1.0060640314884584,1.049405687339917,3.0,False,0.0,,0.0,sem_sobretensao,sem_sobretensao,True,True,False,0.0,0.0,0,0,0,0,False,,[null]
leaderless,C0_perda_0.10,22,pv4,830,-0.0,-0.0,0.0,0.0,0.9858155814373922,0.9858155814373922,1.0060640314884584,1.049405687339917,4.0,False,0.0,,0.0,sem_sobretensao,sem_sobretensao,True,True,False,0.0,0.0,0,0,0,0,False,,[null]
leaderless,C0_perda_0.10,22,pv5,850,-0.0,-0.0,0.0,0.0,1.0060640314884584,1.0060640314884584,1.0060640314884584,1.049405687339917,5.0,False,0.0,,0.0,sem_sobretensao,sem_sobretensao,True,True,False,0.0,0.0,0,0,0,0,False,,[null]
leaderless,C0_perda_0.10,22,pv6,832,-0.0,-0.0,0.0,0.0,0.9629627164790306,0.9629627164790306,1.0060640314884584,1.049405687339917,6.0,False,0.0,,0.0,sem_sobretensao,sem_sobretensao,True,True,False,0.0,0.0,0,0,0,0,False,,[null]
leaderless,C0_perda_0.10,23,pv2,816,-0.0,-0.0,0.0,0.0,1.0157857990852877,1.0157857990852877,1.0159494099998212,1.049707699932122,1.0,True,0.0,,0.0,sem_sobretensao,sem_sobretensao,True,True,False,0.0,0.0,0,0,0,0,False,,[null]
leaderless,C0_perda_0.10,23,pv1,824,-0.0,-0.0,0.0,0.0,1.0106227444912799,1.0106227444912799,1.0159494099998212,1.049707699932122,2.0,False,0.0,,0.0,sem_sobretensao,sem_sobretensao,True,True,False,0.0,0.0,0,0,0,0,False,,[null]
leaderless,C0_perda_0.10,23,pv3,828,-0.0,-0.0,0.0,0.0,1.010183972127752,1.010183972127752,1.0159494099998212,1.049707699932122,3.0,False,0.0,,0.0,sem_sobretensao,sem_sobretensao,True,True,False,0.0,0.0,0,0,0,0,False,,[null]
leaderless,C0_perda_0.10,23,pv4,830,-0.0,-0.0,0.0,0.0,0.9995990501550603,0.9995990501550603,1.0159494099998212,1.049707699932122,4.0,False,0.0,,0.0,sem_sobretensao,sem_sobretensao,True,True,False,0.0,0.0,0,0,0,0,False,,[null]
leaderless,C0_perda_0.10,23,pv5,850,-0.0,-0.0,0.0,0.0,1.0159494099998212,1.0159494099998212,1.0159494099998212,1.049707699932122,5.0,False,0.0,,0.0,sem_sobretensao,sem_sobretensao,True,True,False,0.0,0.0,0,0,0,0,False,,[null]
leaderless,C0_perda_0.10,23,pv6,832,-0.0,-0.0,0.0,0.0,0.9812181271943429,0.9812181271943429,1.0159494099998212,1.049707699932122,6.0,False,0.0,,0.0,sem_sobretensao,sem_sobretensao,True,True,False,0.0,0.0,0,0,0,0,False,,[null]
leaderless,C0_perda_0.20,0,pv2,816,-0.0,-0.0,0.0,0.0,1.0450262948633384,1.0450262948633384,1.0450761113146871,1.0505970659065016,1.0,True,0.0,,0.0,sem_sobretensao,sem_sobretensao,True,True,False,0.0,0.0,0,0,0,0,False,,[null]
leaderless,C0_perda_0.20,0,pv1,824,-0.0,-0.0,0.0,0.0,1.0435191673339028,1.0435191673339028,1.0450761113146871,1.0505970659065016,2.0,False,0.0,,0.0,sem_sobretensao,sem_sobretensao,True,True,False,0.0,0.0,0,0,0,0,False,,[null]
leaderless,C0_perda_0.20,0,pv3,828,-0.0,-0.0,0.0,0.0,1.043388151795147,1.043388151795147,1.0450761113146871,1.0505970659065016,3.0,False,0.0,,0.0,sem_sobretensao,sem_sobretensao,True,True,False,0.0,0.0,0,0,0,0,False,,[null]
leaderless,C0_perda_0.20,0,pv4,830,-0.0,-0.0,0.0,0.0,1.0402417834114017,1.0402417834114017,1.0450761113146871,1.0505970659065016,4.0,False,0.0,,0.0,sem_sobretensao,sem_sobretensao,True,True,False,0.0,0.0,0,0,0,0,False,,[null]
leaderless,C0_perda_0.20,0,pv5,850,-0.0,-0.0,0.0,0.0,1.0450761113146871,1.0450761113146871,1.0450761113146871,1.0505970659065016,5.0,False,0.0,,0.0,sem_sobretensao,sem_sobretensao,True,True,False,0.0,0.0,0,0,0,0,False,,[null]
leaderless,C0_perda_0.20,0,pv6,832,-0.0,-0.0,0.0,0.0,1.0350545283587615,1.0350545283587615,1.0450761113146871,1.0505970659065016,6.0,False,0.0,,0.0,sem_sobretensao,sem_sobretensao,True,True,False,0.0,0.0,0,0,0,0,False,,[null]
leaderless,C0_perda_0.20,1,pv2,816,-0.0,-0.0,0.0,0.0,1.0450265903941263,1.0450265903941263,1.0450764055625157,1.0505970903489994,1.0,True,0.0,,0.0,sem_sobretensao,sem_sobretensao,True,True,False,0.0,0.0,0,0,0,0,False,,[null]
leaderless,C0_perda_0.20,1,pv1,824,-0.0,-0.0,0.0,0.0,1.043519497117978,1.043519497117978,1.0450764055625157,1.0505970903489994,2.0,False,0.0,,0.0,sem_sobretensao,sem_sobretensao,True,True,False,0.0,0.0,0,0,0,0,False,,[null]
leaderless,C0_perda_0.20,1,pv3,828,-0.0,-0.0,0.0,0.0,1.0433884847070511,1.0433884847070511,1.0450764055625157,1.0505970903489994,3.0,False,0.0,,0.0,sem_sobretensao,sem_sobretensao,True,True,False,0.0,0.0,0,0,0,0,False,,[null]
leaderless,C0_perda_0.20,1,pv4,830,-0.0,-0.0,0.0,0.0,1.0402421909746427,1.0402421909746427,1.0450764055625157,1.0505970903489994,4.0,False,0.0,,0.0,sem_sobretensao,sem_sobretensao,True,True,False,0.0,0.0,0,0,0,0,False,,[null]
leaderless,C0_perda_0.20,1,pv5,850,-0.0,-0.0,0.0,0.0,1.0450764055625157,1.0450764055625157,1.0450764055625157,1.0505970903489994,5.0,False,0.0,,0.0,sem_sobretensao,sem_sobretensao,True,True,False,0.0,0.0,0,0,0,0,False,,[null]
leaderless,C0_perda_0.20,1,pv6,832,-0.0,-0.0,0.0,0.0,1.0350550780786294,1.0350550780786294,1.0450764055625157,1.0505970903489994,6.0,False,0.0,,0.0,sem_sobretensao,sem_sobretensao,True,True,False,0.0,0.0,0,0,0,0,False,,[null]
leaderless,C0_perda_0.20,2,pv2,816,-0.0,-0.0,0.0,0.0,1.0449571701348623,1.0449571701348623,1.0450072554978003,1.0505949800956955,1.0,True,0.0,,0.0,sem_sobretensao,sem_sobretensao,True,True,False,0.0,0.0,0,0,0,0,False,,[null]
leaderless,C0_perda_0.20,2,pv1,824,-0.0,-0.0,0.0,0.0,1.0434413812534846,1.0434413812534846,1.0450072554978003,1.0505949800956955,2.0,False,0.0,,0.0,sem_sobretensao,sem_sobretensao,True,True,False,0.0,0.0,0,0,0,0,False,,[null]
leaderless,C0_perda_0.20,2,pv3,828,-0.0,-0.0,0.0,0.0,1.0433096369965242,1.0433096369965242,1.0450072554978003,1.0505949800956955,3.0,False,0.0,,0.0,sem_sobretensao,sem_sobretensao,True,True,False,0.0,0.0,0,0,0,0,False,,[null]
leaderless,C0_perda_0.20,2,pv4,830,-0.0,-0.0,0.0,0.0,1.0401456464219774,1.0401456464219774,1.0450072554978003,1.0505949800956955,4.0,False,0.0,,0.0,sem_sobretensao,sem_sobretensao,True,True,False,0.0,0.0,0,0,0,0,False,,[null]
leaderless,C0_perda_0.20,2,pv5,850,-0.0,-0.0,0.0,0.0,1.0450072554978003,1.0450072554978003,1.0450072554978003,1.0505949800956955,5.0,False,0.0,,0.0,sem_sobretensao,sem_sobretensao,True,True,False,0.0,0.0,0,0,0,0,False,,[null]
leaderless,C0_perda_0.20,2,pv6,832,-0.0,-0.0,0.0,0.0,1.0349271785104095,1.0349271785104095,1.0450072554978003,1.0505949800956955,6.0,False,0.0,,0.0,sem_sobretensao,sem_sobretensao,True,True,False,0.0,0.0,0,0,0,0,False,,[null]
leaderless,C0_perda_0.20,3,pv2,816,-0.0,-0.0,0.0,0.0,1.0449571021647746,1.0449571021647746,1.0450071878057714,1.0505949776249717,1.0,True,0.0,,0.0,sem_sobretensao,sem_sobretensao,True,True,False,0.0,0.0,0,0,0,0,False,,[null]
leaderless,C0_perda_0.20,3,pv1,824,-0.0,-0.0,0.0,0.0,1.043441305274198,1.043441305274198,1.0450071878057714,1.0505949776249717,2.0,False,0.0,,0.0,sem_sobretensao,sem_sobretensao,True,True,False,0.0,0.0,0,0,0,0,False,,[null]
leaderless,C0_perda_0.20,3,pv3,828,-0.0,-0.0,0.0,0.0,1.043309560339792,1.043309560339792,1.0450071878057714,1.0505949776249717,3.0,False,0.0,,0.0,sem_sobretensao,sem_sobretensao,True,True,False,0.0,0.0,0,0,0,0,False,,[null]
leaderless,C0_perda_0.20,3,pv4,830,-0.0,-0.0,0.0,0.0,1.0401455535283302,1.0401455535283302,1.0450071878057714,1.0505949776249717,4.0,False,0.0,,0.0,sem_sobretensao,sem_sobretensao,True,True,False,0.0,0.0,0,0,0,0,False,,[null]
leaderless,C0_perda_0.20,3,pv5,850,-0.0,-0.0,0.0,0.0,1.0450071878057714,1.0450071878057714,1.0450071878057714,1.0505949776249717,5.0,False,0.0,,0.0,sem_sobretensao,sem_sobretensao,True,True,False,0.0,0.0,0,0,0,0,False,,[null]
leaderless,C0_perda_0.20,3,pv6,832,-0.0,-0.0,0.0,0.0,1.0349270553472671,1.0349270553472671,1.0450071878057714,1.0505949776249717,6.0,False,0.0,,0.0,sem_sobretensao,sem_sobretensao,True,True,False,0.0,0.0,0,0,0,0,False,,[null]
leaderless,C0_perda_0.20,4,pv2,816,-0.0,-0.0,0.0,0.0,1.045026523122921,1.045026523122921,1.045076338566197,1.0505970879234294,1.0,True,0.0,,0.0,sem_sobretensao,sem_sobretensao,True,True,False,0.0,0.0,0,0,0,0,False,,[null]
leaderless,C0_perda_0.20,4,pv1,824,-0.0,-0.0,0.0,0.0,1.0435194219130084,1.0435194219130084,1.045076338566197,1.0505970879234294,2.0,False,0.0,,0.0,sem_sobretensao,sem_sobretensao,True,True,False,0.0,0.0,0,0,0,0,False,,[null]
leaderless,C0_perda_0.20,4,pv3,828,-0.0,-0.0,0.0,0.0,1.0433884088314556,1.0433884088314556,1.045076338566197,1.0505970879234294,3.0,False,0.0,,0.0,sem_sobretensao,sem_sobretensao,True,True,False,0.0,0.0,0,0,0,0,False,,[null]
leaderless,C0_perda_0.20,4,pv4,830,-0.0,-0.0,0.0,0.0,1.0402420990252506,1.0402420990252506,1.045076338566197,1.0505970879234294,4.0,False,0.0,,0.0,sem_sobretensao,sem_sobretensao,True,True,False,0.0,0.0,0,0,0,0,False,,[null]
leaderless,C0_perda_0.20,4,pv5,850,-0.0,-0.0,0.0,0.0,1.045076338566197,1.045076338566197,1.045076338566197,1.0505970879234294,5.0,False,0.0,,0.0,sem_sobretensao,sem_sobretensao,True,True,False,0.0,0.0,0,0,0,0,False,,[null]
leaderless,C0_perda_0.20,4,pv6,832,-0.0,-0.0,0.0,0.0,1.035054956170032,1.035054956170032,1.045076338566197,1.0505970879234294,6.0,False,0.0,,0.0,sem_sobretensao,sem_sobretensao,True,True,False,0.0,0.0,0,0,0,0,False,,[null]
leaderless,C0_perda_0.20,5,pv2,816,-0.0,-0.0,0.0,0.0,1.046437942275659,1.046437942275659,1.0464804756969757,1.05063939179868,1.0,True,0.0,,0.0,sem_sobretensao,sem_sobretensao,True,True,False,0.0,0.0,0,0,0,0,False,,[null]
leaderless,C0_perda_0.20,5,pv1,824,-0.0,-0.0,0.0,0.0,1.0450850714048536,1.0450850714048536,1.0464804756969757,1.05063939179868,2.0,False,0.0,,0.0,sem_sobretensao,sem_sobretensao,True,True,False,0.0,0.0,0,0,0,0,False,,[null]
leaderless,C0_perda_0.20,5,pv3,828,-0.0,-0.0,0.0,0.0,1.044968726726859,1.044968726726859,1.0464804756969757,1.05063939179868,3.0,False,0.0,,0.0,sem_sobretensao,sem_sobretensao,True,True,False,0.0,0.0,0,0,0,0,False,,[null]
leaderless,C0_perda_0.20,5,pv4,830,-0.0,-0.0,0.0,0.0,1.0421771197491476,1.0421771197491476,1.0464804756969757,1.05063939179868,4.0,False,0.0,,0.0,sem_sobretensao,sem_sobretensao,True,True,False,0.0,0.0,0,0,0,0,False,,[null]
leaderless,C0_perda_0.20,5,pv5,850,-0.0,-0.0,0.0,0.0,1.0464804756969757,1.0464804756969757,1.0464804756969757,1.05063939179868,5.0,False,0.0,,0.0,sem_sobretensao,sem_sobretensao,True,True,False,0.0,0.0,0,0,0,0,False,,[null]
leaderless,C0_perda_0.20,5,pv6,832,-0.0,-0.0,0.0,0.0,1.0376184354041749,1.0376184354041749,1.0464804756969757,1.05063939179868,6.0,False,0.0,,0.0,sem_sobretensao,sem_sobretensao,True,True,False,0.0,0.0,0,0,0,0,False,,[null]
leaderless,C0_perda_0.20,6,pv2,816,15.625241782068514,15.625241782068514,0.0,0.0,1.0483407437819094,1.0483407437819094,1.0483782454548018,1.0506384889471005,1.0,True,0.0,0.0,0.0,sem_sobretensao,sem_sobretensao,True,True,False,0.0,0.0,0,0,0,0,False,0.0,[0.0]
leaderless,C0_perda_0.20,6,pv1,824,18.7503236717592,18.7503236717592,0.0,0.0,1.0471579048369506,1.0471579048369506,1.0483782454548018,1.0506384889471005,2.0,False,0.0,0.0,0.0,sem_sobretensao,sem_sobretensao,True,True,False,0.0,0.0,0,0,0,0,False,0.0,[0.0]
leaderless,C0_perda_0.20,6,pv3,828,12.500217712144039,12.500217712144039,0.0,0.0,1.0470455387298745,1.0470455387298745,1.0483782454548018,1.0506384889471005,3.0,False,0.0,0.0,0.0,sem_sobretensao,sem_sobretensao,True,True,False,0.0,0.0,0,0,0,0,False,0.0,[0.0]
leaderless,C0_perda_0.20,6,pv4,830,16.250349249231203,16.250349249231203,0.0,0.0,1.0442222095150686,1.0442222095150686,1.0483782454548018,1.0506384889471005,4.0,False,0.0,0.0,0.0,sem_sobretensao,sem_sobretensao,True,True,False,0.0,0.0,0,0,0,0,False,0.0,[0.0]
leaderless,C0_perda_0.20,6,pv5,850,11.250173385025839,11.250173385025839,0.0,0.0,1.0483782454548018,1.0483782454548018,1.0483782454548018,1.0506384889471005,5.0,False,0.0,0.0,0.0,sem_sobretensao,sem_sobretensao,True,True,False,0.0,0.0,0,0,0,0,False,0.0,[0.0]
leaderless,C0_perda_0.20,6,pv6,832,14.375428037447017,14.375428037447017,0.0,0.0,1.0393165620198634,1.0393165620198634,1.0483782454548018,1.0506384889471005,6.0,False,0.0,0.0,0.0,sem_sobretensao,sem_sobretensao,True,True,False,0.0,0.0,0,0,0,0,False,0.0,[0.0]
leaderless,C0_perda_0.20,7,pv2,816,46.87517293313687,18.61842694088833,28.256745992248536,0.6028083154497225,1.0562538666391141,1.0504682889310455,1.0504976146221043,1.050797904512319,1.0,True,0.0,0.6028083572631122,160.0,convergiu,convergiu,True,False,False,0.005720803899201802,0.005720803899201802,1920,1496,412,12,False,0.005720796398754073,[0.005721]
leaderless,C0_perda_0.20,7,pv1,824,56.25022149623055,22.94366241820892,33.306559078021635,0.5921142270101933,1.0558852978158424,1.0495352626223806,1.0504976146221043,1.050797904512319,2.0,False,0.0,0.5921142742567437,160.0,convergiu,convergiu,True,False,False,0.005720803899201802,0.005720803899201802,1920,1496,412,12,False,0.005720796398754073,[0.005721]
leaderless,C0_perda_0.20,7,pv3,828,37.5001485947879,15.492156967836706,22.007991626951195,0.5868774029659994,1.0558243986090117,1.0494420070744856,1.0504976146221043,1.050797904512319,3.0,False,0.0,0.5868774512005549,160.0,convergiu,convergiu,True,False,False,0.005720803899201802,0.005720803899201802,1920,1496,412,12,False,0.005720796398754073,[0.005721]
leaderless,C0_perda_0.20,7,pv4,830,48.75022589866941,20.155044982918497,28.595180915750916,0.5865650374196201,1.0539937130575454,1.0470505919986512,1.0504976146221043,1.050797904512319,4.0,False,0.0,0.5865650956200265,160.0,convergiu,convergiu,True,False,False,0.005720803899201802,0.005720803899201802,1920,1496,412,12,False,0.005720796398754073,[0.005721]
leaderless,C0_perda_0.20,7,pv5,850,33.75012402307615,13.78142764782331,19.968696375252836,0.5916628607506198,1.056261646345798,1.0504976146221043,1.0504976146221043,1.050797904512319,5.0,False,0.0,0.5916629035673924,160.0,convergiu,convergiu,True,False,False,0.005720803899201802,0.005720803899201802,1920,1496,412,12,False,0.005720796398754073,[0.005721]
leaderless,C0_perda_0.20,7,pv6,832,43.12526281682057,17.824553532223835,25.30070928459674,0.5866794602255951,1.0502737503980764,1.0428413004807715,1.0504976146221043,1.050797904512319,6.0,False,0.0,0.5866795384428,160.0,convergiu,convergiu,True,False,False,0.005720803899201802,0.005720803899201802,1920,1496,412,12,False,0.005720796398754073,[0.005721]
leaderless,C0_perda_0.20,8,pv2,816,85.41699505727426,37.826299315041545,47.59069574223272,0.5571571509302351,1.0600225763435596,1.0504614492589575,1.0504915308571707,1.0507783148886507,1.0,True,0.0,0.5571572227555178,102.0,convergiu,convergiu,True,False,False,0.006080659551721252,0.006080659551721252,1224,982,231,11,False,0.006080644537163837,[0.006081]
leaderless,C0_perda_0.20,8,pv1,824,102.50042166162328,46.559574457449244,55.940847204174034,0.5457620367992142,1.0599113578474484,1.0494160170436788,1.0504915308571707,1.0507783148886507,2.0,False,0.0,0.5457621178266684,102.0,convergiu,convergiu,True,False,False,0.006080659551721252,0.006080659551721252,1224,982,231,11,False,0.006080644537163837,[0.006081]
leaderless,C0_perda_0.20,8,pv3,828,68.3336153984155,31.420743032460038,36.912872365955465,0.5401860635485476,1.0598511737249865,1.0493024303829663,1.0504915308571707,1.0507783148886507,3.0,False,0.0,0.5401861463166691,102.0,convergiu,convergiu,True,False,False,0.006080659551721252,0.006080659551721252,1224,982,231,11,False,0.006080644537163837,[0.006081]
leaderless,C0_perda_0.20,8,pv4,830,88.83371835195031,40.881124062748995,47.952594289201315,0.539801619841038,1.0577281149456,1.0462566611934403,1.0504915308571707,1.0507783148886507,4.0,False,0.0,0.5398017237015559,102.0,convergiu,convergiu,True,False,False,0.006080659551721252,0.006080659551721252,1224,982,231,11,False,0.006080644537163837,[0.006081]
leaderless,C0_perda_0.20,8,pv5,850,61.500235529711425,27.99955985181377,33.500675677897654,0.5447242740782448,1.0600169249117997,1.0504915308571707,1.0504915308571707,1.0507783148886507,5.0,False,0.0,0.5447243476281179,102.0,convergiu,convergiu,True,False,False,0.006080659551721252,0.006080659551721252,1224,982,231,11,False,0.006080644537163837,[0.006081]
leaderless,C0_perda_0.20,8,pv6,832,78.58368122625447,36.14100785289242,42.44267337336205,0.540095104904993,1.052786113439822,1.0405177461926072,1.0504915308571707,1.0507783148886507,6.0,False,0.0,0.540095255287966,102.0,convergiu,convergiu,True,False,False,0.006080659551721252,0.006080659551721252,1224,982,231,11,False,0.006080644537163837,[0.006081]
leaderless,C0_perda_0.20,9,pv2,816,109.37601284631825,44.005622214805285,65.37039063151296,0.5976665290143482,1.0634560309544359,1.0504656072847973,1.0504959044215032,1.0507725228982536,1.0,True,0.0,0.5976666083391009,85.0,convergiu,convergiu,True,False,False,0.006675023891484109,0.006675023891484109,1020,800,211,9,False,0.006675005776730119,[0.006675]
leaderless,C0_perda_0.20,9,pv1,824,131.25131045548136,54.440032249078826,76.81127820640253,0.5852228533829497,1.0636450084375715,1.0493850675760377,1.0504959044215032,1.0507725228982536,2.0,False,0.0,0.5852229432212478,85.0,convergiu,convergiu,True,False,False,0.006675023891484109,0.006675023891484109,1020,800,211,9,False,0.006675005776730119,[0.006675]
leaderless,C0_perda_0.20,9,pv3,828,87.50087691178362,36.82759627177229,50.67328064001133,0.5791173114549593,1.0635972315763575,1.0492648936511166,1.0504959044215032,1.0507725228982536,3.0,False,0.0,0.5791174034872698,85.0,convergiu,convergiu,True,False,False,0.006675023891484109,0.006675023891484109,1020,800,211,9,False,0.006675005776730119,[0.006675]
leaderless,C0_perda_0.20,9,pv4,830,113.75120240741592,47.94153449799211,65.80966790942381,0.5785402980229467,1.0615841262600247,1.0460045956998982,1.0504959044215032,1.0507725228982536,4.0,False,0.0,0.5785404155440681,85.0,convergiu,convergiu,True,False,False,0.006675023891484109,0.006675023891484109,1020,800,211,9,False,0.006675005776730119,[0.006675]
leaderless,C0_perda_0.20,9,pv5,850,78.75072641675408,32.77290538675586,45.97782102999822,0.5838398791484402,1.063437708409848,1.0504959044215032,1.0504959044215032,1.0507725228982536,5.0,False,0.0,0.5838399608745262,85.0,convergiu,convergiu,True,False,False,0.006675023891484109,0.006675023891484109,1020,800,211,9,False,0.006675005776730119,[0.006675]
leaderless,C0_perda_0.20,9,pv6,832,100.62608243787051,42.36821161409998,58.25787082377053,0.5789538036229777,1.0564042285637532,1.0397592787295866,1.0504959044215032,1.0507725228982536,6.0,False,0.0,0.5789539790515112,85.0,convergiu,convergiu,True,False,False,0.006675023891484109,0.006675023891484109,1020,800,211,9,False,0.006675005776730119,[0.006675]
leaderless,C0_perda_0.20,10,pv2,816,122.91832344661765,50.32976766727755,72.5885557793401,0.5905429329076783,1.0647988819204603,1.0504589187124644,1.0504894736817383,1.0507625959600104,1.0,True,0.0,0.5905430024097642,79.0,convergiu,convergiu,True,False,False,0.006871115725480589,0.006871115725480589,948,731,206,11,False,0.006871097907442941,[0.006871]
leaderless,C0_perda_0.20,10,pv1,824,147.5021549968269,62.2379517387938,85.2642032580331,0.5780538708926746,1.0650831807612944,1.0493411432275799,1.0504894736817383,1.0507625959600104,2.0,False,0.0,0.5780539495159737,79.0,convergiu,convergiu,True,False,False,0.006871115725480589,0.006871115725480589,948,731,206,11,False,0.006871097907442941,[0.006871]
leaderless,C0_perda_0.20,10,pv3,828,98.33477563339,42.10232312066149,56.23245251272851,0.5718469811534223,1.0650361542778781,1.049214241693742,1.0504894736817383,1.0507625959600104,3.0,False,0.0,0.571847061739108,79.0,convergiu,convergiu,True,False,False,0.006871115725480589,0.006871115725480589,948,731,206,11,False,0.006871097907442941,[0.006871]
leaderless,C0_perda_0.20,10,pv4,830,127.83531212541376,54.82906320963173,73.00624891578204,0.5710960007538438,1.062933666320471,1.0457373616317676,1.0504894736817383,1.0507625959600104,4.0,False,0.0,0.5710961056218858,79.0,convergiu,convergiu,True,False,False,0.006871115725480589,0.006871115725480589,948,731,206,11,False,0.006871097907442941,[0.006871]
leaderless,C0_perda_0.20,10,pv5,850,88.50118824629206,37.54343864252492,50.95774960376714,0.5757859783131803,1.0647757082492941,1.0504894736817383,1.0504894736817383,1.0507625959600104,5.0,False,0.0,0.5757860500353466,79.0,convergiu,convergiu,True,False,False,0.006871115725480589,0.006871115725480589,948,731,206,11,False,0.006871097907442941,[0.006871]
leaderless,C0_perda_0.20,10,pv6,832,113.08509765957483,48.53537912407628,64.54971853549856,0.5708064241916755,1.0573508147429513,1.0389850556941738,1.0504894736817383,1.0507625959600104,6.0,False,0.0,0.5708065861146044,79.0,convergiu,convergiu,True,False,False,0.006871115725480589,0.006871115725480589,948,731,206,11,False,0.006871097907442941,[0.006871]
leaderless,C0_perda_0.20,11,pv2,816,125.00095820040144,70.05754047543506,54.94341772496638,0.43954390576578933,1.0612357750718273,1.0504644550867246,1.0504956338400804,1.0507407846327816,1.0,True,0.0,0.4395439724300444,75.0,convergiu,convergiu,True,False,False,0.006966634255694556,0.006966634255694556,900,716,175,9,False,0.0069666107490754,[0.006967]
leaderless,C0_perda_0.20,11,pv1,824,150.001236886605,85.97024618967477,64.03099069693023,0.4268696771231851,1.0610597800049195,1.0492360681633544,1.0504956338400804,1.0507407846327816,2.0,False,0.0,0.4268697513830178,75.0,convergiu,convergiu,True,False,False,0.006966634255694556,0.006966634255694556,900,716,175,9,False,0.0069666107490754,[0.006967]
leaderless,C0_perda_0.20,11,pv3,828,100.00082698006277,57.94672474058983,42.05410223947294,0.42053746857587565,1.060972600471917,1.049088928803352,1.0504956338400804,1.0507407846327816,3.0,False,0.0,0.4205375446330788,75.0,convergiu,convergiu,True,False,False,0.006966634255694556,0.006966634255694556,900,716,175,9,False,0.0069666107490754,[0.006967]
leaderless,C0_perda_0.20,11,pv4,830,130.0010999926479,75.44128847459372,54.55981151805419,0.41968719756237927,1.0578779563059741,1.044960733977584,1.0504956338400804,1.0507407846327816,4.0,False,0.0,0.4196873066546342,75.0,convergiu,convergiu,True,False,False,0.006966634255694556,0.006966634255694556,900,716,175,9,False,0.0069666107490754,[0.006967]
leaderless,C0_perda_0.20,11,pv5,850,90.00068721246933,51.73235409964825,38.26833311282108,0.4252003864555714,1.0612265550334108,1.0504956338400804,1.0504956338400804,1.0507407846327816,5.0,False,0.0,0.4252004545529639,75.0,convergiu,convergiu,True,False,False,0.006966634255694556,0.006966634255694556,900,716,175,9,False,0.0069666107490754,[0.006967]
leaderless,C0_perda_0.20,11,pv6,832,115.00091021308904,66.73818060044437,48.26272961264468,0.41967239330211725,1.050489345171074,1.0366850175873705,1.0504956338400804,1.0507407846327816,6.0,False,0.0,0.419672588010104,75.0,convergiu,convergiu,True,False,False,0.006966634255694556,0.006966634255694556,900,716,175,9,False,0.0069666107490754,[0.006967]
leaderless,C0_perda_0.20,12,pv2,816,114.58396773874748,73.52359650997317,41.0603712287743,0.3583429995733917,1.0584759980722236,1.0504578597710144,1.050489170638177,1.0507342469862007,1.0,True,0.0,0.35834307398389564,79.0,convergiu,convergiu,True,False,False,0.006661737721081541,0.006661737721081541,948,745,192,11,False,0.006661712134498958,[0.006662]
leaderless,C0_perda_0.20,12,pv1,824,137.50081165419755,89.91683754911523,47.58397410508232,0.3460631407711479,1.058009502205292,1.049209200970303,1.050489170638177,1.0507342469862007,2.0,False,0.0,0.3460632234284684,79.0,convergiu,convergiu,True,False,False,0.006661737721081541,0.006661737721081541,948,745,192,11,False,0.006661712134498958,[0.006662]
leaderless,C0_perda_0.20,12,pv3,828,91.66720978907196,60.51625782986771,31.15095195920425,0.3398264687982822,1.057903371570908,1.049058540904433,1.050489170638177,1.0507342469862007,3.0,False,0.0,0.33982655336497314,79.0,convergiu,convergiu,True,False,False,0.006661737721081541,0.006661737721081541,948,745,192,11,False,0.006661712134498958,[0.006662]
leaderless,C0_perda_0.20,12,pv4,830,119.16742075355486,78.72978776941086,40.437632984144,0.33933451036471934,1.0544313944090895,1.044818933953126,1.050489170638177,1.0507342469862007,4.0,False,0.0,0.3393346329763348,79.0,convergiu,convergiu,True,False,False,0.006661737721081541,0.006661737721081541,948,745,192,11,False,0.006661712134498958,[0.006662]
leaderless,C0_perda_0.20,12,pv5,850,82.50045497883245,54.09257324857575,28.407881730256705,0.3443359856559402,1.0584772347833353,1.050489170638177,1.050489170638177,1.0507342469862007,5.0,False,0.0,0.34433606138954576,79.0,convergiu,convergiu,True,False,False,0.006661737721081541,0.006661737721081541,948,745,192,11,False,0.006661712134498958,[0.006662]
leaderless,C0_perda_0.20,12,pv6,832,105.41738649349563,69.61424176358189,35.80314472991374,0.3396320331157145,1.0465580380247335,1.036286786146386,1.050489170638177,1.0507342469862007,6.0,False,0.0,0.33963225536921116,79.0,convergiu,convergiu,True,False,False,0.006661737721081541,0.006661737721081541,948,745,192,11,False,0.006661712134498958,[0.006662]
leaderless,C0_perda_0.20,13,pv2,816,91.6669848640404,67.35755433087095,24.309430533169447,0.26519279290417397,1.055190830074146,1.050461590569132,1.0504926698117227,1.050743838090346,1.0,True,0.0,0.2651928670854066,86.0,convergiu,convergiu,True,False,False,0.006207600375530603,0.006207600375530603,1032,829,198,5,False,0.006207578284395124,[0.006208]
leaderless,C0_perda_0.20,13,pv1,824,110.00040505482875,82.11232073232893,27.88808432249982,0.25352702338692706,1.0544374799596383,1.0492484626881131,1.0504926698117227,1.050743838090346,2.0,False,0.0,0.2535271057283766,86.0,convergiu,convergiu,True,False,False,0.006207600375530603,0.006207600375530603,1032,829,198,5,False,0.006207578284395124,[0.006208]
leaderless,C0_perda_0.20,13,pv3,828,73.33360485734525,55.1603365564183,18.17326830092695,0.24781629345737508,1.0543195761283002,1.049104394144749,1.0504926698117227,1.050743838090346,3.0,False,0.0,0.2478163774476808,86.0,convergiu,convergiu,True,False,False,0.006207600375530603,0.006207600375530603,1032,829,198,5,False,0.006207578284395124,[0.006208]
leaderless,C0_perda_0.20,13,pv4,830,95.33373775739992,71.7510379332895,23.58269982411042,0.2473698103957282,1.0507455019875147,1.045078926125026,1.0504926698117227,1.050743838090346,4.0,False,0.0,0.24736992778068123,86.0,convergiu,convergiu,True,False,False,0.006207600375530603,0.006207600375530603,1032,829,198,5,False,0.006207578284395124,[0.006208]
leaderless,C0_perda_0.20,13,pv5,850,66.0002281957597,49.33496276579897,16.665265429960733,0.2525030734712229,1.0552041870594868,1.0504926698117227,1.0504926698117227,1.050743838090346,5.0,False,0.0,0.25250314863352885,86.0,convergiu,convergiu,True,False,False,0.006207600375530603,0.006207600375530603,1032,829,198,5,False,0.006207578284395124,[0.006208]
leaderless,C0_perda_0.20,13,pv6,832,84.33378990708088,63.42466940753708,20.909120499543803,0.24793269073698077,1.0431065535804325,1.0370513904335663,1.0504926698117227,1.050743838090346,6.0,False,0.0,0.2479328928841157,86.0,convergiu,convergiu,True,False,False,0.006207600375530603,0.006207600375530603,1032,829,198,5,False,0.006207578284395124,[0.006208]
leaderless,C0_perda_0.20,14,pv2,816,62.500202437773986,51.33506417559549,11.165138262178495,0.17864156499308398,1.0526136226321707,1.0504647765403001,1.0504952978933149,1.0507646943524214,1.0,True,0.0,0.17864163357382165,97.0,convergiu,convergiu,True,False,False,0.005767273174690809,0.005767273174690809,1164,923,229,12,False,0.005767258295423834,[0.005767]
leaderless,C0_perda_0.20,14,pv1,824,75.0002602939109,62.44315339986923,12.557106894041667,0.16742743452145584,1.0516996381303603,1.0493429394452287,1.0504952978933149,1.0507646943524214,2.0,False,0.0,0.16742751084906768,97.0,convergiu,convergiu,True,False,False,0.005767273174690809,0.005767273174690809,1164,923,229,12,False,0.005767258295423834,[0.005767]
leaderless,C0_perda_0.20,14,pv3,828,50.00017469064095,41.889957322567355,8.110217368073592,0.1622037030650126,1.0515841347633865,1.0492156173807972,1.0504952978933149,1.0507646943524214,3.0,False,0.0,0.16220378065182373,97.0,convergiu,convergiu,True,False,False,0.005767273174690809,0.005767273174690809,1164,923,229,12,False,0.005767258295423834,[0.005767]
leaderless,C0_perda_0.20,14,pv4,830,65.00026965300577,54.46467229349885,10.535597359506923,0.16208533987604928,1.0483035673536143,1.0457307276085845,1.0504952978933149,1.0507646943524214,4.0,False,0.0,0.16208544081047102,97.0,convergiu,convergiu,True,False,False,0.005767273174690809,0.005767273174690809,1164,923,229,12,False,0.005767258295423834,[0.005767]
leaderless,C0_perda_0.20,14,pv5,850,45.00014517667484,37.497237548099726,7.502907628575116,0.16673067343751463,1.0526360952686766,1.0504952978933149,1.0504952978933149,1.0507646943524214,5.0,False,0.0,0.16673074273689537,97.0,convergiu,convergiu,True,False,False,0.005767273174690809,0.005767273174690809,1164,923,229,12,False,0.005767258295423834,[0.005767]
leaderless,C0_perda_0.20,14,pv6,832,57.50032283596856,48.13725096129901,9.36307187466955,0.16283496257282912,1.0417206370637186,1.0389707522279086,1.0504952978933149,1.0507646943524214,6.0,False,0.0,0.16283511835889392,97.0,convergiu,convergiu,True,False,False,0.005767273174690809,0.005767273174690809,1164,923,229,12,False,0.005767258295423834,[0.005767]
leaderless,C0_perda_0.20,15,pv2,816,28.124947780995655,28.124947780995655,0.0,0.0,1.0386370241958138,1.0386370241958138,1.038712758301161,1.0502955100129656,1.0,True,0.0,0.0,0.0,sem_sobretensao,sem_sobretensao,True,True,False,0.0,0.0,0,0,0,0,False,0.0,[0.0]
leaderless,C0_perda_0.20,15,pv1,824,33.74993266947013,33.74993266947013,0.0,0.0,1.0361657626089968,1.0361657626089968,1.038712758301161,1.0502955100129656,2.0,False,0.0,0.0,0.0,sem_sobretensao,sem_sobretensao,True,True,False,0.0,0.0,0,0,0,0,False,0.0,[0.0]
leaderless,C0_perda_0.20,15,pv3,828,22.499954843307243,22.499954843307243,0.0,0.0,1.0359378482549577,1.0359378482549577,1.038712758301161,1.0502955100129656,3.0,False,0.0,0.0,0.0,sem_sobretensao,sem_sobretensao,True,True,False,0.0,0.0,0,0,0,0,False,0.0,[0.0]
leaderless,C0_perda_0.20,15,pv4,830,29.249932364570526,29.249932364570526,0.0,0.0,1.0302157541067103,1.0302157541067103,1.038712758301161,1.0502955100129656,4.0,False,0.0,0.0,0.0,sem_sobretensao,sem_sobretensao,True,True,False,0.0,0.0,0,0,0,0,False,0.0,[0.0]
leaderless,C0_perda_0.20,15,pv5,850,20.249962553957726,20.249962553957726,0.0,0.0,1.038712758301161,1.038712758301161,1.038712758301161,1.0502955100129656,5.0,False,0.0,0.0,0.0,sem_sobretensao,sem_sobretensao,True,True,False,0.0,0.0,0,0,0,0,False,0.0,[0.0]
leaderless,C0_perda_0.20,15,pv6,832,25.87492450439264,25.87492450439264,0.0,0.0,1.0199321297225168,1.0199321297225168,1.038712758301161,1.0502955100129656,6.0,False,0.0,0.0,0.0,sem_sobretensao,sem_sobretensao,True,True,False,0.0,0.0,0,0,0,0,False,0.0,[0.0]
leaderless,C0_perda_0.20,16,pv2,816,3.125032294596891,3.125032294596891,0.0,0.0,1.0394703803118919,1.0394703803118919,1.0395419414769735,1.0504162382879947,1.0,True,0.0,0.0,0.0,sem_sobretensao,sem_sobretensao,True,True,False,0.0,0.0,0,0,0,0,False,0.0,[0.0]
leaderless,C0_perda_0.20,16,pv1,824,3.750042140959568,3.750042140959568,0.0,0.0,1.0372492372289943,1.0372492372289943,1.0395419414769735,1.0504162382879947,2.0,False,0.0,0.0,0.0,sem_sobretensao,sem_sobretensao,True,True,False,0.0,0.0,0,0,0,0,False,0.0,[0.0]
leaderless,C0_perda_0.20,16,pv3,828,2.5000282767911695,2.5000282767911695,0.0,0.0,1.0370563779560664,1.0370563779560664,1.0395419414769735,1.0504162382879947,3.0,False,0.0,0.0,0.0,sem_sobretensao,sem_sobretensao,True,True,False,0.0,0.0,0,0,0,0,False,0.0,[0.0]
leaderless,C0_perda_0.20,16,pv4,830,3.2500425487402573,3.2500425487402573,0.0,0.0,1.0323888508528605,1.0323888508528605,1.0395419414769735,1.0504162382879947,4.0,False,0.0,0.0,0.0,sem_sobretensao,sem_sobretensao,True,True,False,0.0,0.0,0,0,0,0,False,0.0,[0.0]
leaderless,C0_perda_0.20,16,pv5,850,2.2500231591709623,2.2500231591709623,0.0,0.0,1.0395419414769735,1.0395419414769735,1.0395419414769735,1.0504162382879947,5.0,False,0.0,0.0,0.0,sem_sobretensao,sem_sobretensao,True,True,False,0.0,0.0,0,0,0,0,False,0.0,[0.0]
leaderless,C0_perda_0.20,16,pv6,832,2.875047132931725,2.875047132931725,0.0,0.0,1.0244469035472519,1.0244469035472519,1.0395419414769735,1.0504162382879947,6.0,False,0.0,0.0,0.0,sem_sobretensao,sem_sobretensao,True,True,False,0.0,0.0,0,0,0,0,False,0.0,[0.0]
leaderless,C0_perda_0.20,17,pv2,816,-0.0,-0.0,0.0,0.0,1.0319530456641133,1.0319530456641133,1.0320537436109638,1.0501995250985579,1.0,True,0.0,,0.0,sem_sobretensao,sem_sobretensao,True,True,False,0.0,0.0,0,0,0,0,False,,[null]
leaderless,C0_perda_0.20,17,pv1,824,-0.0,-0.0,0.0,0.0,1.0288097422283975,1.0288097422283975,1.0320537436109638,1.0501995250985579,2.0,False,0.0,,0.0,sem_sobretensao,sem_sobretensao,True,True,False,0.0,0.0,0,0,0,0,False,,[null]
leaderless,C0_perda_0.20,17,pv3,828,-0.0,-0.0,0.0,0.0,1.0285410077167667,1.0285410077167667,1.0320537436109638,1.0501995250985579,3.0,False,0.0,,0.0,sem_sobretensao,sem_sobretensao,True,True,False,0.0,0.0,0,0,0,0,False,,[null]
leaderless,C0_perda_0.20,17,pv4,830,-0.0,-0.0,0.0,0.0,1.0220651174905713,1.0220651174905713,1.0320537436109638,1.0501995250985579,4.0,False,0.0,,0.0,sem_sobretensao,sem_sobretensao,True,True,False,0.0,0.0,0,0,0,0,False,,[null]
leaderless,C0_perda_0.20,17,pv5,850,-0.0,-0.0,0.0,0.0,1.0320537436109638,1.0320537436109638,1.0320537436109638,1.0501995250985579,5.0,False,0.0,,0.0,sem_sobretensao,sem_sobretensao,True,True,False,0.0,0.0,0,0,0,0,False,,[null]
leaderless,C0_perda_0.20,17,pv6,832,-0.0,-0.0,0.0,0.0,1.0109757984235852,1.0109757984235852,1.0320537436109638,1.0501995250985579,6.0,False,0.0,,0.0,sem_sobretensao,sem_sobretensao,True,True,False,0.0,0.0,0,0,0,0,False,,[null]
leaderless,C0_perda_0.20,18,pv2,816,-0.0,-0.0,0.0,0.0,1.0353684495010183,1.0353684495010183,1.0354558554930642,1.0503034017860868,1.0,True,0.0,,0.0,sem_sobretensao,sem_sobretensao,True,True,False,0.0,0.0,0,0,0,0,False,,[null]
leaderless,C0_perda_0.20,18,pv1,824,-0.0,-0.0,0.0,0.0,1.0326523500430973,1.0326523500430973,1.0354558554930642,1.0503034017860868,2.0,False,0.0,,0.0,sem_sobretensao,sem_sobretensao,True,True,False,0.0,0.0,0,0,0,0,False,,[null]
leaderless,C0_perda_0.20,18,pv3,828,-0.0,-0.0,0.0,0.0,1.0324195763808064,1.0324195763808064,1.0354558554930642,1.0503034017860868,3.0,False,0.0,,0.0,sem_sobretensao,sem_sobretensao,True,True,False,0.0,0.0,0,0,0,0,False,,[null]
leaderless,C0_perda_0.20,18,pv4,830,-0.0,-0.0,0.0,0.0,1.02681295674242,1.02681295674242,1.0354558554930642,1.0503034017860868,4.0,False,0.0,,0.0,sem_sobretensao,sem_sobretensao,True,True,False,0.0,0.0,0,0,0,0,False,,[null]
leaderless,C0_perda_0.20,18,pv5,850,-0.0,-0.0,0.0,0.0,1.0354558554930642,1.0354558554930642,1.0354558554930642,1.0503034017860868,5.0,False,0.0,,0.0,sem_sobretensao,sem_sobretensao,True,True,False,0.0,0.0,0,0,0,0,False,,[null]
leaderless,C0_perda_0.20,18,pv6,832,-0.0,-0.0,0.0,0.0,1.017265056101975,1.017265056101975,1.0354558554930642,1.0503034017860868,6.0,False,0.0,,0.0,sem_sobretensao,sem_sobretensao,True,True,False,0.0,0.0,0,0,0,0,False,,[null]
leaderless,C0_perda_0.20,19,pv2,816,-0.0,-0.0,0.0,0.0,1.012463803494029,1.012463803494029,1.0126403397694483,1.0496066048479267,1.0,True,0.0,,0.0,sem_sobretensao,sem_sobretensao,True,True,False,0.0,0.0,0,0,0,0,False,,[null]
leaderless,C0_perda_0.20,19,pv1,824,-0.0,-0.0,0.0,0.0,1.0068862241138112,1.0068862241138112,1.0126403397694483,1.0496066048479267,2.0,False,0.0,,0.0,sem_sobretensao,sem_sobretensao,True,True,False,0.0,0.0,0,0,0,0,False,,[null]
leaderless,C0_perda_0.20,19,pv3,828,-0.0,-0.0,0.0,0.0,1.00641255022254,1.00641255022254,1.0126403397694483,1.0496066048479267,3.0,False,0.0,,0.0,sem_sobretensao,sem_sobretensao,True,True,False,0.0,0.0,0,0,0,0,False,,[null]
leaderless,C0_perda_0.20,19,pv4,830,-0.0,-0.0,0.0,0.0,0.9949844738133675,0.9949844738133675,1.0126403397694483,1.0496066048479267,4.0,False,0.0,,0.0,sem_sobretensao,sem_sobretensao,True,True,False,0.0,0.0,0,0,0,0,False,,[null]
leaderless,C0_perda_0.20,19,pv5,850,-0.0,-0.0,0.0,0.0,1.0126403397694483,1.0126403397694483,1.0126403397694483,1.0496066048479267,5.0,False,0.0,,0.0,sem_sobretensao,sem_sobretensao,True,True,False,0.0,0.0,0,0,0,0,False,,[null]
leaderless,C0_perda_0.20,19,pv6,832,-0.0,-0.0,0.0,0.0,0.9751062275735913,0.9751062275735913,1.0126403397694483,1.0496066048479267,6.0,False,0.0,,0.0,sem_sobretensao,sem_sobretensao,True,True,False,0.0,0.0,0,0,0,0,False,,[null]
leaderless,C0_perda_0.20,20,pv2,816,-0.0,-0.0,0.0,0.0,1.0078351504741658,1.0078351504741658,1.008029696164423,1.0494657402550034,1.0,True,0.0,,0.0,sem_sobretensao,sem_sobretensao,True,True,False,0.0,0.0,0,0,0,0,False,,[null]
leaderless,C0_perda_0.20,20,pv1,824,-0.0,-0.0,0.0,0.0,1.0016803252824402,1.0016803252824402,1.008029696164423,1.0494657402550034,2.0,False,0.0,,0.0,sem_sobretensao,sem_sobretensao,True,True,False,0.0,0.0,0,0,0,0,False,,[null]
leaderless,C0_perda_0.20,20,pv3,828,-0.0,-0.0,0.0,0.0,1.001158047785484,1.001158047785484,1.008029696164423,1.0494657402550034,3.0,False,0.0,,0.0,sem_sobretensao,sem_sobretensao,True,True,False,0.0,0.0,0,0,0,0,False,,[null]
leaderless,C0_perda_0.20,20,pv4,830,-0.0,-0.0,0.0,0.0,0.9885559519361026,0.9885559519361026,1.008029696164423,1.0494657402550034,4.0,False,0.0,,0.0,sem_sobretensao,sem_sobretensao,True,True,False,0.0,0.0,0,0,0,0,False,,[null]
leaderless,C0_perda_0.20,20,pv5,850,-0.0,-0.0,0.0,0.0,1.008029696164423,1.008029696164423,1.008029696164423,1.0494657402550034,5.0,False,0.0,,0.0,sem_sobretensao,sem_sobretensao,True,True,False,0.0,0.0,0,0,0,0,False,,[null]
leaderless,C0_perda_0.20,20,pv6,832,-0.0,-0.0,0.0,0.0,0.9665920784800833,0.9665920784800833,1.008029696164423,1.0494657402550034,6.0,False,0.0,,0.0,sem_sobretensao,sem_sobretensao,True,True,False,0.0,0.0,0,0,0,0,False,,[null]
leaderless,C0_perda_0.20,21,pv2,816,-0.0,-0.0,0.0,0.0,1.0061895964378376,1.0061895964378376,1.0063905442901249,1.0494156571369113,1.0,True,0.0,,0.0,sem_sobretensao,sem_sobretensao,True,True,False,0.0,0.0,0,0,0,0,False,,[null]
leaderless,C0_perda_0.20,21,pv1,824,-0.0,-0.0,0.0,0.0,0.9998296239446811,0.9998296239446811,1.0063905442901249,1.0494156571369113,2.0,False,0.0,,0.0,sem_sobretensao,sem_sobretensao,True,True,False,0.0,0.0,0,0,0,0,False,,[null]
leaderless,C0_perda_0.20,21,pv3,828,-0.0,-0.0,0.0,0.0,0.9992900728255066,0.9992900728255066,1.0063905442901249,1.0494156571369113,3.0,False,0.0,,0.0,sem_sobretensao,sem_sobretensao,True,True,False,0.0,0.0,0,0,0,0,False,,[null]
leaderless,C0_perda_0.20,21,pv4,830,-0.0,-0.0,0.0,0.0,0.9862707730472379,0.9862707730472379,1.0063905442901249,1.0494156571369113,4.0,False,0.0,,0.0,sem_sobretensao,sem_sobretensao,True,True,False,0.0,0.0,0,0,0,0,False,,[null]
leaderless,C0_perda_0.20,21,pv5,850,-0.0,-0.0,0.0,0.0,1.0063905442901249,1.0063905442901249,1.0063905442901249,1.0494156571369113,5.0,False,0.0,,0.0,sem_sobretensao,sem_sobretensao,True,True,False,0.0,0.0,0,0,0,0,False,,[null]
leaderless,C0_perda_0.20,21,pv6,832,-0.0,-0.0,0.0,0.0,0.9635655636096437,0.9635655636096437,1.0063905442901249,1.0494156571369113,6.0,False,0.0,,0.0,sem_sobretensao,sem_sobretensao,True,True,False,0.0,0.0,0,0,0,0,False,,[null]
leaderless,C0_perda_0.20,22,pv2,816,-0.0,-0.0,0.0,0.0,1.0058618084193778,1.0058618084193778,1.0060640314884584,1.049405687339917,1.0,True,0.0,,0.0,sem_sobretensao,sem_sobretensao,True,True,False,0.0,0.0,0,0,0,0,False,,[null]
leaderless,C0_perda_0.20,22,pv1,824,-0.0,-0.0,0.0,0.0,0.9994609737243801,0.9994609737243801,1.0060640314884584,1.049405687339917,2.0,False,0.0,,0.0,sem_sobretensao,sem_sobretensao,True,True,False,0.0,0.0,0,0,0,0,False,,[null]
leaderless,C0_perda_0.20,22,pv3,828,-0.0,-0.0,0.0,0.0,0.9989179819308516,0.9989179819308516,1.0060640314884584,1.049405687339917,3.0,False,0.0,,0.0,sem_sobretensao,sem_sobretensao,True,True,False,0.0,0.0,0,0,0,0,False,,[null]
leaderless,C0_perda_0.20,22,pv4,830,-0.0,-0.0,0.0,0.0,0.9858155814373922,0.9858155814373922,1.0060640314884584,1.049405687339917,4.0,False,0.0,,0.0,sem_sobretensao,sem_sobretensao,True,True,False,0.0,0.0,0,0,0,0,False,,[null]
leaderless,C0_perda_0.20,22,pv5,850,-0.0,-0.0,0.0,0.0,1.0060640314884584,1.0060640314884584,1.0060640314884584,1.049405687339917,5.0,False,0.0,,0.0,sem_sobretensao,sem_sobretensao,True,True,False,0.0,0.0,0,0,0,0,False,,[null]
leaderless,C0_perda_0.20,22,pv6,832,-0.0,-0.0,0.0,0.0,0.9629627164790306,0.9629627164790306,1.0060640314884584,1.049405687339917,6.0,False,0.0,,0.0,sem_sobretensao,sem_sobretensao,True,True,False,0.0,0.0,0,0,0,0,False,,[null]
leaderless,C0_perda_0.20,23,pv2,816,-0.0,-0.0,0.0,0.0,1.0157857990852877,1.0157857990852877,1.0159494099998212,1.049707699932122,1.0,True,0.0,,0.0,sem_sobretensao,sem_sobretensao,True,True,False,0.0,0.0,0,0,0,0,False,,[null]
leaderless,C0_perda_0.20,23,pv1,824,-0.0,-0.0,0.0,0.0,1.0106227444912799,1.0106227444912799,1.0159494099998212,1.049707699932122,2.0,False,0.0,,0.0,sem_sobretensao,sem_sobretensao,True,True,False,0.0,0.0,0,0,0,0,False,,[null]
leaderless,C0_perda_0.20,23,pv3,828,-0.0,-0.0,0.0,0.0,1.010183972127752,1.010183972127752,1.0159494099998212,1.049707699932122,3.0,False,0.0,,0.0,sem_sobretensao,sem_sobretensao,True,True,False,0.0,0.0,0,0,0,0,False,,[null]
leaderless,C0_perda_0.20,23,pv4,830,-0.0,-0.0,0.0,0.0,0.9995990501550603,0.9995990501550603,1.0159494099998212,1.049707699932122,4.0,False,0.0,,0.0,sem_sobretensao,sem_sobretensao,True,True,False,0.0,0.0,0,0,0,0,False,,[null]
leaderless,C0_perda_0.20,23,pv5,850,-0.0,-0.0,0.0,0.0,1.0159494099998212,1.0159494099998212,1.0159494099998212,1.049707699932122,5.0,False,0.0,,0.0,sem_sobretensao,sem_sobretensao,True,True,False,0.0,0.0,0,0,0,0,False,,[null]
leaderless,C0_perda_0.20,23,pv6,832,-0.0,-0.0,0.0,0.0,0.9812181271943429,0.9812181271943429,1.0159494099998212,1.049707699932122,6.0,False,0.0,,0.0,sem_sobretensao,sem_sobretensao,True,True,False,0.0,0.0,0,0,0,0,False,,[null]
