arquitetura,cenario,hora,agente,barra,potencia_disponivel_kw,potencia_gerada_kw,potencia_cortada_kw,fracao_de_curtailment_rho,tensao_inicial_pu,tensao_final_pu,tensao_maxima_barras_pv_pu,tensao_maxima_rede_pu,posicao_no_grafo,eh_lider,particao_final,razao_de_curtailment_r,iteracoes,status,violacao_real_apos_controle,sigma_r_global_hora,sigma_r_por_particao_hora
sem_controle,sem_controle,0,pv1,824,-0.0,-0.0,0.0,0.0,1.0435191673339033,1.0435191673339033,1.0450761113146874,1.0505970659065018,,,,,,,,,
sem_controle,sem_controle,0,pv2,816,-0.0,-0.0,0.0,0.0,1.0450262948633384,1.0450262948633384,1.0450761113146874,1.0505970659065018,,,,,,,,,
sem_controle,sem_controle,0,pv3,828,-0.0,-0.0,0.0,0.0,1.0433881517951473,1.0433881517951473,1.0450761113146874,1.0505970659065018,,,,,,,,,
sem_controle,sem_controle,0,pv4,830,-0.0,-0.0,0.0,0.0,1.0402417834114022,1.0402417834114022,1.0450761113146874,1.0505970659065018,,,,,,,,,
sem_controle,sem_controle,0,pv5,850,-0.0,-0.0,0.0,0.0,1.0450761113146874,1.0450761113146874,1.0450761113146874,1.0505970659065018,,,,,,,,,
sem_controle,sem_controle,0,pv6,832,-0.0,-0.0,0.0,0.0,1.035054528358762,1.035054528358762,1.0450761113146874,1.0505970659065018,,,,,,,,,
sem_controle,sem_controle,1,pv1,824,-0.0,-0.0,0.0,0.0,1.0435194971179793,1.0435194971179793,1.0450764055625177,1.0505970903489996,,,,,,,,,
sem_controle,sem_controle,1,pv2,816,-0.0,-0.0,0.0,0.0,1.045026590394128,1.045026590394128,1.0450764055625177,1.0505970903489996,,,,,,,,,
sem_controle,sem_controle,1,pv3,828,-0.0,-0.0,0.0,0.0,1.043388484707053,1.043388484707053,1.0450764055625177,1.0505970903489996,,,,,,,,,
sem_controle,sem_controle,1,pv4,830,-0.0,-0.0,0.0,0.0,1.0402421909746449,1.0402421909746449,1.0450764055625177,1.0505970903489996,,,,,,,,,
sem_controle,sem_controle,1,pv5,850,-0.0,-0.0,0.0,0.0,1.0450764055625177,1.0450764055625177,1.0450764055625177,1.0505970903489996,,,,,,,,,
sem_controle,sem_controle,1,pv6,832,-0.0,-0.0,0.0,0.0,1.035055078078631,1.035055078078631,1.0450764055625177,1.0505970903489996,,,,,,,,,
sem_controle,sem_controle,2,pv1,824,-0.0,-0.0,0.0,0.0,1.0434413812534848,1.0434413812534848,1.0450072554978005,1.050594980095696,,,,,,,,,
sem_controle,sem_controle,2,pv2,816,-0.0,-0.0,0.0,0.0,1.044957170134863,1.044957170134863,1.0450072554978005,1.050594980095696,,,,,,,,,
sem_controle,sem_controle,2,pv3,828,-0.0,-0.0,0.0,0.0,1.0433096369965245,1.0433096369965245,1.0450072554978005,1.050594980095696,,,,,,,,,
sem_controle,sem_controle,2,pv4,830,-0.0,-0.0,0.0,0.0,1.0401456464219776,1.0401456464219776,1.0450072554978005,1.050594980095696,,,,,,,,,
sem_controle,sem_controle,2,pv5,850,-0.0,-0.0,0.0,0.0,1.0450072554978005,1.0450072554978005,1.0450072554978005,1.050594980095696,,,,,,,,,
sem_controle,sem_controle,2,pv6,832,-0.0,-0.0,0.0,0.0,1.0349271785104097,1.0349271785104097,1.0450072554978005,1.050594980095696,,,,,,,,,
sem_controle,sem_controle,3,pv1,824,-0.0,-0.0,0.0,0.0,1.0434413052741978,1.0434413052741978,1.045007187805771,1.0505949776249721,,,,,,,,,
sem_controle,sem_controle,3,pv2,816,-0.0,-0.0,0.0,0.0,1.0449571021647743,1.0449571021647743,1.045007187805771,1.0505949776249721,,,,,,,,,
sem_controle,sem_controle,3,pv3,828,-0.0,-0.0,0.0,0.0,1.0433095603397917,1.0433095603397917,1.045007187805771,1.0505949776249721,,,,,,,,,
sem_controle,sem_controle,3,pv4,830,-0.0,-0.0,0.0,0.0,1.04014555352833,1.04014555352833,1.045007187805771,1.0505949776249721,,,,,,,,,
sem_controle,sem_controle,3,pv5,850,-0.0,-0.0,0.0,0.0,1.045007187805771,1.045007187805771,1.045007187805771,1.0505949776249721,,,,,,,,,
sem_controle,sem_controle,3,pv6,832,-0.0,-0.0,0.0,0.0,1.034927055347267,1.034927055347267,1.045007187805771,1.0505949776249721,,,,,,,,,
sem_controle,sem_controle,4,pv1,824,-0.0,-0.0,0.0,0.0,1.0435194219130088,1.0435194219130088,1.0450763385661972,1.0505970879234297,,,,,,,,,
sem_controle,sem_controle,4,pv2,816,-0.0,-0.0,0.0,0.0,1.0450265231229214,1.0450265231229214,1.0450763385661972,1.0505970879234297,,,,,,,,,
sem_controle,sem_controle,4,pv3,828,-0.0,-0.0,0.0,0.0,1.043388408831456,1.043388408831456,1.0450763385661972,1.0505970879234297,,,,,,,,,
sem_controle,sem_controle,4,pv4,830,-0.0,-0.0,0.0,0.0,1.040242099025251,1.040242099025251,1.0450763385661972,1.0505970879234297,,,,,,,,,
sem_controle,sem_controle,4,pv5,850,-0.0,-0.0,0.0,0.0,1.0450763385661972,1.0450763385661972,1.0450763385661972,1.0505970879234297,,,,,,,,,
sem_controle,sem_controle,4,pv6,832,-0.0,-0.0,0.0,0.0,1.035054956170033,1.035054956170033,1.0450763385661972,1.0505970879234297,,,,,,,,,
sem_controle,sem_controle,5,pv1,824,-0.0,-0.0,0.0,0.0,1.0450850714048536,1.0450850714048536,1.0464804756969754,1.0506393917986803,,,,,,,,,
sem_controle,sem_controle,5,pv2,816,-0.0,-0.0,0.0,0.0,1.046437942275659,1.046437942275659,1.0464804756969754,1.0506393917986803,,,,,,,,,
sem_controle,sem_controle,5,pv3,828,-0.0,-0.0,0.0,0.0,1.044968726726859,1.044968726726859,1.0464804756969754,1.0506393917986803,,,,,,,,,
sem_controle,sem_controle,5,pv4,830,-0.0,-0.0,0.0,0.0,1.0421771197491476,1.0421771197491476,1.0464804756969754,1.0506393917986803,,,,,,,,,
sem_controle,sem_controle,5,pv5,850,-0.0,-0.0,0.0,0.0,1.0464804756969754,1.0464804756969754,1.0464804756969754,1.0506393917986803,,,,,,,,,
sem_controle,sem_controle,5,pv6,832,-0.0,-0.0,0.0,0.0,1.0376184354041749,1.0376184354041749,1.0464804756969754,1.0506393917986803,,,,,,,,,
sem_controle,sem_controle,6,pv1,824,18.7503236717592,18.7503236717592,0.0,0.0,1.047157904836951,1.047157904836951,1.048378245454802,1.0506384889471005,,,,,,,,,
sem_controle,sem_controle,6,pv2,816,15.625241782068512,15.625241782068512,0.0,0.0,1.04834074378191,1.04834074378191,1.048378245454802,1.0506384889471005,,,,,,,,,
sem_controle,sem_controle,6,pv3,828,12.50021771214404,12.50021771214404,0.0,0.0,1.047045538729875,1.047045538729875,1.048378245454802,1.0506384889471005,,,,,,,,,
sem_controle,sem_controle,6,pv4,830,16.250349249231206,16.250349249231206,0.0,0.0,1.044222209515069,1.044222209515069,1.048378245454802,1.0506384889471005,,,,,,,,,
sem_controle,sem_controle,6,pv5,850,11.250173385025839,11.250173385025839,0.0,0.0,1.048378245454802,1.048378245454802,1.048378245454802,1.0506384889471005,,,,,,,,,
sem_controle,sem_controle,6,pv6,832,14.375428037447021,14.375428037447021,0.0,0.0,1.039316562019864,1.039316562019864,1.048378245454802,1.0506384889471005,,,,,,,,,
sem_controle,sem_controle,7,pv1,824,56.250221496230566,56.250221496230566,0.0,0.0,1.0558852978158422,1.0558852978158422,1.0562616463457974,1.0562617280018054,,,,,,,,,
sem_controle,sem_controle,7,pv2,816,46.87517293313687,46.87517293313687,0.0,0.0,1.0562538666391135,1.0562538666391135,1.0562616463457974,1.0562617280018054,,,,,,,,,
sem_controle,sem_controle,7,pv3,828,37.500148594787916,37.500148594787916,0.0,0.0,1.0558243986090114,1.0558243986090114,1.0562616463457974,1.0562617280018054,,,,,,,,,
sem_controle,sem_controle,7,pv4,830,48.75022589866943,48.75022589866943,0.0,0.0,1.053993713057545,1.053993713057545,1.0562616463457974,1.0562617280018054,,,,,,,,,
sem_controle,sem_controle,7,pv5,850,33.750124023076154,33.750124023076154,0.0,0.0,1.0562616463457974,1.0562616463457974,1.0562616463457974,1.0562617280018054,,,,,,,,,
sem_controle,sem_controle,7,pv6,832,43.12526281682057,43.12526281682057,0.0,0.0,1.0502737503980755,1.0502737503980755,1.0562616463457974,1.0562617280018054,,,,,,,,,
sem_controle,sem_controle,8,pv1,824,102.50011899733991,102.50011899733991,0.0,0.0,1.0599112401439814,1.0599112401439814,1.0600224693101732,1.0600224693101732,,,,,,,,,
sem_controle,sem_controle,8,pv2,816,85.41675801957149,85.41675801957149,0.0,0.0,1.0600224693101732,1.0600224693101732,1.0600224693101732,1.0600224693101732,,,,,,,,,
sem_controle,sem_controle,8,pv3,828,68.33341278394451,68.33341278394451,0.0,0.0,1.0598510554884049,1.0598510554884049,1.0600224693101732,1.0600224693101732,,,,,,,,,
sem_controle,sem_controle,8,pv4,830,88.8334319571245,88.8334319571245,0.0,0.0,1.0577279893298046,1.0577279893298046,1.0600224693101732,1.0600224693101732,,,,,,,,,
sem_controle,sem_controle,8,pv5,850,61.50006552515924,61.50006552515924,0.0,0.0,1.060016818278459,1.060016818278459,1.0600224693101732,1.0600224693101732,,,,,,,,,
sem_controle,sem_controle,8,pv6,832,78.58339427209944,78.58339427209944,0.0,0.0,1.052785988305247,1.052785988305247,1.0600224693101732,1.0600224693101732,,,,,,,,,
sem_controle,sem_controle,9,pv1,824,131.25044068317354,131.25044068317354,0.0,0.0,1.063644270184672,1.063644270184672,1.063644270184672,1.063644270184672,,,,,,,,,
sem_controle,sem_controle,9,pv2,816,109.37533810329293,109.37533810329293,0.0,0.0,1.0634553594000655,1.0634553594000655,1.063644270184672,1.063644270184672,,,,,,,,,
sem_controle,sem_controle,9,pv3,828,87.50029496502927,87.50029496502927,0.0,0.0,1.0635964896498613,1.0635964896498613,1.063644270184672,1.063644270184672,,,,,,,,,
sem_controle,sem_controle,9,pv4,830,113.75040483084011,113.75040483084011,0.0,0.0,1.0615833246501947,1.0615833246501947,1.063644270184672,1.063644270184672,,,,,,,,,
sem_controle,sem_controle,9,pv5,850,78.75024249617665,78.75024249617665,0.0,0.0,1.0634370393865165,1.0634370393865165,1.063644270184672,1.063644270184672,,,,,,,,,
sem_controle,sem_controle,9,pv6,832,100.62535837628117,100.62535837628117,0.0,0.0,1.0564033940827384,1.0564033940827384,1.063644270184672,1.063644270184672,,,,,,,,,
sem_controle,sem_controle,10,pv1,824,147.49384694110822,147.49384694110822,0.0,0.0,1.0650792320748368,1.0650792320748368,1.0650792320748368,1.0650792320748368,,,,,,,,,
sem_controle,sem_controle,10,pv2,816,122.91199701232544,122.91199701232544,0.0,0.0,1.0647953014414513,1.0647953014414513,1.0650792320748368,1.0650792320748368,,,,,,,,,
sem_controle,sem_controle,10,pv3,828,98.32921327416945,98.32921327416945,0.0,0.0,1.065032185770198,1.065032185770198,1.0650792320748368,1.0650792320748368,,,,,,,,,
sem_controle,sem_controle,10,pv4,830,127.82765988053498,127.82765988053498,0.0,0.0,1.0629293861036724,1.0629293861036724,1.0650792320748368,1.0650792320748368,,,,,,,,,
sem_controle,sem_controle,10,pv5,850,88.49665068750414,88.49665068750414,0.0,0.0,1.0647721419178295,1.0647721419178295,1.0650792320748368,1.0650792320748368,,,,,,,,,
sem_controle,sem_controle,10,pv6,832,113.0782898116273,113.0782898116273,0.0,0.0,1.057346402741343,1.057346402741343,1.0650792320748368,1.0650792320748368,,,,,,,,,
sem_controle,sem_controle,11,pv1,824,149.99928969423297,149.99928969423297,0.0,0.0,1.0610590791275931,1.0610590791275931,1.0612351336810568,1.0612351336810568,,,,,,,,,
sem_controle,sem_controle,11,pv2,816,124.99944059487615,124.99944059487615,0.0,0.0,1.0612351336810568,1.0612351336810568,1.0612351336810568,1.0612351336810568,,,,,,,,,
sem_controle,sem_controle,11,pv3,828,99.99952487183015,99.99952487183015,0.0,0.0,1.060971897459101,1.060971897459101,1.0612351336810568,1.0612351336810568,,,,,,,,,
sem_controle,sem_controle,11,pv4,830,129.99934393999098,129.99934393999098,0.0,0.0,1.0578772462678738,1.0578772462678738,1.0612351336810568,1.0612351336810568,,,,,,,,,
sem_controle,sem_controle,11,pv5,850,89.99959881786361,89.99959881786361,0.0,0.0,1.061225916202716,1.061225916202716,1.0612351336810568,1.0612351336810568,,,,,,,,,
sem_controle,sem_controle,11,pv6,832,114.99937684860123,114.99937684860123,0.0,0.0,1.0504887320744547,1.0504887320744547,1.0612351336810568,1.0612351336810568,,,,,,,,,
sem_controle,sem_controle,12,pv1,824,137.4996692682141,137.4996692682141,0.0,0.0,1.058009160074362,1.058009160074362,1.0584769217309185,1.0584769217309185,,,,,,,,,
sem_controle,sem_controle,12,pv2,816,114.58307365948403,114.58307365948403,0.0,0.0,1.0584756838173228,1.0584756838173228,1.0584769217309185,1.0584769217309185,,,,,,,,,
sem_controle,sem_controle,12,pv3,828,91.66644532801838,91.66644532801838,0.0,0.0,1.0579030286098747,1.0579030286098747,1.0584769217309185,1.0584769217309185,,,,,,,,,
sem_controle,sem_controle,12,pv4,830,119.16635629460146,119.16635629460146,0.0,0.0,1.0544310550126865,1.0544310550126865,1.0584769217309185,1.0584769217309185,,,,,,,,,
sem_controle,sem_controle,12,pv5,850,82.49981376675295,82.49981376675295,0.0,0.0,1.0584769217309185,1.0584769217309185,1.0584769217309185,1.0584769217309185,,,,,,,,,
sem_controle,sem_controle,12,pv6,832,105.4163601511645,105.4163601511645,0.0,0.0,1.0465577637937713,1.0465577637937713,1.0584769217309185,1.0584769217309185,,,,,,,,,
sem_controle,sem_controle,13,pv1,824,110.00293965563154,110.00293965563154,0.0,0.0,1.054439230355954,1.054439230355954,1.0552057865411746,1.0552058855642394,,,,,,,,,
sem_controle,sem_controle,13,pv2,816,91.66888423347135,91.66888423347135,0.0,0.0,1.0551924360241256,1.0551924360241256,1.0552057865411746,1.0552058855642394,,,,,,,,,
sem_controle,sem_controle,13,pv3,828,73.33528848088635,73.33528848088635,0.0,0.0,1.054321332747699,1.054321332747699,1.0552057865411746,1.0552058855642394,,,,,,,,,
sem_controle,sem_controle,13,pv4,830,95.3353146041538,95.3353146041538,0.0,0.0,1.050747317722043,1.050747317722043,1.0552057865411746,1.0552058855642394,,,,,,,,,
sem_controle,sem_controle,13,pv5,850,66.00159063644611,66.00159063644611,0.0,0.0,1.0552057865411746,1.0552057865411746,1.0552057865411746,1.0552058855642394,,,,,,,,,
sem_controle,sem_controle,13,pv6,832,84.3332676584032,84.3332676584032,0.0,0.0,1.0431082522316524,1.0431082522316524,1.0552057865411746,1.0552058855642394,,,,,,,,,
sem_controle,sem_controle,14,pv1,824,75.00282472558312,75.00282472558312,0.0,0.0,1.051700010963128,1.051700010963128,1.0526364462995699,1.0526369445086063,,,,,,,,,
sem_controle,sem_controle,14,pv2,816,62.50217662883185,62.50217662883185,0.0,0.0,1.0526139749467325,1.0526139749467325,1.0526364462995699,1.0526369445086063,,,,,,,,,
sem_controle,sem_controle,14,pv3,828,50.001889982258724,50.001889982258724,0.0,0.0,1.0515845061462574,1.0515845061462574,1.0526364462995699,1.0526369445086063,,,,,,,,,
sem_controle,sem_controle,14,pv4,830,65.00256303814344,65.00256303814344,0.0,0.0,1.0483038589248295,1.0483038589248295,1.0526364462995699,1.0526369445086063,,,,,,,,,
sem_controle,sem_controle,14,pv5,850,45.00156123944778,45.00156123944778,0.0,0.0,1.0526364462995699,1.0526364462995699,1.0526364462995699,1.0526369445086063,,,,,,,,,
sem_controle,sem_controle,14,pv6,832,57.50225352649085,57.50225352649085,0.0,0.0,1.041720667753187,1.041720667753187,1.0526364462995699,1.0526369445086063,,,,,,,,,
sem_controle,sem_controle,15,pv1,824,33.74992383816801,33.74992383816801,0.0,0.0,1.0361657655083372,1.0361657655083372,1.03871276090764,1.0502955102085094,,,,,,,,,
sem_controle,sem_controle,15,pv2,816,28.12494097548719,28.12494097548719,0.0,0.0,1.038637026815138,1.038637026815138,1.03871276090764,1.0502955102085094,,,,,,,,,
sem_controle,sem_controle,15,pv3,828,22.499948917863087,22.499948917863087,0.0,0.0,1.0359378511827722,1.0359378511827722,1.03871276090764,1.0502955102085094,,,,,,,,,
sem_controle,sem_controle,15,pv4,830,29.24992340685528,29.24992340685528,0.0,0.0,1.0302157577638424,1.0302157577638424,1.03871276090764,1.0502955102085094,,,,,,,,,
sem_controle,sem_controle,15,pv5,850,20.249957673685103,20.249957673685103,0.0,0.0,1.03871276090764,1.03871276090764,1.03871276090764,1.0502955102085094,,,,,,,,,
sem_controle,sem_controle,15,pv6,832,25.874914387069758,25.874914387069758,0.0,0.0,1.0199321348807935,1.0199321348807935,1.03871276090764,1.0502955102085094,,,,,,,,,
sem_controle,sem_controle,16,pv1,824,3.750042140727082,3.750042140727082,0.0,0.0,1.037249237230288,1.037249237230288,1.0395419414781377,1.050416238288003,,,,,,,,,
sem_controle,sem_controle,16,pv2,816,3.1250322944151616,3.1250322944151616,0.0,0.0,1.039470380313061,1.039470380313061,1.0395419414781377,1.050416238288003,,,,,,,,,
sem_controle,sem_controle,16,pv3,828,2.5000282766353865,2.5000282766353865,0.0,0.0,1.0370563779573705,1.0370563779573705,1.0395419414781377,1.050416238288003,,,,,,,,,
sem_controle,sem_controle,16,pv4,830,3.250042548512775,3.250042548512775,0.0,0.0,1.0323888508544166,1.0323888508544166,1.0395419414781377,1.050416238288003,,,,,,,,,
sem_controle,sem_controle,16,pv5,850,2.2500231590406465,2.2500231590406465,0.0,0.0,1.0395419414781377,1.0395419414781377,1.0395419414781377,1.050416238288003,,,,,,,,,
sem_controle,sem_controle,16,pv6,832,2.8750471326896667,2.8750471326896667,0.0,0.0,1.0244469035492823,1.0244469035492823,1.0395419414781377,1.050416238288003,,,,,,,,,
sem_controle,sem_controle,17,pv1,824,-0.0,-0.0,0.0,0.0,1.028809742228397,1.028809742228397,1.0320537436109631,1.0501995250985579,,,,,,,,,
sem_controle,sem_controle,17,pv2,816,-0.0,-0.0,0.0,0.0,1.0319530456641124,1.0319530456641124,1.0320537436109631,1.0501995250985579,,,,,,,,,
sem_controle,sem_controle,17,pv3,828,-0.0,-0.0,0.0,0.0,1.0285410077167663,1.0285410077167663,1.0320537436109631,1.0501995250985579,,,,,,,,,
sem_controle,sem_controle,17,pv4,830,-0.0,-0.0,0.0,0.0,1.0220651174905706,1.0220651174905706,1.0320537436109631,1.0501995250985579,,,,,,,,,
sem_controle,sem_controle,17,pv5,850,-0.0,-0.0,0.0,0.0,1.0320537436109631,1.0320537436109631,1.0320537436109631,1.0501995250985579,,,,,,,,,
sem_controle,sem_controle,17,pv6,832,-0.0,-0.0,0.0,0.0,1.0109757984235845,1.0109757984235845,1.0320537436109631,1.0501995250985579,,,,,,,,,
sem_controle,sem_controle,18,pv1,824,-0.0,-0.0,0.0,0.0,1.0326523500430973,1.0326523500430973,1.0354558554930642,1.0503034017860868,,,,,,,,,
sem_controle,sem_controle,18,pv2,816,-0.0,-0.0,0.0,0.0,1.035368449501018,1.035368449501018,1.0354558554930642,1.0503034017860868,,,,,,,,,
sem_controle,sem_controle,18,pv3,828,-0.0,-0.0,0.0,0.0,1.0324195763808066,1.0324195763808066,1.0354558554930642,1.0503034017860868,,,,,,,,,
sem_controle,sem_controle,18,pv4,830,-0.0,-0.0,0.0,0.0,1.02681295674242,1.02681295674242,1.0354558554930642,1.0503034017860868,,,,,,,,,
sem_controle,sem_controle,18,pv5,850,-0.0,-0.0,0.0,0.0,1.0354558554930642,1.0354558554930642,1.0354558554930642,1.0503034017860868,,,,,,,,,
sem_controle,sem_controle,18,pv6,832,-0.0,-0.0,0.0,0.0,1.0172650561019754,1.0172650561019754,1.0354558554930642,1.0503034017860868,,,,,,,,,
sem_controle,sem_controle,19,pv1,824,-0.0,-0.0,0.0,0.0,1.0068862241138117,1.0068862241138117,1.012640339769449,1.0496066048479267,,,,,,,,,
sem_controle,sem_controle,19,pv2,816,-0.0,-0.0,0.0,0.0,1.0124638034940296,1.0124638034940296,1.012640339769449,1.0496066048479267,,,,,,,,,
sem_controle,sem_controle,19,pv3,828,-0.0,-0.0,0.0,0.0,1.0064125502225403,1.0064125502225403,1.012640339769449,1.0496066048479267,,,,,,,,,
sem_controle,sem_controle,19,pv4,830,-0.0,-0.0,0.0,0.0,0.9949844738133676,0.9949844738133676,1.012640339769449,1.0496066048479267,,,,,,,,,
sem_controle,sem_controle,19,pv5,850,-0.0,-0.0,0.0,0.0,1.012640339769449,1.012640339769449,1.012640339769449,1.0496066048479267,,,,,,,,,
sem_controle,sem_controle,19,pv6,832,-0.0,-0.0,0.0,0.0,0.975106227573592,0.975106227573592,1.012640339769449,1.0496066048479267,,,,,,,,,
sem_controle,sem_controle,20,pv1,824,-0.0,-0.0,0.0,0.0,1.00168032528244,1.00168032528244,1.0080296961644228,1.0494657402550032,,,,,,,,,
sem_controle,sem_controle,20,pv2,816,-0.0,-0.0,0.0,0.0,1.0078351504741656,1.0078351504741656,1.0080296961644228,1.0494657402550032,,,,,,,,,
sem_controle,sem_controle,20,pv3,828,-0.0,-0.0,0.0,0.0,1.001158047785484,1.001158047785484,1.0080296961644228,1.0494657402550032,,,,,,,,,
sem_controle,sem_controle,20,pv4,830,-0.0,-0.0,0.0,0.0,0.9885559519361026,0.9885559519361026,1.0080296961644228,1.0494657402550032,,,,,,,,,
sem_controle,sem_controle,20,pv5,850,-0.0,-0.0,0.0,0.0,1.0080296961644228,1.0080296961644228,1.0080296961644228,1.0494657402550032,,,,,,,,,
sem_controle,sem_controle,20,pv6,832,-0.0,-0.0,0.0,0.0,0.9665920784800835,0.9665920784800835,1.0080296961644228,1.0494657402550032,,,,,,,,,
sem_controle,sem_controle,21,pv1,824,-0.0,-0.0,0.0,0.0,0.9998296239446813,0.9998296239446813,1.0063905442901253,1.0494156571369113,,,,,,,,,
sem_controle,sem_controle,21,pv2,816,-0.0,-0.0,0.0,0.0,1.0061895964378378,1.0061895964378378,1.0063905442901253,1.0494156571369113,,,,,,,,,
sem_controle,sem_controle,21,pv3,828,-0.0,-0.0,0.0,0.0,0.9992900728255069,0.9992900728255069,1.0063905442901253,1.0494156571369113,,,,,,,,,
sem_controle,sem_controle,21,pv4,830,-0.0,-0.0,0.0,0.0,0.9862707730472382,0.9862707730472382,1.0063905442901253,1.0494156571369113,,,,,,,,,
sem_controle,sem_controle,21,pv5,850,-0.0,-0.0,0.0,0.0,1.0063905442901253,1.0063905442901253,1.0063905442901253,1.0494156571369113,,,,,,,,,
sem_controle,sem_controle,21,pv6,832,-0.0,-0.0,0.0,0.0,0.963565563609644,0.963565563609644,1.0063905442901253,1.0494156571369113,,,,,,,,,
sem_controle,sem_controle,22,pv1,824,-0.0,-0.0,0.0,0.0,0.9994609737243804,0.9994609737243804,1.0060640314884584,1.049405687339917,,,,,,,,,
sem_controle,sem_controle,22,pv2,816,-0.0,-0.0,0.0,0.0,1.005861808419378,1.005861808419378,1.0060640314884584,1.049405687339917,,,,,,,,,
sem_controle,sem_controle,22,pv3,828,-0.0,-0.0,0.0,0.0,0.998917981930852,0.998917981930852,1.0060640314884584,1.049405687339917,,,,,,,,,
sem_controle,sem_controle,22,pv4,830,-0.0,-0.0,0.0,0.0,0.9858155814373928,0.9858155814373928,1.0060640314884584,1.049405687339917,,,,,,,,,
sem_controle,sem_controle,22,pv5,850,-0.0,-0.0,0.0,0.0,1.0060640314884584,1.0060640314884584,1.0060640314884584,1.049405687339917,,,,,,,,,
sem_controle,sem_controle,22,pv6,832,-0.0,-0.0,0.0,0.0,0.9629627164790315,0.9629627164790315,1.0060640314884584,1.049405687339917,,,,,,,,,
sem_controle,sem_controle,23,pv1,824,-0.0,-0.0,0.0,0.0,1.0106227444912799,1.0106227444912799,1.0159494099998208,1.0497076999321218,,,,,,,,,
sem_controle,sem_controle,23,pv2,816,-0.0,-0.0,0.0,0.0,1.0157857990852877,1.0157857990852877,1.0159494099998208,1.0497076999321218,,,,,,,,,
sem_controle,sem_controle,23,pv3,828,-0.0,-0.0,0.0,0.0,1.010183972127752,1.010183972127752,1.0159494099998208,1.0497076999321218,,,,,,,,,
sem_controle,sem_controle,23,pv4,830,-0.0,-0.0,0.0,0.0,0.9995990501550605,0.9995990501550605,1.0159494099998208,1.0497076999321218,,,,,,,,,
sem_controle,sem_controle,23,pv5,850,-0.0,-0.0,0.0,0.0,1.0159494099998208,1.0159494099998208,1.0159494099998208,1.0497076999321218,,,,,,,,,
sem_controle,sem_controle,23,pv6,832,-0.0,-0.0,0.0,0.0,0.9812181271943435,0.9812181271943435,1.0159494099998208,1.0497076999321218,,,,,,,,,
leader_follower,C0,0,pv2,816,-0.0,-0.0,0.0,0.0,1.0450262948633384,1.0450262948633384,1.0450761113146874,1.0505970659065018,1.0,True,0.0,,0.0,sem_sobretensao,False,,[null]
leader_follower,C0,0,pv1,824,-0.0,-0.0,0.0,0.0,1.0435191673339033,1.0435191673339033,1.0450761113146874,1.0505970659065018,2.0,False,0.0,,0.0,sem_sobretensao,False,,[null]
leader_follower,C0,0,pv3,828,-0.0,-0.0,0.0,0.0,1.0433881517951473,1.0433881517951473,1.0450761113146874,1.0505970659065018,3.0,False,0.0,,0.0,sem_sobretensao,False,,[null]
leader_follower,C0,0,pv4,830,-0.0,-0.0,0.0,0.0,1.0402417834114022,1.0402417834114022,1.0450761113146874,1.0505970659065018,4.0,False,0.0,,0.0,sem_sobretensao,False,,[null]
leader_follower,C0,0,pv5,850,-0.0,-0.0,0.0,0.0,1.0450761113146874,1.0450761113146874,1.0450761113146874,1.0505970659065018,5.0,False,0.0,,0.0,sem_sobretensao,False,,[null]
leader_follower,C0,0,pv6,832,-0.0,-0.0,0.0,0.0,1.035054528358762,1.035054528358762,1.0450761113146874,1.0505970659065018,6.0,False,0.0,,0.0,sem_sobretensao,False,,[null]
leader_follower,C0,1,pv2,816,-0.0,-0.0,0.0,0.0,1.045026590394128,1.045026590394128,1.0450764055625177,1.0505970903489996,1.0,True,0.0,,0.0,sem_sobretensao,False,,[null]
leader_follower,C0,1,pv1,824,-0.0,-0.0,0.0,0.0,1.0435194971179793,1.0435194971179793,1.0450764055625177,1.0505970903489996,2.0,False,0.0,,0.0,sem_sobretensao,False,,[null]
leader_follower,C0,1,pv3,828,-0.0,-0.0,0.0,0.0,1.043388484707053,1.043388484707053,1.0450764055625177,1.0505970903489996,3.0,False,0.0,,0.0,sem_sobretensao,False,,[null]
leader_follower,C0,1,pv4,830,-0.0,-0.0,0.0,0.0,1.0402421909746449,1.0402421909746449,1.0450764055625177,1.0505970903489996,4.0,False,0.0,,0.0,sem_sobretensao,False,,[null]
leader_follower,C0,1,pv5,850,-0.0,-0.0,0.0,0.0,1.0450764055625177,1.0450764055625177,1.0450764055625177,1.0505970903489996,5.0,False,0.0,,0.0,sem_sobretensao,False,,[null]
leader_follower,C0,1,pv6,832,-0.0,-0.0,0.0,0.0,1.035055078078631,1.035055078078631,1.0450764055625177,1.0505970903489996,6.0,False,0.0,,0.0,sem_sobretensao,False,,[null]
leader_follower,C0,2,pv2,816,-0.0,-0.0,0.0,0.0,1.044957170134863,1.044957170134863,1.0450072554978005,1.050594980095696,1.0,True,0.0,,0.0,sem_sobretensao,False,,[null]
leader_follower,C0,2,pv1,824,-0.0,-0.0,0.0,0.0,1.0434413812534848,1.0434413812534848,1.0450072554978005,1.050594980095696,2.0,False,0.0,,0.0,sem_sobretensao,False,,[null]
leader_follower,C0,2,pv3,828,-0.0,-0.0,0.0,0.0,1.0433096369965245,1.0433096369965245,1.0450072554978005,1.050594980095696,3.0,False,0.0,,0.0,sem_sobretensao,False,,[null]
leader_follower,C0,2,pv4,830,-0.0,-0.0,0.0,0.0,1.0401456464219776,1.0401456464219776,1.0450072554978005,1.050594980095696,4.0,False,0.0,,0.0,sem_sobretensao,False,,[null]
leader_follower,C0,2,pv5,850,-0.0,-0.0,0.0,0.0,1.0450072554978005,1.0450072554978005,1.0450072554978005,1.050594980095696,5.0,False,0.0,,0.0,sem_sobretensao,False,,[null]
leader_follower,C0,2,pv6,832,-0.0,-0.0,0.0,0.0,1.0349271785104097,1.0349271785104097,1.0450072554978005,1.050594980095696,6.0,False,0.0,,0.0,sem_sobretensao,False,,[null]
leader_follower,C0,3,pv2,816,-0.0,-0.0,0.0,0.0,1.0449571021647743,1.0449571021647743,1.045007187805771,1.0505949776249721,1.0,True,0.0,,0.0,sem_sobretensao,False,,[null]
leader_follower,C0,3,pv1,824,-0.0,-0.0,0.0,0.0,1.0434413052741978,1.0434413052741978,1.045007187805771,1.0505949776249721,2.0,False,0.0,,0.0,sem_sobretensao,False,,[null]
leader_follower,C0,3,pv3,828,-0.0,-0.0,0.0,0.0,1.0433095603397917,1.0433095603397917,1.045007187805771,1.0505949776249721,3.0,False,0.0,,0.0,sem_sobretensao,False,,[null]
leader_follower,C0,3,pv4,830,-0.0,-0.0,0.0,0.0,1.04014555352833,1.04014555352833,1.045007187805771,1.0505949776249721,4.0,False,0.0,,0.0,sem_sobretensao,False,,[null]
leader_follower,C0,3,pv5,850,-0.0,-0.0,0.0,0.0,1.045007187805771,1.045007187805771,1.045007187805771,1.0505949776249721,5.0,False,0.0,,0.0,sem_sobretensao,False,,[null]
leader_follower,C0,3,pv6,832,-0.0,-0.0,0.0,0.0,1.034927055347267,1.034927055347267,1.045007187805771,1.0505949776249721,6.0,False,0.0,,0.0,sem_sobretensao,False,,[null]
leader_follower,C0,4,pv2,816,-0.0,-0.0,0.0,0.0,1.0450265231229214,1.0450265231229214,1.0450763385661972,1.0505970879234297,1.0,True,0.0,,0.0,sem_sobretensao,False,,[null]
leader_follower,C0,4,pv1,824,-0.0,-0.0,0.0,0.0,1.0435194219130088,1.0435194219130088,1.0450763385661972,1.0505970879234297,2.0,False,0.0,,0.0,sem_sobretensao,False,,[null]
leader_follower,C0,4,pv3,828,-0.0,-0.0,0.0,0.0,1.043388408831456,1.043388408831456,1.0450763385661972,1.0505970879234297,3.0,False,0.0,,0.0,sem_sobretensao,False,,[null]
leader_follower,C0,4,pv4,830,-0.0,-0.0,0.0,0.0,1.040242099025251,1.040242099025251,1.0450763385661972,1.0505970879234297,4.0,False,0.0,,0.0,sem_sobretensao,False,,[null]
leader_follower,C0,4,pv5,850,-0.0,-0.0,0.0,0.0,1.0450763385661972,1.0450763385661972,1.0450763385661972,1.0505970879234297,5.0,False,0.0,,0.0,sem_sobretensao,False,,[null]
leader_follower,C0,4,pv6,832,-0.0,-0.0,0.0,0.0,1.035054956170033,1.035054956170033,1.0450763385661972,1.0505970879234297,6.0,False,0.0,,0.0,sem_sobretensao,False,,[null]
leader_follower,C0,5,pv2,816,-0.0,-0.0,0.0,0.0,1.046437942275659,1.046437942275659,1.0464804756969754,1.0506393917986803,1.0,True,0.0,,0.0,sem_sobretensao,False,,[null]
leader_follower,C0,5,pv1,824,-0.0,-0.0,0.0,0.0,1.0450850714048536,1.0450850714048536,1.0464804756969754,1.0506393917986803,2.0,False,0.0,,0.0,sem_sobretensao,False,,[null]
leader_follower,C0,5,pv3,828,-0.0,-0.0,0.0,0.0,1.044968726726859,1.044968726726859,1.0464804756969754,1.0506393917986803,3.0,False,0.0,,0.0,sem_sobretensao,False,,[null]
leader_follower,C0,5,pv4,830,-0.0,-0.0,0.0,0.0,1.0421771197491476,1.0421771197491476,1.0464804756969754,1.0506393917986803,4.0,False,0.0,,0.0,sem_sobretensao,False,,[null]
leader_follower,C0,5,pv5,850,-0.0,-0.0,0.0,0.0,1.0464804756969754,1.0464804756969754,1.0464804756969754,1.0506393917986803,5.0,False,0.0,,0.0,sem_sobretensao,False,,[null]
leader_follower,C0,5,pv6,832,-0.0,-0.0,0.0,0.0,1.0376184354041749,1.0376184354041749,1.0464804756969754,1.0506393917986803,6.0,False,0.0,,0.0,sem_sobretensao,False,,[null]
leader_follower,C0,6,pv2,816,15.625241782068512,15.625241782068512,0.0,0.0,1.04834074378191,1.04834074378191,1.048378245454802,1.0506384889471005,1.0,True,0.0,0.0,0.0,sem_sobretensao,False,0.0,[0.0]
leader_follower,C0,6,pv1,824,18.7503236717592,18.7503236717592,0.0,0.0,1.047157904836951,1.047157904836951,1.048378245454802,1.0506384889471005,2.0,False,0.0,0.0,0.0,sem_sobretensao,False,0.0,[0.0]
leader_follower,C0,6,pv3,828,12.50021771214404,12.50021771214404,0.0,0.0,1.047045538729875,1.047045538729875,1.048378245454802,1.0506384889471005,3.0,False,0.0,0.0,0.0,sem_sobretensao,False,0.0,[0.0]
leader_follower,C0,6,pv4,830,16.250349249231206,16.250349249231206,0.0,0.0,1.044222209515069,1.044222209515069,1.048378245454802,1.0506384889471005,4.0,False,0.0,0.0,0.0,sem_sobretensao,False,0.0,[0.0]
leader_follower,C0,6,pv5,850,11.250173385025839,11.250173385025839,0.0,0.0,1.048378245454802,1.048378245454802,1.048378245454802,1.0506384889471005,5.0,False,0.0,0.0,0.0,sem_sobretensao,False,0.0,[0.0]
leader_follower,C0,6,pv6,832,14.375428037447021,14.375428037447021,0.0,0.0,1.039316562019864,1.039316562019864,1.048378245454802,1.0506384889471005,6.0,False,0.0,0.0,0.0,sem_sobretensao,False,0.0,[0.0]
leader_follower,C0,7,pv2,816,46.87517293313687,18.450168691974127,28.42500424116274,0.6063978224324812,1.0562538666391135,1.0504671308839426,1.0504964855599892,1.0507974957944095,1.0,True,0.0,0.6063978533307685,311.0,convergiu,False,0.007395684726592672,[0.007396]
leader_follower,C0,7,pv1,824,56.250221496230566,22.88061736570109,33.369604130529474,0.5932350355979051,1.0558852978158422,1.049534016263107,1.0504964855599892,1.0507974957944095,2.0,False,0.0,0.5932350707768437,311.0,convergiu,False,0.007395684726592672,[0.007396]
leader_follower,C0,7,pv3,828,37.500148594787916,15.429029434206289,22.071119160581627,0.5885608095576061,1.0558243986090114,1.0494407801879178,1.0504964855599892,1.0507974957944095,3.0,False,0.0,0.58856084542687,311.0,convergiu,False,0.007395684726592672,[0.007396]
leader_follower,C0,7,pv4,830,48.75022589866943,20.158752190756754,28.591473707912673,0.5864890071822247,1.053993713057545,1.0470504859317822,1.0504964855599892,1.0507974957944095,4.0,False,0.0,0.5864890506834152,311.0,convergiu,False,0.007395684726592672,[0.007396]
leader_follower,C0,7,pv5,850,33.750124023076154,13.934724868577213,19.81539915449894,0.5871207481008127,1.0562616463457974,1.0504964855599892,1.0504964855599892,1.0507974957944095,5.0,False,0.0,0.5871207803844054,311.0,convergiu,False,0.007395684726592672,[0.007396]
leader_follower,C0,7,pv6,832,43.12526281682057,17.92669888958255,25.198563927238023,0.5843109060825425,1.0502737503980755,1.0428431584098574,1.0504964855599892,1.0507974957944095,6.0,False,0.0,0.5843109648808813,311.0,convergiu,False,0.007395684726592672,[0.007396]
leader_follower,C0,8,pv2,816,85.41699509578216,37.55092298682923,47.86607210895293,0.5603810774807283,1.0600225763749762,1.0504681100230784,1.0504982101571256,1.0507807462095407,1.0,True,0.0,0.5603811285479946,205.0,convergiu,False,0.007887392825174366,[0.007887]
leader_follower,C0,8,pv1,824,102.50042170914827,46.484554030473156,56.015867678675114,0.5464939636955051,1.0599113578819612,1.0494234852009192,1.0504982101571256,1.0507807462095407,2.0,False,0.0,0.5464940216306997,205.0,convergiu,False,0.007887392825174366,[0.007887]
leader_follower,C0,8,pv3,828,68.33361542991221,31.33049837255441,37.003117057357805,0.5415067355317547,1.0598511737596628,1.0493099968011603,1.0504982101571256,1.0507807462095407,3.0,False,0.0,0.5415067946362477,205.0,convergiu,False,0.007887392825174366,[0.007887]
leader_follower,C0,8,pv4,830,88.83371838145632,40.931698448415126,47.902019933041196,0.5392323342090858,1.057728114982749,1.0462675399651908,1.0504982101571256,1.0507807462095407,4.0,False,0.0,0.5392324086598242,205.0,convergiu,False,0.007887392825174366,[0.007887]
leader_follower,C0,8,pv5,850,61.50023555732899,28.298102062908477,33.202133494420515,0.5398699682915588,1.0600169249430984,1.0504982101571256,1.0504982101571256,1.0507807462095407,5.0,False,0.0,0.53987002152976,205.0,convergiu,False,0.007887392825174366,[0.007887]
leader_follower,C0,8,pv6,832,78.583681220178,36.40468879056407,42.17899242961392,0.5367397308826767,1.0527861134774454,1.0405336989425316,1.0504982101571256,1.0507807462095407,6.0,False,0.0,0.5367398392986403,205.0,convergiu,False,0.007887392825174366,[0.007887]
leader_follower,C0,9,pv2,816,109.37601259366954,43.6879640330115,65.68804856065805,0.6005708289109878,1.06345603039039,1.0504657959625,1.050496147792158,1.0507726169672005,1.0,True,0.0,0.6005708838983579,177.0,convergiu,False,0.008170516677871654,[0.008171]
leader_follower,C0,9,pv1,824,131.25131013746795,54.300514439296954,76.95079569817099,0.5862858618534761,1.063645007819406,1.049385091413919,1.050496147792158,1.0507726169672005,2.0,False,0.0,0.5862859244420149,177.0,convergiu,False,0.008170516677871654,[0.008171]
leader_follower,C0,9,pv3,828,87.5008766990287,36.65226369477923,50.848613004249465,0.5811211192925357,1.0635972309551887,1.049264963150451,1.050496147792158,1.0507726169672005,3.0,False,0.0,0.5811211832671147,177.0,convergiu,False,0.008170516677871654,[0.008171]
leader_follower,C0,9,pv4,830,113.75120210857385,47.92084716740371,65.83035494117014,0.5787221971997372,1.0615841255896254,1.046007575973574,1.050496147792158,1.0507726169672005,4.0,False,0.0,0.5787222791574197,177.0,convergiu,False,0.008170516677871654,[0.008171]
leader_follower,C0,9,pv5,850,78.75072623557068,33.12599908095346,45.62472715461722,0.5793562141373032,1.0634377078478499,1.050496147792158,1.050496147792158,1.0507726169672005,5.0,False,0.0,0.5793562718156765,177.0,convergiu,False,0.008170516677871654,[0.008171]
leader_follower,C0,9,pv6,832,100.6260821285418,42.66314732848292,57.962934800058875,0.5760228480712692,1.0564042278647428,1.0397679382559573,1.050496147792158,1.0507726169672005,6.0,False,0.0,0.5760229711220978,177.0,convergiu,False,0.008170516677871654,[0.008171]
leader_follower,C0,10,pv2,816,122.91832384587056,50.00413565242238,72.91418819344818,0.5931921203627691,1.0647988816134637,1.050461393626484,1.0504919948970808,1.0507635167212825,1.0,True,0.0,0.5931921776355864,163.0,convergiu,False,0.008286432836998007,[0.008286]
leader_follower,C0,10,pv1,824,147.50215552840345,62.13342271942808,85.36873280897537,0.5787625468911599,1.0650831804269703,1.0493437708353066,1.0504919948970808,1.0507635167212825,2.0,False,0.0,0.5787626119981447,163.0,convergiu,False,0.008286432836998007,[0.008286]
leader_follower,C0,10,pv3,828,98.33477598952041,41.937174767356424,56.397601222163985,0.5735264468487673,1.0650361539418978,1.0492169262657847,1.0504919948970808,1.0507635167212825,3.0,False,0.0,0.5735265134297383,163.0,convergiu,False,0.008286432836998007,[0.008286]
leader_follower,C0,10,pv4,830,127.83531261961483,54.832529269006145,73.00278335060868,0.5710689068827237,1.0629336659541402,1.0457431275208722,1.0504919948970808,1.0507635167212825,4.0,False,0.0,0.5710689938063894,163.0,convergiu,False,0.008286432836998007,[0.008286]
leader_follower,C0,10,pv5,850,88.50118853266284,37.905426687688475,50.59576184497436,0.5716957858810447,1.0647757079433002,1.0504919948970808,1.0504919948970808,1.0507635167212825,5.0,False,0.0,0.5716958459411102,163.0,convergiu,False,0.008286432836998007,[0.008286]
leader_follower,C0,10,pv6,832,113.08509808576127,48.823094386563,64.26200369919827,0.5682622160886383,1.057350814347944,1.0389963602135246,1.0504919948970808,1.0507635167212825,6.0,False,0.0,0.5682623509815888,163.0,convergiu,False,0.008286432836998007,[0.008286]
leader_follower,C0,11,pv2,816,125.00095798806575,69.70964432583071,55.29131366223504,0.4423270633536588,1.0612357748956676,1.0504620041376393,1.0504932564165694,1.0507399287140948,1.0,True,0.0,0.4423271193450684,148.0,convergiu,False,0.00832234777514422,[0.008322]
leader_follower,C0,11,pv1,824,150.00123660793557,85.8247691278929,64.17646748004266,0.4278395266796508,1.061059779813287,1.0492329884073432,1.0504932564165694,1.0507399287140948,2.0,False,0.0,0.42783958940140837,148.0,convergiu,False,0.00832234777514422,[0.008322]
leader_follower,C0,11,pv3,828,100.00082679206139,57.74237797485054,42.25844881721085,0.42258093020425586,1.0609726002797104,1.0490858590585304,1.0504932564165694,1.0507399287140948,3.0,False,0.0,0.4225809943059946,148.0,convergiu,False,0.00832234777514422,[0.008322]
leader_follower,C0,11,pv4,830,130.0010996583407,75.38622165950304,54.61487799883767,0.4201108013529022,1.0578779561113003,1.044960009100917,1.0504932564165694,1.0507399287140948,4.0,False,0.0,0.42011089246454425,148.0,convergiu,False,0.00832234777514422,[0.008322]
leader_follower,C0,11,pv5,850,90.00068706018345,52.133875602558206,37.866811457625246,0.42073907967809276,1.061226554857918,1.0504932564165694,1.0504932564165694,1.0507399287140948,5.0,False,0.0,0.4207391376057353,148.0,convergiu,False,0.00832234777514422,[0.008322]
leader_follower,C0,11,pv6,832,115.00090971266826,67.01257398437369,47.98833572829457,0.4172864139509655,1.0504893450003556,1.0366895901854472,1.0504932564165694,1.0507399287140948,6.0,False,0.0,0.4172865749340092,148.0,convergiu,False,0.00832234777514422,[0.008322]
leader_follower,C0,12,pv2,816,114.58396791829966,73.20258742179307,41.381380496506594,0.3611445396699865,1.0584759981311622,1.050459697289066,1.0504910563263004,1.0507349370882704,1.0,True,0.0,0.3611445933344901,147.0,convergiu,False,0.008138398980393275,[0.008138]
leader_follower,C0,12,pv1,824,137.5008118756521,89.79738288864195,47.70342898701014,0.3469319207199328,1.0580095022700837,1.0492111066554253,1.0504910563263004,1.0507349370882704,2.0,False,0.0,0.3469319805191435,147.0,convergiu,False,0.008138398980393275,[0.008138]
leader_follower,C0,12,pv3,828,91.66720993554301,60.3364554482188,31.330754487324214,0.341787962242396,1.0579033716359607,1.049060502974714,1.0504910563263004,1.0507349370882704,3.0,False,0.0,0.34178802332213276,147.0,convergiu,False,0.008138398980393275,[0.008138]
leader_follower,C0,12,pv4,830,119.16742087516394,78.72298927075495,40.44443160440899,0.339391594843076,1.054431394476973,1.0448241155383842,1.0504910563263004,1.0507349370882704,4.0,False,0.0,0.33939168362783745,147.0,convergiu,False,0.008138398980393275,[0.008138]
leader_follower,C0,12,pv5,850,82.50045510759718,54.44875724909308,28.0516978585041,0.34001864918659713,1.0584772348420437,1.0504910563263004,1.0504910563263004,1.0507349370882704,5.0,False,0.0,0.340018704404952,147.0,convergiu,False,0.008138398980393275,[0.008138]
leader_follower,C0,12,pv6,832,105.41738641317859,69.92506150056522,35.49232491261337,0.3366836258171324,1.0465580380894042,1.0362979545337065,1.0504910563263004,1.0507349370882704,6.0,False,0.0,0.3366837873735822,147.0,convergiu,False,0.008138398980393275,[0.008138]
leader_follower,C0,13,pv2,816,91.66698462445729,67.05849280388739,24.608491820569895,0.2684552874937837,1.0551908300741546,1.0504624971525698,1.0504936196207224,1.0507441882633601,1.0,True,0.0,0.2684553432338409,151.0,convergiu,False,0.00788055306175633,[0.007881]
leader_follower,C0,13,pv1,824,110.00040473647692,81.99419199906174,28.006212737415183,0.25460093512894244,1.0544374799606508,1.049249486555695,1.0504936196207224,1.0507441882633601,2.0,False,0.0,0.25460099719185963,151.0,convergiu,False,0.00788055306175633,[0.007881]
leader_follower,C0,13,pv3,828,73.33360464247181,55.02819854780137,18.305406094670445,0.24961818726942314,1.0543195761296038,1.0491054778214866,1.0504936196207224,1.0507441882633601,3.0,False,0.0,0.24961825051306297,151.0,convergiu,False,0.00788055306175633,[0.007881]
leader_follower,C0,13,pv4,830,95.33373737436717,71.75417809211613,23.57955928225104,0.2473368976344695,1.0507455019992828,1.0450828207516683,1.0504936196207224,1.0507441882633601,4.0,False,0.0,0.24733698616740674,151.0,convergiu,False,0.00788055306175633,[0.007881]
leader_follower,C0,13,pv5,850,66.00022802392903,49.63423805696334,16.365989966965685,0.24796863117240023,1.0552041870594921,1.0504936196207224,1.0504936196207224,1.0507441882633601,5.0,False,0.0,0.24796868824501692,151.0,convergiu,False,0.00788055306175633,[0.007881]
leader_follower,C0,13,pv6,832,84.33378934611513,63.68696975367811,20.646819592437012,0.24482247091417414,1.0431065536204573,1.0370603379847172,1.0504936196207224,1.0507441882633601,6.0,False,0.0,0.2448226239153111,151.0,convergiu,False,0.00788055306175633,[0.007881]
leader_follower,C0,14,pv2,816,62.50020224605282,51.12744475343385,11.372757492618973,0.1819634744499391,1.052613622671126,1.0504684287667378,1.0504989670073046,1.0507660303895017,1.0,True,0.0,0.18196353105940893,155.0,convergiu,False,0.007608374228075634,[0.007608]
leader_follower,C0,14,pv1,824,75.0002600373511,62.36435631670132,12.635903720649779,0.1684780689912366,1.0516996381734283,1.0493471048931247,1.0504989670073046,1.0507660303895017,2.0,False,0.0,0.1684781321339011,155.0,convergiu,False,0.007608374228075634,[0.007608]
leader_follower,C0,14,pv3,828,50.000174517844215,41.81674354070741,8.183430977136808,0.1636679841285858,1.0515841348068866,1.0492198585121932,1.0504989670073046,1.0507660303895017,3.0,False,0.0,0.1636680482828371,155.0,convergiu,False,0.007608374228075634,[0.007608]
leader_follower,C0,14,pv4,830,65.00026936388049,54.50191004266548,10.498359321215013,0.16151246724334473,1.0483035674081949,1.0457375585205386,1.0504989670073046,1.0507660303895017,4.0,False,0.0,0.16151255100873116,155.0,convergiu,False,0.007608374228075634,[0.007608]
leader_follower,C0,14,pv5,850,45.00014503917245,37.70339305645435,7.296751982718099,0.1621494636874135,1.052636095307487,1.0504989670073046,1.0504989670073046,1.0507660303895017,5.0,False,0.0,0.16214952143745992,155.0,convergiu,False,0.007608374228075634,[0.007608]
leader_follower,C0,14,pv6,832,57.500322452220885,48.34571205359315,9.154610398627739,0.1592095927507746,1.041720637141104,1.0389815934030404,1.0504989670073046,1.0507660303895017,6.0,False,0.0,0.15920972280172235,155.0,convergiu,False,0.007608374228075634,[0.007608]
leader_follower,C0,15,pv2,816,28.12494776039276,28.12494776039276,0.0,0.0,1.0386370242044933,1.0386370242044933,1.0387127583098001,1.0502955100136582,1.0,True,0.0,0.0,0.0,sem_sobretensao,False,0.0,[0.0]
leader_follower,C0,15,pv1,824,33.74993264251279,33.74993264251279,0.0,0.0,1.036165762618626,1.036165762618626,1.0387127583098001,1.0502955100136582,2.0,False,0.0,0.0,0.0,sem_sobretensao,False,0.0,[0.0]
leader_follower,C0,15,pv3,828,22.499954825209237,22.499954825209237,0.0,0.0,1.0359378482646822,1.0359378482646822,1.0387127583098001,1.0502955100136582,3.0,False,0.0,0.0,0.0,sem_sobretensao,False,0.0,[0.0]
leader_follower,C0,15,pv4,830,29.249932336862635,29.249932336862635,0.0,0.0,1.0302157541188315,1.0302157541188315,1.0387127583098001,1.0502955100136582,4.0,False,0.0,0.0,0.0,sem_sobretensao,False,0.0,[0.0]
leader_follower,C0,15,pv5,850,20.249962539182974,20.249962539182974,0.0,0.0,1.0387127583098001,1.0387127583098001,1.0387127583098001,1.0502955100136582,5.0,False,0.0,0.0,0.0,sem_sobretensao,False,0.0,[0.0]
leader_follower,C0,15,pv6,832,25.874924472584226,25.874924472584226,0.0,0.0,1.0199321297395116,1.0199321297395116,1.0387127583098001,1.0502955100136582,6.0,False,0.0,0.0,0.0,sem_sobretensao,False,0.0,[0.0]
leader_follower,C0,16,pv2,816,3.125032294596358,3.125032294596358,0.0,0.0,1.0394703803118956,1.0394703803118956,1.0395419414769773,1.050416238287995,1.0,True,0.0,0.0,0.0,sem_sobretensao,False,0.0,[0.0]
leader_follower,C0,16,pv1,824,3.750042140958882,3.750042140958882,0.0,0.0,1.037249237228998,1.037249237228998,1.0395419414769773,1.050416238287995,2.0,False,0.0,0.0,0.0,sem_sobretensao,False,0.0,[0.0]
leader_follower,C0,16,pv3,828,2.5000282767907094,2.5000282767907094,0.0,0.0,1.0370563779560704,1.0370563779560704,1.0395419414769773,1.050416238287995,3.0,False,0.0,0.0,0.0,sem_sobretensao,False,0.0,[0.0]
leader_follower,C0,16,pv4,830,3.2500425487395805,3.2500425487395805,0.0,0.0,1.0323888508528651,1.0323888508528651,1.0395419414769773,1.050416238287995,4.0,False,0.0,0.0,0.0,sem_sobretensao,False,0.0,[0.0]
leader_follower,C0,16,pv5,850,2.25002315917058,2.25002315917058,0.0,0.0,1.0395419414769773,1.0395419414769773,1.0395419414769773,1.050416238287995,5.0,False,0.0,0.0,0.0,sem_sobretensao,False,0.0,[0.0]
leader_follower,C0,16,pv6,832,2.8750471329309977,2.8750471329309977,0.0,0.0,1.024446903547258,1.024446903547258,1.0395419414769773,1.050416238287995,6.0,False,0.0,0.0,0.0,sem_sobretensao,False,0.0,[0.0]
leader_follower,C0,17,pv2,816,-0.0,-0.0,0.0,0.0,1.0319530456641128,1.0319530456641128,1.0320537436109634,1.0501995250985579,1.0,True,0.0,,0.0,sem_sobretensao,False,,[null]
leader_follower,C0,17,pv1,824,-0.0,-0.0,0.0,0.0,1.0288097422283975,1.0288097422283975,1.0320537436109634,1.0501995250985579,2.0,False,0.0,,0.0,sem_sobretensao,False,,[null]
leader_follower,C0,17,pv3,828,-0.0,-0.0,0.0,0.0,1.0285410077167665,1.0285410077167665,1.0320537436109634,1.0501995250985579,3.0,False,0.0,,0.0,sem_sobretensao,False,,[null]
leader_follower,C0,17,pv4,830,-0.0,-0.0,0.0,0.0,1.0220651174905708,1.0220651174905708,1.0320537436109634,1.0501995250985579,4.0,False,0.0,,0.0,sem_sobretensao,False,,[null]
leader_follower,C0,17,pv5,850,-0.0,-0.0,0.0,0.0,1.0320537436109634,1.0320537436109634,1.0320537436109634,1.0501995250985579,5.0,False,0.0,,0.0,sem_sobretensao,False,,[null]
leader_follower,C0,17,pv6,832,-0.0,-0.0,0.0,0.0,1.0109757984235852,1.0109757984235852,1.0320537436109634,1.0501995250985579,6.0,False,0.0,,0.0,sem_sobretensao,False,,[null]
leader_follower,C0,18,pv2,816,-0.0,-0.0,0.0,0.0,1.035368449501018,1.035368449501018,1.0354558554930642,1.0503034017860868,1.0,True,0.0,,0.0,sem_sobretensao,False,,[null]
leader_follower,C0,18,pv1,824,-0.0,-0.0,0.0,0.0,1.0326523500430973,1.0326523500430973,1.0354558554930642,1.0503034017860868,2.0,False,0.0,,0.0,sem_sobretensao,False,,[null]
leader_follower,C0,18,pv3,828,-0.0,-0.0,0.0,0.0,1.0324195763808066,1.0324195763808066,1.0354558554930642,1.0503034017860868,3.0,False,0.0,,0.0,sem_sobretensao,False,,[null]
leader_follower,C0,18,pv4,830,-0.0,-0.0,0.0,0.0,1.02681295674242,1.02681295674242,1.0354558554930642,1.0503034017860868,4.0,False,0.0,,0.0,sem_sobretensao,False,,[null]
leader_follower,C0,18,pv5,850,-0.0,-0.0,0.0,0.0,1.0354558554930642,1.0354558554930642,1.0354558554930642,1.0503034017860868,5.0,False,0.0,,0.0,sem_sobretensao,False,,[null]
leader_follower,C0,18,pv6,832,-0.0,-0.0,0.0,0.0,1.0172650561019754,1.0172650561019754,1.0354558554930642,1.0503034017860868,6.0,False,0.0,,0.0,sem_sobretensao,False,,[null]
leader_follower,C0,19,pv2,816,-0.0,-0.0,0.0,0.0,1.0124638034940296,1.0124638034940296,1.012640339769449,1.0496066048479267,1.0,True,0.0,,0.0,sem_sobretensao,False,,[null]
leader_follower,C0,19,pv1,824,-0.0,-0.0,0.0,0.0,1.0068862241138117,1.0068862241138117,1.012640339769449,1.0496066048479267,2.0,False,0.0,,0.0,sem_sobretensao,False,,[null]
leader_follower,C0,19,pv3,828,-0.0,-0.0,0.0,0.0,1.0064125502225403,1.0064125502225403,1.012640339769449,1.0496066048479267,3.0,False,0.0,,0.0,sem_sobretensao,False,,[null]
leader_follower,C0,19,pv4,830,-0.0,-0.0,0.0,0.0,0.9949844738133676,0.9949844738133676,1.012640339769449,1.0496066048479267,4.0,False,0.0,,0.0,sem_sobretensao,False,,[null]
leader_follower,C0,19,pv5,850,-0.0,-0.0,0.0,0.0,1.012640339769449,1.012640339769449,1.012640339769449,1.0496066048479267,5.0,False,0.0,,0.0,sem_sobretensao,False,,[null]
leader_follower,C0,19,pv6,832,-0.0,-0.0,0.0,0.0,0.975106227573592,0.975106227573592,1.012640339769449,1.0496066048479267,6.0,False,0.0,,0.0,sem_sobretensao,False,,[null]
leader_follower,C0,20,pv2,816,-0.0,-0.0,0.0,0.0,1.0078351504741656,1.0078351504741656,1.0080296961644228,1.0494657402550032,1.0,True,0.0,,0.0,sem_sobretensao,False,,[null]
leader_follower,C0,20,pv1,824,-0.0,-0.0,0.0,0.0,1.00168032528244,1.00168032528244,1.0080296961644228,1.0494657402550032,2.0,False,0.0,,0.0,sem_sobretensao,False,,[null]
leader_follower,C0,20,pv3,828,-0.0,-0.0,0.0,0.0,1.001158047785484,1.001158047785484,1.0080296961644228,1.0494657402550032,3.0,False,0.0,,0.0,sem_sobretensao,False,,[null]
leader_follower,C0,20,pv4,830,-0.0,-0.0,0.0,0.0,0.9885559519361026,0.9885559519361026,1.0080296961644228,1.0494657402550032,4.0,False,0.0,,0.0,sem_sobretensao,False,,[null]
leader_follower,C0,20,pv5,850,-0.0,-0.0,0.0,0.0,1.0080296961644228,1.0080296961644228,1.0080296961644228,1.0494657402550032,5.0,False,0.0,,0.0,sem_sobretensao,False,,[null]
leader_follower,C0,20,pv6,832,-0.0,-0.0,0.0,0.0,0.9665920784800835,0.9665920784800835,1.0080296961644228,1.0494657402550032,6.0,False,0.0,,0.0,sem_sobretensao,False,,[null]
leader_follower,C0,21,pv2,816,-0.0,-0.0,0.0,0.0,1.0061895964378378,1.0061895964378378,1.0063905442901253,1.0494156571369113,1.0,True,0.0,,0.0,sem_sobretensao,False,,[null]
leader_follower,C0,21,pv1,824,-0.0,-0.0,0.0,0.0,0.9998296239446813,0.9998296239446813,1.0063905442901253,1.0494156571369113,2.0,False,0.0,,0.0,sem_sobretensao,False,,[null]
leader_follower,C0,21,pv3,828,-0.0,-0.0,0.0,0.0,0.9992900728255069,0.9992900728255069,1.0063905442901253,1.0494156571369113,3.0,False,0.0,,0.0,sem_sobretensao,False,,[null]
leader_follower,C0,21,pv4,830,-0.0,-0.0,0.0,0.0,0.9862707730472382,0.9862707730472382,1.0063905442901253,1.0494156571369113,4.0,False,0.0,,0.0,sem_sobretensao,False,,[null]
leader_follower,C0,21,pv5,850,-0.0,-0.0,0.0,0.0,1.0063905442901253,1.0063905442901253,1.0063905442901253,1.0494156571369113,5.0,False,0.0,,0.0,sem_sobretensao,False,,[null]
leader_follower,C0,21,pv6,832,-0.0,-0.0,0.0,0.0,0.963565563609644,0.963565563609644,1.0063905442901253,1.0494156571369113,6.0,False,0.0,,0.0,sem_sobretensao,False,,[null]
leader_follower,C0,22,pv2,816,-0.0,-0.0,0.0,0.0,1.005861808419378,1.005861808419378,1.0060640314884584,1.049405687339917,1.0,True,0.0,,0.0,sem_sobretensao,False,,[null]
leader_follower,C0,22,pv1,824,-0.0,-0.0,0.0,0.0,0.9994609737243804,0.9994609737243804,1.0060640314884584,1.049405687339917,2.0,False,0.0,,0.0,sem_sobretensao,False,,[null]
leader_follower,C0,22,pv3,828,-0.0,-0.0,0.0,0.0,0.998917981930852,0.998917981930852,1.0060640314884584,1.049405687339917,3.0,False,0.0,,0.0,sem_sobretensao,False,,[null]
leader_follower,C0,22,pv4,830,-0.0,-0.0,0.0,0.0,0.9858155814373928,0.9858155814373928,1.0060640314884584,1.049405687339917,4.0,False,0.0,,0.0,sem_sobretensao,False,,[null]
leader_follower,C0,22,pv5,850,-0.0,-0.0,0.0,0.0,1.0060640314884584,1.0060640314884584,1.0060640314884584,1.049405687339917,5.0,False,0.0,,0.0,sem_sobretensao,False,,[null]
leader_follower,C0,22,pv6,832,-0.0,-0.0,0.0,0.0,0.9629627164790315,0.9629627164790315,1.0060640314884584,1.049405687339917,6.0,False,0.0,,0.0,sem_sobretensao,False,,[null]
leader_follower,C0,23,pv2,816,-0.0,-0.0,0.0,0.0,1.0157857990852877,1.0157857990852877,1.0159494099998208,1.0497076999321218,1.0,True,0.0,,0.0,sem_sobretensao,False,,[null]
leader_follower,C0,23,pv1,824,-0.0,-0.0,0.0,0.0,1.0106227444912799,1.0106227444912799,1.0159494099998208,1.0497076999321218,2.0,False,0.0,,0.0,sem_sobretensao,False,,[null]
leader_follower,C0,23,pv3,828,-0.0,-0.0,0.0,0.0,1.010183972127752,1.010183972127752,1.0159494099998208,1.0497076999321218,3.0,False,0.0,,0.0,sem_sobretensao,False,,[null]
leader_follower,C0,23,pv4,830,-0.0,-0.0,0.0,0.0,0.9995990501550605,0.9995990501550605,1.0159494099998208,1.0497076999321218,4.0,False,0.0,,0.0,sem_sobretensao,False,,[null]
leader_follower,C0,23,pv5,850,-0.0,-0.0,0.0,0.0,1.0159494099998208,1.0159494099998208,1.0159494099998208,1.0497076999321218,5.0,False,0.0,,0.0,sem_sobretensao,False,,[null]
leader_follower,C0,23,pv6,832,-0.0,-0.0,0.0,0.0,0.9812181271943435,0.9812181271943435,1.0159494099998208,1.0497076999321218,6.0,False,0.0,,0.0,sem_sobretensao,False,,[null]
leader_follower,C1,0,pv2,816,-0.0,-0.0,0.0,0.0,1.0450262948633384,1.0450262948633384,1.0450761113146874,1.0505970659065018,1.0,True,0.0,,0.0,sem_sobretensao,False,,[null]
leader_follower,C1,0,pv1,824,-0.0,-0.0,0.0,0.0,1.0435191673339033,1.0435191673339033,1.0450761113146874,1.0505970659065018,2.0,False,0.0,,0.0,sem_sobretensao,False,,[null]
leader_follower,C1,0,pv3,828,-0.0,-0.0,0.0,0.0,1.0433881517951473,1.0433881517951473,1.0450761113146874,1.0505970659065018,3.0,False,0.0,,0.0,sem_sobretensao,False,,[null]
leader_follower,C1,0,pv4,830,-0.0,-0.0,0.0,0.0,1.0402417834114022,1.0402417834114022,1.0450761113146874,1.0505970659065018,4.0,False,0.0,,0.0,sem_sobretensao,False,,[null]
leader_follower,C1,0,pv5,850,-0.0,-0.0,0.0,0.0,1.0450761113146874,1.0450761113146874,1.0450761113146874,1.0505970659065018,5.0,False,0.0,,0.0,sem_sobretensao,False,,[null]
leader_follower,C1,0,pv6,832,-0.0,-0.0,0.0,0.0,1.035054528358762,1.035054528358762,1.0450761113146874,1.0505970659065018,6.0,False,0.0,,0.0,sem_sobretensao,False,,[null]
leader_follower,C1,1,pv2,816,-0.0,-0.0,0.0,0.0,1.045026590394128,1.045026590394128,1.0450764055625177,1.0505970903489996,1.0,True,0.0,,0.0,sem_sobretensao,False,,[null]
leader_follower,C1,1,pv1,824,-0.0,-0.0,0.0,0.0,1.0435194971179793,1.0435194971179793,1.0450764055625177,1.0505970903489996,2.0,False,0.0,,0.0,sem_sobretensao,False,,[null]
leader_follower,C1,1,pv3,828,-0.0,-0.0,0.0,0.0,1.043388484707053,1.043388484707053,1.0450764055625177,1.0505970903489996,3.0,False,0.0,,0.0,sem_sobretensao,False,,[null]
leader_follower,C1,1,pv4,830,-0.0,-0.0,0.0,0.0,1.0402421909746449,1.0402421909746449,1.0450764055625177,1.0505970903489996,4.0,False,0.0,,0.0,sem_sobretensao,False,,[null]
leader_follower,C1,1,pv5,850,-0.0,-0.0,0.0,0.0,1.0450764055625177,1.0450764055625177,1.0450764055625177,1.0505970903489996,5.0,False,0.0,,0.0,sem_sobretensao,False,,[null]
leader_follower,C1,1,pv6,832,-0.0,-0.0,0.0,0.0,1.035055078078631,1.035055078078631,1.0450764055625177,1.0505970903489996,6.0,False,0.0,,0.0,sem_sobretensao,False,,[null]
leader_follower,C1,2,pv2,816,-0.0,-0.0,0.0,0.0,1.044957170134863,1.044957170134863,1.0450072554978005,1.050594980095696,1.0,True,0.0,,0.0,sem_sobretensao,False,,[null]
leader_follower,C1,2,pv1,824,-0.0,-0.0,0.0,0.0,1.0434413812534848,1.0434413812534848,1.0450072554978005,1.050594980095696,2.0,False,0.0,,0.0,sem_sobretensao,False,,[null]
leader_follower,C1,2,pv3,828,-0.0,-0.0,0.0,0.0,1.0433096369965245,1.0433096369965245,1.0450072554978005,1.050594980095696,3.0,False,0.0,,0.0,sem_sobretensao,False,,[null]
leader_follower,C1,2,pv4,830,-0.0,-0.0,0.0,0.0,1.0401456464219776,1.0401456464219776,1.0450072554978005,1.050594980095696,4.0,False,0.0,,0.0,sem_sobretensao,False,,[null]
leader_follower,C1,2,pv5,850,-0.0,-0.0,0.0,0.0,1.0450072554978005,1.0450072554978005,1.0450072554978005,1.050594980095696,5.0,False,0.0,,0.0,sem_sobretensao,False,,[null]
leader_follower,C1,2,pv6,832,-0.0,-0.0,0.0,0.0,1.0349271785104097,1.0349271785104097,1.0450072554978005,1.050594980095696,6.0,False,0.0,,0.0,sem_sobretensao,False,,[null]
leader_follower,C1,3,pv2,816,-0.0,-0.0,0.0,0.0,1.0449571021647743,1.0449571021647743,1.045007187805771,1.0505949776249721,1.0,True,0.0,,0.0,sem_sobretensao,False,,[null]
leader_follower,C1,3,pv1,824,-0.0,-0.0,0.0,0.0,1.0434413052741978,1.0434413052741978,1.045007187805771,1.0505949776249721,2.0,False,0.0,,0.0,sem_sobretensao,False,,[null]
leader_follower,C1,3,pv3,828,-0.0,-0.0,0.0,0.0,1.0433095603397917,1.0433095603397917,1.045007187805771,1.0505949776249721,3.0,False,0.0,,0.0,sem_sobretensao,False,,[null]
leader_follower,C1,3,pv4,830,-0.0,-0.0,0.0,0.0,1.04014555352833,1.04014555352833,1.045007187805771,1.0505949776249721,4.0,False,0.0,,0.0,sem_sobretensao,False,,[null]
leader_follower,C1,3,pv5,850,-0.0,-0.0,0.0,0.0,1.045007187805771,1.045007187805771,1.045007187805771,1.0505949776249721,5.0,False,0.0,,0.0,sem_sobretensao,False,,[null]
leader_follower,C1,3,pv6,832,-0.0,-0.0,0.0,0.0,1.034927055347267,1.034927055347267,1.045007187805771,1.0505949776249721,6.0,False,0.0,,0.0,sem_sobretensao,False,,[null]
leader_follower,C1,4,pv2,816,-0.0,-0.0,0.0,0.0,1.0450265231229214,1.0450265231229214,1.0450763385661972,1.0505970879234297,1.0,True,0.0,,0.0,sem_sobretensao,False,,[null]
leader_follower,C1,4,pv1,824,-0.0,-0.0,0.0,0.0,1.0435194219130088,1.0435194219130088,1.0450763385661972,1.0505970879234297,2.0,False,0.0,,0.0,sem_sobretensao,False,,[null]
leader_follower,C1,4,pv3,828,-0.0,-0.0,0.0,0.0,1.043388408831456,1.043388408831456,1.0450763385661972,1.0505970879234297,3.0,False,0.0,,0.0,sem_sobretensao,False,,[null]
leader_follower,C1,4,pv4,830,-0.0,-0.0,0.0,0.0,1.040242099025251,1.040242099025251,1.0450763385661972,1.0505970879234297,4.0,False,0.0,,0.0,sem_sobretensao,False,,[null]
leader_follower,C1,4,pv5,850,-0.0,-0.0,0.0,0.0,1.0450763385661972,1.0450763385661972,1.0450763385661972,1.0505970879234297,5.0,False,0.0,,0.0,sem_sobretensao,False,,[null]
leader_follower,C1,4,pv6,832,-0.0,-0.0,0.0,0.0,1.035054956170033,1.035054956170033,1.0450763385661972,1.0505970879234297,6.0,False,0.0,,0.0,sem_sobretensao,False,,[null]
leader_follower,C1,5,pv2,816,-0.0,-0.0,0.0,0.0,1.046437942275659,1.046437942275659,1.0464804756969754,1.0506393917986803,1.0,True,0.0,,0.0,sem_sobretensao,False,,[null]
leader_follower,C1,5,pv1,824,-0.0,-0.0,0.0,0.0,1.0450850714048536,1.0450850714048536,1.0464804756969754,1.0506393917986803,2.0,False,0.0,,0.0,sem_sobretensao,False,,[null]
leader_follower,C1,5,pv3,828,-0.0,-0.0,0.0,0.0,1.044968726726859,1.044968726726859,1.0464804756969754,1.0506393917986803,3.0,False,0.0,,0.0,sem_sobretensao,False,,[null]
leader_follower,C1,5,pv4,830,-0.0,-0.0,0.0,0.0,1.0421771197491476,1.0421771197491476,1.0464804756969754,1.0506393917986803,4.0,False,0.0,,0.0,sem_sobretensao,False,,[null]
leader_follower,C1,5,pv5,850,-0.0,-0.0,0.0,0.0,1.0464804756969754,1.0464804756969754,1.0464804756969754,1.0506393917986803,5.0,False,0.0,,0.0,sem_sobretensao,False,,[null]
leader_follower,C1,5,pv6,832,-0.0,-0.0,0.0,0.0,1.0376184354041749,1.0376184354041749,1.0464804756969754,1.0506393917986803,6.0,False,0.0,,0.0,sem_sobretensao,False,,[null]
leader_follower,C1,6,pv2,816,15.625241782068512,15.625241782068512,0.0,0.0,1.04834074378191,1.04834074378191,1.048378245454802,1.0506384889471005,1.0,True,0.0,0.0,0.0,sem_sobretensao,False,0.0,[0.0]
leader_follower,C1,6,pv1,824,18.7503236717592,18.7503236717592,0.0,0.0,1.047157904836951,1.047157904836951,1.048378245454802,1.0506384889471005,2.0,False,0.0,0.0,0.0,sem_sobretensao,False,0.0,[0.0]
leader_follower,C1,6,pv3,828,12.50021771214404,12.50021771214404,0.0,0.0,1.047045538729875,1.047045538729875,1.048378245454802,1.0506384889471005,3.0,False,0.0,0.0,0.0,sem_sobretensao,False,0.0,[0.0]
leader_follower,C1,6,pv4,830,16.250349249231206,16.250349249231206,0.0,0.0,1.044222209515069,1.044222209515069,1.048378245454802,1.0506384889471005,4.0,False,0.0,0.0,0.0,sem_sobretensao,False,0.0,[0.0]
leader_follower,C1,6,pv5,850,11.250173385025839,11.250173385025839,0.0,0.0,1.048378245454802,1.048378245454802,1.048378245454802,1.0506384889471005,5.0,False,0.0,0.0,0.0,sem_sobretensao,False,0.0,[0.0]
leader_follower,C1,6,pv6,832,14.375428037447021,14.375428037447021,0.0,0.0,1.039316562019864,1.039316562019864,1.048378245454802,1.0506384889471005,6.0,False,0.0,0.0,0.0,sem_sobretensao,False,0.0,[0.0]
leader_follower,C1,7,pv2,816,46.87517293313687,17.95990522702177,28.915267706115095,0.616856738188081,1.0562538666391135,1.0504690067798903,1.0504984172786416,1.050798209951824,1.0,True,0.0,0.6168567686643006,313.0,convergiu,False,0.015871892916574957,[0.015872]
leader_follower,C1,7,pv1,824,56.250221496230566,22.325349647801854,33.92487184842871,0.6031064232030267,1.0558852978158422,1.0495365768293272,1.0504984172786416,1.050798209951824,2.0,False,0.0,0.6031064580021623,313.0,convergiu,False,0.015871892916574957,[0.015872]
leader_follower,C1,7,pv3,828,37.500148594787916,15.329357284119533,22.170791310668385,0.5912187227672568,1.0558243986090114,1.0494436323954417,1.0504984172786416,1.050798209951824,3.0,False,0.0,0.5912187588971278,313.0,convergiu,False,0.015871892916574957,[0.015872]
leader_follower,C1,7,pv4,830,48.75022589866943,20.38907348704166,28.361152411627767,0.5817644885661368,1.053993713057545,1.0470614322992977,1.0504984172786416,1.050798209951824,4.0,False,0.0,0.5817645331650011,313.0,convergiu,False,0.015871892916574957,[0.015872]
leader_follower,C1,7,pv5,850,33.750124023076154,14.337130727055007,19.41299329602115,0.5751976539949822,1.0562616463457974,1.0504984172786416,1.0504984172786416,1.050798209951824,5.0,False,0.0,0.5751976876513935,313.0,convergiu,False,0.015871892916574957,[0.015872]
leader_follower,C1,7,pv6,832,43.12526281682057,18.464790783937545,24.66047203288303,0.5718334863377708,1.0502737503980755,1.0428644632718598,1.0504984172786416,1.050798209951824,6.0,False,0.0,0.5718335477196086,313.0,convergiu,False,0.015871892916574957,[0.015872]
leader_follower,C1,8,pv2,816,85.41699496303386,36.37219175132418,49.04480321170968,0.5741808040612808,1.0600225763528361,1.0504648415671625,1.0504950961953885,1.0507796443179567,1.0,True,0.0,0.5741808551440487,209.0,convergiu,False,0.01874905299581912,[0.018749]
leader_follower,C1,8,pv1,824,102.50042152916117,45.18291223159694,57.317509297564236,0.5591928547466275,1.0599113578576231,1.0494211969379816,1.0504950961953885,1.0507796443179567,2.0,False,0.0,0.5591929129897043,209.0,convergiu,False,0.01874905299581912,[0.018749]
leader_follower,C1,8,pv3,828,68.3336153075874,31.06893393393,37.264681373657396,0.5453344896767494,1.0598511737352352,1.049308341032293,1.0504950961953885,1.0507796443179567,3.0,False,0.0,0.5453345502929907,209.0,convergiu,False,0.01874905299581912,[0.018749]
leader_follower,C1,8,pv4,830,88.83371812302948,41.41669629670878,47.417021826320706,0.5337727152484149,1.0577281149575999,1.0462839070171737,1.0504950961953885,1.0507796443179567,4.0,False,0.0,0.5337727929011247,209.0,convergiu,False,0.01874905299581912,[0.018749]
leader_follower,C1,8,pv5,850,61.50023546212065,29.183115498870063,32.31711996325059,0.5254795568402255,1.0600169249210358,1.0504950961953885,1.0504950961953885,1.0507796443179567,5.0,False,0.0,0.5254796135399419,209.0,convergiu,False,0.01874905299581912,[0.018749]
leader_follower,C1,8,pv6,832,78.58368076052253,37.62967689874664,40.95400386177589,0.5211513946770165,1.0527861134529155,1.0405736507659478,1.0504950961953885,1.0507796443179567,6.0,False,0.0,0.5211515096446033,209.0,convergiu,False,0.01874905299581912,[0.018749]
leader_follower,C1,9,pv2,816,109.37601396938015,41.89894679197867,67.47706717740148,0.6169274096839772,1.0634560297776887,1.050469312521171,1.0504998653253068,1.0507740134108283,1.0,True,0.0,0.616927466348259,181.0,convergiu,False,0.021253728784613214,[0.021254]
leader_follower,C1,9,pv1,824,131.25131194952317,52.395893167286765,78.8554187822364,0.6007971202277012,1.063645007156971,1.0493911997283052,1.0504998653253068,1.0507740134108283,2.0,False,0.0,0.6007971852697574,181.0,convergiu,False,0.021253728784613214,[0.021254]
leader_follower,C1,9,pv3,828,87.50087791134037,36.292618398346136,51.20825951299423,0.5852313115783806,1.0635972302898427,1.0492720923028267,1.0504998653253068,1.0507740134108283,3.0,False,0.0,0.5852313797911906,181.0,convergiu,False,0.021253728784613214,[0.021254]
leader_follower,C1,9,pv4,830,113.75120372263726,48.70104735824328,65.05015636439398,0.5718633658611674,1.0615841248734983,1.046043155357521,1.0504998653253068,1.0507740134108283,4.0,False,0.0,0.5718634549398492,181.0,convergiu,False,0.021253728784613214,[0.021254]
leader_follower,C1,9,pv5,850,78.75072722231577,34.48556632179323,44.265160900522545,0.562092026079155,1.0634377072370178,1.0504998653253068,1.0504998653253068,1.0507740134108283,5.0,False,0.0,0.5620920905982316,181.0,convergiu,False,0.021253728784613214,[0.021254]
leader_follower,C1,9,pv6,832,100.62608337206441,44.583621391775615,56.0424619802888,0.5569375891016806,1.0564042271085874,1.039840490290128,1.0504998653253068,1.0507740134108283,6.0,False,0.0,0.5569377253119561,181.0,convergiu,False,0.021253728784613214,[0.021254]
leader_follower,C1,10,pv2,816,122.9183263217439,47.80115945445145,75.11716686729245,0.6111144012487968,1.0647988785109217,1.0504685685125088,1.0504994043677744,1.0507662651501708,1.0,True,0.0,0.6111144620588967,167.0,convergiu,False,0.022671992544084366,[0.022672]
leader_follower,C1,10,pv1,824,147.50215882491744,59.828001161185874,87.67415766373156,0.5943922994792751,1.065083177040583,1.0493545630024135,1.0504994043677744,1.0507662651501708,2.0,False,0.0,0.5943923693198233,167.0,convergiu,False,0.022671992544084366,[0.022672]
leader_follower,C1,10,pv3,828,98.33477819810552,41.50966637931428,56.82511181879124,0.5778739286601566,1.0650361505386206,1.049228993763232,1.0504994043677744,1.0507662651501708,3.0,False,0.0,0.5778740020576566,167.0,convergiu,False,0.022671992544084366,[0.022672]
leader_follower,C1,10,pv4,830,127.83531568797218,55.8040478510792,72.031267836893,0.5634691399425586,1.0629336622477183,1.0457905171781878,1.0504994043677744,1.0507662651501708,4.0,False,0.0,0.5634692373483949,167.0,convergiu,False,0.022671992544084366,[0.022672]
leader_follower,C1,10,pv5,850,88.5011903085763,39.57448272905111,48.926707579525186,0.5528366482434047,1.0647757048512696,1.0504994043677744,1.0504994043677744,1.0507662651501708,5.0,False,0.0,0.5528367178897016,167.0,convergiu,False,0.022671992544084366,[0.022672]
leader_follower,C1,10,pv6,832,113.08510073018635,51.205230012609235,61.87987071757712,0.547197225598428,1.057350810374563,1.0390896086131318,1.0504994043677744,1.0507662651501708,6.0,False,0.0,0.5471973789475454,167.0,convergiu,False,0.022671992544084366,[0.022672]
leader_follower,C1,11,pv2,816,125.00095733728467,67.49521458343817,57.505742753846505,0.46004235541259786,1.061235773593364,1.0504603482558954,1.0504918677978197,1.0507394889167683,1.0,True,0.0,0.46004241870469237,152.0,convergiu,False,0.0223616690056017,[0.022362]
leader_follower,C1,11,pv1,824,150.00123569254907,83.46747963644623,66.53375605610285,0.44355464815344453,1.0610597783986833,1.0492339355985765,1.0504918677978197,1.0507394889167683,2.0,False,0.0,0.44355471972560384,152.0,convergiu,False,0.0223616690056017,[0.022362]
leader_follower,C1,11,pv3,828,100.00082616374121,57.27431488464693,42.72651127909428,0.4272615083764862,1.0609725988606593,1.049088020490846,1.0504918677978197,1.0507394889167683,3.0,False,0.0,0.4272615829106647,152.0,convergiu,False,0.0223616690056017,[0.022362]
leader_follower,C1,11,pv4,830,130.00109804019218,76.30386214732798,53.6972358928642,0.4130520671800405,1.0578779546632595,1.0449964312281819,1.0504918677978197,1.0507394889167683,4.0,False,0.0,0.4130521718844462,152.0,convergiu,False,0.0223616690056017,[0.022362]
leader_follower,C1,11,pv5,850,90.00068659344421,53.76962136079764,36.23106523264657,0.40256425063181667,1.061226553560453,1.0504918677978197,1.0504918677978197,1.0507394889167683,5.0,False,0.0,0.4025643203847036,152.0,convergiu,False,0.0223616690056017,[0.022362]
leader_follower,C1,11,pv6,832,115.00090634874903,69.34530532481571,45.655601023933315,0.3970019155006871,1.050489343697058,1.0367709499438365,1.0504918677978197,1.0507394889167683,6.0,False,0.0,0.3970020974050345,152.0,convergiu,False,0.0223616690056017,[0.022362]
leader_follower,C1,12,pv2,816,114.58396748694213,71.32264701396569,43.261320472976436,0.37755119174945734,1.058475997718108,1.0504601727066987,1.0504917540229324,1.0507352447463465,1.0,True,0.0,0.3775512527780682,150.0,convergiu,False,0.021188705315174708,[0.021189]
leader_follower,C1,12,pv1,824,137.50081121633704,87.78637290270196,49.714438313635085,0.36155734969360837,1.058009501826309,1.0492139447785933,1.0504917540229324,1.0507352447463465,2.0,False,0.0,0.3615574182716408,150.0,convergiu,False,0.021188705315174708,[0.021189]
leader_follower,C1,12,pv3,828,91.66720947667527,59.94560809352062,31.72160138315465,0.3460517129882418,1.0579033711917296,1.0490643887669886,1.0504917540229324,1.0507352447463465,3.0,False,0.0,0.34605178410308446,150.0,convergiu,False,0.021188705315174708,[0.021189]
leader_follower,C1,12,pv4,830,119.1674194191075,79.52061468718739,39.64680473192011,0.3326982561157144,1.05443139405611,1.0448574301252112,1.0504917540229324,1.0507352447463465,4.0,False,0.0,0.33269835769862344,150.0,convergiu,False,0.021188705315174708,[0.021189]
leader_follower,C1,12,pv5,850,82.50045479818124,55.85928357738746,26.64117122079378,0.322921441231389,1.0584772344305273,1.0504917540229324,1.0504917540229324,1.0507352447463465,5.0,False,0.0,0.3229215073536916,150.0,convergiu,False,0.021188705315174708,[0.021189]
leader_follower,C1,12,pv6,832,105.41738309748567,71.91997318706171,33.497409910423954,0.31775965082603896,1.0465580377998493,1.0363696968440956,1.0504917540229324,1.0507352447463465,6.0,False,0.0,0.31775983169158095,150.0,convergiu,False,0.021188705315174708,[0.021189]
leader_follower,C1,13,pv2,816,91.66698348605668,65.76868433094889,25.898299155107793,0.2825258634826323,1.0551908301156239,1.0504616444374848,1.0504929264375555,1.0507439735591093,1.0,True,0.0,0.2825259234045499,153.0,convergiu,False,0.01904580768586987,[0.019046]
leader_follower,C1,13,pv1,824,110.00040317421733,80.58259816655097,29.41780500766636,0.26743354371199896,1.0544374800122125,1.049250022726813,1.0504929264375555,1.0507439735591093,2.0,False,0.0,0.2674336107757241,153.0,convergiu,False,0.01904580768586987,[0.019046]
leader_follower,C1,13,pv3,828,73.3336035832353,54.75269511331314,18.580908469922164,0.2533750216926556,1.0543195761830206,1.0491067271094885,1.0504929264375555,1.0507439735591093,3.0,False,0.0,0.2533750908453914,153.0,convergiu,False,0.01904580768586987,[0.019046]
leader_follower,C1,13,pv4,830,95.33373528677345,72.3021206773262,23.031614609447246,0.24158924816338656,1.0507455021146372,1.045104196795007,1.0504929264375555,1.0507439735591093,4.0,False,0.0,0.24158934442425692,153.0,convergiu,False,0.01904580768586987,[0.019046]
leader_follower,C1,13,pv5,850,66.00022720743557,50.614938488766775,15.385288718668797,0.233109568848129,1.0552041871008393,1.0504929264375555,1.0504929264375555,1.0507439735591093,5.0,False,0.0,0.2331096326428327,153.0,convergiu,False,0.01904580768586987,[0.019046]
leader_follower,C1,13,pv6,832,84.33378595972803,65.04860837409893,19.2851775856291,0.22867660288536446,1.0431065538963444,1.0371079441056823,1.0504929264375555,1.0507439735591093,6.0,False,0.0,0.22867676775282403,153.0,convergiu,False,0.01904580768586987,[0.019046]
leader_follower,C1,14,pv2,816,62.50020130985852,50.39421349475351,12.10598781510501,0.19369512360531924,1.052613622894277,1.0504662073758635,1.0504968443944585,1.0507652793007516,1.0,True,0.0,0.19369518115768794,156.0,convergiu,False,0.01684154800775007,[0.016842]
leader_follower,C1,14,pv1,824,75.0002587692756,61.53602652564564,13.464232243629965,0.17952241283881765,1.0516996384197117,1.0493454058501748,1.0504968443944585,1.0507652793007516,2.0,False,0.0,0.17952247718304787,156.0,convergiu,False,0.01684154800775007,[0.016842]
leader_follower,C1,14,pv3,828,50.0001736628652,41.65190080964879,8.348272853216415,0.16696481116600678,1.0515841350554853,1.0492185537224612,1.0504968443944585,1.0507652793007516,3.0,False,0.0,0.1669648771523492,156.0,convergiu,False,0.01684154800775007,[0.016842]
leader_follower,C1,14,pv4,830,65.00026789898666,54.80819978730955,10.192068111677116,0.15680031504029399,1.0483035677146681,1.045747507489333,1.0504968443944585,1.0507652793007516,4.0,False,0.0,0.1568004016155141,156.0,convergiu,False,0.01684154800775007,[0.016842]
leader_follower,C1,14,pv5,850,45.00014436772445,38.26560563918399,6.734538728540464,0.1496558756132602,1.0526360955298497,1.0504968443944585,1.0504968443944585,1.0507652793007516,5.0,False,0.0,0.14965593606785607,156.0,convergiu,False,0.01684154800775007,[0.016842]
leader_follower,C1,14,pv6,832,57.50032045404198,49.10695390275715,8.393366551284835,0.14597064379487504,1.0417206375636467,1.0390062045843356,1.0504968443944585,1.0507652793007516,6.0,False,0.0,0.14597077868450076,156.0,convergiu,False,0.01684154800775007,[0.016842]
leader_follower,C1,15,pv2,816,28.124947722375992,28.124947722375992,0.0,0.0,1.038637024219329,1.038637024219329,1.0387127583245732,1.0502955100153593,1.0,True,0.0,0.0,0.0,sem_sobretensao,False,0.0,[0.0]
leader_follower,C1,15,pv1,824,33.74993259182918,33.74993259182918,0.0,0.0,1.036165762635018,1.036165762635018,1.0387127583245732,1.0502955100153593,2.0,False,0.0,0.0,0.0,sem_sobretensao,False,0.0,[0.0]
leader_follower,C1,15,pv3,828,22.499954791138737,22.499954791138737,0.0,0.0,1.0359378482812307,1.0359378482812307,1.0387127583245732,1.0502955100153593,3.0,False,0.0,0.0,0.0,sem_sobretensao,False,0.0,[0.0]
leader_follower,C1,15,pv4,830,29.24993228328161,29.24993228328161,0.0,0.0,1.0302157541391332,1.0302157541391332,1.0387127583245732,1.0502955100153593,4.0,False,0.0,0.0,0.0,sem_sobretensao,False,0.0,[0.0]
leader_follower,C1,15,pv5,850,20.249962511919193,20.249962511919193,0.0,0.0,1.0387127583245732,1.0387127583245732,1.0387127583245732,1.0502955100153593,5.0,False,0.0,0.0,0.0,sem_sobretensao,False,0.0,[0.0]
leader_follower,C1,15,pv6,832,25.87492440903972,25.87492440903972,0.0,0.0,1.01993212976713,1.01993212976713,1.0387127583245732,1.0502955100153593,6.0,False,0.0,0.0,0.0,sem_sobretensao,False,0.0,[0.0]
leader_follower,C1,16,pv2,816,3.125032294595427,3.125032294595427,0.0,0.0,1.0394703803118983,1.0394703803118983,1.03954194147698,1.0504162382879951,1.0,True,0.0,0.0,0.0,sem_sobretensao,False,0.0,[0.0]
leader_follower,C1,16,pv1,824,3.7500421409576665,3.7500421409576665,0.0,0.0,1.037249237229001,1.037249237229001,1.03954194147698,1.0504162382879951,2.0,False,0.0,0.0,0.0,sem_sobretensao,False,0.0,[0.0]
leader_follower,C1,16,pv3,828,2.5000282767898927,2.5000282767898927,0.0,0.0,1.037056377956073,1.037056377956073,1.03954194147698,1.0504162382879951,3.0,False,0.0,0.0,0.0,sem_sobretensao,False,0.0,[0.0]
leader_follower,C1,16,pv4,830,3.2500425487383513,3.2500425487383513,0.0,0.0,1.032388850852868,1.032388850852868,1.03954194147698,1.0504162382879951,4.0,False,0.0,0.0,0.0,sem_sobretensao,False,0.0,[0.0]
leader_follower,C1,16,pv5,850,2.250023159169913,2.250023159169913,0.0,0.0,1.03954194147698,1.03954194147698,1.03954194147698,1.0504162382879951,5.0,False,0.0,0.0,0.0,sem_sobretensao,False,0.0,[0.0]
leader_follower,C1,16,pv6,832,2.8750471329296348,2.8750471329296348,0.0,0.0,1.0244469035472614,1.0244469035472614,1.03954194147698,1.0504162382879951,6.0,False,0.0,0.0,0.0,sem_sobretensao,False,0.0,[0.0]
leader_follower,C1,17,pv2,816,-0.0,-0.0,0.0,0.0,1.0319530456641128,1.0319530456641128,1.0320537436109634,1.0501995250985579,1.0,True,0.0,,0.0,sem_sobretensao,False,,[null]
leader_follower,C1,17,pv1,824,-0.0,-0.0,0.0,0.0,1.0288097422283975,1.0288097422283975,1.0320537436109634,1.0501995250985579,2.0,False,0.0,,0.0,sem_sobretensao,False,,[null]
leader_follower,C1,17,pv3,828,-0.0,-0.0,0.0,0.0,1.0285410077167665,1.0285410077167665,1.0320537436109634,1.0501995250985579,3.0,False,0.0,,0.0,sem_sobretensao,False,,[null]
leader_follower,C1,17,pv4,830,-0.0,-0.0,0.0,0.0,1.0220651174905708,1.0220651174905708,1.0320537436109634,1.0501995250985579,4.0,False,0.0,,0.0,sem_sobretensao,False,,[null]
leader_follower,C1,17,pv5,850,-0.0,-0.0,0.0,0.0,1.0320537436109634,1.0320537436109634,1.0320537436109634,1.0501995250985579,5.0,False,0.0,,0.0,sem_sobretensao,False,,[null]
leader_follower,C1,17,pv6,832,-0.0,-0.0,0.0,0.0,1.0109757984235852,1.0109757984235852,1.0320537436109634,1.0501995250985579,6.0,False,0.0,,0.0,sem_sobretensao,False,,[null]
leader_follower,C1,18,pv2,816,-0.0,-0.0,0.0,0.0,1.035368449501018,1.035368449501018,1.0354558554930642,1.0503034017860868,1.0,True,0.0,,0.0,sem_sobretensao,False,,[null]
leader_follower,C1,18,pv1,824,-0.0,-0.0,0.0,0.0,1.0326523500430973,1.0326523500430973,1.0354558554930642,1.0503034017860868,2.0,False,0.0,,0.0,sem_sobretensao,False,,[null]
leader_follower,C1,18,pv3,828,-0.0,-0.0,0.0,0.0,1.0324195763808066,1.0324195763808066,1.0354558554930642,1.0503034017860868,3.0,False,0.0,,0.0,sem_sobretensao,False,,[null]
leader_follower,C1,18,pv4,830,-0.0,-0.0,0.0,0.0,1.02681295674242,1.02681295674242,1.0354558554930642,1.0503034017860868,4.0,False,0.0,,0.0,sem_sobretensao,False,,[null]
leader_follower,C1,18,pv5,850,-0.0,-0.0,0.0,0.0,1.0354558554930642,1.0354558554930642,1.0354558554930642,1.0503034017860868,5.0,False,0.0,,0.0,sem_sobretensao,False,,[null]
leader_follower,C1,18,pv6,832,-0.0,-0.0,0.0,0.0,1.0172650561019754,1.0172650561019754,1.0354558554930642,1.0503034017860868,6.0,False,0.0,,0.0,sem_sobretensao,False,,[null]
leader_follower,C1,19,pv2,816,-0.0,-0.0,0.0,0.0,1.0124638034940296,1.0124638034940296,1.012640339769449,1.0496066048479267,1.0,True,0.0,,0.0,sem_sobretensao,False,,[null]
leader_follower,C1,19,pv1,824,-0.0,-0.0,0.0,0.0,1.0068862241138117,1.0068862241138117,1.012640339769449,1.0496066048479267,2.0,False,0.0,,0.0,sem_sobretensao,False,,[null]
leader_follower,C1,19,pv3,828,-0.0,-0.0,0.0,0.0,1.0064125502225403,1.0064125502225403,1.012640339769449,1.0496066048479267,3.0,False,0.0,,0.0,sem_sobretensao,False,,[null]
leader_follower,C1,19,pv4,830,-0.0,-0.0,0.0,0.0,0.9949844738133676,0.9949844738133676,1.012640339769449,1.0496066048479267,4.0,False,0.0,,0.0,sem_sobretensao,False,,[null]
leader_follower,C1,19,pv5,850,-0.0,-0.0,0.0,0.0,1.012640339769449,1.012640339769449,1.012640339769449,1.0496066048479267,5.0,False,0.0,,0.0,sem_sobretensao,False,,[null]
leader_follower,C1,19,pv6,832,-0.0,-0.0,0.0,0.0,0.975106227573592,0.975106227573592,1.012640339769449,1.0496066048479267,6.0,False,0.0,,0.0,sem_sobretensao,False,,[null]
leader_follower,C1,20,pv2,816,-0.0,-0.0,0.0,0.0,1.0078351504741656,1.0078351504741656,1.0080296961644228,1.0494657402550032,1.0,True,0.0,,0.0,sem_sobretensao,False,,[null]
leader_follower,C1,20,pv1,824,-0.0,-0.0,0.0,0.0,1.00168032528244,1.00168032528244,1.0080296961644228,1.0494657402550032,2.0,False,0.0,,0.0,sem_sobretensao,False,,[null]
leader_follower,C1,20,pv3,828,-0.0,-0.0,0.0,0.0,1.001158047785484,1.001158047785484,1.0080296961644228,1.0494657402550032,3.0,False,0.0,,0.0,sem_sobretensao,False,,[null]
leader_follower,C1,20,pv4,830,-0.0,-0.0,0.0,0.0,0.9885559519361026,0.9885559519361026,1.0080296961644228,1.0494657402550032,4.0,False,0.0,,0.0,sem_sobretensao,False,,[null]
leader_follower,C1,20,pv5,850,-0.0,-0.0,0.0,0.0,1.0080296961644228,1.0080296961644228,1.0080296961644228,1.0494657402550032,5.0,False,0.0,,0.0,sem_sobretensao,False,,[null]
leader_follower,C1,20,pv6,832,-0.0,-0.0,0.0,0.0,0.9665920784800835,0.9665920784800835,1.0080296961644228,1.0494657402550032,6.0,False,0.0,,0.0,sem_sobretensao,False,,[null]
leader_follower,C1,21,pv2,816,-0.0,-0.0,0.0,0.0,1.0061895964378378,1.0061895964378378,1.0063905442901253,1.0494156571369113,1.0,True,0.0,,0.0,sem_sobretensao,False,,[null]
leader_follower,C1,21,pv1,824,-0.0,-0.0,0.0,0.0,0.9998296239446813,0.9998296239446813,1.0063905442901253,1.0494156571369113,2.0,False,0.0,,0.0,sem_sobretensao,False,,[null]
leader_follower,C1,21,pv3,828,-0.0,-0.0,0.0,0.0,0.9992900728255069,0.9992900728255069,1.0063905442901253,1.0494156571369113,3.0,False,0.0,,0.0,sem_sobretensao,False,,[null]
leader_follower,C1,21,pv4,830,-0.0,-0.0,0.0,0.0,0.9862707730472382,0.9862707730472382,1.0063905442901253,1.0494156571369113,4.0,False,0.0,,0.0,sem_sobretensao,False,,[null]
leader_follower,C1,21,pv5,850,-0.0,-0.0,0.0,0.0,1.0063905442901253,1.0063905442901253,1.0063905442901253,1.0494156571369113,5.0,False,0.0,,0.0,sem_sobretensao,False,,[null]
leader_follower,C1,21,pv6,832,-0.0,-0.0,0.0,0.0,0.963565563609644,0.963565563609644,1.0063905442901253,1.0494156571369113,6.0,False,0.0,,0.0,sem_sobretensao,False,,[null]
leader_follower,C1,22,pv2,816,-0.0,-0.0,0.0,0.0,1.005861808419378,1.005861808419378,1.0060640314884584,1.049405687339917,1.0,True,0.0,,0.0,sem_sobretensao,False,,[null]
leader_follower,C1,22,pv1,824,-0.0,-0.0,0.0,0.0,0.9994609737243804,0.9994609737243804,1.0060640314884584,1.049405687339917,2.0,False,0.0,,0.0,sem_sobretensao,False,,[null]
leader_follower,C1,22,pv3,828,-0.0,-0.0,0.0,0.0,0.998917981930852,0.998917981930852,1.0060640314884584,1.049405687339917,3.0,False,0.0,,0.0,sem_sobretensao,False,,[null]
leader_follower,C1,22,pv4,830,-0.0,-0.0,0.0,0.0,0.9858155814373928,0.9858155814373928,1.0060640314884584,1.049405687339917,4.0,False,0.0,,0.0,sem_sobretensao,False,,[null]
leader_follower,C1,22,pv5,850,-0.0,-0.0,0.0,0.0,1.0060640314884584,1.0060640314884584,1.0060640314884584,1.049405687339917,5.0,False,0.0,,0.0,sem_sobretensao,False,,[null]
leader_follower,C1,22,pv6,832,-0.0,-0.0,0.0,0.0,0.9629627164790315,0.9629627164790315,1.0060640314884584,1.049405687339917,6.0,False,0.0,,0.0,sem_sobretensao,False,,[null]
leader_follower,C1,23,pv2,816,-0.0,-0.0,0.0,0.0,1.0157857990852877,1.0157857990852877,1.0159494099998208,1.0497076999321218,1.0,True,0.0,,0.0,sem_sobretensao,False,,[null]
leader_follower,C1,23,pv1,824,-0.0,-0.0,0.0,0.0,1.0106227444912799,1.0106227444912799,1.0159494099998208,1.0497076999321218,2.0,False,0.0,,0.0,sem_sobretensao,False,,[null]
leader_follower,C1,23,pv3,828,-0.0,-0.0,0.0,0.0,1.010183972127752,1.010183972127752,1.0159494099998208,1.0497076999321218,3.0,False,0.0,,0.0,sem_sobretensao,False,,[null]
leader_follower,C1,23,pv4,830,-0.0,-0.0,0.0,0.0,0.9995990501550605,0.9995990501550605,1.0159494099998208,1.0497076999321218,4.0,False,0.0,,0.0,sem_sobretensao,False,,[null]
leader_follower,C1,23,pv5,850,-0.0,-0.0,0.0,0.0,1.0159494099998208,1.0159494099998208,1.0159494099998208,1.0497076999321218,5.0,False,0.0,,0.0,sem_sobretensao,False,,[null]
leader_follower,C1,23,pv6,832,-0.0,-0.0,0.0,0.0,0.9812181271943435,0.9812181271943435,1.0159494099998208,1.0497076999321218,6.0,False,0.0,,0.0,sem_sobretensao,False,,[null]
leader_follower,C2,0,pv2,816,-0.0,-0.0,0.0,0.0,1.0450262948633384,1.0450262948633384,1.0450761113146874,1.0505970659065018,1.0,True,0.0,,0.0,sem_sobretensao,False,,"[null, null]"
leader_follower,C2,0,pv1,824,-0.0,-0.0,0.0,0.0,1.0435191673339033,1.0435191673339033,1.0450761113146874,1.0505970659065018,2.0,False,1.0,,0.0,sem_sobretensao,False,,"[null, null]"
leader_follower,C2,0,pv3,828,-0.0,-0.0,0.0,0.0,1.0433881517951473,1.0433881517951473,1.0450761113146874,1.0505970659065018,3.0,False,1.0,,0.0,sem_sobretensao,False,,"[null, null]"
leader_follower,C2,0,pv4,830,-0.0,-0.0,0.0,0.0,1.0402417834114022,1.0402417834114022,1.0450761113146874,1.0505970659065018,4.0,False,1.0,,0.0,sem_sobretensao,False,,"[null, null]"
leader_follower,C2,0,pv5,850,-0.0,-0.0,0.0,0.0,1.0450761113146874,1.0450761113146874,1.0450761113146874,1.0505970659065018,5.0,False,1.0,,0.0,sem_sobretensao,False,,"[null, null]"
leader_follower,C2,0,pv6,832,-0.0,-0.0,0.0,0.0,1.035054528358762,1.035054528358762,1.0450761113146874,1.0505970659065018,6.0,False,1.0,,0.0,sem_sobretensao,False,,"[null, null]"
leader_follower,C2,1,pv2,816,-0.0,-0.0,0.0,0.0,1.045026590394128,1.045026590394128,1.0450764055625177,1.0505970903489996,1.0,True,0.0,,0.0,sem_sobretensao,False,,"[null, null]"
leader_follower,C2,1,pv1,824,-0.0,-0.0,0.0,0.0,1.0435194971179793,1.0435194971179793,1.0450764055625177,1.0505970903489996,2.0,False,1.0,,0.0,sem_sobretensao,False,,"[null, null]"
leader_follower,C2,1,pv3,828,-0.0,-0.0,0.0,0.0,1.043388484707053,1.043388484707053,1.0450764055625177,1.0505970903489996,3.0,False,1.0,,0.0,sem_sobretensao,False,,"[null, null]"
leader_follower,C2,1,pv4,830,-0.0,-0.0,0.0,0.0,1.0402421909746449,1.0402421909746449,1.0450764055625177,1.0505970903489996,4.0,False,1.0,,0.0,sem_sobretensao,False,,"[null, null]"
leader_follower,C2,1,pv5,850,-0.0,-0.0,0.0,0.0,1.0450764055625177,1.0450764055625177,1.0450764055625177,1.0505970903489996,5.0,False,1.0,,0.0,sem_sobretensao,False,,"[null, null]"
leader_follower,C2,1,pv6,832,-0.0,-0.0,0.0,0.0,1.035055078078631,1.035055078078631,1.0450764055625177,1.0505970903489996,6.0,False,1.0,,0.0,sem_sobretensao,False,,"[null, null]"
leader_follower,C2,2,pv2,816,-0.0,-0.0,0.0,0.0,1.044957170134863,1.044957170134863,1.0450072554978005,1.050594980095696,1.0,True,0.0,,0.0,sem_sobretensao,False,,"[null, null]"
leader_follower,C2,2,pv1,824,-0.0,-0.0,0.0,0.0,1.0434413812534848,1.0434413812534848,1.0450072554978005,1.050594980095696,2.0,False,1.0,,0.0,sem_sobretensao,False,,"[null, null]"
leader_follower,C2,2,pv3,828,-0.0,-0.0,0.0,0.0,1.0433096369965245,1.0433096369965245,1.0450072554978005,1.050594980095696,3.0,False,1.0,,0.0,sem_sobretensao,False,,"[null, null]"
leader_follower,C2,2,pv4,830,-0.0,-0.0,0.0,0.0,1.0401456464219776,1.0401456464219776,1.0450072554978005,1.050594980095696,4.0,False,1.0,,0.0,sem_sobretensao,False,,"[null, null]"
leader_follower,C2,2,pv5,850,-0.0,-0.0,0.0,0.0,1.0450072554978005,1.0450072554978005,1.0450072554978005,1.050594980095696,5.0,False,1.0,,0.0,sem_sobretensao,False,,"[null, null]"
leader_follower,C2,2,pv6,832,-0.0,-0.0,0.0,0.0,1.0349271785104097,1.0349271785104097,1.0450072554978005,1.050594980095696,6.0,False,1.0,,0.0,sem_sobretensao,False,,"[null, null]"
leader_follower,C2,3,pv2,816,-0.0,-0.0,0.0,0.0,1.0449571021647743,1.0449571021647743,1.045007187805771,1.0505949776249721,1.0,True,0.0,,0.0,sem_sobretensao,False,,"[null, null]"
leader_follower,C2,3,pv1,824,-0.0,-0.0,0.0,0.0,1.0434413052741978,1.0434413052741978,1.045007187805771,1.0505949776249721,2.0,False,1.0,,0.0,sem_sobretensao,False,,"[null, null]"
leader_follower,C2,3,pv3,828,-0.0,-0.0,0.0,0.0,1.0433095603397917,1.0433095603397917,1.045007187805771,1.0505949776249721,3.0,False,1.0,,0.0,sem_sobretensao,False,,"[null, null]"
leader_follower,C2,3,pv4,830,-0.0,-0.0,0.0,0.0,1.04014555352833,1.04014555352833,1.045007187805771,1.0505949776249721,4.0,False,1.0,,0.0,sem_sobretensao,False,,"[null, null]"
leader_follower,C2,3,pv5,850,-0.0,-0.0,0.0,0.0,1.045007187805771,1.045007187805771,1.045007187805771,1.0505949776249721,5.0,False,1.0,,0.0,sem_sobretensao,False,,"[null, null]"
leader_follower,C2,3,pv6,832,-0.0,-0.0,0.0,0.0,1.034927055347267,1.034927055347267,1.045007187805771,1.0505949776249721,6.0,False,1.0,,0.0,sem_sobretensao,False,,"[null, null]"
leader_follower,C2,4,pv2,816,-0.0,-0.0,0.0,0.0,1.0450265231229214,1.0450265231229214,1.0450763385661972,1.0505970879234297,1.0,True,0.0,,0.0,sem_sobretensao,False,,"[null, null]"
leader_follower,C2,4,pv1,824,-0.0,-0.0,0.0,0.0,1.0435194219130088,1.0435194219130088,1.0450763385661972,1.0505970879234297,2.0,False,1.0,,0.0,sem_sobretensao,False,,"[null, null]"
leader_follower,C2,4,pv3,828,-0.0,-0.0,0.0,0.0,1.043388408831456,1.043388408831456,1.0450763385661972,1.0505970879234297,3.0,False,1.0,,0.0,sem_sobretensao,False,,"[null, null]"
leader_follower,C2,4,pv4,830,-0.0,-0.0,0.0,0.0,1.040242099025251,1.040242099025251,1.0450763385661972,1.0505970879234297,4.0,False,1.0,,0.0,sem_sobretensao,False,,"[null, null]"
leader_follower,C2,4,pv5,850,-0.0,-0.0,0.0,0.0,1.0450763385661972,1.0450763385661972,1.0450763385661972,1.0505970879234297,5.0,False,1.0,,0.0,sem_sobretensao,False,,"[null, null]"
leader_follower,C2,4,pv6,832,-0.0,-0.0,0.0,0.0,1.035054956170033,1.035054956170033,1.0450763385661972,1.0505970879234297,6.0,False,1.0,,0.0,sem_sobretensao,False,,"[null, null]"
leader_follower,C2,5,pv2,816,-0.0,-0.0,0.0,0.0,1.046437942275659,1.046437942275659,1.0464804756969754,1.0506393917986803,1.0,True,0.0,,0.0,sem_sobretensao,False,,"[null, null]"
leader_follower,C2,5,pv1,824,-0.0,-0.0,0.0,0.0,1.0450850714048536,1.0450850714048536,1.0464804756969754,1.0506393917986803,2.0,False,1.0,,0.0,sem_sobretensao,False,,"[null, null]"
leader_follower,C2,5,pv3,828,-0.0,-0.0,0.0,0.0,1.044968726726859,1.044968726726859,1.0464804756969754,1.0506393917986803,3.0,False,1.0,,0.0,sem_sobretensao,False,,"[null, null]"
leader_follower,C2,5,pv4,830,-0.0,-0.0,0.0,0.0,1.0421771197491476,1.0421771197491476,1.0464804756969754,1.0506393917986803,4.0,False,1.0,,0.0,sem_sobretensao,False,,"[null, null]"
leader_follower,C2,5,pv5,850,-0.0,-0.0,0.0,0.0,1.0464804756969754,1.0464804756969754,1.0464804756969754,1.0506393917986803,5.0,False,1.0,,0.0,sem_sobretensao,False,,"[null, null]"
leader_follower,C2,5,pv6,832,-0.0,-0.0,0.0,0.0,1.0376184354041749,1.0376184354041749,1.0464804756969754,1.0506393917986803,6.0,False,1.0,,0.0,sem_sobretensao,False,,"[null, null]"
leader_follower,C2,6,pv2,816,15.625241782068512,15.625241782068512,0.0,0.0,1.04834074378191,1.04834074378191,1.048378245454802,1.0506384889471005,1.0,True,0.0,0.0,0.0,sem_sobretensao,False,0.0,"[0.0, 0.0]"
leader_follower,C2,6,pv1,824,18.7503236717592,18.7503236717592,0.0,0.0,1.047157904836951,1.047157904836951,1.048378245454802,1.0506384889471005,2.0,False,1.0,0.0,0.0,sem_sobretensao,False,0.0,"[0.0, 0.0]"
leader_follower,C2,6,pv3,828,12.50021771214404,12.50021771214404,0.0,0.0,1.047045538729875,1.047045538729875,1.048378245454802,1.0506384889471005,3.0,False,1.0,0.0,0.0,sem_sobretensao,False,0.0,"[0.0, 0.0]"
leader_follower,C2,6,pv4,830,16.250349249231206,16.250349249231206,0.0,0.0,1.044222209515069,1.044222209515069,1.048378245454802,1.0506384889471005,4.0,False,1.0,0.0,0.0,sem_sobretensao,False,0.0,"[0.0, 0.0]"
leader_follower,C2,6,pv5,850,11.250173385025839,11.250173385025839,0.0,0.0,1.048378245454802,1.048378245454802,1.048378245454802,1.0506384889471005,5.0,False,1.0,0.0,0.0,sem_sobretensao,False,0.0,"[0.0, 0.0]"
leader_follower,C2,6,pv6,832,14.375428037447021,14.375428037447021,0.0,0.0,1.039316562019864,1.039316562019864,1.048378245454802,1.0506384889471005,6.0,False,1.0,0.0,0.0,sem_sobretensao,False,0.0,"[0.0, 0.0]"
leader_follower,C2,7,pv2,816,46.87517293313687,-0.0,46.87517293313687,1.0,1.0562538666391135,1.0545622200330411,1.0545772454054587,1.0545775605182972,1.0,True,0.0,1.0,500.0,nao_convergiu,True,0.37267633388224414,"[0.0, 1e-06]"
leader_follower,C2,7,pv1,824,56.250221496230566,56.25,0.00022149623056577639,0.0,1.0558852978158422,1.054194904307846,1.0545772454054587,1.0545775605182972,2.0,False,1.0,3.937695260108785e-06,500.0,nao_convergiu,True,0.37267633388224414,"[0.0, 1e-06]"
leader_follower,C2,7,pv3,828,37.500148594787916,37.5,0.00014859478791606762,0.0,1.0558243986090114,1.0541340768289105,1.0545772454054587,1.0545775605182972,3.0,False,1.0,3.962511976198424e-06,500.0,nao_convergiu,True,0.37267633388224414,"[0.0, 1e-06]"
leader_follower,C2,7,pv4,830,48.75022589866943,48.75,0.00022589866942723802,0.0,1.053993713057545,1.0523044247955378,1.0545772454054587,1.0545775605182972,4.0,False,1.0,4.633797387868179e-06,500.0,nao_convergiu,True,0.37267633388224414,"[0.0, 1e-06]"
leader_follower,C2,7,pv5,850,33.750124023076154,33.75,0.00012402307615388963,0.0,1.0562616463457974,1.0545772454054587,1.0545772454054587,1.0545775605182972,5.0,False,1.0,3.674744308171747e-06,500.0,nao_convergiu,True,0.37267633388224414,"[0.0, 1e-06]"
leader_follower,C2,7,pv6,832,43.12526281682057,43.125,0.000262816820573164,0.0,1.0502737503980755,1.0485838081221688,1.0545772454054587,1.0545775605182972,6.0,False,1.0,6.094265945450771e-06,500.0,nao_convergiu,True,0.37267633388224414,"[0.0, 1e-06]"
leader_follower,C2,8,pv2,816,85.41682376226728,-0.0,85.41682376226728,1.0,1.0600224948915418,1.0570014127896947,1.0570087726309085,1.0570087726309085,1.0,True,0.0,1.0,500.0,nao_convergiu,True,0.3726772906723742,"[0.0, 0.0]"
leader_follower,C2,8,pv1,824,102.5002024745861,102.5,0.00020247458610356261,0.0,1.0599112682957341,1.0568973083076225,1.0570087726309085,1.0570087726309085,2.0,False,1.0,1.9753579135979187e-06,500.0,nao_convergiu,True,0.3726772906723742,"[0.0, 0.0]"
leader_follower,C2,8,pv3,828,68.3334686199959,68.33333333333334,0.00013528666255524513,0.0,1.0598510837655635,1.0568375979879672,1.0570087726309085,1.0570087726309085,3.0,False,1.0,1.979800898262279e-06,500.0,nao_convergiu,True,0.3726772906723742,"[0.0, 0.0]"
leader_follower,C2,8,pv4,830,88.83350891622982,88.83333333333331,0.00017558289650310144,0.0,1.0577280192654348,1.0547238374567898,1.0570087726309085,1.0570087726309085,4.0,False,1.0,1.9765390182737965e-06,500.0,nao_convergiu,True,0.3726772906723742,"[0.0, 0.0]"
leader_follower,C2,8,pv5,850,61.50011267616818,61.5,0.00011267616817889348,0.0,1.0600168437640818,1.0570087726309085,1.0570087726309085,1.0570087726309085,5.0,False,1.0,1.832129459212462e-06,500.0,nao_convergiu,True,0.3726772906723742,"[0.0, 0.0]"
leader_follower,C2,8,pv6,832,78.58346712087132,78.58333333333333,0.00013378753799031529,0.0,1.0527860177622854,1.0497918764438987,1.0570087726309085,1.0570087726309085,6.0,False,1.0,1.7024896316235719e-06,500.0,nao_convergiu,True,0.3726772906723742,"[0.0, 0.0]"
leader_follower,C2,9,pv2,816,109.37558653479047,-0.0,109.37558653479047,1.0,1.0634555270708923,1.0596538556437418,1.059857268630359,1.059857268630359,1.0,True,0.0,1.0,500.0,nao_convergiu,True,0.37267581478467476,"[0.0, 0.0]"
leader_follower,C2,9,pv1,824,131.25076123380558,131.25,0.0007612338055764667,0.0,1.0636444549972965,1.059857268630359,1.059857268630359,1.059857268630359,2.0,False,1.0,5.799842975542298e-06,500.0,nao_convergiu,True,0.37267581478467476,"[0.0, 0.0]"
leader_follower,C2,9,pv3,828,87.50050943057855,87.5,0.0005094305785462439,0.0,1.0635966753957038,1.0598104975163192,1.059857268630359,1.059857268630359,3.0,False,1.0,5.8220298585851964e-06,500.0,nao_convergiu,True,0.37267581478467476,"[0.0, 0.0]"
leader_follower,C2,9,pv4,830,113.75069791503472,113.74999999999997,0.0006979150347490304,0.0,1.0615835253141686,1.0578183675405792,1.059857268630359,1.059857268630359,4.0,False,1.0,6.135479144667166e-06,500.0,nao_convergiu,True,0.37267581478467476,"[0.0, 0.0]"
leader_follower,C2,9,pv5,850,78.7504206740149,78.75,0.0004206740149044208,0.0,1.0634372064049533,1.0596519767120893,1.059857268630359,1.059857268630359,5.0,False,1.0,5.341863717094144e-06,500.0,nao_convergiu,True,0.37267581478467476,"[0.0, 0.0]"
leader_follower,C2,9,pv6,832,100.62562068033337,100.62499999999999,0.0006206803333839161,0.0,1.0564036020074599,1.052666498799646,1.059857268630359,1.059857268630359,6.0,False,1.0,6.168213713241961e-06,500.0,nao_convergiu,True,0.37267581478467476,"[0.0, 0.0]"
leader_follower,C2,10,pv2,816,122.9174039920948,-0.0,122.9174039920948,1.0,1.064797845702541,1.0605499225652424,1.0608520426612322,1.0608520426612322,1.0,True,0.0,1.0,500.0,nao_convergiu,True,0.37267553302570217,"[0.0, 0.0]"
leader_follower,C2,10,pv1,824,147.50096294272316,147.5,0.0009629427231629961,0.0,1.0650820414006594,1.0608520426612322,1.0608520426612322,1.0608520426612322,2.0,False,1.0,6.528382621725129e-06,500.0,nao_convergiu,True,0.37267553302570217,"[0.0, 0.0]"
leader_follower,C2,10,pv3,828,98.333977986683,98.33333333333331,0.0006446533496813345,0.0,1.065035009179983,1.0608062530791245,1.0608520426612322,1.0608520426612322,3.0,False,1.0,6.555753798230735e-06,500.0,nao_convergiu,True,0.37267553302570217,"[0.0, 0.0]"
leader_follower,C2,10,pv4,830,127.83422254172959,127.83333333333334,0.000889208396245067,0.0,1.0629324267011868,1.0587295059051085,1.0608520426612322,1.0608520426612322,4.0,False,1.0,6.955949499006794e-06,500.0,nao_convergiu,True,0.37267553302570217,"[0.0, 0.0]"
leader_follower,C2,10,pv5,850,88.50052882619207,88.5,0.0005288261920668447,0.0,1.0647746759465104,1.0605451569836264,1.0608520426612322,1.0608520426612322,5.0,False,1.0,5.975401492859064e-06,500.0,nao_convergiu,True,0.37267553302570217,"[0.0, 0.0]"
leader_follower,C2,10,pv6,832,113.08412855631518,113.08333333333333,0.0007952229818499745,0.0,1.0573495187478414,1.0531810597523592,1.0608520426612322,1.0608520426612322,6.0,False,1.0,7.032136091971196e-06,500.0,nao_convergiu,True,0.37267553302570217,"[0.0, 0.0]"
leader_follower,C2,11,pv2,816,124.99991372149728,-0.0,124.99991372149728,1.0,1.0612352721515248,1.0568562976873508,1.0568660217182304,1.0568660217182304,1.0,True,0.0,1.0,500.0,nao_convergiu,True,0.3726779962499649,"[0.0, 0.0]"
leader_follower,C2,11,pv1,824,149.99989250825146,149.9998925082515,0.0,0.0,1.0610592309095286,1.056693513531216,1.0568660217182304,1.0568660217182304,2.0,False,1.0,0.0,500.0,nao_convergiu,True,0.3726779962499649,"[0.0, 0.0]"
leader_follower,C2,11,pv3,828,99.99992748140994,99.99992748140994,0.0,0.0,1.0609720496482944,1.0566071786762161,1.0568660217182304,1.0568660217182304,3.0,False,1.0,0.0,500.0,nao_convergiu,True,0.3726779962499649,"[0.0, 0.0]"
leader_follower,C2,11,pv4,830,129.99986489451874,129.99986489451874,0.0,0.0,1.0578773972005389,1.0535284109917369,1.0568660217182304,1.0568660217182304,4.0,False,1.0,0.0,500.0,nao_convergiu,True,0.3726779962499649,"[0.0, 0.0]"
leader_follower,C2,11,pv5,850,89.9999381358505,89.9999381358505,0.0,0.0,1.0612260540813805,1.0568660217182304,1.0568660217182304,1.0568660217182304,5.0,False,1.0,0.0,500.0,nao_convergiu,True,0.3726779962499649,"[0.0, 0.0]"
leader_follower,C2,11,pv6,832,114.9997782997138,114.99977829971378,1.4210854715202004e-14,0.0,1.050488853761179,1.046154779876944,1.0568660217182304,1.0568660217182304,6.0,False,1.0,1.2357288792475326e-16,500.0,nao_convergiu,True,0.3726779962499649,"[0.0, 0.0]"
leader_follower,C2,12,pv2,816,114.57991021666504,-0.0,114.57991021666504,1.0,1.0584748463905524,1.0544409500289282,1.054459620001937,1.054459807468582,1.0,True,0.0,1.0,500.0,nao_convergiu,True,0.3726779962499649,"[0.0, 0.0]"
leader_follower,C2,12,pv1,824,137.49549082550385,137.49549082550385,0.0,0.0,1.0580082478084716,1.0539859765361443,1.054459620001937,1.054459807468582,2.0,False,1.0,0.0,500.0,nao_convergiu,True,0.3726779962499649,"[0.0, 0.0]"
leader_follower,C2,12,pv3,828,91.66364967441284,91.66364967441284,0.0,0.0,1.0579021144289948,1.0538805926398807,1.054459620001937,1.054459807468582,3.0,False,1.0,0.0,500.0,nao_convergiu,True,0.3726779962499649,"[0.0, 0.0]"
leader_follower,C2,12,pv4,830,119.16262677260212,119.16262677260212,0.0,0.0,1.054430163123295,1.0504228216953138,1.054459620001937,1.054459807468582,4.0,False,1.0,0.0,500.0,nao_convergiu,True,0.3726779962499649,"[0.0, 0.0]"
leader_follower,C2,12,pv5,850,82.49754390540623,82.49754390540622,1.4210854715202004e-14,0.0,1.058476087982114,1.054459620001937,1.054459620001937,1.054459807468582,5.0,False,1.0,1.7225791269006176e-16,500.0,nao_convergiu,True,0.3726779962499649,"[0.0, 0.0]"
leader_follower,C2,12,pv6,832,105.41321137265088,105.41321137265089,0.0,0.0,1.0465570911426951,1.0425630049701236,1.054459620001937,1.054459807468582,6.0,False,1.0,0.0,500.0,nao_convergiu,True,0.3726779962499649,"[0.0, 0.0]"
leader_follower,C2,13,pv2,816,91.66746387249634,-0.0,91.66746387249634,1.0,1.0551904813064346,1.0519409164420677,1.0519683096731776,1.0519688606630295,1.0,True,0.0,1.0,500.0,nao_convergiu,True,0.3726735665467865,"[0.0, 4e-06]"
leader_follower,C2,13,pv1,824,110.00098623065156,109.99999999999997,0.0009862306515913133,0.0,1.054437097765627,1.0511953348213878,1.0519683096731776,1.0519688606630295,2.0,False,1.0,8.96565281263362e-06,500.0,nao_convergiu,True,0.3726735665467865,"[0.0, 4e-06]"
leader_follower,C2,13,pv3,828,73.33399740362384,73.33333333333333,0.0006640702905116314,0.0,1.0543191918312167,1.0510779229158833,1.0519683096731776,1.0519688606630295,3.0,False,1.0,9.055421960112814e-06,500.0,nao_convergiu,True,0.3726735665467865,"[0.0, 4e-06]"
leader_follower,C2,13,pv4,830,95.33450439345981,95.33333333333336,0.0011710601264525167,0.0,1.0507450774797102,1.0475132078832823,1.0519683096731776,1.0519688606630295,4.0,False,1.0,1.2283696589215755e-05,500.0,nao_convergiu,True,0.3726735665467865,"[0.0, 4e-06]"
leader_follower,C2,13,pv5,850,66.0005712410553,66.0,0.0005712410552973779,0.0,1.05520383990912,1.0519683096731776,1.0519683096731776,1.0519688606630295,5.0,False,1.0,8.655092593229565e-06,500.0,nao_convergiu,True,0.3726735665467865,"[0.0, 4e-06]"
leader_follower,C2,13,pv6,832,84.33505976841339,84.33333333333333,0.0017264350800587636,0.0,1.0431060782160195,1.0398827927400562,1.0519683096731776,1.0519688606630295,6.0,False,1.0,2.0471143137855197e-05,500.0,nao_convergiu,True,0.3726735665467865,"[0.0, 4e-06]"
leader_follower,C2,14,pv2,816,62.50012755822278,3.447243359069269,59.05288419915351,0.944844216063857,1.0526136273442854,1.0504980760652618,1.0505296612749708,1.0507775933440402,1.0,True,0.0,0.9448442188240664,147.0,convergiu,True,0.3521216921155338,"[0.0, 1e-06]"
leader_follower,C2,14,pv1,824,75.00016315361067,74.9999960777396,0.0001670758710758946,0.0,1.0516996434864962,1.0495874430532601,1.0505296612749708,1.0507775933440402,2.0,False,1.0,2.227673434972404e-06,147.0,convergiu,True,0.3521216921155338,"[0.0, 1e-06]"
leader_follower,C2,14,pv3,828,50.00010947352597,49.99999736277703,0.00011211074893680006,0.0,1.0515841402291193,1.0494721457184586,1.0505296612749708,1.0507775933440402,3.0,False,1.0,2.242210069483156e-06,147.0,convergiu,True,0.3521216921155338,"[0.0, 1e-06]"
leader_follower,C2,14,pv4,830,65.00016879101929,64.9999955399049,0.00017325111438992735,0.0,1.0483035761274198,1.046195459166049,1.0505296612749708,1.0507775933440402,4.0,False,1.0,2.6653948383879348e-06,147.0,convergiu,True,0.3521216921155338,"[0.0, 1e-06]"
leader_follower,C2,14,pv5,850,45.00009147493438,44.999997757922245,9.371701213467531e-05,0.0,1.0526360999555244,1.0505296612749708,1.0505296612749708,1.0507775933440402,5.0,False,1.0,2.0825960362075457e-06,147.0,convergiu,True,0.3521216921155338,"[0.0, 1e-06]"
leader_follower,C2,14,pv6,832,57.500202778077636,57.49999366619601,0.00020911188162386907,0.0,1.0417206536841668,1.0396153801412273,1.0505296612749708,1.0507775933440402,6.0,False,1.0,3.636715550916187e-06,147.0,convergiu,True,0.3521216921155338,"[0.0, 1e-06]"
leader_follower,C2,15,pv2,816,28.124946733788857,28.124946733788857,0.0,0.0,1.0386370246038628,1.0386370246038628,1.0387127587074236,1.0502955100559643,1.0,True,0.0,0.0,0.0,sem_sobretensao,False,0.0,"[0.0, 0.0]"
leader_follower,C2,15,pv1,824,33.74993128189027,33.74993128189027,0.0,0.0,1.0361657630600551,1.0361657630600551,1.0387127587074236,1.0502955100559643,2.0,False,1.0,0.0,0.0,sem_sobretensao,False,0.0,"[0.0, 0.0]"
leader_follower,C2,15,pv3,828,22.499953910942125,22.499953910942125,0.0,0.0,1.0359378487103583,1.0359378487103583,1.0387127587074236,1.0502955100559643,3.0,False,1.0,0.0,0.0,sem_sobretensao,False,0.0,"[0.0, 0.0]"
leader_follower,C2,15,pv4,830,29.249930911017834,29.249930911017834,0.0,0.0,1.0302157546677375,1.0302157546677375,1.0387127587074236,1.0502955100559643,4.0,False,1.0,0.0,0.0,sem_sobretensao,False,0.0,"[0.0, 0.0]"
leader_follower,C2,15,pv5,850,20.249961802962808,20.249961802962808,0.0,0.0,1.0387127587074236,1.0387127587074236,1.0387127587074236,1.0502955100559643,5.0,False,1.0,0.0,0.0,sem_sobretensao,False,0.0,"[0.0, 0.0]"
leader_follower,C2,15,pv6,832,25.87492279837511,25.87492279837511,0.0,0.0,1.0199321304922868,1.0199321304922868,1.0387127587074236,1.0502955100559643,6.0,False,1.0,0.0,0.0,sem_sobretensao,False,0.0,"[0.0, 0.0]"
leader_follower,C2,16,pv2,816,3.1250322945706746,3.1250322945706746,0.0,0.0,1.0394703803119776,1.0394703803119776,1.0395419414770588,1.0504162382879993,1.0,True,0.0,0.0,0.0,sem_sobretensao,False,0.0,"[0.0, 0.0]"
leader_follower,C2,16,pv1,824,3.750042140925493,3.750042140925493,0.0,0.0,1.037249237229088,1.037249237229088,1.0395419414770588,1.0504162382879993,2.0,False,1.0,0.0,0.0,sem_sobretensao,False,0.0,"[0.0, 0.0]"
leader_follower,C2,16,pv3,828,2.5000282767683117,2.5000282767683117,0.0,0.0,1.037056377956161,1.037056377956161,1.0395419414770588,1.0504162382879993,3.0,False,1.0,0.0,0.0,sem_sobretensao,False,0.0,"[0.0, 0.0]"
leader_follower,C2,16,pv4,830,3.2500425487061007,3.2500425487061007,0.0,0.0,1.032388850852974,1.032388850852974,1.0395419414770588,1.0504162382879993,4.0,False,1.0,0.0,0.0,sem_sobretensao,False,0.0,"[0.0, 0.0]"
leader_follower,C2,16,pv5,850,2.2500231591521627,2.2500231591521627,0.0,0.0,1.0395419414770588,1.0395419414770588,1.0395419414770588,1.0504162382879993,5.0,False,1.0,0.0,0.0,sem_sobretensao,False,0.0,"[0.0, 0.0]"
leader_follower,C2,16,pv6,832,2.875047132894247,2.875047132894247,0.0,0.0,1.024446903547402,1.024446903547402,1.0395419414770588,1.0504162382879993,6.0,False,1.0,0.0,0.0,sem_sobretensao,False,0.0,"[0.0, 0.0]"
leader_follower,C2,17,pv2,816,-0.0,-0.0,0.0,0.0,1.0319530456641124,1.0319530456641124,1.032053743610963,1.0501995250985579,1.0,True,0.0,,0.0,sem_sobretensao,False,,"[null, null]"
leader_follower,C2,17,pv1,824,-0.0,-0.0,0.0,0.0,1.0288097422283968,1.0288097422283968,1.032053743610963,1.0501995250985579,2.0,False,1.0,,0.0,sem_sobretensao,False,,"[null, null]"
leader_follower,C2,17,pv3,828,-0.0,-0.0,0.0,0.0,1.0285410077167663,1.0285410077167663,1.032053743610963,1.0501995250985579,3.0,False,1.0,,0.0,sem_sobretensao,False,,"[null, null]"
leader_follower,C2,17,pv4,830,-0.0,-0.0,0.0,0.0,1.0220651174905706,1.0220651174905706,1.032053743610963,1.0501995250985579,4.0,False,1.0,,0.0,sem_sobretensao,False,,"[null, null]"
leader_follower,C2,17,pv5,850,-0.0,-0.0,0.0,0.0,1.032053743610963,1.032053743610963,1.032053743610963,1.0501995250985579,5.0,False,1.0,,0.0,sem_sobretensao,False,,"[null, null]"
leader_follower,C2,17,pv6,832,-0.0,-0.0,0.0,0.0,1.010975798423585,1.010975798423585,1.032053743610963,1.0501995250985579,6.0,False,1.0,,0.0,sem_sobretensao,False,,"[null, null]"
leader_follower,C2,18,pv2,816,-0.0,-0.0,0.0,0.0,1.035368449501018,1.035368449501018,1.0354558554930642,1.0503034017860868,1.0,True,0.0,,0.0,sem_sobretensao,False,,"[null, null]"
leader_follower,C2,18,pv1,824,-0.0,-0.0,0.0,0.0,1.0326523500430973,1.0326523500430973,1.0354558554930642,1.0503034017860868,2.0,False,1.0,,0.0,sem_sobretensao,False,,"[null, null]"
leader_follower,C2,18,pv3,828,-0.0,-0.0,0.0,0.0,1.0324195763808066,1.0324195763808066,1.0354558554930642,1.0503034017860868,3.0,False,1.0,,0.0,sem_sobretensao,False,,"[null, null]"
leader_follower,C2,18,pv4,830,-0.0,-0.0,0.0,0.0,1.02681295674242,1.02681295674242,1.0354558554930642,1.0503034017860868,4.0,False,1.0,,0.0,sem_sobretensao,False,,"[null, null]"
leader_follower,C2,18,pv5,850,-0.0,-0.0,0.0,0.0,1.0354558554930642,1.0354558554930642,1.0354558554930642,1.0503034017860868,5.0,False,1.0,,0.0,sem_sobretensao,False,,"[null, null]"
leader_follower,C2,18,pv6,832,-0.0,-0.0,0.0,0.0,1.0172650561019754,1.0172650561019754,1.0354558554930642,1.0503034017860868,6.0,False,1.0,,0.0,sem_sobretensao,False,,"[null, null]"
leader_follower,C2,19,pv2,816,-0.0,-0.0,0.0,0.0,1.0124638034940296,1.0124638034940296,1.012640339769449,1.0496066048479267,1.0,True,0.0,,0.0,sem_sobretensao,False,,"[null, null]"
leader_follower,C2,19,pv1,824,-0.0,-0.0,0.0,0.0,1.0068862241138117,1.0068862241138117,1.012640339769449,1.0496066048479267,2.0,False,1.0,,0.0,sem_sobretensao,False,,"[null, null]"
leader_follower,C2,19,pv3,828,-0.0,-0.0,0.0,0.0,1.0064125502225403,1.0064125502225403,1.012640339769449,1.0496066048479267,3.0,False,1.0,,0.0,sem_sobretensao,False,,"[null, null]"
leader_follower,C2,19,pv4,830,-0.0,-0.0,0.0,0.0,0.9949844738133676,0.9949844738133676,1.012640339769449,1.0496066048479267,4.0,False,1.0,,0.0,sem_sobretensao,False,,"[null, null]"
leader_follower,C2,19,pv5,850,-0.0,-0.0,0.0,0.0,1.012640339769449,1.012640339769449,1.012640339769449,1.0496066048479267,5.0,False,1.0,,0.0,sem_sobretensao,False,,"[null, null]"
leader_follower,C2,19,pv6,832,-0.0,-0.0,0.0,0.0,0.975106227573592,0.975106227573592,1.012640339769449,1.0496066048479267,6.0,False,1.0,,0.0,sem_sobretensao,False,,"[null, null]"
leader_follower,C2,20,pv2,816,-0.0,-0.0,0.0,0.0,1.0078351504741656,1.0078351504741656,1.0080296961644228,1.0494657402550032,1.0,True,0.0,,0.0,sem_sobretensao,False,,"[null, null]"
leader_follower,C2,20,pv1,824,-0.0,-0.0,0.0,0.0,1.00168032528244,1.00168032528244,1.0080296961644228,1.0494657402550032,2.0,False,1.0,,0.0,sem_sobretensao,False,,"[null, null]"
leader_follower,C2,20,pv3,828,-0.0,-0.0,0.0,0.0,1.001158047785484,1.001158047785484,1.0080296961644228,1.0494657402550032,3.0,False,1.0,,0.0,sem_sobretensao,False,,"[null, null]"
leader_follower,C2,20,pv4,830,-0.0,-0.0,0.0,0.0,0.9885559519361026,0.9885559519361026,1.0080296961644228,1.0494657402550032,4.0,False,1.0,,0.0,sem_sobretensao,False,,"[null, null]"
leader_follower,C2,20,pv5,850,-0.0,-0.0,0.0,0.0,1.0080296961644228,1.0080296961644228,1.0080296961644228,1.0494657402550032,5.0,False,1.0,,0.0,sem_sobretensao,False,,"[null, null]"
leader_follower,C2,20,pv6,832,-0.0,-0.0,0.0,0.0,0.9665920784800835,0.9665920784800835,1.0080296961644228,1.0494657402550032,6.0,False,1.0,,0.0,sem_sobretensao,False,,"[null, null]"
leader_follower,C2,21,pv2,816,-0.0,-0.0,0.0,0.0,1.0061895964378378,1.0061895964378378,1.0063905442901253,1.0494156571369113,1.0,True,0.0,,0.0,sem_sobretensao,False,,"[null, null]"
leader_follower,C2,21,pv1,824,-0.0,-0.0,0.0,0.0,0.9998296239446813,0.9998296239446813,1.0063905442901253,1.0494156571369113,2.0,False,1.0,,0.0,sem_sobretensao,False,,"[null, null]"
leader_follower,C2,21,pv3,828,-0.0,-0.0,0.0,0.0,0.9992900728255069,0.9992900728255069,1.0063905442901253,1.0494156571369113,3.0,False,1.0,,0.0,sem_sobretensao,False,,"[null, null]"
leader_follower,C2,21,pv4,830,-0.0,-0.0,0.0,0.0,0.9862707730472382,0.9862707730472382,1.0063905442901253,1.0494156571369113,4.0,False,1.0,,0.0,sem_sobretensao,False,,"[null, null]"
leader_follower,C2,21,pv5,850,-0.0,-0.0,0.0,0.0,1.0063905442901253,1.0063905442901253,1.0063905442901253,1.0494156571369113,5.0,False,1.0,,0.0,sem_sobretensao,False,,"[null, null]"
leader_follower,C2,21,pv6,832,-0.0,-0.0,0.0,0.0,0.963565563609644,0.963565563609644,1.0063905442901253,1.0494156571369113,6.0,False,1.0,,0.0,sem_sobretensao,False,,"[null, null]"
leader_follower,C2,22,pv2,816,-0.0,-0.0,0.0,0.0,1.005861808419378,1.005861808419378,1.0060640314884584,1.049405687339917,1.0,True,0.0,,0.0,sem_sobretensao,False,,"[null, null]"
leader_follower,C2,22,pv1,824,-0.0,-0.0,0.0,0.0,0.9994609737243804,0.9994609737243804,1.0060640314884584,1.049405687339917,2.0,False,1.0,,0.0,sem_sobretensao,False,,"[null, null]"
leader_follower,C2,22,pv3,828,-0.0,-0.0,0.0,0.0,0.998917981930852,0.998917981930852,1.0060640314884584,1.049405687339917,3.0,False,1.0,,0.0,sem_sobretensao,False,,"[null, null]"
leader_follower,C2,22,pv4,830,-0.0,-0.0,0.0,0.0,0.9858155814373928,0.9858155814373928,1.0060640314884584,1.049405687339917,4.0,False,1.0,,0.0,sem_sobretensao,False,,"[null, null]"
leader_follower,C2,22,pv5,850,-0.0,-0.0,0.0,0.0,1.0060640314884584,1.0060640314884584,1.0060640314884584,1.049405687339917,5.0,False,1.0,,0.0,sem_sobretensao,False,,"[null, null]"
leader_follower,C2,22,pv6,832,-0.0,-0.0,0.0,0.0,0.9629627164790315,0.9629627164790315,1.0060640314884584,1.049405687339917,6.0,False,1.0,,0.0,sem_sobretensao,False,,"[null, null]"
leader_follower,C2,23,pv2,816,-0.0,-0.0,0.0,0.0,1.0157857990852877,1.0157857990852877,1.0159494099998208,1.0497076999321218,1.0,True,0.0,,0.0,sem_sobretensao,False,,"[null, null]"
leader_follower,C2,23,pv1,824,-0.0,-0.0,0.0,0.0,1.0106227444912799,1.0106227444912799,1.0159494099998208,1.0497076999321218,2.0,False,1.0,,0.0,sem_sobretensao,False,,"[null, null]"
leader_follower,C2,23,pv3,828,-0.0,-0.0,0.0,0.0,1.010183972127752,1.010183972127752,1.0159494099998208,1.0497076999321218,3.0,False,1.0,,0.0,sem_sobretensao,False,,"[null, null]"
leader_follower,C2,23,pv4,830,-0.0,-0.0,0.0,0.0,0.9995990501550605,0.9995990501550605,1.0159494099998208,1.0497076999321218,4.0,False,1.0,,0.0,sem_sobretensao,False,,"[null, null]"
leader_follower,C2,23,pv5,850,-0.0,-0.0,0.0,0.0,1.0159494099998208,1.0159494099998208,1.0159494099998208,1.0497076999321218,5.0,False,1.0,,0.0,sem_sobretensao,False,,"[null, null]"
leader_follower,C2,23,pv6,832,-0.0,-0.0,0.0,0.0,0.9812181271943435,0.9812181271943435,1.0159494099998208,1.0497076999321218,6.0,False,1.0,,0.0,sem_sobretensao,False,,"[null, null]"
leader_follower,C3_lider_curta,0,pv2,816,-0.0,-0.0,0.0,0.0,1.0450262948633384,1.0450262948633384,1.0450761113146874,1.0505970659065018,1.0,True,0.0,,0.0,sem_sobretensao,False,,[null]
leader_follower,C3_lider_curta,0,pv1,824,-0.0,-0.0,0.0,0.0,1.0435191673339033,1.0435191673339033,1.0450761113146874,1.0505970659065018,2.0,False,0.0,,0.0,sem_sobretensao,False,,[null]
leader_follower,C3_lider_curta,0,pv3,828,-0.0,-0.0,0.0,0.0,1.0433881517951473,1.0433881517951473,1.0450761113146874,1.0505970659065018,3.0,False,0.0,,0.0,sem_sobretensao,False,,[null]
leader_follower,C3_lider_curta,0,pv4,830,-0.0,-0.0,0.0,0.0,1.0402417834114022,1.0402417834114022,1.0450761113146874,1.0505970659065018,4.0,False,0.0,,0.0,sem_sobretensao,False,,[null]
leader_follower,C3_lider_curta,0,pv5,850,-0.0,-0.0,0.0,0.0,1.0450761113146874,1.0450761113146874,1.0450761113146874,1.0505970659065018,5.0,False,0.0,,0.0,sem_sobretensao,False,,[null]
leader_follower,C3_lider_curta,0,pv6,832,-0.0,-0.0,0.0,0.0,1.035054528358762,1.035054528358762,1.0450761113146874,1.0505970659065018,6.0,False,0.0,,0.0,sem_sobretensao,False,,[null]
leader_follower,C3_lider_curta,1,pv2,816,-0.0,-0.0,0.0,0.0,1.045026590394128,1.045026590394128,1.0450764055625177,1.0505970903489996,1.0,True,0.0,,0.0,sem_sobretensao,False,,[null]
leader_follower,C3_lider_curta,1,pv1,824,-0.0,-0.0,0.0,0.0,1.0435194971179793,1.0435194971179793,1.0450764055625177,1.0505970903489996,2.0,False,0.0,,0.0,sem_sobretensao,False,,[null]
leader_follower,C3_lider_curta,1,pv3,828,-0.0,-0.0,0.0,0.0,1.043388484707053,1.043388484707053,1.0450764055625177,1.0505970903489996,3.0,False,0.0,,0.0,sem_sobretensao,False,,[null]
leader_follower,C3_lider_curta,1,pv4,830,-0.0,-0.0,0.0,0.0,1.0402421909746449,1.0402421909746449,1.0450764055625177,1.0505970903489996,4.0,False,0.0,,0.0,sem_sobretensao,False,,[null]
leader_follower,C3_lider_curta,1,pv5,850,-0.0,-0.0,0.0,0.0,1.0450764055625177,1.0450764055625177,1.0450764055625177,1.0505970903489996,5.0,False,0.0,,0.0,sem_sobretensao,False,,[null]
leader_follower,C3_lider_curta,1,pv6,832,-0.0,-0.0,0.0,0.0,1.035055078078631,1.035055078078631,1.0450764055625177,1.0505970903489996,6.0,False,0.0,,0.0,sem_sobretensao,False,,[null]
leader_follower,C3_lider_curta,2,pv2,816,-0.0,-0.0,0.0,0.0,1.044957170134863,1.044957170134863,1.0450072554978005,1.050594980095696,1.0,True,0.0,,0.0,sem_sobretensao,False,,[null]
leader_follower,C3_lider_curta,2,pv1,824,-0.0,-0.0,0.0,0.0,1.0434413812534848,1.0434413812534848,1.0450072554978005,1.050594980095696,2.0,False,0.0,,0.0,sem_sobretensao,False,,[null]
leader_follower,C3_lider_curta,2,pv3,828,-0.0,-0.0,0.0,0.0,1.0433096369965245,1.0433096369965245,1.0450072554978005,1.050594980095696,3.0,False,0.0,,0.0,sem_sobretensao,False,,[null]
leader_follower,C3_lider_curta,2,pv4,830,-0.0,-0.0,0.0,0.0,1.0401456464219776,1.0401456464219776,1.0450072554978005,1.050594980095696,4.0,False,0.0,,0.0,sem_sobretensao,False,,[null]
leader_follower,C3_lider_curta,2,pv5,850,-0.0,-0.0,0.0,0.0,1.0450072554978005,1.0450072554978005,1.0450072554978005,1.050594980095696,5.0,False,0.0,,0.0,sem_sobretensao,False,,[null]
leader_follower,C3_lider_curta,2,pv6,832,-0.0,-0.0,0.0,0.0,1.0349271785104097,1.0349271785104097,1.0450072554978005,1.050594980095696,6.0,False,0.0,,0.0,sem_sobretensao,False,,[null]
leader_follower,C3_lider_curta,3,pv2,816,-0.0,-0.0,0.0,0.0,1.0449571021647743,1.0449571021647743,1.045007187805771,1.0505949776249721,1.0,True,0.0,,0.0,sem_sobretensao,False,,[null]
leader_follower,C3_lider_curta,3,pv1,824,-0.0,-0.0,0.0,0.0,1.0434413052741978,1.0434413052741978,1.045007187805771,1.0505949776249721,2.0,False,0.0,,0.0,sem_sobretensao,False,,[null]
leader_follower,C3_lider_curta,3,pv3,828,-0.0,-0.0,0.0,0.0,1.0433095603397917,1.0433095603397917,1.045007187805771,1.0505949776249721,3.0,False,0.0,,0.0,sem_sobretensao,False,,[null]
leader_follower,C3_lider_curta,3,pv4,830,-0.0,-0.0,0.0,0.0,1.04014555352833,1.04014555352833,1.045007187805771,1.0505949776249721,4.0,False,0.0,,0.0,sem_sobretensao,False,,[null]
leader_follower,C3_lider_curta,3,pv5,850,-0.0,-0.0,0.0,0.0,1.045007187805771,1.045007187805771,1.045007187805771,1.0505949776249721,5.0,False,0.0,,0.0,sem_sobretensao,False,,[null]
leader_follower,C3_lider_curta,3,pv6,832,-0.0,-0.0,0.0,0.0,1.034927055347267,1.034927055347267,1.045007187805771,1.0505949776249721,6.0,False,0.0,,0.0,sem_sobretensao,False,,[null]
leader_follower,C3_lider_curta,4,pv2,816,-0.0,-0.0,0.0,0.0,1.0450265231229214,1.0450265231229214,1.0450763385661972,1.0505970879234297,1.0,True,0.0,,0.0,sem_sobretensao,False,,[null]
leader_follower,C3_lider_curta,4,pv1,824,-0.0,-0.0,0.0,0.0,1.0435194219130088,1.0435194219130088,1.0450763385661972,1.0505970879234297,2.0,False,0.0,,0.0,sem_sobretensao,False,,[null]
leader_follower,C3_lider_curta,4,pv3,828,-0.0,-0.0,0.0,0.0,1.043388408831456,1.043388408831456,1.0450763385661972,1.0505970879234297,3.0,False,0.0,,0.0,sem_sobretensao,False,,[null]
leader_follower,C3_lider_curta,4,pv4,830,-0.0,-0.0,0.0,0.0,1.040242099025251,1.040242099025251,1.0450763385661972,1.0505970879234297,4.0,False,0.0,,0.0,sem_sobretensao,False,,[null]
leader_follower,C3_lider_curta,4,pv5,850,-0.0,-0.0,0.0,0.0,1.0450763385661972,1.0450763385661972,1.0450763385661972,1.0505970879234297,5.0,False,0.0,,0.0,sem_sobretensao,False,,[null]
leader_follower,C3_lider_curta,4,pv6,832,-0.0,-0.0,0.0,0.0,1.035054956170033,1.035054956170033,1.0450763385661972,1.0505970879234297,6.0,False,0.0,,0.0,sem_sobretensao,False,,[null]
leader_follower,C3_lider_curta,5,pv2,816,-0.0,-0.0,0.0,0.0,1.046437942275659,1.046437942275659,1.0464804756969754,1.0506393917986803,1.0,True,0.0,,0.0,sem_sobretensao,False,,[null]
leader_follower,C3_lider_curta,5,pv1,824,-0.0,-0.0,0.0,0.0,1.0450850714048536,1.0450850714048536,1.0464804756969754,1.0506393917986803,2.0,False,0.0,,0.0,sem_sobretensao,False,,[null]
leader_follower,C3_lider_curta,5,pv3,828,-0.0,-0.0,0.0,0.0,1.044968726726859,1.044968726726859,1.0464804756969754,1.0506393917986803,3.0,False,0.0,,0.0,sem_sobretensao,False,,[null]
leader_follower,C3_lider_curta,5,pv4,830,-0.0,-0.0,0.0,0.0,1.0421771197491476,1.0421771197491476,1.0464804756969754,1.0506393917986803,4.0,False,0.0,,0.0,sem_sobretensao,False,,[null]
leader_follower,C3_lider_curta,5,pv5,850,-0.0,-0.0,0.0,0.0,1.0464804756969754,1.0464804756969754,1.0464804756969754,1.0506393917986803,5.0,False,0.0,,0.0,sem_sobretensao,False,,[null]
leader_follower,C3_lider_curta,5,pv6,832,-0.0,-0.0,0.0,0.0,1.0376184354041749,1.0376184354041749,1.0464804756969754,1.0506393917986803,6.0,False,0.0,,0.0,sem_sobretensao,False,,[null]
leader_follower,C3_lider_curta,6,pv2,816,15.625241782068512,15.625241782068512,0.0,0.0,1.04834074378191,1.04834074378191,1.048378245454802,1.0506384889471005,1.0,True,0.0,0.0,0.0,sem_sobretensao,False,0.0,[0.0]
leader_follower,C3_lider_curta,6,pv1,824,18.7503236717592,18.7503236717592,0.0,0.0,1.047157904836951,1.047157904836951,1.048378245454802,1.0506384889471005,2.0,False,0.0,0.0,0.0,sem_sobretensao,False,0.0,[0.0]
leader_follower,C3_lider_curta,6,pv3,828,12.50021771214404,12.50021771214404,0.0,0.0,1.047045538729875,1.047045538729875,1.048378245454802,1.0506384889471005,3.0,False,0.0,0.0,0.0,sem_sobretensao,False,0.0,[0.0]
leader_follower,C3_lider_curta,6,pv4,830,16.250349249231206,16.250349249231206,0.0,0.0,1.044222209515069,1.044222209515069,1.048378245454802,1.0506384889471005,4.0,False,0.0,0.0,0.0,sem_sobretensao,False,0.0,[0.0]
leader_follower,C3_lider_curta,6,pv5,850,11.250173385025839,11.250173385025839,0.0,0.0,1.048378245454802,1.048378245454802,1.048378245454802,1.0506384889471005,5.0,False,0.0,0.0,0.0,sem_sobretensao,False,0.0,[0.0]
leader_follower,C3_lider_curta,6,pv6,832,14.375428037447021,14.375428037447021,0.0,0.0,1.039316562019864,1.039316562019864,1.048378245454802,1.0506384889471005,6.0,False,0.0,0.0,0.0,sem_sobretensao,False,0.0,[0.0]
leader_follower,C3_lider_curta,7,pv2,816,46.87517293313687,18.450168691974127,28.42500424116274,0.6063978224324812,1.0562538666391135,1.0504671308839426,1.0504964855599892,1.0507974957944095,1.0,True,0.0,0.6063978533307685,311.0,convergiu,False,0.007395684726592672,[0.007396]
leader_follower,C3_lider_curta,7,pv1,824,56.250221496230566,22.88061736570109,33.369604130529474,0.5932350355979051,1.0558852978158422,1.049534016263107,1.0504964855599892,1.0507974957944095,2.0,False,0.0,0.5932350707768437,311.0,convergiu,False,0.007395684726592672,[0.007396]
leader_follower,C3_lider_curta,7,pv3,828,37.500148594787916,15.429029434206289,22.071119160581627,0.5885608095576061,1.0558243986090114,1.0494407801879178,1.0504964855599892,1.0507974957944095,3.0,False,0.0,0.58856084542687,311.0,convergiu,False,0.007395684726592672,[0.007396]
leader_follower,C3_lider_curta,7,pv4,830,48.75022589866943,20.158752190756754,28.591473707912673,0.5864890071822247,1.053993713057545,1.0470504859317822,1.0504964855599892,1.0507974957944095,4.0,False,0.0,0.5864890506834152,311.0,convergiu,False,0.007395684726592672,[0.007396]
leader_follower,C3_lider_curta,7,pv5,850,33.750124023076154,13.934724868577213,19.81539915449894,0.5871207481008127,1.0562616463457974,1.0504964855599892,1.0504964855599892,1.0507974957944095,5.0,False,0.0,0.5871207803844054,311.0,convergiu,False,0.007395684726592672,[0.007396]
leader_follower,C3_lider_curta,7,pv6,832,43.12526281682057,17.92669888958255,25.198563927238023,0.5843109060825425,1.0502737503980755,1.0428431584098574,1.0504964855599892,1.0507974957944095,6.0,False,0.0,0.5843109648808813,311.0,convergiu,False,0.007395684726592672,[0.007396]
leader_follower,C3_lider_curta,8,pv2,816,85.41699509578216,37.55092298682923,47.86607210895293,0.5603810774807283,1.0600225763749762,1.0504681100230784,1.0504982101571256,1.0507807462095407,1.0,True,0.0,0.5603811285479946,205.0,convergiu,False,0.007887392825174366,[0.007887]
leader_follower,C3_lider_curta,8,pv1,824,102.50042170914827,46.484554030473156,56.015867678675114,0.5464939636955051,1.0599113578819612,1.0494234852009192,1.0504982101571256,1.0507807462095407,2.0,False,0.0,0.5464940216306997,205.0,convergiu,False,0.007887392825174366,[0.007887]
leader_follower,C3_lider_curta,8,pv3,828,68.33361542991221,31.33049837255441,37.003117057357805,0.5415067355317547,1.0598511737596628,1.0493099968011603,1.0504982101571256,1.0507807462095407,3.0,False,0.0,0.5415067946362477,205.0,convergiu,False,0.007887392825174366,[0.007887]
leader_follower,C3_lider_curta,8,pv4,830,88.83371838145632,40.931698448415126,47.902019933041196,0.5392323342090858,1.057728114982749,1.0462675399651908,1.0504982101571256,1.0507807462095407,4.0,False,0.0,0.5392324086598242,205.0,convergiu,False,0.007887392825174366,[0.007887]
leader_follower,C3_lider_curta,8,pv5,850,61.50023555732899,28.298102062908477,33.202133494420515,0.5398699682915588,1.0600169249430984,1.0504982101571256,1.0504982101571256,1.0507807462095407,5.0,False,0.0,0.53987002152976,205.0,convergiu,False,0.007887392825174366,[0.007887]
leader_follower,C3_lider_curta,8,pv6,832,78.583681220178,36.40468879056407,42.17899242961392,0.5367397308826767,1.0527861134774454,1.0405336989425316,1.0504982101571256,1.0507807462095407,6.0,False,0.0,0.5367398392986403,205.0,convergiu,False,0.007887392825174366,[0.007887]
leader_follower,C3_lider_curta,9,pv2,816,109.37601259366954,43.6879640330115,65.68804856065805,0.6005708289109878,1.06345603039039,1.0504657959625,1.050496147792158,1.0507726169672005,1.0,True,0.0,0.6005708838983579,177.0,convergiu,False,0.008170516677871654,[0.008171]
leader_follower,C3_lider_curta,9,pv1,824,131.25131013746795,54.300514439296954,76.95079569817099,0.5862858618534761,1.063645007819406,1.049385091413919,1.050496147792158,1.0507726169672005,2.0,False,0.0,0.5862859244420149,177.0,convergiu,False,0.008170516677871654,[0.008171]
leader_follower,C3_lider_curta,9,pv3,828,87.5008766990287,36.65226369477923,50.848613004249465,0.5811211192925357,1.0635972309551887,1.049264963150451,1.050496147792158,1.0507726169672005,3.0,False,0.0,0.5811211832671147,177.0,convergiu,False,0.008170516677871654,[0.008171]
leader_follower,C3_lider_curta,9,pv4,830,113.75120210857385,47.92084716740371,65.83035494117014,0.5787221971997372,1.0615841255896254,1.046007575973574,1.050496147792158,1.0507726169672005,4.0,False,0.0,0.5787222791574197,177.0,convergiu,False,0.008170516677871654,[0.008171]
leader_follower,C3_lider_curta,9,pv5,850,78.75072623557068,33.12599908095346,45.62472715461722,0.5793562141373032,1.0634377078478499,1.050496147792158,1.050496147792158,1.0507726169672005,5.0,False,0.0,0.5793562718156765,177.0,convergiu,False,0.008170516677871654,[0.008171]
leader_follower,C3_lider_curta,9,pv6,832,100.6260821285418,42.66314732848292,57.962934800058875,0.5760228480712692,1.0564042278647428,1.0397679382559573,1.050496147792158,1.0507726169672005,6.0,False,0.0,0.5760229711220978,177.0,convergiu,False,0.008170516677871654,[0.008171]
leader_follower,C3_lider_curta,10,pv2,816,122.91832384587056,50.00812600822671,72.91019783764385,0.5931596562374046,1.0647988816134637,1.0504674382831385,1.0504980178406222,1.0507657031710198,1.0,True,0.0,0.5931597141616348,167.0,convergiu,False,0.008387833871388452,[0.008388]
leader_follower,C3_lider_curta,10,pv1,824,147.50215552840345,62.164258300554756,85.33789722784869,0.578553494392389,1.0650831804269703,1.049350510257434,1.0504980178406222,1.0507657031710198,2.0,False,0.0,0.5785535602658753,167.0,convergiu,False,0.008387833871388452,[0.008388]
leader_follower,C3_lider_curta,10,pv3,828,98.33477598952041,41.96403266930761,56.370743320212796,0.5732533188558134,1.0650361539418978,1.049223709824194,1.0504980178406222,1.0507657031710198,3.0,False,0.0,0.573253386230526,167.0,convergiu,False,0.008387833871388452,[0.008388]
leader_follower,C3_lider_curta,10,pv4,830,127.83531261961483,54.87128817290167,72.96402444671315,0.5707657117979819,1.0629336659541402,1.0457507073195413,1.0504980178406222,1.0507657031710198,4.0,False,0.0,0.5707657997741516,167.0,convergiu,False,0.008387833871388452,[0.008388]
leader_follower,C3_lider_curta,10,pv5,850,88.50118853266284,37.93158043233605,50.56960810032679,0.5714002665912246,1.0647757079433002,1.0504980178406222,1.0504980178406222,1.0507657031710198,5.0,False,0.0,0.5714003273714593,167.0,convergiu,False,0.008387833871388452,[0.008388]
leader_follower,C3_lider_curta,10,pv6,832,113.08509808576127,48.8612629669899,64.22383511877138,0.5679246935463376,1.057350814347944,1.0390046670383006,1.0504980178406222,1.0507657031710198,6.0,False,0.0,0.5679248301139149,167.0,convergiu,False,0.008387833871388452,[0.008388]
leader_follower,C3_lider_curta,11,pv2,816,125.00095737393735,69.709644370159,55.291313003778356,0.4423270602591993,1.061235774616204,1.0504620041378274,1.0504932564167586,1.050739928714181,1.0,True,0.0,0.4423271162506038,148.0,convergiu,False,0.008322347797399269,[0.008322]
leader_follower,C3_lider_curta,11,pv1,824,150.0012358178999,85.82476914647904,64.17646667142085,0.4278395235422598,1.0610597795081655,1.0492329884072837,1.0504932564167586,1.050739928714181,2.0,False,0.0,0.4278395862640124,148.0,convergiu,False,0.008322347797399269,[0.008322]
leader_follower,C3_lider_curta,11,pv3,828,100.00082626346341,57.742377984564435,42.258448278898975,0.42258092705492256,1.0609725999736401,1.049085859058442,1.0504932564167586,1.050739928714181,3.0,False,0.0,0.4225809911566565,148.0,convergiu,False,0.008322347797399269,[0.008322]
leader_follower,C3_lider_curta,11,pv4,830,130.00109893205297,75.38622164852003,54.614877283532934,0.4201107981976753,1.057877955801079,1.0449600091000362,1.0504932564167586,1.050739928714181,4.0,False,0.0,0.4201108893093144,148.0,convergiu,False,0.008322347797399269,[0.008322]
leader_follower,C3_lider_curta,11,pv5,850,90.00068661974173,52.133875631213925,37.8668109885278,0.4207390765249402,1.0612265545795456,1.0504932564167586,1.0504932564167586,1.050739928714181,5.0,False,0.0,0.42073913445257743,148.0,convergiu,False,0.008322347797399269,[0.008322]
leader_follower,C3_lider_curta,11,pv6,832,115.00090904494135,67.01257395877236,47.98833508616899,0.4172864107901878,1.0504893447290875,1.0366895901833313,1.0504932564167586,1.050739928714181,6.0,False,0.0,0.41728657177323325,148.0,convergiu,False,0.008322347797399269,[0.008322]
leader_follower,C3_lider_curta,12,pv2,816,114.58396791829972,73.20258742179317,41.38138049650655,0.36114453966998594,1.0584759981311622,1.050459697289066,1.0504910563263004,1.0507349370882704,1.0,True,0.0,0.36114459333448956,147.0,convergiu,False,0.008138398980392746,[0.008138]
leader_follower,C3_lider_curta,12,pv1,824,137.50081187565215,89.79738288864195,47.7034289870102,0.34693192071993306,1.0580095022700837,1.0492111066554253,1.0504910563263004,1.0507349370882704,2.0,False,0.0,0.34693198051914376,147.0,convergiu,False,0.008138398980392746,[0.008138]
leader_follower,C3_lider_curta,12,pv3,828,91.66720993554307,60.33645544821877,31.3307544873243,0.3417879622423967,1.0579033716359612,1.049060502974714,1.0504910563263004,1.0507349370882704,3.0,False,0.0,0.3417880233221335,147.0,convergiu,False,0.008138398980392746,[0.008138]
leader_follower,C3_lider_curta,12,pv4,830,119.16742087516398,78.72298927075487,40.44443160440912,0.33939159484307696,1.0544313944769732,1.0448241155383842,1.0504910563263004,1.0507349370882704,4.0,False,0.0,0.3393916836278384,147.0,convergiu,False,0.008138398980392746,[0.008138]
leader_follower,C3_lider_curta,12,pv5,850,82.50045510759725,54.448757249093035,28.051697858504212,0.3400186491865979,1.058477234842044,1.0504910563263004,1.0504910563263004,1.0507349370882704,5.0,False,0.0,0.34001870440495313,147.0,convergiu,False,0.008138398980392746,[0.008138]
leader_follower,C3_lider_curta,12,pv6,832,105.41738641317863,69.92506150056516,35.49232491261347,0.33668362581713335,1.0465580380894044,1.0362979545337065,1.0504910563263004,1.0507349370882704,6.0,False,0.0,0.33668378737358295,147.0,convergiu,False,0.008138398980392746,[0.008138]
leader_follower,C3_lider_curta,13,pv2,816,91.66698462445729,67.05849280388739,24.608491820569895,0.2684552874937837,1.0551908300741546,1.0504624971525698,1.0504936196207224,1.0507441882633601,1.0,True,0.0,0.2684553432338409,151.0,convergiu,False,0.00788055306175633,[0.007881]
leader_follower,C3_lider_curta,13,pv1,824,110.00040473647692,81.99419199906174,28.006212737415183,0.25460093512894244,1.0544374799606508,1.049249486555695,1.0504936196207224,1.0507441882633601,2.0,False,0.0,0.25460099719185963,151.0,convergiu,False,0.00788055306175633,[0.007881]
leader_follower,C3_lider_curta,13,pv3,828,73.33360464247181,55.02819854780137,18.305406094670445,0.24961818726942314,1.0543195761296038,1.0491054778214866,1.0504936196207224,1.0507441882633601,3.0,False,0.0,0.24961825051306297,151.0,convergiu,False,0.00788055306175633,[0.007881]
leader_follower,C3_lider_curta,13,pv4,830,95.33373737436717,71.75417809211613,23.57955928225104,0.2473368976344695,1.0507455019992828,1.0450828207516683,1.0504936196207224,1.0507441882633601,4.0,False,0.0,0.24733698616740674,151.0,convergiu,False,0.00788055306175633,[0.007881]
leader_follower,C3_lider_curta,13,pv5,850,66.00022802392903,49.63423805696334,16.365989966965685,0.24796863117240023,1.0552041870594921,1.0504936196207224,1.0504936196207224,1.0507441882633601,5.0,False,0.0,0.24796868824501692,151.0,convergiu,False,0.00788055306175633,[0.007881]
leader_follower,C3_lider_curta,13,pv6,832,84.33378934611513,63.68696975367811,20.646819592437012,0.24482247091417414,1.0431065536204573,1.0370603379847172,1.0504936196207224,1.0507441882633601,6.0,False,0.0,0.2448226239153111,151.0,convergiu,False,0.00788055306175633,[0.007881]
leader_follower,C3_lider_curta,14,pv2,816,62.50020224605282,51.12744475343385,11.372757492618973,0.1819634744499391,1.052613622671126,1.0504684287667378,1.0504989670073046,1.0507660303895017,1.0,True,0.0,0.18196353105940893,155.0,convergiu,False,0.007608374228075634,[0.007608]
leader_follower,C3_lider_curta,14,pv1,824,75.0002600373511,62.36435631670132,12.635903720649779,0.1684780689912366,1.0516996381734283,1.0493471048931247,1.0504989670073046,1.0507660303895017,2.0,False,0.0,0.1684781321339011,155.0,convergiu,False,0.007608374228075634,[0.007608]
leader_follower,C3_lider_curta,14,pv3,828,50.000174517844215,41.81674354070741,8.183430977136808,0.1636679841285858,1.0515841348068866,1.0492198585121932,1.0504989670073046,1.0507660303895017,3.0,False,0.0,0.1636680482828371,155.0,convergiu,False,0.007608374228075634,[0.007608]
leader_follower,C3_lider_curta,14,pv4,830,65.00026936388049,54.50191004266548,10.498359321215013,0.16151246724334473,1.0483035674081949,1.0457375585205386,1.0504989670073046,1.0507660303895017,4.0,False,0.0,0.16151255100873116,155.0,convergiu,False,0.007608374228075634,[0.007608]
leader_follower,C3_lider_curta,14,pv5,850,45.00014503917245,37.70339305645435,7.296751982718099,0.1621494636874135,1.052636095307487,1.0504989670073046,1.0504989670073046,1.0507660303895017,5.0,False,0.0,0.16214952143745992,155.0,convergiu,False,0.007608374228075634,[0.007608]
leader_follower,C3_lider_curta,14,pv6,832,57.500322452220885,48.34571205359315,9.154610398627739,0.1592095927507746,1.041720637141104,1.0389815934030404,1.0504989670073046,1.0507660303895017,6.0,False,0.0,0.15920972280172235,155.0,convergiu,False,0.007608374228075634,[0.007608]
leader_follower,C3_lider_curta,15,pv2,816,28.12494776039276,28.12494776039276,0.0,0.0,1.0386370242044933,1.0386370242044933,1.0387127583098001,1.0502955100136582,1.0,True,0.0,0.0,0.0,sem_sobretensao,False,0.0,[0.0]
leader_follower,C3_lider_curta,15,pv1,824,33.74993264251279,33.74993264251279,0.0,0.0,1.036165762618626,1.036165762618626,1.0387127583098001,1.0502955100136582,2.0,False,0.0,0.0,0.0,sem_sobretensao,False,0.0,[0.0]
leader_follower,C3_lider_curta,15,pv3,828,22.499954825209237,22.499954825209237,0.0,0.0,1.0359378482646822,1.0359378482646822,1.0387127583098001,1.0502955100136582,3.0,False,0.0,0.0,0.0,sem_sobretensao,False,0.0,[0.0]
leader_follower,C3_lider_curta,15,pv4,830,29.249932336862635,29.249932336862635,0.0,0.0,1.0302157541188315,1.0302157541188315,1.0387127583098001,1.0502955100136582,4.0,False,0.0,0.0,0.0,sem_sobretensao,False,0.0,[0.0]
leader_follower,C3_lider_curta,15,pv5,850,20.249962539182974,20.249962539182974,0.0,0.0,1.0387127583098001,1.0387127583098001,1.0387127583098001,1.0502955100136582,5.0,False,0.0,0.0,0.0,sem_sobretensao,False,0.0,[0.0]
leader_follower,C3_lider_curta,15,pv6,832,25.874924472584226,25.874924472584226,0.0,0.0,1.0199321297395116,1.0199321297395116,1.0387127583098001,1.0502955100136582,6.0,False,0.0,0.0,0.0,sem_sobretensao,False,0.0,[0.0]
leader_follower,C3_lider_curta,16,pv2,816,3.125032294596358,3.125032294596358,0.0,0.0,1.0394703803118956,1.0394703803118956,1.0395419414769773,1.050416238287995,1.0,True,0.0,0.0,0.0,sem_sobretensao,False,0.0,[0.0]
leader_follower,C3_lider_curta,16,pv1,824,3.750042140958882,3.750042140958882,0.0,0.0,1.037249237228998,1.037249237228998,1.0395419414769773,1.050416238287995,2.0,False,0.0,0.0,0.0,sem_sobretensao,False,0.0,[0.0]
leader_follower,C3_lider_curta,16,pv3,828,2.5000282767907094,2.5000282767907094,0.0,0.0,1.0370563779560704,1.0370563779560704,1.0395419414769773,1.050416238287995,3.0,False,0.0,0.0,0.0,sem_sobretensao,False,0.0,[0.0]
leader_follower,C3_lider_curta,16,pv4,830,3.2500425487395805,3.2500425487395805,0.0,0.0,1.0323888508528651,1.0323888508528651,1.0395419414769773,1.050416238287995,4.0,False,0.0,0.0,0.0,sem_sobretensao,False,0.0,[0.0]
leader_follower,C3_lider_curta,16,pv5,850,2.25002315917058,2.25002315917058,0.0,0.0,1.0395419414769773,1.0395419414769773,1.0395419414769773,1.050416238287995,5.0,False,0.0,0.0,0.0,sem_sobretensao,False,0.0,[0.0]
leader_follower,C3_lider_curta,16,pv6,832,2.8750471329309977,2.8750471329309977,0.0,0.0,1.024446903547258,1.024446903547258,1.0395419414769773,1.050416238287995,6.0,False,0.0,0.0,0.0,sem_sobretensao,False,0.0,[0.0]
leader_follower,C3_lider_curta,17,pv2,816,-0.0,-0.0,0.0,0.0,1.0319530456641128,1.0319530456641128,1.0320537436109634,1.0501995250985579,1.0,True,0.0,,0.0,sem_sobretensao,False,,[null]
leader_follower,C3_lider_curta,17,pv1,824,-0.0,-0.0,0.0,0.0,1.0288097422283975,1.0288097422283975,1.0320537436109634,1.0501995250985579,2.0,False,0.0,,0.0,sem_sobretensao,False,,[null]
leader_follower,C3_lider_curta,17,pv3,828,-0.0,-0.0,0.0,0.0,1.0285410077167665,1.0285410077167665,1.0320537436109634,1.0501995250985579,3.0,False,0.0,,0.0,sem_sobretensao,False,,[null]
leader_follower,C3_lider_curta,17,pv4,830,-0.0,-0.0,0.0,0.0,1.0220651174905708,1.0220651174905708,1.0320537436109634,1.0501995250985579,4.0,False,0.0,,0.0,sem_sobretensao,False,,[null]
leader_follower,C3_lider_curta,17,pv5,850,-0.0,-0.0,0.0,0.0,1.0320537436109634,1.0320537436109634,1.0320537436109634,1.0501995250985579,5.0,False,0.0,,0.0,sem_sobretensao,False,,[null]
leader_follower,C3_lider_curta,17,pv6,832,-0.0,-0.0,0.0,0.0,1.0109757984235852,1.0109757984235852,1.0320537436109634,1.0501995250985579,6.0,False,0.0,,0.0,sem_sobretensao,False,,[null]
leader_follower,C3_lider_curta,18,pv2,816,-0.0,-0.0,0.0,0.0,1.035368449501018,1.035368449501018,1.0354558554930642,1.0503034017860868,1.0,True,0.0,,0.0,sem_sobretensao,False,,[null]
leader_follower,C3_lider_curta,18,pv1,824,-0.0,-0.0,0.0,0.0,1.0326523500430973,1.0326523500430973,1.0354558554930642,1.0503034017860868,2.0,False,0.0,,0.0,sem_sobretensao,False,,[null]
leader_follower,C3_lider_curta,18,pv3,828,-0.0,-0.0,0.0,0.0,1.0324195763808066,1.0324195763808066,1.0354558554930642,1.0503034017860868,3.0,False,0.0,,0.0,sem_sobretensao,False,,[null]
leader_follower,C3_lider_curta,18,pv4,830,-0.0,-0.0,0.0,0.0,1.02681295674242,1.02681295674242,1.0354558554930642,1.0503034017860868,4.0,False,0.0,,0.0,sem_sobretensao,False,,[null]
leader_follower,C3_lider_curta,18,pv5,850,-0.0,-0.0,0.0,0.0,1.0354558554930642,1.0354558554930642,1.0354558554930642,1.0503034017860868,5.0,False,0.0,,0.0,sem_sobretensao,False,,[null]
leader_follower,C3_lider_curta,18,pv6,832,-0.0,-0.0,0.0,0.0,1.0172650561019754,1.0172650561019754,1.0354558554930642,1.0503034017860868,6.0,False,0.0,,0.0,sem_sobretensao,False,,[null]
leader_follower,C3_lider_curta,19,pv2,816,-0.0,-0.0,0.0,0.0,1.0124638034940296,1.0124638034940296,1.012640339769449,1.0496066048479267,1.0,True,0.0,,0.0,sem_sobretensao,False,,[null]
leader_follower,C3_lider_curta,19,pv1,824,-0.0,-0.0,0.0,0.0,1.0068862241138117,1.0068862241138117,1.012640339769449,1.0496066048479267,2.0,False,0.0,,0.0,sem_sobretensao,False,,[null]
leader_follower,C3_lider_curta,19,pv3,828,-0.0,-0.0,0.0,0.0,1.0064125502225403,1.0064125502225403,1.012640339769449,1.0496066048479267,3.0,False,0.0,,0.0,sem_sobretensao,False,,[null]
leader_follower,C3_lider_curta,19,pv4,830,-0.0,-0.0,0.0,0.0,0.9949844738133676,0.9949844738133676,1.012640339769449,1.0496066048479267,4.0,False,0.0,,0.0,sem_sobretensao,False,,[null]
leader_follower,C3_lider_curta,19,pv5,850,-0.0,-0.0,0.0,0.0,1.012640339769449,1.012640339769449,1.012640339769449,1.0496066048479267,5.0,False,0.0,,0.0,sem_sobretensao,False,,[null]
leader_follower,C3_lider_curta,19,pv6,832,-0.0,-0.0,0.0,0.0,0.975106227573592,0.975106227573592,1.012640339769449,1.0496066048479267,6.0,False,0.0,,0.0,sem_sobretensao,False,,[null]
leader_follower,C3_lider_curta,20,pv2,816,-0.0,-0.0,0.0,0.0,1.0078351504741656,1.0078351504741656,1.0080296961644228,1.0494657402550032,1.0,True,0.0,,0.0,sem_sobretensao,False,,[null]
leader_follower,C3_lider_curta,20,pv1,824,-0.0,-0.0,0.0,0.0,1.00168032528244,1.00168032528244,1.0080296961644228,1.0494657402550032,2.0,False,0.0,,0.0,sem_sobretensao,False,,[null]
leader_follower,C3_lider_curta,20,pv3,828,-0.0,-0.0,0.0,0.0,1.001158047785484,1.001158047785484,1.0080296961644228,1.0494657402550032,3.0,False,0.0,,0.0,sem_sobretensao,False,,[null]
leader_follower,C3_lider_curta,20,pv4,830,-0.0,-0.0,0.0,0.0,0.9885559519361026,0.9885559519361026,1.0080296961644228,1.0494657402550032,4.0,False,0.0,,0.0,sem_sobretensao,False,,[null]
leader_follower,C3_lider_curta,20,pv5,850,-0.0,-0.0,0.0,0.0,1.0080296961644228,1.0080296961644228,1.0080296961644228,1.0494657402550032,5.0,False,0.0,,0.0,sem_sobretensao,False,,[null]
leader_follower,C3_lider_curta,20,pv6,832,-0.0,-0.0,0.0,0.0,0.9665920784800835,0.9665920784800835,1.0080296961644228,1.0494657402550032,6.0,False,0.0,,0.0,sem_sobretensao,False,,[null]
leader_follower,C3_lider_curta,21,pv2,816,-0.0,-0.0,0.0,0.0,1.0061895964378378,1.0061895964378378,1.0063905442901253,1.0494156571369113,1.0,True,0.0,,0.0,sem_sobretensao,False,,[null]
leader_follower,C3_lider_curta,21,pv1,824,-0.0,-0.0,0.0,0.0,0.9998296239446813,0.9998296239446813,1.0063905442901253,1.0494156571369113,2.0,False,0.0,,0.0,sem_sobretensao,False,,[null]
leader_follower,C3_lider_curta,21,pv3,828,-0.0,-0.0,0.0,0.0,0.9992900728255069,0.9992900728255069,1.0063905442901253,1.0494156571369113,3.0,False,0.0,,0.0,sem_sobretensao,False,,[null]
leader_follower,C3_lider_curta,21,pv4,830,-0.0,-0.0,0.0,0.0,0.9862707730472382,0.9862707730472382,1.0063905442901253,1.0494156571369113,4.0,False,0.0,,0.0,sem_sobretensao,False,,[null]
leader_follower,C3_lider_curta,21,pv5,850,-0.0,-0.0,0.0,0.0,1.0063905442901253,1.0063905442901253,1.0063905442901253,1.0494156571369113,5.0,False,0.0,,0.0,sem_sobretensao,False,,[null]
leader_follower,C3_lider_curta,21,pv6,832,-0.0,-0.0,0.0,0.0,0.963565563609644,0.963565563609644,1.0063905442901253,1.0494156571369113,6.0,False,0.0,,0.0,sem_sobretensao,False,,[null]
leader_follower,C3_lider_curta,22,pv2,816,-0.0,-0.0,0.0,0.0,1.005861808419378,1.005861808419378,1.0060640314884584,1.049405687339917,1.0,True,0.0,,0.0,sem_sobretensao,False,,[null]
leader_follower,C3_lider_curta,22,pv1,824,-0.0,-0.0,0.0,0.0,0.9994609737243804,0.9994609737243804,1.0060640314884584,1.049405687339917,2.0,False,0.0,,0.0,sem_sobretensao,False,,[null]
leader_follower,C3_lider_curta,22,pv3,828,-0.0,-0.0,0.0,0.0,0.998917981930852,0.998917981930852,1.0060640314884584,1.049405687339917,3.0,False,0.0,,0.0,sem_sobretensao,False,,[null]
leader_follower,C3_lider_curta,22,pv4,830,-0.0,-0.0,0.0,0.0,0.9858155814373928,0.9858155814373928,1.0060640314884584,1.049405687339917,4.0,False,0.0,,0.0,sem_sobretensao,False,,[null]
leader_follower,C3_lider_curta,22,pv5,850,-0.0,-0.0,0.0,0.0,1.0060640314884584,1.0060640314884584,1.0060640314884584,1.049405687339917,5.0,False,0.0,,0.0,sem_sobretensao,False,,[null]
leader_follower,C3_lider_curta,22,pv6,832,-0.0,-0.0,0.0,0.0,0.9629627164790315,0.9629627164790315,1.0060640314884584,1.049405687339917,6.0,False,0.0,,0.0,sem_sobretensao,False,,[null]
leader_follower,C3_lider_curta,23,pv2,816,-0.0,-0.0,0.0,0.0,1.0157857990852877,1.0157857990852877,1.0159494099998208,1.0497076999321218,1.0,True,0.0,,0.0,sem_sobretensao,False,,[null]
leader_follower,C3_lider_curta,23,pv1,824,-0.0,-0.0,0.0,0.0,1.0106227444912799,1.0106227444912799,1.0159494099998208,1.0497076999321218,2.0,False,0.0,,0.0,sem_sobretensao,False,,[null]
leader_follower,C3_lider_curta,23,pv3,828,-0.0,-0.0,0.0,0.0,1.010183972127752,1.010183972127752,1.0159494099998208,1.0497076999321218,3.0,False,0.0,,0.0,sem_sobretensao,False,,[null]
leader_follower,C3_lider_curta,23,pv4,830,-0.0,-0.0,0.0,0.0,0.9995990501550605,0.9995990501550605,1.0159494099998208,1.0497076999321218,4.0,False,0.0,,0.0,sem_sobretensao,False,,[null]
leader_follower,C3_lider_curta,23,pv5,850,-0.0,-0.0,0.0,0.0,1.0159494099998208,1.0159494099998208,1.0159494099998208,1.0497076999321218,5.0,False,0.0,,0.0,sem_sobretensao,False,,[null]
leader_follower,C3_lider_curta,23,pv6,832,-0.0,-0.0,0.0,0.0,0.9812181271943435,0.9812181271943435,1.0159494099998208,1.0497076999321218,6.0,False,0.0,,0.0,sem_sobretensao,False,,[null]
leader_follower,C3_lider_longa,0,pv2,816,-0.0,-0.0,0.0,0.0,1.0450262948633384,1.0450262948633384,1.0450761113146874,1.0505970659065018,1.0,True,0.0,,0.0,sem_sobretensao,False,,[null]
leader_follower,C3_lider_longa,0,pv1,824,-0.0,-0.0,0.0,0.0,1.0435191673339033,1.0435191673339033,1.0450761113146874,1.0505970659065018,2.0,False,0.0,,0.0,sem_sobretensao,False,,[null]
leader_follower,C3_lider_longa,0,pv3,828,-0.0,-0.0,0.0,0.0,1.0433881517951473,1.0433881517951473,1.0450761113146874,1.0505970659065018,3.0,False,0.0,,0.0,sem_sobretensao,False,,[null]
leader_follower,C3_lider_longa,0,pv4,830,-0.0,-0.0,0.0,0.0,1.0402417834114022,1.0402417834114022,1.0450761113146874,1.0505970659065018,4.0,False,0.0,,0.0,sem_sobretensao,False,,[null]
leader_follower,C3_lider_longa,0,pv5,850,-0.0,-0.0,0.0,0.0,1.0450761113146874,1.0450761113146874,1.0450761113146874,1.0505970659065018,5.0,False,0.0,,0.0,sem_sobretensao,False,,[null]
leader_follower,C3_lider_longa,0,pv6,832,-0.0,-0.0,0.0,0.0,1.035054528358762,1.035054528358762,1.0450761113146874,1.0505970659065018,6.0,False,0.0,,0.0,sem_sobretensao,False,,[null]
leader_follower,C3_lider_longa,1,pv2,816,-0.0,-0.0,0.0,0.0,1.045026590394128,1.045026590394128,1.0450764055625177,1.0505970903489996,1.0,True,0.0,,0.0,sem_sobretensao,False,,[null]
leader_follower,C3_lider_longa,1,pv1,824,-0.0,-0.0,0.0,0.0,1.0435194971179793,1.0435194971179793,1.0450764055625177,1.0505970903489996,2.0,False,0.0,,0.0,sem_sobretensao,False,,[null]
leader_follower,C3_lider_longa,1,pv3,828,-0.0,-0.0,0.0,0.0,1.043388484707053,1.043388484707053,1.0450764055625177,1.0505970903489996,3.0,False,0.0,,0.0,sem_sobretensao,False,,[null]
leader_follower,C3_lider_longa,1,pv4,830,-0.0,-0.0,0.0,0.0,1.0402421909746449,1.0402421909746449,1.0450764055625177,1.0505970903489996,4.0,False,0.0,,0.0,sem_sobretensao,False,,[null]
leader_follower,C3_lider_longa,1,pv5,850,-0.0,-0.0,0.0,0.0,1.0450764055625177,1.0450764055625177,1.0450764055625177,1.0505970903489996,5.0,False,0.0,,0.0,sem_sobretensao,False,,[null]
leader_follower,C3_lider_longa,1,pv6,832,-0.0,-0.0,0.0,0.0,1.035055078078631,1.035055078078631,1.0450764055625177,1.0505970903489996,6.0,False,0.0,,0.0,sem_sobretensao,False,,[null]
leader_follower,C3_lider_longa,2,pv2,816,-0.0,-0.0,0.0,0.0,1.044957170134863,1.044957170134863,1.0450072554978005,1.050594980095696,1.0,True,0.0,,0.0,sem_sobretensao,False,,[null]
leader_follower,C3_lider_longa,2,pv1,824,-0.0,-0.0,0.0,0.0,1.0434413812534848,1.0434413812534848,1.0450072554978005,1.050594980095696,2.0,False,0.0,,0.0,sem_sobretensao,False,,[null]
leader_follower,C3_lider_longa,2,pv3,828,-0.0,-0.0,0.0,0.0,1.0433096369965245,1.0433096369965245,1.0450072554978005,1.050594980095696,3.0,False,0.0,,0.0,sem_sobretensao,False,,[null]
leader_follower,C3_lider_longa,2,pv4,830,-0.0,-0.0,0.0,0.0,1.0401456464219776,1.0401456464219776,1.0450072554978005,1.050594980095696,4.0,False,0.0,,0.0,sem_sobretensao,False,,[null]
leader_follower,C3_lider_longa,2,pv5,850,-0.0,-0.0,0.0,0.0,1.0450072554978005,1.0450072554978005,1.0450072554978005,1.050594980095696,5.0,False,0.0,,0.0,sem_sobretensao,False,,[null]
leader_follower,C3_lider_longa,2,pv6,832,-0.0,-0.0,0.0,0.0,1.0349271785104097,1.0349271785104097,1.0450072554978005,1.050594980095696,6.0,False,0.0,,0.0,sem_sobretensao,False,,[null]
leader_follower,C3_lider_longa,3,pv2,816,-0.0,-0.0,0.0,0.0,1.0449571021647743,1.0449571021647743,1.045007187805771,1.0505949776249721,1.0,True,0.0,,0.0,sem_sobretensao,False,,[null]
leader_follower,C3_lider_longa,3,pv1,824,-0.0,-0.0,0.0,0.0,1.0434413052741978,1.0434413052741978,1.045007187805771,1.0505949776249721,2.0,False,0.0,,0.0,sem_sobretensao,False,,[null]
leader_follower,C3_lider_longa,3,pv3,828,-0.0,-0.0,0.0,0.0,1.0433095603397917,1.0433095603397917,1.045007187805771,1.0505949776249721,3.0,False,0.0,,0.0,sem_sobretensao,False,,[null]
leader_follower,C3_lider_longa,3,pv4,830,-0.0,-0.0,0.0,0.0,1.04014555352833,1.04014555352833,1.045007187805771,1.0505949776249721,4.0,False,0.0,,0.0,sem_sobretensao,False,,[null]
leader_follower,C3_lider_longa,3,pv5,850,-0.0,-0.0,0.0,0.0,1.045007187805771,1.045007187805771,1.045007187805771,1.0505949776249721,5.0,False,0.0,,0.0,sem_sobretensao,False,,[null]
leader_follower,C3_lider_longa,3,pv6,832,-0.0,-0.0,0.0,0.0,1.034927055347267,1.034927055347267,1.045007187805771,1.0505949776249721,6.0,False,0.0,,0.0,sem_sobretensao,False,,[null]
leader_follower,C3_lider_longa,4,pv2,816,-0.0,-0.0,0.0,0.0,1.0450265231229214,1.0450265231229214,1.0450763385661972,1.0505970879234297,1.0,True,0.0,,0.0,sem_sobretensao,False,,[null]
leader_follower,C3_lider_longa,4,pv1,824,-0.0,-0.0,0.0,0.0,1.0435194219130088,1.0435194219130088,1.0450763385661972,1.0505970879234297,2.0,False,0.0,,0.0,sem_sobretensao,False,,[null]
leader_follower,C3_lider_longa,4,pv3,828,-0.0,-0.0,0.0,0.0,1.043388408831456,1.043388408831456,1.0450763385661972,1.0505970879234297,3.0,False,0.0,,0.0,sem_sobretensao,False,,[null]
leader_follower,C3_lider_longa,4,pv4,830,-0.0,-0.0,0.0,0.0,1.040242099025251,1.040242099025251,1.0450763385661972,1.0505970879234297,4.0,False,0.0,,0.0,sem_sobretensao,False,,[null]
leader_follower,C3_lider_longa,4,pv5,850,-0.0,-0.0,0.0,0.0,1.0450763385661972,1.0450763385661972,1.0450763385661972,1.0505970879234297,5.0,False,0.0,,0.0,sem_sobretensao,False,,[null]
leader_follower,C3_lider_longa,4,pv6,832,-0.0,-0.0,0.0,0.0,1.035054956170033,1.035054956170033,1.0450763385661972,1.0505970879234297,6.0,False,0.0,,0.0,sem_sobretensao,False,,[null]
leader_follower,C3_lider_longa,5,pv2,816,-0.0,-0.0,0.0,0.0,1.046437942275659,1.046437942275659,1.0464804756969754,1.0506393917986803,1.0,True,0.0,,0.0,sem_sobretensao,False,,[null]
leader_follower,C3_lider_longa,5,pv1,824,-0.0,-0.0,0.0,0.0,1.0450850714048536,1.0450850714048536,1.0464804756969754,1.0506393917986803,2.0,False,0.0,,0.0,sem_sobretensao,False,,[null]
leader_follower,C3_lider_longa,5,pv3,828,-0.0,-0.0,0.0,0.0,1.044968726726859,1.044968726726859,1.0464804756969754,1.0506393917986803,3.0,False,0.0,,0.0,sem_sobretensao,False,,[null]
leader_follower,C3_lider_longa,5,pv4,830,-0.0,-0.0,0.0,0.0,1.0421771197491476,1.0421771197491476,1.0464804756969754,1.0506393917986803,4.0,False,0.0,,0.0,sem_sobretensao,False,,[null]
leader_follower,C3_lider_longa,5,pv5,850,-0.0,-0.0,0.0,0.0,1.0464804756969754,1.0464804756969754,1.0464804756969754,1.0506393917986803,5.0,False,0.0,,0.0,sem_sobretensao,False,,[null]
leader_follower,C3_lider_longa,5,pv6,832,-0.0,-0.0,0.0,0.0,1.0376184354041749,1.0376184354041749,1.0464804756969754,1.0506393917986803,6.0,False,0.0,,0.0,sem_sobretensao,False,,[null]
leader_follower,C3_lider_longa,6,pv2,816,15.625241782068512,15.625241782068512,0.0,0.0,1.04834074378191,1.04834074378191,1.048378245454802,1.0506384889471005,1.0,True,0.0,0.0,0.0,sem_sobretensao,False,0.0,[0.0]
leader_follower,C3_lider_longa,6,pv1,824,18.7503236717592,18.7503236717592,0.0,0.0,1.047157904836951,1.047157904836951,1.048378245454802,1.0506384889471005,2.0,False,0.0,0.0,0.0,sem_sobretensao,False,0.0,[0.0]
leader_follower,C3_lider_longa,6,pv3,828,12.50021771214404,12.50021771214404,0.0,0.0,1.047045538729875,1.047045538729875,1.048378245454802,1.0506384889471005,3.0,False,0.0,0.0,0.0,sem_sobretensao,False,0.0,[0.0]
leader_follower,C3_lider_longa,6,pv4,830,16.250349249231206,16.250349249231206,0.0,0.0,1.044222209515069,1.044222209515069,1.048378245454802,1.0506384889471005,4.0,False,0.0,0.0,0.0,sem_sobretensao,False,0.0,[0.0]
leader_follower,C3_lider_longa,6,pv5,850,11.250173385025839,11.250173385025839,0.0,0.0,1.048378245454802,1.048378245454802,1.048378245454802,1.0506384889471005,5.0,False,0.0,0.0,0.0,sem_sobretensao,False,0.0,[0.0]
leader_follower,C3_lider_longa,6,pv6,832,14.375428037447021,14.375428037447021,0.0,0.0,1.039316562019864,1.039316562019864,1.048378245454802,1.0506384889471005,6.0,False,0.0,0.0,0.0,sem_sobretensao,False,0.0,[0.0]
leader_follower,C3_lider_longa,7,pv2,816,46.87517293313687,18.450168691974127,28.42500424116274,0.6063978224324812,1.0562538666391135,1.0504671308839426,1.0504964855599892,1.0507974957944095,1.0,True,0.0,0.6063978533307685,311.0,convergiu,False,0.007395684726592672,[0.007396]
leader_follower,C3_lider_longa,7,pv1,824,56.250221496230566,22.88061736570109,33.369604130529474,0.5932350355979051,1.0558852978158422,1.049534016263107,1.0504964855599892,1.0507974957944095,2.0,False,0.0,0.5932350707768437,311.0,convergiu,False,0.007395684726592672,[0.007396]
leader_follower,C3_lider_longa,7,pv3,828,37.500148594787916,15.429029434206289,22.071119160581627,0.5885608095576061,1.0558243986090114,1.0494407801879178,1.0504964855599892,1.0507974957944095,3.0,False,0.0,0.58856084542687,311.0,convergiu,False,0.007395684726592672,[0.007396]
leader_follower,C3_lider_longa,7,pv4,830,48.75022589866943,20.158752190756754,28.591473707912673,0.5864890071822247,1.053993713057545,1.0470504859317822,1.0504964855599892,1.0507974957944095,4.0,False,0.0,0.5864890506834152,311.0,convergiu,False,0.007395684726592672,[0.007396]
leader_follower,C3_lider_longa,7,pv5,850,33.750124023076154,13.934724868577213,19.81539915449894,0.5871207481008127,1.0562616463457974,1.0504964855599892,1.0504964855599892,1.0507974957944095,5.0,False,0.0,0.5871207803844054,311.0,convergiu,False,0.007395684726592672,[0.007396]
leader_follower,C3_lider_longa,7,pv6,832,43.12526281682057,17.92669888958255,25.198563927238023,0.5843109060825425,1.0502737503980755,1.0428431584098574,1.0504964855599892,1.0507974957944095,6.0,False,0.0,0.5843109648808813,311.0,convergiu,False,0.007395684726592672,[0.007396]
leader_follower,C3_lider_longa,8,pv2,816,85.41699509578216,37.55092298682923,47.86607210895293,0.5603810774807283,1.0600225763749762,1.0504681100230784,1.0504982101571256,1.0507807462095407,1.0,True,0.0,0.5603811285479946,205.0,convergiu,False,0.007887392825174366,[0.007887]
leader_follower,C3_lider_longa,8,pv1,824,102.50042170914827,46.484554030473156,56.015867678675114,0.5464939636955051,1.0599113578819612,1.0494234852009192,1.0504982101571256,1.0507807462095407,2.0,False,0.0,0.5464940216306997,205.0,convergiu,False,0.007887392825174366,[0.007887]
leader_follower,C3_lider_longa,8,pv3,828,68.33361542991221,31.33049837255441,37.003117057357805,0.5415067355317547,1.0598511737596628,1.0493099968011603,1.0504982101571256,1.0507807462095407,3.0,False,0.0,0.5415067946362477,205.0,convergiu,False,0.007887392825174366,[0.007887]
leader_follower,C3_lider_longa,8,pv4,830,88.83371838145632,40.931698448415126,47.902019933041196,0.5392323342090858,1.057728114982749,1.0462675399651908,1.0504982101571256,1.0507807462095407,4.0,False,0.0,0.5392324086598242,205.0,convergiu,False,0.007887392825174366,[0.007887]
leader_follower,C3_lider_longa,8,pv5,850,61.50023555732899,28.298102062908477,33.202133494420515,0.5398699682915588,1.0600169249430984,1.0504982101571256,1.0504982101571256,1.0507807462095407,5.0,False,0.0,0.53987002152976,205.0,convergiu,False,0.007887392825174366,[0.007887]
leader_follower,C3_lider_longa,8,pv6,832,78.583681220178,36.40468879056407,42.17899242961392,0.5367397308826767,1.0527861134774454,1.0405336989425316,1.0504982101571256,1.0507807462095407,6.0,False,0.0,0.5367398392986403,205.0,convergiu,False,0.007887392825174366,[0.007887]
leader_follower,C3_lider_longa,9,pv2,816,109.37601259366954,43.6879640330115,65.68804856065805,0.6005708289109878,1.06345603039039,1.0504657959625,1.050496147792158,1.0507726169672005,1.0,True,0.0,0.6005708838983579,177.0,convergiu,False,0.008170516677871654,[0.008171]
leader_follower,C3_lider_longa,9,pv1,824,131.25131013746795,54.300514439296954,76.95079569817099,0.5862858618534761,1.063645007819406,1.049385091413919,1.050496147792158,1.0507726169672005,2.0,False,0.0,0.5862859244420149,177.0,convergiu,False,0.008170516677871654,[0.008171]
leader_follower,C3_lider_longa,9,pv3,828,87.5008766990287,36.65226369477923,50.848613004249465,0.5811211192925357,1.0635972309551887,1.049264963150451,1.050496147792158,1.0507726169672005,3.0,False,0.0,0.5811211832671147,177.0,convergiu,False,0.008170516677871654,[0.008171]
leader_follower,C3_lider_longa,9,pv4,830,113.75120210857385,47.92084716740371,65.83035494117014,0.5787221971997372,1.0615841255896254,1.046007575973574,1.050496147792158,1.0507726169672005,4.0,False,0.0,0.5787222791574197,177.0,convergiu,False,0.008170516677871654,[0.008171]
leader_follower,C3_lider_longa,9,pv5,850,78.75072623557068,33.12599908095346,45.62472715461722,0.5793562141373032,1.0634377078478499,1.050496147792158,1.050496147792158,1.0507726169672005,5.0,False,0.0,0.5793562718156765,177.0,convergiu,False,0.008170516677871654,[0.008171]
leader_follower,C3_lider_longa,9,pv6,832,100.6260821285418,42.66314732848292,57.962934800058875,0.5760228480712692,1.0564042278647428,1.0397679382559573,1.050496147792158,1.0507726169672005,6.0,False,0.0,0.5760229711220978,177.0,convergiu,False,0.008170516677871654,[0.008171]
leader_follower,C3_lider_longa,10,pv2,816,122.91832384587056,-0.0,122.91832384587056,1.0,1.0647988816134637,1.0605499225652424,1.0608520426612322,1.0608520426612322,1.0,True,0.0,1.0,500.0,nao_convergiu,True,0.37267249533029384,[0.372672]
leader_follower,C3_lider_longa,10,pv1,824,147.50215552840345,147.5,0.002155528403449125,0.0,1.0650831804269703,1.0608520426612322,1.0608520426612322,1.0608520426612322,2.0,False,0.0,1.4613538329167334e-05,500.0,nao_convergiu,True,0.37267249533029384,[0.372672]
leader_follower,C3_lider_longa,10,pv3,828,98.33477598952041,98.33333333333331,0.0014426561870948262,0.0,1.0650361539418978,1.0608062530791245,1.0608520426612322,1.0608520426612322,3.0,False,0.0,1.4670864631334198e-05,500.0,nao_convergiu,True,0.37267249533029384,[0.372672]
leader_follower,C3_lider_longa,10,pv4,830,127.83531261961483,127.83333333333334,0.001979286281482473,0.0,1.0629336659541402,1.0587295059051085,1.0608520426612322,1.0608520426612322,4.0,False,0.0,1.54830949361544e-05,500.0,nao_convergiu,True,0.37267249533029384,[0.372672]
leader_follower,C3_lider_longa,10,pv5,850,88.50118853266284,88.5,0.0011885326628373605,0.0,1.0647757079433002,1.0605451569836264,1.0608520426612322,1.0608520426612322,5.0,False,0.0,1.3429567246983499e-05,500.0,nao_convergiu,True,0.37267249533029384,[0.372672]
leader_follower,C3_lider_longa,10,pv6,832,113.08509808576127,113.08333333333333,0.001764752427945382,0.0,1.057350814347944,1.0531810597523592,1.0608520426612322,1.0608520426612322,6.0,False,0.0,1.560552590764021e-05,500.0,nao_convergiu,True,0.37267249533029384,[0.372672]
leader_follower,C3_lider_longa,11,pv2,816,124.99991372149728,69.70971670560891,55.29019701588837,0.44232182543832255,1.0612352721515248,1.0504620079396507,1.050493260209735,1.050739930087001,1.0,True,0.0,0.4423218814300641,148.0,convergiu,False,0.008322395531431302,[0.008322]
leader_follower,C3_lider_longa,11,pv1,824,149.99989250825146,85.82479900425224,64.17509350399922,0.42783420056222093,1.0610592309095286,1.0492329921291694,1.050493260209735,1.050739930087001,2.0,False,0.0,0.4278342632843484,148.0,convergiu,False,0.008322395531431302,[0.008322]
leader_follower,C3_lider_longa,11,pv3,828,99.99992748140994,57.74239434518477,42.25753313622517,0.4225755737060301,1.0609720496482944,1.049085862761218,1.050493260209735,1.050739930087001,3.0,False,0.0,0.42257563780814617,148.0,convergiu,False,0.008322395531431302,[0.008322]
leader_follower,C3_lider_longa,11,pv4,830,129.99986489451874,75.38620354184152,54.61366135267721,0.4201054328203673,1.0578773972005389,1.0449600121730165,1.050493260209735,1.050739930087001,4.0,False,0.0,0.4201055239325862,148.0,convergiu,False,0.008322395531431302,[0.008322]
leader_follower,C3_lider_longa,11,pv5,850,89.9999381358505,52.1339244936282,37.8660136422223,0.4207337161893484,1.0612260540813805,1.050493260209735,1.050493260209735,1.050739930087001,5.0,False,0.0,0.42073377411732665,148.0,convergiu,False,0.008322395531431302,[0.008322]
leader_follower,C3_lider_longa,11,pv6,832,114.9997782997138,67.01253323978543,47.98724505992837,0.41728103528794735,1.050488853761179,1.0366895924621946,1.050493260209735,1.050739930087001,6.0,False,0.0,0.4172811962720783,148.0,convergiu,False,0.008322395531431302,[0.008322]
leader_follower,C3_lider_longa,12,pv2,816,114.5839679180095,73.20258742180306,41.38138049620645,0.36114453966828114,1.0584759981310816,1.0504596972890654,1.0504910563262997,1.0507349370882704,1.0,True,0.0,0.3611445933327852,147.0,convergiu,False,0.008138398980391504,[0.008138]
leader_follower,C3_lider_longa,12,pv1,824,137.50081187528562,89.79738288863611,47.70342898664951,0.3469319207182342,1.058009502269996,1.0492111066554246,1.0504910563262997,1.0507349370882704,2.0,False,0.0,0.3469319805174454,147.0,convergiu,False,0.008138398980391504,[0.008138]
leader_follower,C3_lider_longa,12,pv3,828,91.6672099352983,60.33645544821305,31.33075448708525,0.34178796224070135,1.0579033716358732,1.0490605029747133,1.0504910563262997,1.0507349370882704,3.0,False,0.0,0.34178802332043834,147.0,convergiu,False,0.008138398980391504,[0.008138]
leader_follower,C3_lider_longa,12,pv4,830,119.16742087484658,78.72298927074742,40.444431604099165,0.33939159484137943,1.0544313944768868,1.0448241155383835,1.0504910563262997,1.0507349370882704,4.0,False,0.0,0.33939168362614136,147.0,convergiu,False,0.008138398980391504,[0.008138]
leader_follower,C3_lider_longa,12,pv5,850,82.5004551073891,54.44875724909588,28.051697858293224,0.3400186491848979,1.0584772348419635,1.0504910563262997,1.0504910563262997,1.0507349370882704,5.0,False,0.0,0.34001870440325355,147.0,convergiu,False,0.008138398980391504,[0.008138]
leader_follower,C3_lider_longa,12,pv6,832,105.4173864129256,69.92506150057704,35.49232491234855,0.3366836258154281,1.0465580380893362,1.0362979545337063,1.0504910563262997,1.0507349370882704,6.0,False,0.0,0.3366837873718781,147.0,convergiu,False,0.008138398980391504,[0.008138]
leader_follower,C3_lider_longa,13,pv2,816,91.66698462445729,67.05849280388739,24.608491820569895,0.2684552874937837,1.0551908300741546,1.0504624971525698,1.0504936196207224,1.0507441882633601,1.0,True,0.0,0.2684553432338409,151.0,convergiu,False,0.00788055306175633,[0.007881]
leader_follower,C3_lider_longa,13,pv1,824,110.00040473647692,81.99419199906174,28.006212737415183,0.25460093512894244,1.0544374799606508,1.049249486555695,1.0504936196207224,1.0507441882633601,2.0,False,0.0,0.25460099719185963,151.0,convergiu,False,0.00788055306175633,[0.007881]
leader_follower,C3_lider_longa,13,pv3,828,73.33360464247181,55.02819854780137,18.305406094670445,0.24961818726942314,1.0543195761296038,1.0491054778214866,1.0504936196207224,1.0507441882633601,3.0,False,0.0,0.24961825051306297,151.0,convergiu,False,0.00788055306175633,[0.007881]
leader_follower,C3_lider_longa,13,pv4,830,95.33373737436717,71.75417809211613,23.57955928225104,0.2473368976344695,1.0507455019992828,1.0450828207516683,1.0504936196207224,1.0507441882633601,4.0,False,0.0,0.24733698616740674,151.0,convergiu,False,0.00788055306175633,[0.007881]
leader_follower,C3_lider_longa,13,pv5,850,66.00022802392903,49.63423805696334,16.365989966965685,0.24796863117240023,1.0552041870594921,1.0504936196207224,1.0504936196207224,1.0507441882633601,5.0,False,0.0,0.24796868824501692,151.0,convergiu,False,0.00788055306175633,[0.007881]
leader_follower,C3_lider_longa,13,pv6,832,84.33378934611513,63.68696975367811,20.646819592437012,0.24482247091417414,1.0431065536204573,1.0370603379847172,1.0504936196207224,1.0507441882633601,6.0,False,0.0,0.2448226239153111,151.0,convergiu,False,0.00788055306175633,[0.007881]
leader_follower,C3_lider_longa,14,pv2,816,62.50020224605282,51.12744475343385,11.372757492618973,0.1819634744499391,1.052613622671126,1.0504684287667378,1.0504989670073046,1.0507660303895017,1.0,True,0.0,0.18196353105940893,155.0,convergiu,False,0.007608374228075634,[0.007608]
leader_follower,C3_lider_longa,14,pv1,824,75.0002600373511,62.36435631670132,12.635903720649779,0.1684780689912366,1.0516996381734283,1.0493471048931247,1.0504989670073046,1.0507660303895017,2.0,False,0.0,0.1684781321339011,155.0,convergiu,False,0.007608374228075634,[0.007608]
leader_follower,C3_lider_longa,14,pv3,828,50.000174517844215,41.81674354070741,8.183430977136808,0.1636679841285858,1.0515841348068866,1.0492198585121932,1.0504989670073046,1.0507660303895017,3.0,False,0.0,0.1636680482828371,155.0,convergiu,False,0.007608374228075634,[0.007608]
leader_follower,C3_lider_longa,14,pv4,830,65.00026936388049,54.50191004266548,10.498359321215013,0.16151246724334473,1.0483035674081949,1.0457375585205386,1.0504989670073046,1.0507660303895017,4.0,False,0.0,0.16151255100873116,155.0,convergiu,False,0.007608374228075634,[0.007608]
leader_follower,C3_lider_longa,14,pv5,850,45.00014503917245,37.70339305645435,7.296751982718099,0.1621494636874135,1.052636095307487,1.0504989670073046,1.0504989670073046,1.0507660303895017,5.0,False,0.0,0.16214952143745992,155.0,convergiu,False,0.007608374228075634,[0.007608]
leader_follower,C3_lider_longa,14,pv6,832,57.500322452220885,48.34571205359315,9.154610398627739,0.1592095927507746,1.041720637141104,1.0389815934030404,1.0504989670073046,1.0507660303895017,6.0,False,0.0,0.15920972280172235,155.0,convergiu,False,0.007608374228075634,[0.007608]
leader_follower,C3_lider_longa,15,pv2,816,28.12494776039276,28.12494776039276,0.0,0.0,1.0386370242044933,1.0386370242044933,1.0387127583098001,1.0502955100136582,1.0,True,0.0,0.0,0.0,sem_sobretensao,False,0.0,[0.0]
leader_follower,C3_lider_longa,15,pv1,824,33.74993264251279,33.74993264251279,0.0,0.0,1.036165762618626,1.036165762618626,1.0387127583098001,1.0502955100136582,2.0,False,0.0,0.0,0.0,sem_sobretensao,False,0.0,[0.0]
leader_follower,C3_lider_longa,15,pv3,828,22.499954825209237,22.499954825209237,0.0,0.0,1.0359378482646822,1.0359378482646822,1.0387127583098001,1.0502955100136582,3.0,False,0.0,0.0,0.0,sem_sobretensao,False,0.0,[0.0]
leader_follower,C3_lider_longa,15,pv4,830,29.249932336862635,29.249932336862635,0.0,0.0,1.0302157541188315,1.0302157541188315,1.0387127583098001,1.0502955100136582,4.0,False,0.0,0.0,0.0,sem_sobretensao,False,0.0,[0.0]
leader_follower,C3_lider_longa,15,pv5,850,20.249962539182974,20.249962539182974,0.0,0.0,1.0387127583098001,1.0387127583098001,1.0387127583098001,1.0502955100136582,5.0,False,0.0,0.0,0.0,sem_sobretensao,False,0.0,[0.0]
leader_follower,C3_lider_longa,15,pv6,832,25.874924472584226,25.874924472584226,0.0,0.0,1.0199321297395116,1.0199321297395116,1.0387127583098001,1.0502955100136582,6.0,False,0.0,0.0,0.0,sem_sobretensao,False,0.0,[0.0]
leader_follower,C3_lider_longa,16,pv2,816,3.125032294596358,3.125032294596358,0.0,0.0,1.0394703803118956,1.0394703803118956,1.0395419414769773,1.050416238287995,1.0,True,0.0,0.0,0.0,sem_sobretensao,False,0.0,[0.0]
leader_follower,C3_lider_longa,16,pv1,824,3.750042140958882,3.750042140958882,0.0,0.0,1.037249237228998,1.037249237228998,1.0395419414769773,1.050416238287995,2.0,False,0.0,0.0,0.0,sem_sobretensao,False,0.0,[0.0]
leader_follower,C3_lider_longa,16,pv3,828,2.5000282767907094,2.5000282767907094,0.0,0.0,1.0370563779560704,1.0370563779560704,1.0395419414769773,1.050416238287995,3.0,False,0.0,0.0,0.0,sem_sobretensao,False,0.0,[0.0]
leader_follower,C3_lider_longa,16,pv4,830,3.2500425487395805,3.2500425487395805,0.0,0.0,1.0323888508528651,1.0323888508528651,1.0395419414769773,1.050416238287995,4.0,False,0.0,0.0,0.0,sem_sobretensao,False,0.0,[0.0]
leader_follower,C3_lider_longa,16,pv5,850,2.25002315917058,2.25002315917058,0.0,0.0,1.0395419414769773,1.0395419414769773,1.0395419414769773,1.050416238287995,5.0,False,0.0,0.0,0.0,sem_sobretensao,False,0.0,[0.0]
leader_follower,C3_lider_longa,16,pv6,832,2.8750471329309977,2.8750471329309977,0.0,0.0,1.024446903547258,1.024446903547258,1.0395419414769773,1.050416238287995,6.0,False,0.0,0.0,0.0,sem_sobretensao,False,0.0,[0.0]
leader_follower,C3_lider_longa,17,pv2,816,-0.0,-0.0,0.0,0.0,1.0319530456641128,1.0319530456641128,1.0320537436109634,1.0501995250985579,1.0,True,0.0,,0.0,sem_sobretensao,False,,[null]
leader_follower,C3_lider_longa,17,pv1,824,-0.0,-0.0,0.0,0.0,1.0288097422283975,1.0288097422283975,1.0320537436109634,1.0501995250985579,2.0,False,0.0,,0.0,sem_sobretensao,False,,[null]
leader_follower,C3_lider_longa,17,pv3,828,-0.0,-0.0,0.0,0.0,1.0285410077167665,1.0285410077167665,1.0320537436109634,1.0501995250985579,3.0,False,0.0,,0.0,sem_sobretensao,False,,[null]
leader_follower,C3_lider_longa,17,pv4,830,-0.0,-0.0,0.0,0.0,1.0220651174905708,1.0220651174905708,1.0320537436109634,1.0501995250985579,4.0,False,0.0,,0.0,sem_sobretensao,False,,[null]
leader_follower,C3_lider_longa,17,pv5,850,-0.0,-0.0,0.0,0.0,1.0320537436109634,1.0320537436109634,1.0320537436109634,1.0501995250985579,5.0,False,0.0,,0.0,sem_sobretensao,False,,[null]
leader_follower,C3_lider_longa,17,pv6,832,-0.0,-0.0,0.0,0.0,1.0109757984235852,1.0109757984235852,1.0320537436109634,1.0501995250985579,6.0,False,0.0,,0.0,sem_sobretensao,False,,[null]
leader_follower,C3_lider_longa,18,pv2,816,-0.0,-0.0,0.0,0.0,1.035368449501018,1.035368449501018,1.0354558554930642,1.0503034017860868,1.0,True,0.0,,0.0,sem_sobretensao,False,,[null]
leader_follower,C3_lider_longa,18,pv1,824,-0.0,-0.0,0.0,0.0,1.0326523500430973,1.0326523500430973,1.0354558554930642,1.0503034017860868,2.0,False,0.0,,0.0,sem_sobretensao,False,,[null]
leader_follower,C3_lider_longa,18,pv3,828,-0.0,-0.0,0.0,0.0,1.0324195763808066,1.0324195763808066,1.0354558554930642,1.0503034017860868,3.0,False,0.0,,0.0,sem_sobretensao,False,,[null]
leader_follower,C3_lider_longa,18,pv4,830,-0.0,-0.0,0.0,0.0,1.02681295674242,1.02681295674242,1.0354558554930642,1.0503034017860868,4.0,False,0.0,,0.0,sem_sobretensao,False,,[null]
leader_follower,C3_lider_longa,18,pv5,850,-0.0,-0.0,0.0,0.0,1.0354558554930642,1.0354558554930642,1.0354558554930642,1.0503034017860868,5.0,False,0.0,,0.0,sem_sobretensao,False,,[null]
leader_follower,C3_lider_longa,18,pv6,832,-0.0,-0.0,0.0,0.0,1.0172650561019754,1.0172650561019754,1.0354558554930642,1.0503034017860868,6.0,False,0.0,,0.0,sem_sobretensao,False,,[null]
leader_follower,C3_lider_longa,19,pv2,816,-0.0,-0.0,0.0,0.0,1.0124638034940296,1.0124638034940296,1.012640339769449,1.0496066048479267,1.0,True,0.0,,0.0,sem_sobretensao,False,,[null]
leader_follower,C3_lider_longa,19,pv1,824,-0.0,-0.0,0.0,0.0,1.0068862241138117,1.0068862241138117,1.012640339769449,1.0496066048479267,2.0,False,0.0,,0.0,sem_sobretensao,False,,[null]
leader_follower,C3_lider_longa,19,pv3,828,-0.0,-0.0,0.0,0.0,1.0064125502225403,1.0064125502225403,1.012640339769449,1.0496066048479267,3.0,False,0.0,,0.0,sem_sobretensao,False,,[null]
leader_follower,C3_lider_longa,19,pv4,830,-0.0,-0.0,0.0,0.0,0.9949844738133676,0.9949844738133676,1.012640339769449,1.0496066048479267,4.0,False,0.0,,0.0,sem_sobretensao,False,,[null]
leader_follower,C3_lider_longa,19,pv5,850,-0.0,-0.0,0.0,0.0,1.012640339769449,1.012640339769449,1.012640339769449,1.0496066048479267,5.0,False,0.0,,0.0,sem_sobretensao,False,,[null]
leader_follower,C3_lider_longa,19,pv6,832,-0.0,-0.0,0.0,0.0,0.975106227573592,0.975106227573592,1.012640339769449,1.0496066048479267,6.0,False,0.0,,0.0,sem_sobretensao,False,,[null]
leader_follower,C3_lider_longa,20,pv2,816,-0.0,-0.0,0.0,0.0,1.0078351504741656,1.0078351504741656,1.0080296961644228,1.0494657402550032,1.0,True,0.0,,0.0,sem_sobretensao,False,,[null]
leader_follower,C3_lider_longa,20,pv1,824,-0.0,-0.0,0.0,0.0,1.00168032528244,1.00168032528244,1.0080296961644228,1.0494657402550032,2.0,False,0.0,,0.0,sem_sobretensao,False,,[null]
leader_follower,C3_lider_longa,20,pv3,828,-0.0,-0.0,0.0,0.0,1.001158047785484,1.001158047785484,1.0080296961644228,1.0494657402550032,3.0,False,0.0,,0.0,sem_sobretensao,False,,[null]
leader_follower,C3_lider_longa,20,pv4,830,-0.0,-0.0,0.0,0.0,0.9885559519361026,0.9885559519361026,1.0080296961644228,1.0494657402550032,4.0,False,0.0,,0.0,sem_sobretensao,False,,[null]
leader_follower,C3_lider_longa,20,pv5,850,-0.0,-0.0,0.0,0.0,1.0080296961644228,1.0080296961644228,1.0080296961644228,1.0494657402550032,5.0,False,0.0,,0.0,sem_sobretensao,False,,[null]
leader_follower,C3_lider_longa,20,pv6,832,-0.0,-0.0,0.0,0.0,0.9665920784800835,0.9665920784800835,1.0080296961644228,1.0494657402550032,6.0,False,0.0,,0.0,sem_sobretensao,False,,[null]
leader_follower,C3_lider_longa,21,pv2,816,-0.0,-0.0,0.0,0.0,1.0061895964378378,1.0061895964378378,1.0063905442901253,1.0494156571369113,1.0,True,0.0,,0.0,sem_sobretensao,False,,[null]
leader_follower,C3_lider_longa,21,pv1,824,-0.0,-0.0,0.0,0.0,0.9998296239446813,0.9998296239446813,1.0063905442901253,1.0494156571369113,2.0,False,0.0,,0.0,sem_sobretensao,False,,[null]
leader_follower,C3_lider_longa,21,pv3,828,-0.0,-0.0,0.0,0.0,0.9992900728255069,0.9992900728255069,1.0063905442901253,1.0494156571369113,3.0,False,0.0,,0.0,sem_sobretensao,False,,[null]
leader_follower,C3_lider_longa,21,pv4,830,-0.0,-0.0,0.0,0.0,0.9862707730472382,0.9862707730472382,1.0063905442901253,1.0494156571369113,4.0,False,0.0,,0.0,sem_sobretensao,False,,[null]
leader_follower,C3_lider_longa,21,pv5,850,-0.0,-0.0,0.0,0.0,1.0063905442901253,1.0063905442901253,1.0063905442901253,1.0494156571369113,5.0,False,0.0,,0.0,sem_sobretensao,False,,[null]
leader_follower,C3_lider_longa,21,pv6,832,-0.0,-0.0,0.0,0.0,0.963565563609644,0.963565563609644,1.0063905442901253,1.0494156571369113,6.0,False,0.0,,0.0,sem_sobretensao,False,,[null]
leader_follower,C3_lider_longa,22,pv2,816,-0.0,-0.0,0.0,0.0,1.005861808419378,1.005861808419378,1.0060640314884584,1.049405687339917,1.0,True,0.0,,0.0,sem_sobretensao,False,,[null]
leader_follower,C3_lider_longa,22,pv1,824,-0.0,-0.0,0.0,0.0,0.9994609737243804,0.9994609737243804,1.0060640314884584,1.049405687339917,2.0,False,0.0,,0.0,sem_sobretensao,False,,[null]
leader_follower,C3_lider_longa,22,pv3,828,-0.0,-0.0,0.0,0.0,0.998917981930852,0.998917981930852,1.0060640314884584,1.049405687339917,3.0,False,0.0,,0.0,sem_sobretensao,False,,[null]
leader_follower,C3_lider_longa,22,pv4,830,-0.0,-0.0,0.0,0.0,0.9858155814373928,0.9858155814373928,1.0060640314884584,1.049405687339917,4.0,False,0.0,,0.0,sem_sobretensao,False,,[null]
leader_follower,C3_lider_longa,22,pv5,850,-0.0,-0.0,0.0,0.0,1.0060640314884584,1.0060640314884584,1.0060640314884584,1.049405687339917,5.0,False,0.0,,0.0,sem_sobretensao,False,,[null]
leader_follower,C3_lider_longa,22,pv6,832,-0.0,-0.0,0.0,0.0,0.9629627164790315,0.9629627164790315,1.0060640314884584,1.049405687339917,6.0,False,0.0,,0.0,sem_sobretensao,False,,[null]
leader_follower,C3_lider_longa,23,pv2,816,-0.0,-0.0,0.0,0.0,1.0157857990852877,1.0157857990852877,1.0159494099998208,1.0497076999321218,1.0,True,0.0,,0.0,sem_sobretensao,False,,[null]
leader_follower,C3_lider_longa,23,pv1,824,-0.0,-0.0,0.0,0.0,1.0106227444912799,1.0106227444912799,1.0159494099998208,1.0497076999321218,2.0,False,0.0,,0.0,sem_sobretensao,False,,[null]
leader_follower,C3_lider_longa,23,pv3,828,-0.0,-0.0,0.0,0.0,1.010183972127752,1.010183972127752,1.0159494099998208,1.0497076999321218,3.0,False,0.0,,0.0,sem_sobretensao,False,,[null]
leader_follower,C3_lider_longa,23,pv4,830,-0.0,-0.0,0.0,0.0,0.9995990501550605,0.9995990501550605,1.0159494099998208,1.0497076999321218,4.0,False,0.0,,0.0,sem_sobretensao,False,,[null]
leader_follower,C3_lider_longa,23,pv5,850,-0.0,-0.0,0.0,0.0,1.0159494099998208,1.0159494099998208,1.0159494099998208,1.0497076999321218,5.0,False,0.0,,0.0,sem_sobretensao,False,,[null]
leader_follower,C3_lider_longa,23,pv6,832,-0.0,-0.0,0.0,0.0,0.9812181271943435,0.9812181271943435,1.0159494099998208,1.0497076999321218,6.0,False,0.0,,0.0,sem_sobretensao,False,,[null]
leader_follower,C3_naolider_curta,0,pv2,816,-0.0,-0.0,0.0,0.0,1.0450262948633384,1.0450262948633384,1.0450761113146874,1.0505970659065018,1.0,True,0.0,,0.0,sem_sobretensao,False,,[null]
leader_follower,C3_naolider_curta,0,pv1,824,-0.0,-0.0,0.0,0.0,1.0435191673339033,1.0435191673339033,1.0450761113146874,1.0505970659065018,2.0,False,0.0,,0.0,sem_sobretensao,False,,[null]
leader_follower,C3_naolider_curta,0,pv3,828,-0.0,-0.0,0.0,0.0,1.0433881517951473,1.0433881517951473,1.0450761113146874,1.0505970659065018,3.0,False,0.0,,0.0,sem_sobretensao,False,,[null]
leader_follower,C3_naolider_curta,0,pv4,830,-0.0,-0.0,0.0,0.0,1.0402417834114022,1.0402417834114022,1.0450761113146874,1.0505970659065018,4.0,False,0.0,,0.0,sem_sobretensao,False,,[null]
leader_follower,C3_naolider_curta,0,pv5,850,-0.0,-0.0,0.0,0.0,1.0450761113146874,1.0450761113146874,1.0450761113146874,1.0505970659065018,5.0,False,0.0,,0.0,sem_sobretensao,False,,[null]
leader_follower,C3_naolider_curta,0,pv6,832,-0.0,-0.0,0.0,0.0,1.035054528358762,1.035054528358762,1.0450761113146874,1.0505970659065018,6.0,False,0.0,,0.0,sem_sobretensao,False,,[null]
leader_follower,C3_naolider_curta,1,pv2,816,-0.0,-0.0,0.0,0.0,1.045026590394128,1.045026590394128,1.0450764055625177,1.0505970903489996,1.0,True,0.0,,0.0,sem_sobretensao,False,,[null]
leader_follower,C3_naolider_curta,1,pv1,824,-0.0,-0.0,0.0,0.0,1.0435194971179793,1.0435194971179793,1.0450764055625177,1.0505970903489996,2.0,False,0.0,,0.0,sem_sobretensao,False,,[null]
leader_follower,C3_naolider_curta,1,pv3,828,-0.0,-0.0,0.0,0.0,1.043388484707053,1.043388484707053,1.0450764055625177,1.0505970903489996,3.0,False,0.0,,0.0,sem_sobretensao,False,,[null]
leader_follower,C3_naolider_curta,1,pv4,830,-0.0,-0.0,0.0,0.0,1.0402421909746449,1.0402421909746449,1.0450764055625177,1.0505970903489996,4.0,False,0.0,,0.0,sem_sobretensao,False,,[null]
leader_follower,C3_naolider_curta,1,pv5,850,-0.0,-0.0,0.0,0.0,1.0450764055625177,1.0450764055625177,1.0450764055625177,1.0505970903489996,5.0,False,0.0,,0.0,sem_sobretensao,False,,[null]
leader_follower,C3_naolider_curta,1,pv6,832,-0.0,-0.0,0.0,0.0,1.035055078078631,1.035055078078631,1.0450764055625177,1.0505970903489996,6.0,False,0.0,,0.0,sem_sobretensao,False,,[null]
leader_follower,C3_naolider_curta,2,pv2,816,-0.0,-0.0,0.0,0.0,1.044957170134863,1.044957170134863,1.0450072554978005,1.050594980095696,1.0,True,0.0,,0.0,sem_sobretensao,False,,[null]
leader_follower,C3_naolider_curta,2,pv1,824,-0.0,-0.0,0.0,0.0,1.0434413812534848,1.0434413812534848,1.0450072554978005,1.050594980095696,2.0,False,0.0,,0.0,sem_sobretensao,False,,[null]
leader_follower,C3_naolider_curta,2,pv3,828,-0.0,-0.0,0.0,0.0,1.0433096369965245,1.0433096369965245,1.0450072554978005,1.050594980095696,3.0,False,0.0,,0.0,sem_sobretensao,False,,[null]
leader_follower,C3_naolider_curta,2,pv4,830,-0.0,-0.0,0.0,0.0,1.0401456464219776,1.0401456464219776,1.0450072554978005,1.050594980095696,4.0,False,0.0,,0.0,sem_sobretensao,False,,[null]
leader_follower,C3_naolider_curta,2,pv5,850,-0.0,-0.0,0.0,0.0,1.0450072554978005,1.0450072554978005,1.0450072554978005,1.050594980095696,5.0,False,0.0,,0.0,sem_sobretensao,False,,[null]
leader_follower,C3_naolider_curta,2,pv6,832,-0.0,-0.0,0.0,0.0,1.0349271785104097,1.0349271785104097,1.0450072554978005,1.050594980095696,6.0,False,0.0,,0.0,sem_sobretensao,False,,[null]
leader_follower,C3_naolider_curta,3,pv2,816,-0.0,-0.0,0.0,0.0,1.0449571021647743,1.0449571021647743,1.045007187805771,1.0505949776249721,1.0,True,0.0,,0.0,sem_sobretensao,False,,[null]
leader_follower,C3_naolider_curta,3,pv1,824,-0.0,-0.0,0.0,0.0,1.0434413052741978,1.0434413052741978,1.045007187805771,1.0505949776249721,2.0,False,0.0,,0.0,sem_sobretensao,False,,[null]
leader_follower,C3_naolider_curta,3,pv3,828,-0.0,-0.0,0.0,0.0,1.0433095603397917,1.0433095603397917,1.045007187805771,1.0505949776249721,3.0,False,0.0,,0.0,sem_sobretensao,False,,[null]
leader_follower,C3_naolider_curta,3,pv4,830,-0.0,-0.0,0.0,0.0,1.04014555352833,1.04014555352833,1.045007187805771,1.0505949776249721,4.0,False,0.0,,0.0,sem_sobretensao,False,,[null]
leader_follower,C3_naolider_curta,3,pv5,850,-0.0,-0.0,0.0,0.0,1.045007187805771,1.045007187805771,1.045007187805771,1.0505949776249721,5.0,False,0.0,,0.0,sem_sobretensao,False,,[null]
leader_follower,C3_naolider_curta,3,pv6,832,-0.0,-0.0,0.0,0.0,1.034927055347267,1.034927055347267,1.045007187805771,1.0505949776249721,6.0,False,0.0,,0.0,sem_sobretensao,False,,[null]
leader_follower,C3_naolider_curta,4,pv2,816,-0.0,-0.0,0.0,0.0,1.0450265231229214,1.0450265231229214,1.0450763385661972,1.0505970879234297,1.0,True,0.0,,0.0,sem_sobretensao,False,,[null]
leader_follower,C3_naolider_curta,4,pv1,824,-0.0,-0.0,0.0,0.0,1.0435194219130088,1.0435194219130088,1.0450763385661972,1.0505970879234297,2.0,False,0.0,,0.0,sem_sobretensao,False,,[null]
leader_follower,C3_naolider_curta,4,pv3,828,-0.0,-0.0,0.0,0.0,1.043388408831456,1.043388408831456,1.0450763385661972,1.0505970879234297,3.0,False,0.0,,0.0,sem_sobretensao,False,,[null]
leader_follower,C3_naolider_curta,4,pv4,830,-0.0,-0.0,0.0,0.0,1.040242099025251,1.040242099025251,1.0450763385661972,1.0505970879234297,4.0,False,0.0,,0.0,sem_sobretensao,False,,[null]
leader_follower,C3_naolider_curta,4,pv5,850,-0.0,-0.0,0.0,0.0,1.0450763385661972,1.0450763385661972,1.0450763385661972,1.0505970879234297,5.0,False,0.0,,0.0,sem_sobretensao,False,,[null]
leader_follower,C3_naolider_curta,4,pv6,832,-0.0,-0.0,0.0,0.0,1.035054956170033,1.035054956170033,1.0450763385661972,1.0505970879234297,6.0,False,0.0,,0.0,sem_sobretensao,False,,[null]
leader_follower,C3_naolider_curta,5,pv2,816,-0.0,-0.0,0.0,0.0,1.046437942275659,1.046437942275659,1.0464804756969754,1.0506393917986803,1.0,True,0.0,,0.0,sem_sobretensao,False,,[null]
leader_follower,C3_naolider_curta,5,pv1,824,-0.0,-0.0,0.0,0.0,1.0450850714048536,1.0450850714048536,1.0464804756969754,1.0506393917986803,2.0,False,0.0,,0.0,sem_sobretensao,False,,[null]
leader_follower,C3_naolider_curta,5,pv3,828,-0.0,-0.0,0.0,0.0,1.044968726726859,1.044968726726859,1.0464804756969754,1.0506393917986803,3.0,False,0.0,,0.0,sem_sobretensao,False,,[null]
leader_follower,C3_naolider_curta,5,pv4,830,-0.0,-0.0,0.0,0.0,1.0421771197491476,1.0421771197491476,1.0464804756969754,1.0506393917986803,4.0,False,0.0,,0.0,sem_sobretensao,False,,[null]
leader_follower,C3_naolider_curta,5,pv5,850,-0.0,-0.0,0.0,0.0,1.0464804756969754,1.0464804756969754,1.0464804756969754,1.0506393917986803,5.0,False,0.0,,0.0,sem_sobretensao,False,,[null]
leader_follower,C3_naolider_curta,5,pv6,832,-0.0,-0.0,0.0,0.0,1.0376184354041749,1.0376184354041749,1.0464804756969754,1.0506393917986803,6.0,False,0.0,,0.0,sem_sobretensao,False,,[null]
leader_follower,C3_naolider_curta,6,pv2,816,15.625241782068512,15.625241782068512,0.0,0.0,1.04834074378191,1.04834074378191,1.048378245454802,1.0506384889471005,1.0,True,0.0,0.0,0.0,sem_sobretensao,False,0.0,[0.0]
leader_follower,C3_naolider_curta,6,pv1,824,18.7503236717592,18.7503236717592,0.0,0.0,1.047157904836951,1.047157904836951,1.048378245454802,1.0506384889471005,2.0,False,0.0,0.0,0.0,sem_sobretensao,False,0.0,[0.0]
leader_follower,C3_naolider_curta,6,pv3,828,12.50021771214404,12.50021771214404,0.0,0.0,1.047045538729875,1.047045538729875,1.048378245454802,1.0506384889471005,3.0,False,0.0,0.0,0.0,sem_sobretensao,False,0.0,[0.0]
leader_follower,C3_naolider_curta,6,pv4,830,16.250349249231206,16.250349249231206,0.0,0.0,1.044222209515069,1.044222209515069,1.048378245454802,1.0506384889471005,4.0,False,0.0,0.0,0.0,sem_sobretensao,False,0.0,[0.0]
leader_follower,C3_naolider_curta,6,pv5,850,11.250173385025839,11.250173385025839,0.0,0.0,1.048378245454802,1.048378245454802,1.048378245454802,1.0506384889471005,5.0,False,0.0,0.0,0.0,sem_sobretensao,False,0.0,[0.0]
leader_follower,C3_naolider_curta,6,pv6,832,14.375428037447021,14.375428037447021,0.0,0.0,1.039316562019864,1.039316562019864,1.048378245454802,1.0506384889471005,6.0,False,0.0,0.0,0.0,sem_sobretensao,False,0.0,[0.0]
leader_follower,C3_naolider_curta,7,pv2,816,46.87517293313687,18.450168691974127,28.42500424116274,0.6063978224324812,1.0562538666391135,1.0504671308839426,1.0504964855599892,1.0507974957944095,1.0,True,0.0,0.6063978533307685,311.0,convergiu,False,0.007395684726592672,[0.007396]
leader_follower,C3_naolider_curta,7,pv1,824,56.250221496230566,22.88061736570109,33.369604130529474,0.5932350355979051,1.0558852978158422,1.049534016263107,1.0504964855599892,1.0507974957944095,2.0,False,0.0,0.5932350707768437,311.0,convergiu,False,0.007395684726592672,[0.007396]
leader_follower,C3_naolider_curta,7,pv3,828,37.500148594787916,15.429029434206289,22.071119160581627,0.5885608095576061,1.0558243986090114,1.0494407801879178,1.0504964855599892,1.0507974957944095,3.0,False,0.0,0.58856084542687,311.0,convergiu,False,0.007395684726592672,[0.007396]
leader_follower,C3_naolider_curta,7,pv4,830,48.75022589866943,20.158752190756754,28.591473707912673,0.5864890071822247,1.053993713057545,1.0470504859317822,1.0504964855599892,1.0507974957944095,4.0,False,0.0,0.5864890506834152,311.0,convergiu,False,0.007395684726592672,[0.007396]
leader_follower,C3_naolider_curta,7,pv5,850,33.750124023076154,13.934724868577213,19.81539915449894,0.5871207481008127,1.0562616463457974,1.0504964855599892,1.0504964855599892,1.0507974957944095,5.0,False,0.0,0.5871207803844054,311.0,convergiu,False,0.007395684726592672,[0.007396]
leader_follower,C3_naolider_curta,7,pv6,832,43.12526281682057,17.92669888958255,25.198563927238023,0.5843109060825425,1.0502737503980755,1.0428431584098574,1.0504964855599892,1.0507974957944095,6.0,False,0.0,0.5843109648808813,311.0,convergiu,False,0.007395684726592672,[0.007396]
leader_follower,C3_naolider_curta,8,pv2,816,85.41699509578216,37.55092298682923,47.86607210895293,0.5603810774807283,1.0600225763749762,1.0504681100230784,1.0504982101571256,1.0507807462095407,1.0,True,0.0,0.5603811285479946,205.0,convergiu,False,0.007887392825174366,[0.007887]
leader_follower,C3_naolider_curta,8,pv1,824,102.50042170914827,46.484554030473156,56.015867678675114,0.5464939636955051,1.0599113578819612,1.0494234852009192,1.0504982101571256,1.0507807462095407,2.0,False,0.0,0.5464940216306997,205.0,convergiu,False,0.007887392825174366,[0.007887]
leader_follower,C3_naolider_curta,8,pv3,828,68.33361542991221,31.33049837255441,37.003117057357805,0.5415067355317547,1.0598511737596628,1.0493099968011603,1.0504982101571256,1.0507807462095407,3.0,False,0.0,0.5415067946362477,205.0,convergiu,False,0.007887392825174366,[0.007887]
leader_follower,C3_naolider_curta,8,pv4,830,88.83371838145632,40.931698448415126,47.902019933041196,0.5392323342090858,1.057728114982749,1.0462675399651908,1.0504982101571256,1.0507807462095407,4.0,False,0.0,0.5392324086598242,205.0,convergiu,False,0.007887392825174366,[0.007887]
leader_follower,C3_naolider_curta,8,pv5,850,61.50023555732899,28.298102062908477,33.202133494420515,0.5398699682915588,1.0600169249430984,1.0504982101571256,1.0504982101571256,1.0507807462095407,5.0,False,0.0,0.53987002152976,205.0,convergiu,False,0.007887392825174366,[0.007887]
leader_follower,C3_naolider_curta,8,pv6,832,78.583681220178,36.40468879056407,42.17899242961392,0.5367397308826767,1.0527861134774454,1.0405336989425316,1.0504982101571256,1.0507807462095407,6.0,False,0.0,0.5367398392986403,205.0,convergiu,False,0.007887392825174366,[0.007887]
leader_follower,C3_naolider_curta,9,pv2,816,109.37601259366954,43.6879640330115,65.68804856065805,0.6005708289109878,1.06345603039039,1.0504657959625,1.050496147792158,1.0507726169672005,1.0,True,0.0,0.6005708838983579,177.0,convergiu,False,0.008170516677871654,[0.008171]
leader_follower,C3_naolider_curta,9,pv1,824,131.25131013746795,54.300514439296954,76.95079569817099,0.5862858618534761,1.063645007819406,1.049385091413919,1.050496147792158,1.0507726169672005,2.0,False,0.0,0.5862859244420149,177.0,convergiu,False,0.008170516677871654,[0.008171]
leader_follower,C3_naolider_curta,9,pv3,828,87.5008766990287,36.65226369477923,50.848613004249465,0.5811211192925357,1.0635972309551887,1.049264963150451,1.050496147792158,1.0507726169672005,3.0,False,0.0,0.5811211832671147,177.0,convergiu,False,0.008170516677871654,[0.008171]
leader_follower,C3_naolider_curta,9,pv4,830,113.75120210857385,47.92084716740371,65.83035494117014,0.5787221971997372,1.0615841255896254,1.046007575973574,1.050496147792158,1.0507726169672005,4.0,False,0.0,0.5787222791574197,177.0,convergiu,False,0.008170516677871654,[0.008171]
leader_follower,C3_naolider_curta,9,pv5,850,78.75072623557068,33.12599908095346,45.62472715461722,0.5793562141373032,1.0634377078478499,1.050496147792158,1.050496147792158,1.0507726169672005,5.0,False,0.0,0.5793562718156765,177.0,convergiu,False,0.008170516677871654,[0.008171]
leader_follower,C3_naolider_curta,9,pv6,832,100.6260821285418,42.66314732848292,57.962934800058875,0.5760228480712692,1.0564042278647428,1.0397679382559573,1.050496147792158,1.0507726169672005,6.0,False,0.0,0.5760229711220978,177.0,convergiu,False,0.008170516677871654,[0.008171]
leader_follower,C3_naolider_curta,10,pv2,816,122.91832384587056,50.00413354234478,72.91419030352577,0.5931921375295817,1.0647988816134637,1.0504613907338594,1.05049199201485,1.0507635156749888,1.0,True,0.0,0.5931921948020878,163.0,convergiu,False,0.0082863853155312,[0.008286]
leader_follower,C3_naolider_curta,10,pv1,824,147.50215552840345,62.133407898575285,85.36874762982816,0.578762647370416,1.0650831804269703,1.0493437676111264,1.05049199201485,1.0507635156749888,2.0,False,0.0,0.5787627124770344,163.0,convergiu,False,0.0082863853155312,[0.008286]
leader_follower,C3_naolider_curta,10,pv3,828,98.33477598952041,41.93716190602157,56.39761408349884,0.5735265776404638,1.0650361539418978,1.0492169230205863,1.05049199201485,1.0507635156749888,3.0,False,0.0,0.5735266442210553,163.0,convergiu,False,0.0082863853155312,[0.008286]
leader_follower,C3_naolider_curta,10,pv4,830,127.83531261961483,54.832510776582026,73.0028018430328,0.571069051541411,1.0629336659541402,1.0457431238972241,1.05049199201485,1.0507635156749888,4.0,False,0.0,0.5710691384645731,163.0,convergiu,False,0.0082863853155312,[0.008286]
leader_follower,C3_naolider_curta,10,pv5,850,88.50118853266284,37.905414241877885,50.59577429078495,0.5716959265101276,1.0647757079433002,1.05049199201485,1.05049199201485,1.0507635156749888,5.0,False,0.0,0.5716959865698498,163.0,convergiu,False,0.0082863853155312,[0.008286]
leader_follower,C3_naolider_curta,10,pv6,832,113.08509808576127,48.82307634369772,64.26202174206355,0.5682623756406585,1.057350814347944,1.0389963562456255,1.05049199201485,1.0507635156749888,6.0,False,0.0,0.5682625105328081,163.0,convergiu,False,0.0082863853155312,[0.008286]
leader_follower,C3_naolider_curta,11,pv2,816,125.00095798835956,69.70964432573697,55.291313662622585,0.4423270633557198,1.0612357748958008,1.0504620041376227,1.0504932564165532,1.050739928714089,1.0,True,0.0,0.44232711934712904,148.0,convergiu,False,0.008322347775109483,[0.008322]
leader_follower,C3_naolider_curta,11,pv1,824,150.00123660831352,85.82476912779379,64.17646748051973,0.42783952668175373,1.0610597798134325,1.049232988407325,1.0504932564165532,1.050739928714089,2.0,False,0.0,0.4278395894035108,148.0,convergiu,False,0.008322347775109483,[0.008322]
leader_follower,C3_naolider_curta,11,pv3,828,100.00082679231424,57.742377974785086,42.25844881752916,0.42258093020637083,1.0609726002798563,1.049085859058512,1.0504932564165532,1.050739928714089,3.0,False,0.0,0.4225809943081092,148.0,convergiu,False,0.008322347775109483,[0.008322]
leader_follower,C3_naolider_curta,11,pv4,830,130.00109965868808,75.38622165942672,54.61487799926135,0.4201108013550391,1.0578779561114482,1.0449600091008944,1.0504932564165532,1.050739928714089,4.0,False,0.0,0.42011089246668076,148.0,convergiu,False,0.008322347775109483,[0.008322]
leader_follower,C3_naolider_curta,11,pv5,850,90.00068706039417,52.133875602487365,37.866811457906806,0.4207390796802365,1.0612265548580508,1.0504932564165532,1.0504932564165532,1.050739928714089,5.0,False,0.0,0.4207391376078786,148.0,convergiu,False,0.008322347775109483,[0.008322]
leader_follower,C3_naolider_curta,11,pv6,832,115.00090971298744,67.01257398430863,47.988335728678805,0.41728641395314914,1.0504893450004846,1.036689590185427,1.0504932564165532,1.050739928714089,6.0,False,0.0,0.4172865749361922,148.0,convergiu,False,0.008322347775109483,[0.008322]
leader_follower,C3_naolider_curta,12,pv2,816,114.58396791829965,73.20258742178842,41.38138049651123,0.36114453967002696,1.0584759981311622,1.0504596972890656,1.0504910563263001,1.0507349370882704,1.0,True,0.0,0.3611445933345306,147.0,convergiu,False,0.008138398980403385,[0.008138]
leader_follower,C3_naolider_curta,12,pv1,824,137.50081187565212,89.79738288863845,47.703428987013666,0.3469319207199583,1.0580095022700837,1.049211106655425,1.0504910563263001,1.0507349370882704,2.0,False,0.0,0.346931980519169,147.0,convergiu,False,0.008138398980403385,[0.008138]
leader_follower,C3_naolider_curta,12,pv3,828,91.66720993554301,60.33645544821714,31.330754487325876,0.3417879622424145,1.0579033716359607,1.0490605029747135,1.0504910563263001,1.0507349370882704,3.0,False,0.0,0.34178802332215086,147.0,convergiu,False,0.008138398980403385,[0.008138]
leader_follower,C3_naolider_curta,12,pv4,830,119.16742087516394,78.72298927075329,40.44443160441065,0.3393915948430902,1.054431394476973,1.0448241155383837,1.0504910563263001,1.0507349370882704,4.0,False,0.0,0.3393916836278514,147.0,convergiu,False,0.008138398980403385,[0.008138]
leader_follower,C3_naolider_curta,12,pv5,850,82.5004551075972,54.44875724909182,28.051697858505385,0.3400186491866124,1.0584772348420437,1.0504910563263001,1.0504910563263001,1.0507349370882704,5.0,False,0.0,0.3400187044049675,147.0,convergiu,False,0.008138398980403385,[0.008138]
leader_follower,C3_naolider_curta,12,pv6,832,105.41738641317859,69.92506150056423,35.492324912614365,0.33668362581714195,1.0465580380894042,1.0362979545337065,1.0504910563263001,1.0507349370882704,6.0,False,0.0,0.3366837873735916,147.0,convergiu,False,0.008138398980403385,[0.008138]
leader_follower,C3_naolider_curta,13,pv2,816,91.66698462445729,67.05849280388739,24.608491820569895,0.2684552874937837,1.0551908300741546,1.0504624971525698,1.0504936196207224,1.0507441882633601,1.0,True,0.0,0.2684553432338409,151.0,convergiu,False,0.00788055306175633,[0.007881]
leader_follower,C3_naolider_curta,13,pv1,824,110.00040473647692,81.99419199906174,28.006212737415183,0.25460093512894244,1.0544374799606508,1.049249486555695,1.0504936196207224,1.0507441882633601,2.0,False,0.0,0.25460099719185963,151.0,convergiu,False,0.00788055306175633,[0.007881]
leader_follower,C3_naolider_curta,13,pv3,828,73.33360464247181,55.02819854780137,18.305406094670445,0.24961818726942314,1.0543195761296038,1.0491054778214866,1.0504936196207224,1.0507441882633601,3.0,False,0.0,0.24961825051306297,151.0,convergiu,False,0.00788055306175633,[0.007881]
leader_follower,C3_naolider_curta,13,pv4,830,95.33373737436717,71.75417809211613,23.57955928225104,0.2473368976344695,1.0507455019992828,1.0450828207516683,1.0504936196207224,1.0507441882633601,4.0,False,0.0,0.24733698616740674,151.0,convergiu,False,0.00788055306175633,[0.007881]
leader_follower,C3_naolider_curta,13,pv5,850,66.00022802392903,49.63423805696334,16.365989966965685,0.24796863117240023,1.0552041870594921,1.0504936196207224,1.0504936196207224,1.0507441882633601,5.0,False,0.0,0.24796868824501692,151.0,convergiu,False,0.00788055306175633,[0.007881]
leader_follower,C3_naolider_curta,13,pv6,832,84.33378934611513,63.68696975367811,20.646819592437012,0.24482247091417414,1.0431065536204573,1.0370603379847172,1.0504936196207224,1.0507441882633601,6.0,False,0.0,0.2448226239153111,151.0,convergiu,False,0.00788055306175633,[0.007881]
leader_follower,C3_naolider_curta,14,pv2,816,62.50020224605282,51.12744475343385,11.372757492618973,0.1819634744499391,1.052613622671126,1.0504684287667378,1.0504989670073046,1.0507660303895017,1.0,True,0.0,0.18196353105940893,155.0,convergiu,False,0.007608374228075634,[0.007608]
leader_follower,C3_naolider_curta,14,pv1,824,75.0002600373511,62.36435631670132,12.635903720649779,0.1684780689912366,1.0516996381734283,1.0493471048931247,1.0504989670073046,1.0507660303895017,2.0,False,0.0,0.1684781321339011,155.0,convergiu,False,0.007608374228075634,[0.007608]
leader_follower,C3_naolider_curta,14,pv3,828,50.000174517844215,41.81674354070741,8.183430977136808,0.1636679841285858,1.0515841348068866,1.0492198585121932,1.0504989670073046,1.0507660303895017,3.0,False,0.0,0.1636680482828371,155.0,convergiu,False,0.007608374228075634,[0.007608]
leader_follower,C3_naolider_curta,14,pv4,830,65.00026936388049,54.50191004266548,10.498359321215013,0.16151246724334473,1.0483035674081949,1.0457375585205386,1.0504989670073046,1.0507660303895017,4.0,False,0.0,0.16151255100873116,155.0,convergiu,False,0.007608374228075634,[0.007608]
leader_follower,C3_naolider_curta,14,pv5,850,45.00014503917245,37.70339305645435,7.296751982718099,0.1621494636874135,1.052636095307487,1.0504989670073046,1.0504989670073046,1.0507660303895017,5.0,False,0.0,0.16214952143745992,155.0,convergiu,False,0.007608374228075634,[0.007608]
leader_follower,C3_naolider_curta,14,pv6,832,57.500322452220885,48.34571205359315,9.154610398627739,0.1592095927507746,1.041720637141104,1.0389815934030404,1.0504989670073046,1.0507660303895017,6.0,False,0.0,0.15920972280172235,155.0,convergiu,False,0.007608374228075634,[0.007608]
leader_follower,C3_naolider_curta,15,pv2,816,28.12494776039276,28.12494776039276,0.0,0.0,1.0386370242044933,1.0386370242044933,1.0387127583098001,1.0502955100136582,1.0,True,0.0,0.0,0.0,sem_sobretensao,False,0.0,[0.0]
leader_follower,C3_naolider_curta,15,pv1,824,33.74993264251279,33.74993264251279,0.0,0.0,1.036165762618626,1.036165762618626,1.0387127583098001,1.0502955100136582,2.0,False,0.0,0.0,0.0,sem_sobretensao,False,0.0,[0.0]
leader_follower,C3_naolider_curta,15,pv3,828,22.499954825209237,22.499954825209237,0.0,0.0,1.0359378482646822,1.0359378482646822,1.0387127583098001,1.0502955100136582,3.0,False,0.0,0.0,0.0,sem_sobretensao,False,0.0,[0.0]
leader_follower,C3_naolider_curta,15,pv4,830,29.249932336862635,29.249932336862635,0.0,0.0,1.0302157541188315,1.0302157541188315,1.0387127583098001,1.0502955100136582,4.0,False,0.0,0.0,0.0,sem_sobretensao,False,0.0,[0.0]
leader_follower,C3_naolider_curta,15,pv5,850,20.249962539182974,20.249962539182974,0.0,0.0,1.0387127583098001,1.0387127583098001,1.0387127583098001,1.0502955100136582,5.0,False,0.0,0.0,0.0,sem_sobretensao,False,0.0,[0.0]
leader_follower,C3_naolider_curta,15,pv6,832,25.874924472584226,25.874924472584226,0.0,0.0,1.0199321297395116,1.0199321297395116,1.0387127583098001,1.0502955100136582,6.0,False,0.0,0.0,0.0,sem_sobretensao,False,0.0,[0.0]
leader_follower,C3_naolider_curta,16,pv2,816,3.125032294596358,3.125032294596358,0.0,0.0,1.0394703803118956,1.0394703803118956,1.0395419414769773,1.050416238287995,1.0,True,0.0,0.0,0.0,sem_sobretensao,False,0.0,[0.0]
leader_follower,C3_naolider_curta,16,pv1,824,3.750042140958882,3.750042140958882,0.0,0.0,1.037249237228998,1.037249237228998,1.0395419414769773,1.050416238287995,2.0,False,0.0,0.0,0.0,sem_sobretensao,False,0.0,[0.0]
leader_follower,C3_naolider_curta,16,pv3,828,2.5000282767907094,2.5000282767907094,0.0,0.0,1.0370563779560704,1.0370563779560704,1.0395419414769773,1.050416238287995,3.0,False,0.0,0.0,0.0,sem_sobretensao,False,0.0,[0.0]
leader_follower,C3_naolider_curta,16,pv4,830,3.2500425487395805,3.2500425487395805,0.0,0.0,1.0323888508528651,1.0323888508528651,1.0395419414769773,1.050416238287995,4.0,False,0.0,0.0,0.0,sem_sobretensao,False,0.0,[0.0]
leader_follower,C3_naolider_curta,16,pv5,850,2.25002315917058,2.25002315917058,0.0,0.0,1.0395419414769773,1.0395419414769773,1.0395419414769773,1.050416238287995,5.0,False,0.0,0.0,0.0,sem_sobretensao,False,0.0,[0.0]
leader_follower,C3_naolider_curta,16,pv6,832,2.8750471329309977,2.8750471329309977,0.0,0.0,1.024446903547258,1.024446903547258,1.0395419414769773,1.050416238287995,6.0,False,0.0,0.0,0.0,sem_sobretensao,False,0.0,[0.0]
leader_follower,C3_naolider_curta,17,pv2,816,-0.0,-0.0,0.0,0.0,1.0319530456641128,1.0319530456641128,1.0320537436109634,1.0501995250985579,1.0,True,0.0,,0.0,sem_sobretensao,False,,[null]
leader_follower,C3_naolider_curta,17,pv1,824,-0.0,-0.0,0.0,0.0,1.0288097422283975,1.0288097422283975,1.0320537436109634,1.0501995250985579,2.0,False,0.0,,0.0,sem_sobretensao,False,,[null]
leader_follower,C3_naolider_curta,17,pv3,828,-0.0,-0.0,0.0,0.0,1.0285410077167665,1.0285410077167665,1.0320537436109634,1.0501995250985579,3.0,False,0.0,,0.0,sem_sobretensao,False,,[null]
leader_follower,C3_naolider_curta,17,pv4,830,-0.0,-0.0,0.0,0.0,1.0220651174905708,1.0220651174905708,1.0320537436109634,1.0501995250985579,4.0,False,0.0,,0.0,sem_sobretensao,False,,[null]
leader_follower,C3_naolider_curta,17,pv5,850,-0.0,-0.0,0.0,0.0,1.0320537436109634,1.0320537436109634,1.0320537436109634,1.0501995250985579,5.0,False,0.0,,0.0,sem_sobretensao,False,,[null]
leader_follower,C3_naolider_curta,17,pv6,832,-0.0,-0.0,0.0,0.0,1.0109757984235852,1.0109757984235852,1.0320537436109634,1.0501995250985579,6.0,False,0.0,,0.0,sem_sobretensao,False,,[null]
leader_follower,C3_naolider_curta,18,pv2,816,-0.0,-0.0,0.0,0.0,1.035368449501018,1.035368449501018,1.0354558554930642,1.0503034017860868,1.0,True,0.0,,0.0,sem_sobretensao,False,,[null]
leader_follower,C3_naolider_curta,18,pv1,824,-0.0,-0.0,0.0,0.0,1.0326523500430973,1.0326523500430973,1.0354558554930642,1.0503034017860868,2.0,False,0.0,,0.0,sem_sobretensao,False,,[null]
leader_follower,C3_naolider_curta,18,pv3,828,-0.0,-0.0,0.0,0.0,1.0324195763808066,1.0324195763808066,1.0354558554930642,1.0503034017860868,3.0,False,0.0,,0.0,sem_sobretensao,False,,[null]
leader_follower,C3_naolider_curta,18,pv4,830,-0.0,-0.0,0.0,0.0,1.02681295674242,1.02681295674242,1.0354558554930642,1.0503034017860868,4.0,False,0.0,,0.0,sem_sobretensao,False,,[null]
leader_follower,C3_naolider_curta,18,pv5,850,-0.0,-0.0,0.0,0.0,1.0354558554930642,1.0354558554930642,1.0354558554930642,1.0503034017860868,5.0,False,0.0,,0.0,sem_sobretensao,False,,[null]
leader_follower,C3_naolider_curta,18,pv6,832,-0.0,-0.0,0.0,0.0,1.0172650561019754,1.0172650561019754,1.0354558554930642,1.0503034017860868,6.0,False,0.0,,0.0,sem_sobretensao,False,,[null]
leader_follower,C3_naolider_curta,19,pv2,816,-0.0,-0.0,0.0,0.0,1.0124638034940296,1.0124638034940296,1.012640339769449,1.0496066048479267,1.0,True,0.0,,0.0,sem_sobretensao,False,,[null]
leader_follower,C3_naolider_curta,19,pv1,824,-0.0,-0.0,0.0,0.0,1.0068862241138117,1.0068862241138117,1.012640339769449,1.0496066048479267,2.0,False,0.0,,0.0,sem_sobretensao,False,,[null]
leader_follower,C3_naolider_curta,19,pv3,828,-0.0,-0.0,0.0,0.0,1.0064125502225403,1.0064125502225403,1.012640339769449,1.0496066048479267,3.0,False,0.0,,0.0,sem_sobretensao,False,,[null]
leader_follower,C3_naolider_curta,19,pv4,830,-0.0,-0.0,0.0,0.0,0.9949844738133676,0.9949844738133676,1.012640339769449,1.0496066048479267,4.0,False,0.0,,0.0,sem_sobretensao,False,,[null]
leader_follower,C3_naolider_curta,19,pv5,850,-0.0,-0.0,0.0,0.0,1.012640339769449,1.012640339769449,1.012640339769449,1.0496066048479267,5.0,False,0.0,,0.0,sem_sobretensao,False,,[null]
leader_follower,C3_naolider_curta,19,pv6,832,-0.0,-0.0,0.0,0.0,0.975106227573592,0.975106227573592,1.012640339769449,1.0496066048479267,6.0,False,0.0,,0.0,sem_sobretensao,False,,[null]
leader_follower,C3_naolider_curta,20,pv2,816,-0.0,-0.0,0.0,0.0,1.0078351504741656,1.0078351504741656,1.0080296961644228,1.0494657402550032,1.0,True,0.0,,0.0,sem_sobretensao,False,,[null]
leader_follower,C3_naolider_curta,20,pv1,824,-0.0,-0.0,0.0,0.0,1.00168032528244,1.00168032528244,1.0080296961644228,1.0494657402550032,2.0,False,0.0,,0.0,sem_sobretensao,False,,[null]
leader_follower,C3_naolider_curta,20,pv3,828,-0.0,-0.0,0.0,0.0,1.001158047785484,1.001158047785484,1.0080296961644228,1.0494657402550032,3.0,False,0.0,,0.0,sem_sobretensao,False,,[null]
leader_follower,C3_naolider_curta,20,pv4,830,-0.0,-0.0,0.0,0.0,0.9885559519361026,0.9885559519361026,1.0080296961644228,1.0494657402550032,4.0,False,0.0,,0.0,sem_sobretensao,False,,[null]
leader_follower,C3_naolider_curta,20,pv5,850,-0.0,-0.0,0.0,0.0,1.0080296961644228,1.0080296961644228,1.0080296961644228,1.0494657402550032,5.0,False,0.0,,0.0,sem_sobretensao,False,,[null]
leader_follower,C3_naolider_curta,20,pv6,832,-0.0,-0.0,0.0,0.0,0.9665920784800835,0.9665920784800835,1.0080296961644228,1.0494657402550032,6.0,False,0.0,,0.0,sem_sobretensao,False,,[null]
leader_follower,C3_naolider_curta,21,pv2,816,-0.0,-0.0,0.0,0.0,1.0061895964378378,1.0061895964378378,1.0063905442901253,1.0494156571369113,1.0,True,0.0,,0.0,sem_sobretensao,False,,[null]
leader_follower,C3_naolider_curta,21,pv1,824,-0.0,-0.0,0.0,0.0,0.9998296239446813,0.9998296239446813,1.0063905442901253,1.0494156571369113,2.0,False,0.0,,0.0,sem_sobretensao,False,,[null]
leader_follower,C3_naolider_curta,21,pv3,828,-0.0,-0.0,0.0,0.0,0.9992900728255069,0.9992900728255069,1.0063905442901253,1.0494156571369113,3.0,False,0.0,,0.0,sem_sobretensao,False,,[null]
leader_follower,C3_naolider_curta,21,pv4,830,-0.0,-0.0,0.0,0.0,0.9862707730472382,0.9862707730472382,1.0063905442901253,1.0494156571369113,4.0,False,0.0,,0.0,sem_sobretensao,False,,[null]
leader_follower,C3_naolider_curta,21,pv5,850,-0.0,-0.0,0.0,0.0,1.0063905442901253,1.0063905442901253,1.0063905442901253,1.0494156571369113,5.0,False,0.0,,0.0,sem_sobretensao,False,,[null]
leader_follower,C3_naolider_curta,21,pv6,832,-0.0,-0.0,0.0,0.0,0.963565563609644,0.963565563609644,1.0063905442901253,1.0494156571369113,6.0,False,0.0,,0.0,sem_sobretensao,False,,[null]
leader_follower,C3_naolider_curta,22,pv2,816,-0.0,-0.0,0.0,0.0,1.005861808419378,1.005861808419378,1.0060640314884584,1.049405687339917,1.0,True,0.0,,0.0,sem_sobretensao,False,,[null]
leader_follower,C3_naolider_curta,22,pv1,824,-0.0,-0.0,0.0,0.0,0.9994609737243804,0.9994609737243804,1.0060640314884584,1.049405687339917,2.0,False,0.0,,0.0,sem_sobretensao,False,,[null]
leader_follower,C3_naolider_curta,22,pv3,828,-0.0,-0.0,0.0,0.0,0.998917981930852,0.998917981930852,1.0060640314884584,1.049405687339917,3.0,False,0.0,,0.0,sem_sobretensao,False,,[null]
leader_follower,C3_naolider_curta,22,pv4,830,-0.0,-0.0,0.0,0.0,0.9858155814373928,0.9858155814373928,1.0060640314884584,1.049405687339917,4.0,False,0.0,,0.0,sem_sobretensao,False,,[null]
leader_follower,C3_naolider_curta,22,pv5,850,-0.0,-0.0,0.0,0.0,1.0060640314884584,1.0060640314884584,1.0060640314884584,1.049405687339917,5.0,False,0.0,,0.0,sem_sobretensao,False,,[null]
leader_follower,C3_naolider_curta,22,pv6,832,-0.0,-0.0,0.0,0.0,0.9629627164790315,0.9629627164790315,1.0060640314884584,1.049405687339917,6.0,False,0.0,,0.0,sem_sobretensao,False,,[null]
leader_follower,C3_naolider_curta,23,pv2,816,-0.0,-0.0,0.0,0.0,1.0157857990852877,1.0157857990852877,1.0159494099998208,1.0497076999321218,1.0,True,0.0,,0.0,sem_sobretensao,False,,[null]
leader_follower,C3_naolider_curta,23,pv1,824,-0.0,-0.0,0.0,0.0,1.0106227444912799,1.0106227444912799,1.0159494099998208,1.0497076999321218,2.0,False,0.0,,0.0,sem_sobretensao,False,,[null]
leader_follower,C3_naolider_curta,23,pv3,828,-0.0,-0.0,0.0,0.0,1.010183972127752,1.010183972127752,1.0159494099998208,1.0497076999321218,3.0,False,0.0,,0.0,sem_sobretensao,False,,[null]
leader_follower,C3_naolider_curta,23,pv4,830,-0.0,-0.0,0.0,0.0,0.9995990501550605,0.9995990501550605,1.0159494099998208,1.0497076999321218,4.0,False,0.0,,0.0,sem_sobretensao,False,,[null]
leader_follower,C3_naolider_curta,23,pv5,850,-0.0,-0.0,0.0,0.0,1.0159494099998208,1.0159494099998208,1.0159494099998208,1.0497076999321218,5.0,False,0.0,,0.0,sem_sobretensao,False,,[null]
leader_follower,C3_naolider_curta,23,pv6,832,-0.0,-0.0,0.0,0.0,0.9812181271943435,0.9812181271943435,1.0159494099998208,1.0497076999321218,6.0,False,0.0,,0.0,sem_sobretensao,False,,[null]
leader_follower,C3_naolider_longa,0,pv2,816,-0.0,-0.0,0.0,0.0,1.0450262948633384,1.0450262948633384,1.0450761113146874,1.0505970659065018,1.0,True,0.0,,0.0,sem_sobretensao,False,,[null]
leader_follower,C3_naolider_longa,0,pv1,824,-0.0,-0.0,0.0,0.0,1.0435191673339033,1.0435191673339033,1.0450761113146874,1.0505970659065018,2.0,False,0.0,,0.0,sem_sobretensao,False,,[null]
leader_follower,C3_naolider_longa,0,pv3,828,-0.0,-0.0,0.0,0.0,1.0433881517951473,1.0433881517951473,1.0450761113146874,1.0505970659065018,3.0,False,0.0,,0.0,sem_sobretensao,False,,[null]
leader_follower,C3_naolider_longa,0,pv4,830,-0.0,-0.0,0.0,0.0,1.0402417834114022,1.0402417834114022,1.0450761113146874,1.0505970659065018,4.0,False,0.0,,0.0,sem_sobretensao,False,,[null]
leader_follower,C3_naolider_longa,0,pv5,850,-0.0,-0.0,0.0,0.0,1.0450761113146874,1.0450761113146874,1.0450761113146874,1.0505970659065018,5.0,False,0.0,,0.0,sem_sobretensao,False,,[null]
leader_follower,C3_naolider_longa,0,pv6,832,-0.0,-0.0,0.0,0.0,1.035054528358762,1.035054528358762,1.0450761113146874,1.0505970659065018,6.0,False,0.0,,0.0,sem_sobretensao,False,,[null]
leader_follower,C3_naolider_longa,1,pv2,816,-0.0,-0.0,0.0,0.0,1.045026590394128,1.045026590394128,1.0450764055625177,1.0505970903489996,1.0,True,0.0,,0.0,sem_sobretensao,False,,[null]
leader_follower,C3_naolider_longa,1,pv1,824,-0.0,-0.0,0.0,0.0,1.0435194971179793,1.0435194971179793,1.0450764055625177,1.0505970903489996,2.0,False,0.0,,0.0,sem_sobretensao,False,,[null]
leader_follower,C3_naolider_longa,1,pv3,828,-0.0,-0.0,0.0,0.0,1.043388484707053,1.043388484707053,1.0450764055625177,1.0505970903489996,3.0,False,0.0,,0.0,sem_sobretensao,False,,[null]
leader_follower,C3_naolider_longa,1,pv4,830,-0.0,-0.0,0.0,0.0,1.0402421909746449,1.0402421909746449,1.0450764055625177,1.0505970903489996,4.0,False,0.0,,0.0,sem_sobretensao,False,,[null]
leader_follower,C3_naolider_longa,1,pv5,850,-0.0,-0.0,0.0,0.0,1.0450764055625177,1.0450764055625177,1.0450764055625177,1.0505970903489996,5.0,False,0.0,,0.0,sem_sobretensao,False,,[null]
leader_follower,C3_naolider_longa,1,pv6,832,-0.0,-0.0,0.0,0.0,1.035055078078631,1.035055078078631,1.0450764055625177,1.0505970903489996,6.0,False,0.0,,0.0,sem_sobretensao,False,,[null]
leader_follower,C3_naolider_longa,2,pv2,816,-0.0,-0.0,0.0,0.0,1.044957170134863,1.044957170134863,1.0450072554978005,1.050594980095696,1.0,True,0.0,,0.0,sem_sobretensao,False,,[null]
leader_follower,C3_naolider_longa,2,pv1,824,-0.0,-0.0,0.0,0.0,1.0434413812534848,1.0434413812534848,1.0450072554978005,1.050594980095696,2.0,False,0.0,,0.0,sem_sobretensao,False,,[null]
leader_follower,C3_naolider_longa,2,pv3,828,-0.0,-0.0,0.0,0.0,1.0433096369965245,1.0433096369965245,1.0450072554978005,1.050594980095696,3.0,False,0.0,,0.0,sem_sobretensao,False,,[null]
leader_follower,C3_naolider_longa,2,pv4,830,-0.0,-0.0,0.0,0.0,1.0401456464219776,1.0401456464219776,1.0450072554978005,1.050594980095696,4.0,False,0.0,,0.0,sem_sobretensao,False,,[null]
leader_follower,C3_naolider_longa,2,pv5,850,-0.0,-0.0,0.0,0.0,1.0450072554978005,1.0450072554978005,1.0450072554978005,1.050594980095696,5.0,False,0.0,,0.0,sem_sobretensao,False,,[null]
leader_follower,C3_naolider_longa,2,pv6,832,-0.0,-0.0,0.0,0.0,1.0349271785104097,1.0349271785104097,1.0450072554978005,1.050594980095696,6.0,False,0.0,,0.0,sem_sobretensao,False,,[null]
leader_follower,C3_naolider_longa,3,pv2,816,-0.0,-0.0,0.0,0.0,1.0449571021647743,1.0449571021647743,1.045007187805771,1.0505949776249721,1.0,True,0.0,,0.0,sem_sobretensao,False,,[null]
leader_follower,C3_naolider_longa,3,pv1,824,-0.0,-0.0,0.0,0.0,1.0434413052741978,1.0434413052741978,1.045007187805771,1.0505949776249721,2.0,False,0.0,,0.0,sem_sobretensao,False,,[null]
leader_follower,C3_naolider_longa,3,pv3,828,-0.0,-0.0,0.0,0.0,1.0433095603397917,1.0433095603397917,1.045007187805771,1.0505949776249721,3.0,False,0.0,,0.0,sem_sobretensao,False,,[null]
leader_follower,C3_naolider_longa,3,pv4,830,-0.0,-0.0,0.0,0.0,1.04014555352833,1.04014555352833,1.045007187805771,1.0505949776249721,4.0,False,0.0,,0.0,sem_sobretensao,False,,[null]
leader_follower,C3_naolider_longa,3,pv5,850,-0.0,-0.0,0.0,0.0,1.045007187805771,1.045007187805771,1.045007187805771,1.0505949776249721,5.0,False,0.0,,0.0,sem_sobretensao,False,,[null]
leader_follower,C3_naolider_longa,3,pv6,832,-0.0,-0.0,0.0,0.0,1.034927055347267,1.034927055347267,1.045007187805771,1.0505949776249721,6.0,False,0.0,,0.0,sem_sobretensao,False,,[null]
leader_follower,C3_naolider_longa,4,pv2,816,-0.0,-0.0,0.0,0.0,1.0450265231229214,1.0450265231229214,1.0450763385661972,1.0505970879234297,1.0,True,0.0,,0.0,sem_sobretensao,False,,[null]
leader_follower,C3_naolider_longa,4,pv1,824,-0.0,-0.0,0.0,0.0,1.0435194219130088,1.0435194219130088,1.0450763385661972,1.0505970879234297,2.0,False,0.0,,0.0,sem_sobretensao,False,,[null]
leader_follower,C3_naolider_longa,4,pv3,828,-0.0,-0.0,0.0,0.0,1.043388408831456,1.043388408831456,1.0450763385661972,1.0505970879234297,3.0,False,0.0,,0.0,sem_sobretensao,False,,[null]
leader_follower,C3_naolider_longa,4,pv4,830,-0.0,-0.0,0.0,0.0,1.040242099025251,1.040242099025251,1.0450763385661972,1.0505970879234297,4.0,False,0.0,,0.0,sem_sobretensao,False,,[null]
leader_follower,C3_naolider_longa,4,pv5,850,-0.0,-0.0,0.0,0.0,1.0450763385661972,1.0450763385661972,1.0450763385661972,1.0505970879234297,5.0,False,0.0,,0.0,sem_sobretensao,False,,[null]
leader_follower,C3_naolider_longa,4,pv6,832,-0.0,-0.0,0.0,0.0,1.035054956170033,1.035054956170033,1.0450763385661972,1.0505970879234297,6.0,False,0.0,,0.0,sem_sobretensao,False,,[null]
leader_follower,C3_naolider_longa,5,pv2,816,-0.0,-0.0,0.0,0.0,1.046437942275659,1.046437942275659,1.0464804756969754,1.0506393917986803,1.0,True,0.0,,0.0,sem_sobretensao,False,,[null]
leader_follower,C3_naolider_longa,5,pv1,824,-0.0,-0.0,0.0,0.0,1.0450850714048536,1.0450850714048536,1.0464804756969754,1.0506393917986803,2.0,False,0.0,,0.0,sem_sobretensao,False,,[null]
leader_follower,C3_naolider_longa,5,pv3,828,-0.0,-0.0,0.0,0.0,1.044968726726859,1.044968726726859,1.0464804756969754,1.0506393917986803,3.0,False,0.0,,0.0,sem_sobretensao,False,,[null]
leader_follower,C3_naolider_longa,5,pv4,830,-0.0,-0.0,0.0,0.0,1.0421771197491476,1.0421771197491476,1.0464804756969754,1.0506393917986803,4.0,False,0.0,,0.0,sem_sobretensao,False,,[null]
leader_follower,C3_naolider_longa,5,pv5,850,-0.0,-0.0,0.0,0.0,1.0464804756969754,1.0464804756969754,1.0464804756969754,1.0506393917986803,5.0,False,0.0,,0.0,sem_sobretensao,False,,[null]
leader_follower,C3_naolider_longa,5,pv6,832,-0.0,-0.0,0.0,0.0,1.0376184354041749,1.0376184354041749,1.0464804756969754,1.0506393917986803,6.0,False,0.0,,0.0,sem_sobretensao,False,,[null]
leader_follower,C3_naolider_longa,6,pv2,816,15.625241782068512,15.625241782068512,0.0,0.0,1.04834074378191,1.04834074378191,1.048378245454802,1.0506384889471005,1.0,True,0.0,0.0,0.0,sem_sobretensao,False,0.0,[0.0]
leader_follower,C3_naolider_longa,6,pv1,824,18.7503236717592,18.7503236717592,0.0,0.0,1.047157904836951,1.047157904836951,1.048378245454802,1.0506384889471005,2.0,False,0.0,0.0,0.0,sem_sobretensao,False,0.0,[0.0]
leader_follower,C3_naolider_longa,6,pv3,828,12.50021771214404,12.50021771214404,0.0,0.0,1.047045538729875,1.047045538729875,1.048378245454802,1.0506384889471005,3.0,False,0.0,0.0,0.0,sem_sobretensao,False,0.0,[0.0]
leader_follower,C3_naolider_longa,6,pv4,830,16.250349249231206,16.250349249231206,0.0,0.0,1.044222209515069,1.044222209515069,1.048378245454802,1.0506384889471005,4.0,False,0.0,0.0,0.0,sem_sobretensao,False,0.0,[0.0]
leader_follower,C3_naolider_longa,6,pv5,850,11.250173385025839,11.250173385025839,0.0,0.0,1.048378245454802,1.048378245454802,1.048378245454802,1.0506384889471005,5.0,False,0.0,0.0,0.0,sem_sobretensao,False,0.0,[0.0]
leader_follower,C3_naolider_longa,6,pv6,832,14.375428037447021,14.375428037447021,0.0,0.0,1.039316562019864,1.039316562019864,1.048378245454802,1.0506384889471005,6.0,False,0.0,0.0,0.0,sem_sobretensao,False,0.0,[0.0]
leader_follower,C3_naolider_longa,7,pv2,816,46.87517293313687,18.450168691974127,28.42500424116274,0.6063978224324812,1.0562538666391135,1.0504671308839426,1.0504964855599892,1.0507974957944095,1.0,True,0.0,0.6063978533307685,311.0,convergiu,False,0.007395684726592672,[0.007396]
leader_follower,C3_naolider_longa,7,pv1,824,56.250221496230566,22.88061736570109,33.369604130529474,0.5932350355979051,1.0558852978158422,1.049534016263107,1.0504964855599892,1.0507974957944095,2.0,False,0.0,0.5932350707768437,311.0,convergiu,False,0.007395684726592672,[0.007396]
leader_follower,C3_naolider_longa,7,pv3,828,37.500148594787916,15.429029434206289,22.071119160581627,0.5885608095576061,1.0558243986090114,1.0494407801879178,1.0504964855599892,1.0507974957944095,3.0,False,0.0,0.58856084542687,311.0,convergiu,False,0.007395684726592672,[0.007396]
leader_follower,C3_naolider_longa,7,pv4,830,48.75022589866943,20.158752190756754,28.591473707912673,0.5864890071822247,1.053993713057545,1.0470504859317822,1.0504964855599892,1.0507974957944095,4.0,False,0.0,0.5864890506834152,311.0,convergiu,False,0.007395684726592672,[0.007396]
leader_follower,C3_naolider_longa,7,pv5,850,33.750124023076154,13.934724868577213,19.81539915449894,0.5871207481008127,1.0562616463457974,1.0504964855599892,1.0504964855599892,1.0507974957944095,5.0,False,0.0,0.5871207803844054,311.0,convergiu,False,0.007395684726592672,[0.007396]
leader_follower,C3_naolider_longa,7,pv6,832,43.12526281682057,17.92669888958255,25.198563927238023,0.5843109060825425,1.0502737503980755,1.0428431584098574,1.0504964855599892,1.0507974957944095,6.0,False,0.0,0.5843109648808813,311.0,convergiu,False,0.007395684726592672,[0.007396]
leader_follower,C3_naolider_longa,8,pv2,816,85.41699509578216,37.55092298682923,47.86607210895293,0.5603810774807283,1.0600225763749762,1.0504681100230784,1.0504982101571256,1.0507807462095407,1.0,True,0.0,0.5603811285479946,205.0,convergiu,False,0.007887392825174366,[0.007887]
leader_follower,C3_naolider_longa,8,pv1,824,102.50042170914827,46.484554030473156,56.015867678675114,0.5464939636955051,1.0599113578819612,1.0494234852009192,1.0504982101571256,1.0507807462095407,2.0,False,0.0,0.5464940216306997,205.0,convergiu,False,0.007887392825174366,[0.007887]
leader_follower,C3_naolider_longa,8,pv3,828,68.33361542991221,31.33049837255441,37.003117057357805,0.5415067355317547,1.0598511737596628,1.0493099968011603,1.0504982101571256,1.0507807462095407,3.0,False,0.0,0.5415067946362477,205.0,convergiu,False,0.007887392825174366,[0.007887]
leader_follower,C3_naolider_longa,8,pv4,830,88.83371838145632,40.931698448415126,47.902019933041196,0.5392323342090858,1.057728114982749,1.0462675399651908,1.0504982101571256,1.0507807462095407,4.0,False,0.0,0.5392324086598242,205.0,convergiu,False,0.007887392825174366,[0.007887]
leader_follower,C3_naolider_longa,8,pv5,850,61.50023555732899,28.298102062908477,33.202133494420515,0.5398699682915588,1.0600169249430984,1.0504982101571256,1.0504982101571256,1.0507807462095407,5.0,False,0.0,0.53987002152976,205.0,convergiu,False,0.007887392825174366,[0.007887]
leader_follower,C3_naolider_longa,8,pv6,832,78.583681220178,36.40468879056407,42.17899242961392,0.5367397308826767,1.0527861134774454,1.0405336989425316,1.0504982101571256,1.0507807462095407,6.0,False,0.0,0.5367398392986403,205.0,convergiu,False,0.007887392825174366,[0.007887]
leader_follower,C3_naolider_longa,9,pv2,816,109.37601259366954,43.6879640330115,65.68804856065805,0.6005708289109878,1.06345603039039,1.0504657959625,1.050496147792158,1.0507726169672005,1.0,True,0.0,0.6005708838983579,177.0,convergiu,False,0.008170516677871654,[0.008171]
leader_follower,C3_naolider_longa,9,pv1,824,131.25131013746795,54.300514439296954,76.95079569817099,0.5862858618534761,1.063645007819406,1.049385091413919,1.050496147792158,1.0507726169672005,2.0,False,0.0,0.5862859244420149,177.0,convergiu,False,0.008170516677871654,[0.008171]
leader_follower,C3_naolider_longa,9,pv3,828,87.5008766990287,36.65226369477923,50.848613004249465,0.5811211192925357,1.0635972309551887,1.049264963150451,1.050496147792158,1.0507726169672005,3.0,False,0.0,0.5811211832671147,177.0,convergiu,False,0.008170516677871654,[0.008171]
leader_follower,C3_naolider_longa,9,pv4,830,113.75120210857385,47.92084716740371,65.83035494117014,0.5787221971997372,1.0615841255896254,1.046007575973574,1.050496147792158,1.0507726169672005,4.0,False,0.0,0.5787222791574197,177.0,convergiu,False,0.008170516677871654,[0.008171]
leader_follower,C3_naolider_longa,9,pv5,850,78.75072623557068,33.12599908095346,45.62472715461722,0.5793562141373032,1.0634377078478499,1.050496147792158,1.050496147792158,1.0507726169672005,5.0,False,0.0,0.5793562718156765,177.0,convergiu,False,0.008170516677871654,[0.008171]
leader_follower,C3_naolider_longa,9,pv6,832,100.6260821285418,42.66314732848292,57.962934800058875,0.5760228480712692,1.0564042278647428,1.0397679382559573,1.050496147792158,1.0507726169672005,6.0,False,0.0,0.5760229711220978,177.0,convergiu,False,0.008170516677871654,[0.008171]
leader_follower,C3_naolider_longa,10,pv2,816,122.91832384587056,36.09265717290904,86.82566667296152,0.7063687498700775,1.0647988816134637,1.0504619110229971,1.050491036588138,1.050764493445735,1.0,True,0.0,0.7063687817760494,163.0,convergiu,False,0.2579433533675139,"[0.00763, 0.0]"
leader_follower,C3_naolider_longa,10,pv1,824,147.50215552840345,45.31560954983684,102.18654597856661,0.6927799824337786,1.0650831804269703,1.0494643892661568,1.050491036588138,1.050764493445735,2.0,False,0.0,0.6927800181122727,163.0,convergiu,False,0.2579433533675139,"[0.00763, 0.0]"
leader_follower,C3_naolider_longa,10,pv3,828,98.33477598952041,30.739077556506302,67.5956984330141,0.687403760833374,1.0650361539418978,1.049354546940841,1.050491036588138,1.050764493445735,3.0,False,0.0,0.6874037974136211,163.0,convergiu,False,0.2579433533675139,"[0.00763, 0.0]"
leader_follower,C3_naolider_longa,10,pv4,830,127.83531261961483,40.199852917253,87.63545970236183,0.6855340053647497,1.0629336659541402,1.0464083100875492,1.050491036588138,1.050764493445735,4.0,False,0.0,0.6855340508543897,163.0,convergiu,False,0.2579433533675139,"[0.00763, 0.0]"
leader_follower,C3_naolider_longa,10,pv5,850,88.50118853266284,27.665135702308326,60.83605283035451,0.687403760833374,1.0647757079433002,1.050491036588138,1.050491036588138,1.050764493445735,5.0,False,0.0,0.6874037946722258,163.0,convergiu,False,0.2579433533675139,"[0.00763, 0.0]"
leader_follower,C3_naolider_longa,10,pv6,832,113.08509808576127,113.08330936530145,0.0017887204598281414,0.0,1.057350814347944,1.0408968431881105,1.050491036588138,1.050764493445735,6.0,False,1.0,1.581747277144876e-05,163.0,convergiu,False,0.2579433533675139,"[0.00763, 0.0]"
leader_follower,C3_naolider_longa,11,pv2,816,125.00096171820924,69.70965311784934,55.2913086003599,0.44232700965949845,1.0612357544693258,1.050462004221921,1.0504932565014717,1.0507399287441492,1.0,True,0.0,0.4423270656509314,148.0,convergiu,False,0.00832234900932362,[0.008322]
leader_follower,C3_naolider_longa,11,pv1,824,150.00123973736436,85.8247793061912,64.17646043117315,0.4278394707616635,1.0610597576811884,1.0492329884260223,1.0504932565014717,1.0507399287441492,2.0,False,0.0,0.42783953348345033,148.0,convergiu,False,0.00832234900932362,[0.008322]
leader_follower,C3_naolider_longa,11,pv3,828,100.00082852030891,57.7423846427798,42.25844387752912,0.4225808735046324,1.060972578079424,1.0490858590675018,1.0504932565014717,1.0507399287441492,3.0,False,0.0,0.42258093760640153,148.0,convergiu,False,0.00832234900932362,[0.008322]
leader_follower,C3_naolider_longa,11,pv4,830,130.0010844794901,75.3862202719726,54.614864207517485,0.42011074431856194,1.057877933453414,1.0449600088058681,1.0504932565014717,1.0507399287441492,4.0,False,0.0,0.42011083543025307,148.0,convergiu,False,0.00832234900932362,[0.008322]
leader_follower,C3_naolider_longa,11,pv5,850,90.00068973480217,52.133882274766364,37.8668074600358,0.42073902275732467,1.0612265345057177,1.0504932565014717,1.0504932565014717,1.0507399287441492,5.0,False,0.0,0.42073908068499133,148.0,convergiu,False,0.00832234900932362,[0.008322]
leader_follower,C3_naolider_longa,11,pv6,832,115.00085168236365,67.0125467663473,47.98830491601635,0.417286356585985,1.0504893245210842,1.0366895893639838,1.0504932565014717,1.0507399287441492,6.0,False,0.0,0.41728651756911955,148.0,convergiu,False,0.00832234900932362,[0.008322]
leader_follower,C3_naolider_longa,12,pv2,816,114.58396791829946,73.20258742179087,41.3813804965086,0.36114453967000426,1.058475998131166,1.0504596972890652,1.0504910563262995,1.0507349370882701,1.0,True,0.0,0.3611445933345082,147.0,convergiu,False,0.008138398980392756,[0.008138]
leader_follower,C3_naolider_longa,12,pv1,824,137.5008118756531,89.79738288864,47.70342898701311,0.3469319207199512,1.058009502270088,1.0492111066554246,1.0504910563262995,1.0507349370882701,2.0,False,0.0,0.34693198051916246,147.0,convergiu,False,0.008138398980392756,[0.008138]
leader_follower,C3_naolider_longa,12,pv3,828,91.6672099355439,60.336455448217635,31.33075448732626,0.3417879622424149,1.057903371635965,1.0490605029747133,1.0504910563262995,1.0507349370882701,3.0,False,0.0,0.3417880233221518,147.0,convergiu,False,0.008138398980392756,[0.008138]
leader_follower,C3_naolider_longa,12,pv4,830,119.16742087517417,78.72298927075937,40.4444316044148,0.3393915948430953,1.054431394476977,1.044824115538383,1.0504910563262995,1.0507349370882701,4.0,False,0.0,0.33939168362785704,147.0,convergiu,False,0.008138398980392756,[0.008138]
leader_follower,C3_naolider_longa,12,pv5,850,82.50045510759706,54.448757249091386,28.051697858505676,0.3400186491866161,1.0584772348420475,1.0504910563262995,1.0504910563262995,1.0507349370882701,5.0,False,0.0,0.3400187044049716,147.0,convergiu,False,0.008138398980392756,[0.008138]
leader_follower,C3_naolider_longa,12,pv6,832,105.41738641320951,69.92506150058367,35.49232491262585,0.33668362581715167,1.0465580380894073,1.0362979545337059,1.0504910563262995,1.0507349370882701,6.0,False,0.0,0.3366837873736018,147.0,convergiu,False,0.008138398980392756,[0.008138]
leader_follower,C3_naolider_longa,13,pv2,816,91.66698462445729,67.05849280388739,24.608491820569895,0.2684552874937837,1.0551908300741546,1.0504624971525698,1.0504936196207224,1.0507441882633601,1.0,True,0.0,0.2684553432338409,151.0,convergiu,False,0.00788055306175633,[0.007881]
leader_follower,C3_naolider_longa,13,pv1,824,110.00040473647692,81.99419199906174,28.006212737415183,0.25460093512894244,1.0544374799606508,1.049249486555695,1.0504936196207224,1.0507441882633601,2.0,False,0.0,0.25460099719185963,151.0,convergiu,False,0.00788055306175633,[0.007881]
leader_follower,C3_naolider_longa,13,pv3,828,73.33360464247181,55.02819854780137,18.305406094670445,0.24961818726942314,1.0543195761296038,1.0491054778214866,1.0504936196207224,1.0507441882633601,3.0,False,0.0,0.24961825051306297,151.0,convergiu,False,0.00788055306175633,[0.007881]
leader_follower,C3_naolider_longa,13,pv4,830,95.33373737436717,71.75417809211613,23.57955928225104,0.2473368976344695,1.0507455019992828,1.0450828207516683,1.0504936196207224,1.0507441882633601,4.0,False,0.0,0.24733698616740674,151.0,convergiu,False,0.00788055306175633,[0.007881]
leader_follower,C3_naolider_longa,13,pv5,850,66.00022802392903,49.63423805696334,16.365989966965685,0.24796863117240023,1.0552041870594921,1.0504936196207224,1.0504936196207224,1.0507441882633601,5.0,False,0.0,0.24796868824501692,151.0,convergiu,False,0.00788055306175633,[0.007881]
leader_follower,C3_naolider_longa,13,pv6,832,84.33378934611513,63.68696975367811,20.646819592437012,0.24482247091417414,1.0431065536204573,1.0370603379847172,1.0504936196207224,1.0507441882633601,6.0,False,0.0,0.2448226239153111,151.0,convergiu,False,0.00788055306175633,[0.007881]
leader_follower,C3_naolider_longa,14,pv2,816,62.50020224605282,51.12744475343385,11.372757492618973,0.1819634744499391,1.052613622671126,1.0504684287667378,1.0504989670073046,1.0507660303895017,1.0,True,0.0,0.18196353105940893,155.0,convergiu,False,0.007608374228075634,[0.007608]
leader_follower,C3_naolider_longa,14,pv1,824,75.0002600373511,62.36435631670132,12.635903720649779,0.1684780689912366,1.0516996381734283,1.0493471048931247,1.0504989670073046,1.0507660303895017,2.0,False,0.0,0.1684781321339011,155.0,convergiu,False,0.007608374228075634,[0.007608]
leader_follower,C3_naolider_longa,14,pv3,828,50.000174517844215,41.81674354070741,8.183430977136808,0.1636679841285858,1.0515841348068866,1.0492198585121932,1.0504989670073046,1.0507660303895017,3.0,False,0.0,0.1636680482828371,155.0,convergiu,False,0.007608374228075634,[0.007608]
leader_follower,C3_naolider_longa,14,pv4,830,65.00026936388049,54.50191004266548,10.498359321215013,0.16151246724334473,1.0483035674081949,1.0457375585205386,1.0504989670073046,1.0507660303895017,4.0,False,0.0,0.16151255100873116,155.0,convergiu,False,0.007608374228075634,[0.007608]
leader_follower,C3_naolider_longa,14,pv5,850,45.00014503917245,37.70339305645435,7.296751982718099,0.1621494636874135,1.052636095307487,1.0504989670073046,1.0504989670073046,1.0507660303895017,5.0,False,0.0,0.16214952143745992,155.0,convergiu,False,0.007608374228075634,[0.007608]
leader_follower,C3_naolider_longa,14,pv6,832,57.500322452220885,48.34571205359315,9.154610398627739,0.1592095927507746,1.041720637141104,1.0389815934030404,1.0504989670073046,1.0507660303895017,6.0,False,0.0,0.15920972280172235,155.0,convergiu,False,0.007608374228075634,[0.007608]
leader_follower,C3_naolider_longa,15,pv2,816,28.12494776039276,28.12494776039276,0.0,0.0,1.0386370242044933,1.0386370242044933,1.0387127583098001,1.0502955100136582,1.0,True,0.0,0.0,0.0,sem_sobretensao,False,0.0,[0.0]
leader_follower,C3_naolider_longa,15,pv1,824,33.74993264251279,33.74993264251279,0.0,0.0,1.036165762618626,1.036165762618626,1.0387127583098001,1.0502955100136582,2.0,False,0.0,0.0,0.0,sem_sobretensao,False,0.0,[0.0]
leader_follower,C3_naolider_longa,15,pv3,828,22.499954825209237,22.499954825209237,0.0,0.0,1.0359378482646822,1.0359378482646822,1.0387127583098001,1.0502955100136582,3.0,False,0.0,0.0,0.0,sem_sobretensao,False,0.0,[0.0]
leader_follower,C3_naolider_longa,15,pv4,830,29.249932336862635,29.249932336862635,0.0,0.0,1.0302157541188315,1.0302157541188315,1.0387127583098001,1.0502955100136582,4.0,False,0.0,0.0,0.0,sem_sobretensao,False,0.0,[0.0]
leader_follower,C3_naolider_longa,15,pv5,850,20.249962539182974,20.249962539182974,0.0,0.0,1.0387127583098001,1.0387127583098001,1.0387127583098001,1.0502955100136582,5.0,False,0.0,0.0,0.0,sem_sobretensao,False,0.0,[0.0]
leader_follower,C3_naolider_longa,15,pv6,832,25.874924472584226,25.874924472584226,0.0,0.0,1.0199321297395116,1.0199321297395116,1.0387127583098001,1.0502955100136582,6.0,False,0.0,0.0,0.0,sem_sobretensao,False,0.0,[0.0]
leader_follower,C3_naolider_longa,16,pv2,816,3.125032294596358,3.125032294596358,0.0,0.0,1.0394703803118956,1.0394703803118956,1.0395419414769773,1.050416238287995,1.0,True,0.0,0.0,0.0,sem_sobretensao,False,0.0,[0.0]
leader_follower,C3_naolider_longa,16,pv1,824,3.750042140958882,3.750042140958882,0.0,0.0,1.037249237228998,1.037249237228998,1.0395419414769773,1.050416238287995,2.0,False,0.0,0.0,0.0,sem_sobretensao,False,0.0,[0.0]
leader_follower,C3_naolider_longa,16,pv3,828,2.5000282767907094,2.5000282767907094,0.0,0.0,1.0370563779560704,1.0370563779560704,1.0395419414769773,1.050416238287995,3.0,False,0.0,0.0,0.0,sem_sobretensao,False,0.0,[0.0]
leader_follower,C3_naolider_longa,16,pv4,830,3.2500425487395805,3.2500425487395805,0.0,0.0,1.0323888508528651,1.0323888508528651,1.0395419414769773,1.050416238287995,4.0,False,0.0,0.0,0.0,sem_sobretensao,False,0.0,[0.0]
leader_follower,C3_naolider_longa,16,pv5,850,2.25002315917058,2.25002315917058,0.0,0.0,1.0395419414769773,1.0395419414769773,1.0395419414769773,1.050416238287995,5.0,False,0.0,0.0,0.0,sem_sobretensao,False,0.0,[0.0]
leader_follower,C3_naolider_longa,16,pv6,832,2.8750471329309977,2.8750471329309977,0.0,0.0,1.024446903547258,1.024446903547258,1.0395419414769773,1.050416238287995,6.0,False,0.0,0.0,0.0,sem_sobretensao,False,0.0,[0.0]
leader_follower,C3_naolider_longa,17,pv2,816,-0.0,-0.0,0.0,0.0,1.0319530456641128,1.0319530456641128,1.0320537436109634,1.0501995250985579,1.0,True,0.0,,0.0,sem_sobretensao,False,,[null]
leader_follower,C3_naolider_longa,17,pv1,824,-0.0,-0.0,0.0,0.0,1.0288097422283975,1.0288097422283975,1.0320537436109634,1.0501995250985579,2.0,False,0.0,,0.0,sem_sobretensao,False,,[null]
leader_follower,C3_naolider_longa,17,pv3,828,-0.0,-0.0,0.0,0.0,1.0285410077167665,1.0285410077167665,1.0320537436109634,1.0501995250985579,3.0,False,0.0,,0.0,sem_sobretensao,False,,[null]
leader_follower,C3_naolider_longa,17,pv4,830,-0.0,-0.0,0.0,0.0,1.0220651174905708,1.0220651174905708,1.0320537436109634,1.0501995250985579,4.0,False,0.0,,0.0,sem_sobretensao,False,,[null]
leader_follower,C3_naolider_longa,17,pv5,850,-0.0,-0.0,0.0,0.0,1.0320537436109634,1.0320537436109634,1.0320537436109634,1.0501995250985579,5.0,False,0.0,,0.0,sem_sobretensao,False,,[null]
leader_follower,C3_naolider_longa,17,pv6,832,-0.0,-0.0,0.0,0.0,1.0109757984235852,1.0109757984235852,1.0320537436109634,1.0501995250985579,6.0,False,0.0,,0.0,sem_sobretensao,False,,[null]
leader_follower,C3_naolider_longa,18,pv2,816,-0.0,-0.0,0.0,0.0,1.035368449501018,1.035368449501018,1.0354558554930642,1.0503034017860868,1.0,True,0.0,,0.0,sem_sobretensao,False,,[null]
leader_follower,C3_naolider_longa,18,pv1,824,-0.0,-0.0,0.0,0.0,1.0326523500430973,1.0326523500430973,1.0354558554930642,1.0503034017860868,2.0,False,0.0,,0.0,sem_sobretensao,False,,[null]
leader_follower,C3_naolider_longa,18,pv3,828,-0.0,-0.0,0.0,0.0,1.0324195763808066,1.0324195763808066,1.0354558554930642,1.0503034017860868,3.0,False,0.0,,0.0,sem_sobretensao,False,,[null]
leader_follower,C3_naolider_longa,18,pv4,830,-0.0,-0.0,0.0,0.0,1.02681295674242,1.02681295674242,1.0354558554930642,1.0503034017860868,4.0,False,0.0,,0.0,sem_sobretensao,False,,[null]
leader_follower,C3_naolider_longa,18,pv5,850,-0.0,-0.0,0.0,0.0,1.0354558554930642,1.0354558554930642,1.0354558554930642,1.0503034017860868,5.0,False,0.0,,0.0,sem_sobretensao,False,,[null]
leader_follower,C3_naolider_longa,18,pv6,832,-0.0,-0.0,0.0,0.0,1.0172650561019754,1.0172650561019754,1.0354558554930642,1.0503034017860868,6.0,False,0.0,,0.0,sem_sobretensao,False,,[null]
leader_follower,C3_naolider_longa,19,pv2,816,-0.0,-0.0,0.0,0.0,1.0124638034940296,1.0124638034940296,1.012640339769449,1.0496066048479267,1.0,True,0.0,,0.0,sem_sobretensao,False,,[null]
leader_follower,C3_naolider_longa,19,pv1,824,-0.0,-0.0,0.0,0.0,1.0068862241138117,1.0068862241138117,1.012640339769449,1.0496066048479267,2.0,False,0.0,,0.0,sem_sobretensao,False,,[null]
leader_follower,C3_naolider_longa,19,pv3,828,-0.0,-0.0,0.0,0.0,1.0064125502225403,1.0064125502225403,1.012640339769449,1.0496066048479267,3.0,False,0.0,,0.0,sem_sobretensao,False,,[null]
leader_follower,C3_naolider_longa,19,pv4,830,-0.0,-0.0,0.0,0.0,0.9949844738133676,0.9949844738133676,1.012640339769449,1.0496066048479267,4.0,False,0.0,,0.0,sem_sobretensao,False,,[null]
leader_follower,C3_naolider_longa,19,pv5,850,-0.0,-0.0,0.0,0.0,1.012640339769449,1.012640339769449,1.012640339769449,1.0496066048479267,5.0,False,0.0,,0.0,sem_sobretensao,False,,[null]
leader_follower,C3_naolider_longa,19,pv6,832,-0.0,-0.0,0.0,0.0,0.975106227573592,0.975106227573592,1.012640339769449,1.0496066048479267,6.0,False,0.0,,0.0,sem_sobretensao,False,,[null]
leader_follower,C3_naolider_longa,20,pv2,816,-0.0,-0.0,0.0,0.0,1.0078351504741656,1.0078351504741656,1.0080296961644228,1.0494657402550032,1.0,True,0.0,,0.0,sem_sobretensao,False,,[null]
leader_follower,C3_naolider_longa,20,pv1,824,-0.0,-0.0,0.0,0.0,1.00168032528244,1.00168032528244,1.0080296961644228,1.0494657402550032,2.0,False,0.0,,0.0,sem_sobretensao,False,,[null]
leader_follower,C3_naolider_longa,20,pv3,828,-0.0,-0.0,0.0,0.0,1.001158047785484,1.001158047785484,1.0080296961644228,1.0494657402550032,3.0,False,0.0,,0.0,sem_sobretensao,False,,[null]
leader_follower,C3_naolider_longa,20,pv4,830,-0.0,-0.0,0.0,0.0,0.9885559519361026,0.9885559519361026,1.0080296961644228,1.0494657402550032,4.0,False,0.0,,0.0,sem_sobretensao,False,,[null]
leader_follower,C3_naolider_longa,20,pv5,850,-0.0,-0.0,0.0,0.0,1.0080296961644228,1.0080296961644228,1.0080296961644228,1.0494657402550032,5.0,False,0.0,,0.0,sem_sobretensao,False,,[null]
leader_follower,C3_naolider_longa,20,pv6,832,-0.0,-0.0,0.0,0.0,0.9665920784800835,0.9665920784800835,1.0080296961644228,1.0494657402550032,6.0,False,0.0,,0.0,sem_sobretensao,False,,[null]
leader_follower,C3_naolider_longa,21,pv2,816,-0.0,-0.0,0.0,0.0,1.0061895964378378,1.0061895964378378,1.0063905442901253,1.0494156571369113,1.0,True,0.0,,0.0,sem_sobretensao,False,,[null]
leader_follower,C3_naolider_longa,21,pv1,824,-0.0,-0.0,0.0,0.0,0.9998296239446813,0.9998296239446813,1.0063905442901253,1.0494156571369113,2.0,False,0.0,,0.0,sem_sobretensao,False,,[null]
leader_follower,C3_naolider_longa,21,pv3,828,-0.0,-0.0,0.0,0.0,0.9992900728255069,0.9992900728255069,1.0063905442901253,1.0494156571369113,3.0,False,0.0,,0.0,sem_sobretensao,False,,[null]
leader_follower,C3_naolider_longa,21,pv4,830,-0.0,-0.0,0.0,0.0,0.9862707730472382,0.9862707730472382,1.0063905442901253,1.0494156571369113,4.0,False,0.0,,0.0,sem_sobretensao,False,,[null]
leader_follower,C3_naolider_longa,21,pv5,850,-0.0,-0.0,0.0,0.0,1.0063905442901253,1.0063905442901253,1.0063905442901253,1.0494156571369113,5.0,False,0.0,,0.0,sem_sobretensao,False,,[null]
leader_follower,C3_naolider_longa,21,pv6,832,-0.0,-0.0,0.0,0.0,0.963565563609644,0.963565563609644,1.0063905442901253,1.0494156571369113,6.0,False,0.0,,0.0,sem_sobretensao,False,,[null]
leader_follower,C3_naolider_longa,22,pv2,816,-0.0,-0.0,0.0,0.0,1.005861808419378,1.005861808419378,1.0060640314884584,1.049405687339917,1.0,True,0.0,,0.0,sem_sobretensao,False,,[null]
leader_follower,C3_naolider_longa,22,pv1,824,-0.0,-0.0,0.0,0.0,0.9994609737243804,0.9994609737243804,1.0060640314884584,1.049405687339917,2.0,False,0.0,,0.0,sem_sobretensao,False,,[null]
leader_follower,C3_naolider_longa,22,pv3,828,-0.0,-0.0,0.0,0.0,0.998917981930852,0.998917981930852,1.0060640314884584,1.049405687339917,3.0,False,0.0,,0.0,sem_sobretensao,False,,[null]
leader_follower,C3_naolider_longa,22,pv4,830,-0.0,-0.0,0.0,0.0,0.9858155814373928,0.9858155814373928,1.0060640314884584,1.049405687339917,4.0,False,0.0,,0.0,sem_sobretensao,False,,[null]
leader_follower,C3_naolider_longa,22,pv5,850,-0.0,-0.0,0.0,0.0,1.0060640314884584,1.0060640314884584,1.0060640314884584,1.049405687339917,5.0,False,0.0,,0.0,sem_sobretensao,False,,[null]
leader_follower,C3_naolider_longa,22,pv6,832,-0.0,-0.0,0.0,0.0,0.9629627164790315,0.9629627164790315,1.0060640314884584,1.049405687339917,6.0,False,0.0,,0.0,sem_sobretensao,False,,[null]
leader_follower,C3_naolider_longa,23,pv2,816,-0.0,-0.0,0.0,0.0,1.0157857990852877,1.0157857990852877,1.0159494099998208,1.0497076999321218,1.0,True,0.0,,0.0,sem_sobretensao,False,,[null]
leader_follower,C3_naolider_longa,23,pv1,824,-0.0,-0.0,0.0,0.0,1.0106227444912799,1.0106227444912799,1.0159494099998208,1.0497076999321218,2.0,False,0.0,,0.0,sem_sobretensao,False,,[null]
leader_follower,C3_naolider_longa,23,pv3,828,-0.0,-0.0,0.0,0.0,1.010183972127752,1.010183972127752,1.0159494099998208,1.0497076999321218,3.0,False,0.0,,0.0,sem_sobretensao,False,,[null]
leader_follower,C3_naolider_longa,23,pv4,830,-0.0,-0.0,0.0,0.0,0.9995990501550605,0.9995990501550605,1.0159494099998208,1.0497076999321218,4.0,False,0.0,,0.0,sem_sobretensao,False,,[null]
leader_follower,C3_naolider_longa,23,pv5,850,-0.0,-0.0,0.0,0.0,1.0159494099998208,1.0159494099998208,1.0159494099998208,1.0497076999321218,5.0,False,0.0,,0.0,sem_sobretensao,False,,[null]
leader_follower,C3_naolider_longa,23,pv6,832,-0.0,-0.0,0.0,0.0,0.9812181271943435,0.9812181271943435,1.0159494099998208,1.0497076999321218,6.0,False,0.0,,0.0,sem_sobretensao,False,,[null]
leaderless,C0,0,pv2,816,-0.0,-0.0,0.0,0.0,1.0450262948633384,1.0450262948633384,1.0450761113146874,1.0505970659065018,1.0,True,0.0,,0.0,sem_sobretensao,False,,[null]
leaderless,C0,0,pv1,824,-0.0,-0.0,0.0,0.0,1.0435191673339033,1.0435191673339033,1.0450761113146874,1.0505970659065018,2.0,False,0.0,,0.0,sem_sobretensao,False,,[null]
leaderless,C0,0,pv3,828,-0.0,-0.0,0.0,0.0,1.0433881517951473,1.0433881517951473,1.0450761113146874,1.0505970659065018,3.0,False,0.0,,0.0,sem_sobretensao,False,,[null]
leaderless,C0,0,pv4,830,-0.0,-0.0,0.0,0.0,1.0402417834114022,1.0402417834114022,1.0450761113146874,1.0505970659065018,4.0,False,0.0,,0.0,sem_sobretensao,False,,[null]
leaderless,C0,0,pv5,850,-0.0,-0.0,0.0,0.0,1.0450761113146874,1.0450761113146874,1.0450761113146874,1.0505970659065018,5.0,False,0.0,,0.0,sem_sobretensao,False,,[null]
leaderless,C0,0,pv6,832,-0.0,-0.0,0.0,0.0,1.035054528358762,1.035054528358762,1.0450761113146874,1.0505970659065018,6.0,False,0.0,,0.0,sem_sobretensao,False,,[null]
leaderless,C0,1,pv2,816,-0.0,-0.0,0.0,0.0,1.045026590394128,1.045026590394128,1.0450764055625177,1.0505970903489996,1.0,True,0.0,,0.0,sem_sobretensao,False,,[null]
leaderless,C0,1,pv1,824,-0.0,-0.0,0.0,0.0,1.0435194971179793,1.0435194971179793,1.0450764055625177,1.0505970903489996,2.0,False,0.0,,0.0,sem_sobretensao,False,,[null]
leaderless,C0,1,pv3,828,-0.0,-0.0,0.0,0.0,1.043388484707053,1.043388484707053,1.0450764055625177,1.0505970903489996,3.0,False,0.0,,0.0,sem_sobretensao,False,,[null]
leaderless,C0,1,pv4,830,-0.0,-0.0,0.0,0.0,1.0402421909746449,1.0402421909746449,1.0450764055625177,1.0505970903489996,4.0,False,0.0,,0.0,sem_sobretensao,False,,[null]
leaderless,C0,1,pv5,850,-0.0,-0.0,0.0,0.0,1.0450764055625177,1.0450764055625177,1.0450764055625177,1.0505970903489996,5.0,False,0.0,,0.0,sem_sobretensao,False,,[null]
leaderless,C0,1,pv6,832,-0.0,-0.0,0.0,0.0,1.035055078078631,1.035055078078631,1.0450764055625177,1.0505970903489996,6.0,False,0.0,,0.0,sem_sobretensao,False,,[null]
leaderless,C0,2,pv2,816,-0.0,-0.0,0.0,0.0,1.044957170134863,1.044957170134863,1.0450072554978005,1.050594980095696,1.0,True,0.0,,0.0,sem_sobretensao,False,,[null]
leaderless,C0,2,pv1,824,-0.0,-0.0,0.0,0.0,1.0434413812534848,1.0434413812534848,1.0450072554978005,1.050594980095696,2.0,False,0.0,,0.0,sem_sobretensao,False,,[null]
leaderless,C0,2,pv3,828,-0.0,-0.0,0.0,0.0,1.0433096369965245,1.0433096369965245,1.0450072554978005,1.050594980095696,3.0,False,0.0,,0.0,sem_sobretensao,False,,[null]
leaderless,C0,2,pv4,830,-0.0,-0.0,0.0,0.0,1.0401456464219776,1.0401456464219776,1.0450072554978005,1.050594980095696,4.0,False,0.0,,0.0,sem_sobretensao,False,,[null]
leaderless,C0,2,pv5,850,-0.0,-0.0,0.0,0.0,1.0450072554978005,1.0450072554978005,1.0450072554978005,1.050594980095696,5.0,False,0.0,,0.0,sem_sobretensao,False,,[null]
leaderless,C0,2,pv6,832,-0.0,-0.0,0.0,0.0,1.0349271785104097,1.0349271785104097,1.0450072554978005,1.050594980095696,6.0,False,0.0,,0.0,sem_sobretensao,False,,[null]
leaderless,C0,3,pv2,816,-0.0,-0.0,0.0,0.0,1.0449571021647743,1.0449571021647743,1.045007187805771,1.0505949776249721,1.0,True,0.0,,0.0,sem_sobretensao,False,,[null]
leaderless,C0,3,pv1,824,-0.0,-0.0,0.0,0.0,1.0434413052741978,1.0434413052741978,1.045007187805771,1.0505949776249721,2.0,False,0.0,,0.0,sem_sobretensao,False,,[null]
leaderless,C0,3,pv3,828,-0.0,-0.0,0.0,0.0,1.0433095603397917,1.0433095603397917,1.045007187805771,1.0505949776249721,3.0,False,0.0,,0.0,sem_sobretensao,False,,[null]
leaderless,C0,3,pv4,830,-0.0,-0.0,0.0,0.0,1.04014555352833,1.04014555352833,1.045007187805771,1.0505949776249721,4.0,False,0.0,,0.0,sem_sobretensao,False,,[null]
leaderless,C0,3,pv5,850,-0.0,-0.0,0.0,0.0,1.045007187805771,1.045007187805771,1.045007187805771,1.0505949776249721,5.0,False,0.0,,0.0,sem_sobretensao,False,,[null]
leaderless,C0,3,pv6,832,-0.0,-0.0,0.0,0.0,1.034927055347267,1.034927055347267,1.045007187805771,1.0505949776249721,6.0,False,0.0,,0.0,sem_sobretensao,False,,[null]
leaderless,C0,4,pv2,816,-0.0,-0.0,0.0,0.0,1.0450265231229214,1.0450265231229214,1.0450763385661972,1.0505970879234297,1.0,True,0.0,,0.0,sem_sobretensao,False,,[null]
leaderless,C0,4,pv1,824,-0.0,-0.0,0.0,0.0,1.0435194219130088,1.0435194219130088,1.0450763385661972,1.0505970879234297,2.0,False,0.0,,0.0,sem_sobretensao,False,,[null]
leaderless,C0,4,pv3,828,-0.0,-0.0,0.0,0.0,1.043388408831456,1.043388408831456,1.0450763385661972,1.0505970879234297,3.0,False,0.0,,0.0,sem_sobretensao,False,,[null]
leaderless,C0,4,pv4,830,-0.0,-0.0,0.0,0.0,1.040242099025251,1.040242099025251,1.0450763385661972,1.0505970879234297,4.0,False,0.0,,0.0,sem_sobretensao,False,,[null]
leaderless,C0,4,pv5,850,-0.0,-0.0,0.0,0.0,1.0450763385661972,1.0450763385661972,1.0450763385661972,1.0505970879234297,5.0,False,0.0,,0.0,sem_sobretensao,False,,[null]
leaderless,C0,4,pv6,832,-0.0,-0.0,0.0,0.0,1.035054956170033,1.035054956170033,1.0450763385661972,1.0505970879234297,6.0,False,0.0,,0.0,sem_sobretensao,False,,[null]
leaderless,C0,5,pv2,816,-0.0,-0.0,0.0,0.0,1.046437942275659,1.046437942275659,1.0464804756969754,1.0506393917986803,1.0,True,0.0,,0.0,sem_sobretensao,False,,[null]
leaderless,C0,5,pv1,824,-0.0,-0.0,0.0,0.0,1.0450850714048536,1.0450850714048536,1.0464804756969754,1.0506393917986803,2.0,False,0.0,,0.0,sem_sobretensao,False,,[null]
leaderless,C0,5,pv3,828,-0.0,-0.0,0.0,0.0,1.044968726726859,1.044968726726859,1.0464804756969754,1.0506393917986803,3.0,False,0.0,,0.0,sem_sobretensao,False,,[null]
leaderless,C0,5,pv4,830,-0.0,-0.0,0.0,0.0,1.0421771197491476,1.0421771197491476,1.0464804756969754,1.0506393917986803,4.0,False,0.0,,0.0,sem_sobretensao,False,,[null]
leaderless,C0,5,pv5,850,-0.0,-0.0,0.0,0.0,1.0464804756969754,1.0464804756969754,1.0464804756969754,1.0506393917986803,5.0,False,0.0,,0.0,sem_sobretensao,False,,[null]
leaderless,C0,5,pv6,832,-0.0,-0.0,0.0,0.0,1.0376184354041749,1.0376184354041749,1.0464804756969754,1.0506393917986803,6.0,False,0.0,,0.0,sem_sobretensao,False,,[null]
leaderless,C0,6,pv2,816,15.625241782068512,15.625241782068512,0.0,0.0,1.04834074378191,1.04834074378191,1.048378245454802,1.0506384889471005,1.0,True,0.0,0.0,0.0,sem_sobretensao,False,0.0,[0.0]
leaderless,C0,6,pv1,824,18.7503236717592,18.7503236717592,0.0,0.0,1.047157904836951,1.047157904836951,1.048378245454802,1.0506384889471005,2.0,False,0.0,0.0,0.0,sem_sobretensao,False,0.0,[0.0]
leaderless,C0,6,pv3,828,12.50021771214404,12.50021771214404,0.0,0.0,1.047045538729875,1.047045538729875,1.048378245454802,1.0506384889471005,3.0,False,0.0,0.0,0.0,sem_sobretensao,False,0.0,[0.0]
leaderless,C0,6,pv4,830,16.250349249231206,16.250349249231206,0.0,0.0,1.044222209515069,1.044222209515069,1.048378245454802,1.0506384889471005,4.0,False,0.0,0.0,0.0,sem_sobretensao,False,0.0,[0.0]
leaderless,C0,6,pv5,850,11.250173385025839,11.250173385025839,0.0,0.0,1.048378245454802,1.048378245454802,1.048378245454802,1.0506384889471005,5.0,False,0.0,0.0,0.0,sem_sobretensao,False,0.0,[0.0]
leaderless,C0,6,pv6,832,14.375428037447021,14.375428037447021,0.0,0.0,1.039316562019864,1.039316562019864,1.048378245454802,1.0506384889471005,6.0,False,0.0,0.0,0.0,sem_sobretensao,False,0.0,[0.0]
leaderless,C0,7,pv2,816,46.87517293313687,18.61656406956319,28.258608863573677,0.602848037542058,1.0562538666391135,1.050465171521414,1.050494507792812,1.0507967743424311,1.0,True,0.0,0.602848098371434,112.0,convergiu,False,0.0056286640961100256,[0.005629]
leaderless,C0,7,pv1,824,56.250221496230566,22.921835003297264,33.328386492933305,0.592502246903585,1.0558852978158422,1.0495318067162605,1.050494507792812,1.0507967743424311,2.0,False,0.0,0.5925023156605117,112.0,convergiu,False,0.0056286640961100256,[0.005629]
leaderless,C0,7,pv3,828,37.500148594787916,15.481335540840464,22.018813053947454,0.5871659512264399,1.0558243986090114,1.0494385326020441,1.050494507792812,1.0507967743424311,3.0,False,0.0,0.587166021443654,112.0,convergiu,False,0.0056286640961100256,[0.005629]
leaderless,C0,7,pv4,830,48.75022589866943,20.13155181869795,28.618674079971477,0.5870469196895914,1.053993713057545,1.0470467783556865,1.050494507792812,1.0507967743424311,4.0,False,0.0,0.5870470044478827,112.0,convergiu,False,0.0056286640961100256,[0.005629]
leaderless,C0,7,pv5,850,33.750124023076154,13.764232247532373,19.98589177554378,0.5921723328190822,1.0562616463457974,1.050494507792812,1.050494507792812,1.0507967743424311,5.0,False,0.0,0.5921723950370884,112.0,convergiu,False,0.0056286640961100256,[0.005629]
leaderless,C0,7,pv6,832,43.12526281682057,17.815542567425307,25.309720249395266,0.5868883730660004,1.0502737503980755,1.0428373103003945,1.050494507792812,1.0507967743424311,6.0,False,0.0,0.5868884870777753,112.0,convergiu,False,0.0056286640961100256,[0.005629]
leaderless,C0,8,pv2,816,85.4169951835115,37.76369215885461,47.65330302465689,0.5578900824506678,1.0600225764112021,1.050458782286314,1.0504888723268424,1.050777351199327,1.0,True,0.0,0.5578901824195247,71.0,convergiu,False,0.006457782905362156,[0.006458]
leaderless,C0,8,pv1,824,102.50042182299924,46.50469541301432,55.995726409984925,0.5462974088245542,1.0599113579217716,1.049413393888299,1.0504888723268424,1.050777351199327,2.0,False,0.0,0.5462975216500084,71.0,convergiu,False,0.006457782905362156,[0.006458]
leaderless,C0,8,pv3,828,68.33361550646671,31.40982521315692,36.92379029330979,0.5403458040053035,1.0598511737996503,1.0492998340560133,1.0504888723268424,1.050777351199327,3.0,False,0.0,0.5403459193493945,71.0,convergiu,False,0.006457782905362156,[0.006458]
leaderless,C0,8,pv4,830,88.83371850555443,40.87413459822218,47.95958390733225,0.5398802600781691,1.0577281150251405,1.0462548269136773,1.0504888723268424,1.050777351199327,4.0,False,0.0,0.5398804048074778,71.0,convergiu,False,0.006457782905362156,[0.006458]
leaderless,C0,8,pv5,850,61.500235620248716,27.97946767135111,33.52076794889761,0.545050946702838,1.060016924979191,1.0504888723268424,1.0504888723268424,1.050777351199327,5.0,False,0.0,0.5450510491680299,71.0,convergiu,False,0.006457782905362156,[0.006458]
leaderless,C0,8,pv6,832,78.58368138197022,36.21947713094316,42.36420425102706,0.5390965020494826,1.0527861135197871,1.0405174242811683,1.0504888723268424,1.050777351199327,6.0,False,0.0,0.5390967120146506,71.0,convergiu,False,0.006457782905362156,[0.006458]
leaderless,C0,9,pv2,816,109.37601310477916,43.856617468068166,65.519395636711,0.5990288168023001,1.0634560310644599,1.0504551926328072,1.050485530723397,1.050768760393735,1.0,True,0.0,0.5990289257841684,59.0,convergiu,False,0.007244744807674707,[0.007245]
leaderless,C0,9,pv1,824,131.25131079088757,54.29578728986202,76.95552350102555,0.5863218189256968,1.063645008559301,1.0493740704654682,1.050485530723397,1.050768760393735,2.0,False,0.0,0.5863219425185989,59.0,convergiu,False,0.007244744807674707,[0.007245]
leaderless,C0,9,pv3,828,87.50087713617727,36.760411438825486,50.74046569735178,0.5798850968194208,1.0635972316987172,1.0492539096696072,1.050485530723397,1.050768760393735,3.0,False,0.0,0.5798852235319264,59.0,convergiu,False,0.007244744807674707,[0.007245]
leaderless,C0,9,pv4,830,113.75120271145519,47.88275526563715,65.86844744581805,0.5790569900714881,1.0615841263923187,1.045994617760852,1.050485530723397,1.050768760393735,4.0,False,0.0,0.5790571517111954,59.0,convergiu,False,0.007244744807674707,[0.007245]
leaderless,C0,9,pv5,850,78.75072660212736,32.74787341046579,46.002853191661565,0.5841577127098435,1.0634377085194273,1.050485530723397,1.050485530723397,1.050768760393735,5.0,False,0.0,0.5841578252868952,59.0,convergiu,False,0.007244744807674707,[0.007245]
leaderless,C0,9,pv6,832,100.626082698693,42.51932947956681,58.10675321912619,0.5774519620584213,1.0564042287004576,1.0397522203228988,1.050485530723397,1.050768760393735,6.0,False,0.0,0.5774522038497373,59.0,convergiu,False,0.007244744807674707,[0.007245]
leaderless,C0,10,pv2,816,122.91832475882173,50.1165549558642,72.80176980295752,0.5922774802159357,1.0647988826989685,1.0504518500632614,1.0504824306221754,1.0507600456920705,1.0,True,0.0,0.5922775952715107,54.0,convergiu,False,0.0077318478935806114,[0.007732]
leaderless,C0,10,pv1,824,147.50215670576648,62.11160573617228,85.3905509695942,0.578910394430037,1.0650831816200754,1.0493343278401293,1.0504824306221754,1.0507600456920705,2.0,False,0.0,0.578910524948656,54.0,convergiu,False,0.0077318478935806114,[0.007732]
leaderless,C0,10,pv3,828,98.3347767771465,42.067568815233955,56.26720796191255,0.572200361214437,1.0650361551409917,1.0492075005420451,1.0504824306221754,1.0507600456920705,3.0,False,0.0,0.5722004951455723,54.0,convergiu,False,0.0077318478935806114,[0.007732]
leaderless,C0,10,pv4,830,127.83531369216502,54.82368897945371,73.0116247127113,0.5711379771205376,1.0629336672519722,1.0457327754361543,1.0504824306221754,1.0507600456920705,4.0,False,0.0,0.5711381511413004,54.0,convergiu,False,0.0077318478935806114,[0.007732]
leaderless,C0,10,pv5,850,88.50118918741761,37.51034652580507,50.99084266161254,0.5761598526135033,1.0647757090247296,1.0504824306221754,1.0504824306221754,1.0507600456920705,5.0,False,0.0,0.5761599717448995,54.0,convergiu,False,0.0077318478935806114,[0.007732]
leaderless,C0,10,pv6,832,113.08509904362478,48.742817732641846,64.34228131098294,0.5689719639481498,1.0573508157047877,1.0389844746368686,1.0504824306221754,1.0507600456920705,6.0,False,0.0,0.5689722329036618,54.0,convergiu,False,0.0077318478935806114,[0.007732]
leaderless,C0,11,pv2,816,125.00095889969347,69.85159573805191,55.14936316164156,0.44119140547135227,1.061235775264823,1.0504631344876914,1.0504943244115932,1.0507403164228017,1.0,True,0.0,0.4411915208258198,52.0,convergiu,False,0.007857176332905847,[0.007857]
leaderless,C0,11,pv1,824,150.0012377760028,85.8668807810088,64.134356994994,0.42755872272650564,1.0610597802164414,1.049235439057608,1.0504943244115932,1.0507403164228017,2.0,False,0.0,0.42755885181938286,52.0,convergiu,False,0.007857176332905847,[0.007857]
leaderless,C0,11,pv3,828,100.000827573437,57.932451159995296,42.0683764134417,0.42068015040870144,1.0609726006840685,1.0490884003336867,1.0504943244115932,1.0507403164228017,3.0,False,0.0,0.4206802826961427,52.0,convergiu,False,0.007857176332905847,[0.007857]
leaderless,C0,11,pv4,830,130.00110072860343,75.44763183212365,54.553468896479785,0.4196383284400232,1.0578779565190026,1.044962792335708,1.0504943244115932,1.0507403164228017,4.0,False,0.0,0.4196385152950992,52.0,convergiu,False,0.007857176332905847,[0.007857]
leaderless,C0,11,pv5,850,90.00068771398783,51.76426062970263,38.2364270842852,0.42484582520480235,1.0612265552256221,1.0504943244115932,1.0504943244115932,1.0507403164228017,5.0,False,0.0,0.42484594346430227,52.0,convergiu,False,0.007857176332905847,[0.007857]
leaderless,C0,11,pv6,832,115.00091069510312,66.97571583684709,48.02519485825603,0.41760675491290355,1.050489345350588,1.036691657278882,1.0504943244115932,1.0507403164228017,6.0,False,0.0,0.41760708300461313,52.0,convergiu,False,0.007857176332905847,[0.007857]
leaderless,C0,12,pv2,816,114.58396778268273,73.41529493210547,41.168672850577266,0.3592881368358903,1.0584759980523872,1.0504644472196398,1.050495732525448,1.0507366305200148,1.0,True,0.0,0.35928824640334334,54.0,convergiu,False,0.007378821429494367,[0.007379]
leaderless,C0,12,pv1,824,137.50081169881727,89.88317696278453,47.61763473603274,0.34630790458179694,1.058009502184281,1.049217188248145,1.050495732525448,1.0507366305200148,2.0,False,0.0,0.34630802645976183,54.0,convergiu,False,0.007378821429494367,[0.007379]
leaderless,C0,12,pv3,828,91.66720981718294,60.52871081789753,31.138498999285403,0.33969057883590625,1.057903371549891,1.0490666577197334,1.050495732525448,1.0507366305200148,3.0,False,0.0,0.3396907035938659,54.0,convergiu,False,0.007378821429494367,[0.007379]
leaderless,C0,12,pv4,830,119.16742071272455,78.7841322155988,40.38328849712575,0.3388784177239925,1.0544313943894756,1.044830068015459,1.050495732525448,1.0507366305200148,4.0,False,0.0,0.33887859832493356,54.0,convergiu,False,0.007378821429494367,[0.007379]
leaderless,C0,12,pv5,850,82.50045501033615,54.106673889834,28.393781120502155,0.34416503400948983,1.0584772347635698,1.050495732525448,1.050495732525448,1.0507366305200148,5.0,False,0.0,0.3441651457188304,54.0,convergiu,False,0.007378821429494367,[0.007379]
leaderless,C0,12,pv6,832,105.41738626804569,69.84755106613314,35.569835201912554,0.3374187309590634,1.0465580380118673,1.036302396711584,1.050495732525448,1.0507366305200148,6.0,False,0.0,0.3374190582895769,54.0,convergiu,False,0.007378821429494367,[0.007379]
leaderless,C0,13,pv2,816,91.6669843700342,67.30899929013151,24.35798507990269,0.2657224424441235,1.055190830016416,1.0504611846929535,1.0504922640177414,1.0507436936124215,1.0,True,0.0,0.2657225526431224,60.0,convergiu,False,0.0065510016049602675,[0.006551]
leaderless,C0,13,pv1,824,110.00040441486041,82.06444894084987,27.93595547401054,0.25396217556205974,1.0544374798981613,1.0492483036930842,1.0504922640177414,1.0507436936124215,2.0,False,0.0,0.2539622978898481,60.0,convergiu,False,0.0065510016049602675,[0.006551]
leaderless,C0,13,pv3,828,73.33360442743492,55.15417587309388,18.179428554341044,0.24790025721029488,1.0543195760670532,1.0491042757342546,1.0504922640177414,1.0507436936124215,3.0,False,0.0,0.24790038204558668,60.0,convergiu,False,0.0065510016049602675,[0.006551]
leaderless,C0,13,pv4,830,95.33373708087285,71.74546063071513,23.58827645015772,0.2474282509057384,1.050745501940547,1.0450798551321032,1.0504922640177414,1.0507436936124215,4.0,False,0.0,0.2474284253658018,60.0,convergiu,False,0.0065510016049602675,[0.006551]
leaderless,C0,13,pv5,850,66.00022784146515,49.32287558850596,16.67735225295919,0.25268617132912674,1.0552041870019553,1.0504922640177414,1.0504922640177414,1.0507436936124215,5.0,False,0.0,0.2526862830385794,60.0,convergiu,False,0.0065510016049602675,[0.006551]
leaderless,C0,13,pv6,832,84.33378907349129,63.52884652165234,20.80494255183895,0.2466972893240328,1.0431065535815973,1.0370543284934863,1.0504922640177414,1.0507436936124215,6.0,False,0.0,0.2466975903775511,60.0,convergiu,False,0.0065510016049602675,[0.006551]
leaderless,C0,14,pv2,816,62.500202384307045,51.34325755776753,11.156944826539515,0.17851042812954396,1.0526136226473173,1.0504672779172317,1.0504977861724876,1.0507655989240534,1.0,True,0.0,0.17851053918092388,68.0,convergiu,False,0.005932217401251995,[0.005932]
leaderless,C0,14,pv1,824,75.00026022049671,62.4245174479868,12.575742772509912,0.1676758650838059,1.0516996381470516,1.0493458299364011,1.0504977861724876,1.0507655989240534,2.0,False,0.0,0.16767598853041185,68.0,convergiu,False,0.005932217401251995,[0.005932]
leaderless,C0,14,pv3,828,50.00017464108202,41.896386337696924,8.103788303385095,0.16207507442450148,1.0515841347802244,1.0492185478025788,1.0504977861724876,1.0507655989240534,3.0,False,0.0,0.16207519996793607,68.0,convergiu,False,0.005932217401251995,[0.005932]
leaderless,C0,14,pv4,830,65.000269565776,54.47897035441216,10.521299211363832,0.1618653067961249,1.0483035673740262,1.0457345610855262,1.0504977861724876,1.0507655989240534,4.0,False,0.0,0.16186547043034907,68.0,convergiu,False,0.005932217401251995,[0.005932]
leaderless,C0,14,pv5,850,45.00014513832716,37.480902426660364,7.519242711666799,0.16709363140731331,1.0526360952837719,1.0504977861724876,1.0504977861724876,1.0507655989240534,5.0,False,0.0,0.1670937435546751,68.0,convergiu,False,0.005932217401251995,[0.005932]
leaderless,C0,14,pv6,832,57.50032271332255,48.208838644062105,9.291484069260441,0.1615898667333971,1.041720637091087,1.038975961817025,1.0504977861724876,1.0507655989240534,6.0,False,0.0,0.16159012038218787,68.0,convergiu,False,0.005932217401251995,[0.005932]
leaderless,C0,15,pv2,816,28.12494777047005,28.12494777047005,0.0,0.0,1.0386370242003247,1.0386370242003247,1.0387127583056501,1.0502955100132891,1.0,True,0.0,0.0,0.0,sem_sobretensao,False,0.0,[0.0]
leaderless,C0,15,pv1,824,33.74993265576542,33.74993265576542,0.0,0.0,1.0361657626140055,1.0361657626140055,1.0387127583056501,1.0502955100132891,2.0,False,0.0,0.0,0.0,sem_sobretensao,False,0.0,[0.0]
leaderless,C0,15,pv3,828,22.499954834109623,22.499954834109623,0.0,0.0,1.0359378482600161,1.0359378482600161,1.0387127583056501,1.0502955100132891,3.0,False,0.0,0.0,0.0,sem_sobretensao,False,0.0,[0.0]
leaderless,C0,15,pv4,830,29.24993235059052,29.24993235059052,0.0,0.0,1.0302157541130381,1.0302157541130381,1.0387127583056501,1.0502955100132891,4.0,False,0.0,0.0,0.0,sem_sobretensao,False,0.0,[0.0]
leaderless,C0,15,pv5,850,20.24996254640969,20.24996254640969,0.0,0.0,1.0387127583056501,1.0387127583056501,1.0387127583056501,1.0502955100132891,5.0,False,0.0,0.0,0.0,sem_sobretensao,False,0.0,[0.0]
leaderless,C0,15,pv6,832,25.874924488489178,25.874924488489178,0.0,0.0,1.0199321297314488,1.0199321297314488,1.0387127583056501,1.0502955100132891,6.0,False,0.0,0.0,0.0,sem_sobretensao,False,0.0,[0.0]
leaderless,C0,16,pv2,816,3.1250322945966147,3.1250322945966147,0.0,0.0,1.0394703803118943,1.0394703803118943,1.0395419414769758,1.0504162382879947,1.0,True,0.0,0.0,0.0,sem_sobretensao,False,0.0,[0.0]
leaderless,C0,16,pv1,824,3.7500421409592146,3.7500421409592146,0.0,0.0,1.0372492372289965,1.0372492372289965,1.0395419414769758,1.0504162382879947,2.0,False,0.0,0.0,0.0,sem_sobretensao,False,0.0,[0.0]
leaderless,C0,16,pv3,828,2.500028276790932,2.500028276790932,0.0,0.0,1.0370563779560689,1.0370563779560689,1.0395419414769758,1.0504162382879947,3.0,False,0.0,0.0,0.0,sem_sobretensao,False,0.0,[0.0]
leaderless,C0,16,pv4,830,3.250042548739909,3.250042548739909,0.0,0.0,1.0323888508528631,1.0323888508528631,1.0395419414769758,1.0504162382879947,4.0,False,0.0,0.0,0.0,sem_sobretensao,False,0.0,[0.0]
leaderless,C0,16,pv5,850,2.2500231591707642,2.2500231591707642,0.0,0.0,1.0395419414769758,1.0395419414769758,1.0395419414769758,1.0504162382879947,5.0,False,0.0,0.0,0.0,sem_sobretensao,False,0.0,[0.0]
leaderless,C0,16,pv6,832,2.8750471329313547,2.8750471329313547,0.0,0.0,1.0244469035472554,1.0244469035472554,1.0395419414769758,1.0504162382879947,6.0,False,0.0,0.0,0.0,sem_sobretensao,False,0.0,[0.0]
leaderless,C0,17,pv2,816,-0.0,-0.0,0.0,0.0,1.0319530456641128,1.0319530456641128,1.0320537436109634,1.0501995250985579,1.0,True,0.0,,0.0,sem_sobretensao,False,,[null]
leaderless,C0,17,pv1,824,-0.0,-0.0,0.0,0.0,1.0288097422283975,1.0288097422283975,1.0320537436109634,1.0501995250985579,2.0,False,0.0,,0.0,sem_sobretensao,False,,[null]
leaderless,C0,17,pv3,828,-0.0,-0.0,0.0,0.0,1.0285410077167665,1.0285410077167665,1.0320537436109634,1.0501995250985579,3.0,False,0.0,,0.0,sem_sobretensao,False,,[null]
leaderless,C0,17,pv4,830,-0.0,-0.0,0.0,0.0,1.0220651174905708,1.0220651174905708,1.0320537436109634,1.0501995250985579,4.0,False,0.0,,0.0,sem_sobretensao,False,,[null]
leaderless,C0,17,pv5,850,-0.0,-0.0,0.0,0.0,1.0320537436109634,1.0320537436109634,1.0320537436109634,1.0501995250985579,5.0,False,0.0,,0.0,sem_sobretensao,False,,[null]
leaderless,C0,17,pv6,832,-0.0,-0.0,0.0,0.0,1.0109757984235852,1.0109757984235852,1.0320537436109634,1.0501995250985579,6.0,False,0.0,,0.0,sem_sobretensao,False,,[null]
leaderless,C0,18,pv2,816,-0.0,-0.0,0.0,0.0,1.035368449501018,1.035368449501018,1.0354558554930642,1.0503034017860868,1.0,True,0.0,,0.0,sem_sobretensao,False,,[null]
leaderless,C0,18,pv1,824,-0.0,-0.0,0.0,0.0,1.0326523500430973,1.0326523500430973,1.0354558554930642,1.0503034017860868,2.0,False,0.0,,0.0,sem_sobretensao,False,,[null]
leaderless,C0,18,pv3,828,-0.0,-0.0,0.0,0.0,1.0324195763808066,1.0324195763808066,1.0354558554930642,1.0503034017860868,3.0,False,0.0,,0.0,sem_sobretensao,False,,[null]
leaderless,C0,18,pv4,830,-0.0,-0.0,0.0,0.0,1.02681295674242,1.02681295674242,1.0354558554930642,1.0503034017860868,4.0,False,0.0,,0.0,sem_sobretensao,False,,[null]
leaderless,C0,18,pv5,850,-0.0,-0.0,0.0,0.0,1.0354558554930642,1.0354558554930642,1.0354558554930642,1.0503034017860868,5.0,False,0.0,,0.0,sem_sobretensao,False,,[null]
leaderless,C0,18,pv6,832,-0.0,-0.0,0.0,0.0,1.0172650561019754,1.0172650561019754,1.0354558554930642,1.0503034017860868,6.0,False,0.0,,0.0,sem_sobretensao,False,,[null]
leaderless,C0,19,pv2,816,-0.0,-0.0,0.0,0.0,1.0124638034940296,1.0124638034940296,1.012640339769449,1.0496066048479267,1.0,True,0.0,,0.0,sem_sobretensao,False,,[null]
leaderless,C0,19,pv1,824,-0.0,-0.0,0.0,0.0,1.0068862241138117,1.0068862241138117,1.012640339769449,1.0496066048479267,2.0,False,0.0,,0.0,sem_sobretensao,False,,[null]
leaderless,C0,19,pv3,828,-0.0,-0.0,0.0,0.0,1.0064125502225403,1.0064125502225403,1.012640339769449,1.0496066048479267,3.0,False,0.0,,0.0,sem_sobretensao,False,,[null]
leaderless,C0,19,pv4,830,-0.0,-0.0,0.0,0.0,0.9949844738133676,0.9949844738133676,1.012640339769449,1.0496066048479267,4.0,False,0.0,,0.0,sem_sobretensao,False,,[null]
leaderless,C0,19,pv5,850,-0.0,-0.0,0.0,0.0,1.012640339769449,1.012640339769449,1.012640339769449,1.0496066048479267,5.0,False,0.0,,0.0,sem_sobretensao,False,,[null]
leaderless,C0,19,pv6,832,-0.0,-0.0,0.0,0.0,0.975106227573592,0.975106227573592,1.012640339769449,1.0496066048479267,6.0,False,0.0,,0.0,sem_sobretensao,False,,[null]
leaderless,C0,20,pv2,816,-0.0,-0.0,0.0,0.0,1.0078351504741656,1.0078351504741656,1.0080296961644228,1.0494657402550032,1.0,True,0.0,,0.0,sem_sobretensao,False,,[null]
leaderless,C0,20,pv1,824,-0.0,-0.0,0.0,0.0,1.00168032528244,1.00168032528244,1.0080296961644228,1.0494657402550032,2.0,False,0.0,,0.0,sem_sobretensao,False,,[null]
leaderless,C0,20,pv3,828,-0.0,-0.0,0.0,0.0,1.001158047785484,1.001158047785484,1.0080296961644228,1.0494657402550032,3.0,False,0.0,,0.0,sem_sobretensao,False,,[null]
leaderless,C0,20,pv4,830,-0.0,-0.0,0.0,0.0,0.9885559519361026,0.9885559519361026,1.0080296961644228,1.0494657402550032,4.0,False,0.0,,0.0,sem_sobretensao,False,,[null]
leaderless,C0,20,pv5,850,-0.0,-0.0,0.0,0.0,1.0080296961644228,1.0080296961644228,1.0080296961644228,1.0494657402550032,5.0,False,0.0,,0.0,sem_sobretensao,False,,[null]
leaderless,C0,20,pv6,832,-0.0,-0.0,0.0,0.0,0.9665920784800835,0.9665920784800835,1.0080296961644228,1.0494657402550032,6.0,False,0.0,,0.0,sem_sobretensao,False,,[null]
leaderless,C0,21,pv2,816,-0.0,-0.0,0.0,0.0,1.0061895964378378,1.0061895964378378,1.0063905442901253,1.0494156571369113,1.0,True,0.0,,0.0,sem_sobretensao,False,,[null]
leaderless,C0,21,pv1,824,-0.0,-0.0,0.0,0.0,0.9998296239446813,0.9998296239446813,1.0063905442901253,1.0494156571369113,2.0,False,0.0,,0.0,sem_sobretensao,False,,[null]
leaderless,C0,21,pv3,828,-0.0,-0.0,0.0,0.0,0.9992900728255069,0.9992900728255069,1.0063905442901253,1.0494156571369113,3.0,False,0.0,,0.0,sem_sobretensao,False,,[null]
leaderless,C0,21,pv4,830,-0.0,-0.0,0.0,0.0,0.9862707730472382,0.9862707730472382,1.0063905442901253,1.0494156571369113,4.0,False,0.0,,0.0,sem_sobretensao,False,,[null]
leaderless,C0,21,pv5,850,-0.0,-0.0,0.0,0.0,1.0063905442901253,1.0063905442901253,1.0063905442901253,1.0494156571369113,5.0,False,0.0,,0.0,sem_sobretensao,False,,[null]
leaderless,C0,21,pv6,832,-0.0,-0.0,0.0,0.0,0.963565563609644,0.963565563609644,1.0063905442901253,1.0494156571369113,6.0,False,0.0,,0.0,sem_sobretensao,False,,[null]
leaderless,C0,22,pv2,816,-0.0,-0.0,0.0,0.0,1.005861808419378,1.005861808419378,1.0060640314884584,1.049405687339917,1.0,True,0.0,,0.0,sem_sobretensao,False,,[null]
leaderless,C0,22,pv1,824,-0.0,-0.0,0.0,0.0,0.9994609737243804,0.9994609737243804,1.0060640314884584,1.049405687339917,2.0,False,0.0,,0.0,sem_sobretensao,False,,[null]
leaderless,C0,22,pv3,828,-0.0,-0.0,0.0,0.0,0.998917981930852,0.998917981930852,1.0060640314884584,1.049405687339917,3.0,False,0.0,,0.0,sem_sobretensao,False,,[null]
leaderless,C0,22,pv4,830,-0.0,-0.0,0.0,0.0,0.9858155814373928,0.9858155814373928,1.0060640314884584,1.049405687339917,4.0,False,0.0,,0.0,sem_sobretensao,False,,[null]
leaderless,C0,22,pv5,850,-0.0,-0.0,0.0,0.0,1.0060640314884584,1.0060640314884584,1.0060640314884584,1.049405687339917,5.0,False,0.0,,0.0,sem_sobretensao,False,,[null]
leaderless,C0,22,pv6,832,-0.0,-0.0,0.0,0.0,0.9629627164790315,0.9629627164790315,1.0060640314884584,1.049405687339917,6.0,False,0.0,,0.0,sem_sobretensao,False,,[null]
leaderless,C0,23,pv2,816,-0.0,-0.0,0.0,0.0,1.0157857990852877,1.0157857990852877,1.0159494099998208,1.0497076999321218,1.0,True,0.0,,0.0,sem_sobretensao,False,,[null]
leaderless,C0,23,pv1,824,-0.0,-0.0,0.0,0.0,1.0106227444912799,1.0106227444912799,1.0159494099998208,1.0497076999321218,2.0,False,0.0,,0.0,sem_sobretensao,False,,[null]
leaderless,C0,23,pv3,828,-0.0,-0.0,0.0,0.0,1.010183972127752,1.010183972127752,1.0159494099998208,1.0497076999321218,3.0,False,0.0,,0.0,sem_sobretensao,False,,[null]
leaderless,C0,23,pv4,830,-0.0,-0.0,0.0,0.0,0.9995990501550605,0.9995990501550605,1.0159494099998208,1.0497076999321218,4.0,False,0.0,,0.0,sem_sobretensao,False,,[null]
leaderless,C0,23,pv5,850,-0.0,-0.0,0.0,0.0,1.0159494099998208,1.0159494099998208,1.0159494099998208,1.0497076999321218,5.0,False,0.0,,0.0,sem_sobretensao,False,,[null]
leaderless,C0,23,pv6,832,-0.0,-0.0,0.0,0.0,0.9812181271943435,0.9812181271943435,1.0159494099998208,1.0497076999321218,6.0,False,0.0,,0.0,sem_sobretensao,False,,[null]
leaderless,C1,0,pv2,816,-0.0,-0.0,0.0,0.0,1.0450262948633384,1.0450262948633384,1.0450761113146874,1.0505970659065018,1.0,True,0.0,,0.0,sem_sobretensao,False,,[null]
leaderless,C1,0,pv1,824,-0.0,-0.0,0.0,0.0,1.0435191673339033,1.0435191673339033,1.0450761113146874,1.0505970659065018,2.0,False,0.0,,0.0,sem_sobretensao,False,,[null]
leaderless,C1,0,pv3,828,-0.0,-0.0,0.0,0.0,1.0433881517951473,1.0433881517951473,1.0450761113146874,1.0505970659065018,3.0,False,0.0,,0.0,sem_sobretensao,False,,[null]
leaderless,C1,0,pv4,830,-0.0,-0.0,0.0,0.0,1.0402417834114022,1.0402417834114022,1.0450761113146874,1.0505970659065018,4.0,False,0.0,,0.0,sem_sobretensao,False,,[null]
leaderless,C1,0,pv5,850,-0.0,-0.0,0.0,0.0,1.0450761113146874,1.0450761113146874,1.0450761113146874,1.0505970659065018,5.0,False,0.0,,0.0,sem_sobretensao,False,,[null]
leaderless,C1,0,pv6,832,-0.0,-0.0,0.0,0.0,1.035054528358762,1.035054528358762,1.0450761113146874,1.0505970659065018,6.0,False,0.0,,0.0,sem_sobretensao,False,,[null]
leaderless,C1,1,pv2,816,-0.0,-0.0,0.0,0.0,1.045026590394128,1.045026590394128,1.0450764055625177,1.0505970903489996,1.0,True,0.0,,0.0,sem_sobretensao,False,,[null]
leaderless,C1,1,pv1,824,-0.0,-0.0,0.0,0.0,1.0435194971179793,1.0435194971179793,1.0450764055625177,1.0505970903489996,2.0,False,0.0,,0.0,sem_sobretensao,False,,[null]
leaderless,C1,1,pv3,828,-0.0,-0.0,0.0,0.0,1.043388484707053,1.043388484707053,1.0450764055625177,1.0505970903489996,3.0,False,0.0,,0.0,sem_sobretensao,False,,[null]
leaderless,C1,1,pv4,830,-0.0,-0.0,0.0,0.0,1.0402421909746449,1.0402421909746449,1.0450764055625177,1.0505970903489996,4.0,False,0.0,,0.0,sem_sobretensao,False,,[null]
leaderless,C1,1,pv5,850,-0.0,-0.0,0.0,0.0,1.0450764055625177,1.0450764055625177,1.0450764055625177,1.0505970903489996,5.0,False,0.0,,0.0,sem_sobretensao,False,,[null]
leaderless,C1,1,pv6,832,-0.0,-0.0,0.0,0.0,1.035055078078631,1.035055078078631,1.0450764055625177,1.0505970903489996,6.0,False,0.0,,0.0,sem_sobretensao,False,,[null]
leaderless,C1,2,pv2,816,-0.0,-0.0,0.0,0.0,1.044957170134863,1.044957170134863,1.0450072554978005,1.050594980095696,1.0,True,0.0,,0.0,sem_sobretensao,False,,[null]
leaderless,C1,2,pv1,824,-0.0,-0.0,0.0,0.0,1.0434413812534848,1.0434413812534848,1.0450072554978005,1.050594980095696,2.0,False,0.0,,0.0,sem_sobretensao,False,,[null]
leaderless,C1,2,pv3,828,-0.0,-0.0,0.0,0.0,1.0433096369965245,1.0433096369965245,1.0450072554978005,1.050594980095696,3.0,False,0.0,,0.0,sem_sobretensao,False,,[null]
leaderless,C1,2,pv4,830,-0.0,-0.0,0.0,0.0,1.0401456464219776,1.0401456464219776,1.0450072554978005,1.050594980095696,4.0,False,0.0,,0.0,sem_sobretensao,False,,[null]
leaderless,C1,2,pv5,850,-0.0,-0.0,0.0,0.0,1.0450072554978005,1.0450072554978005,1.0450072554978005,1.050594980095696,5.0,False,0.0,,0.0,sem_sobretensao,False,,[null]
leaderless,C1,2,pv6,832,-0.0,-0.0,0.0,0.0,1.0349271785104097,1.0349271785104097,1.0450072554978005,1.050594980095696,6.0,False,0.0,,0.0,sem_sobretensao,False,,[null]
leaderless,C1,3,pv2,816,-0.0,-0.0,0.0,0.0,1.0449571021647743,1.0449571021647743,1.045007187805771,1.0505949776249721,1.0,True,0.0,,0.0,sem_sobretensao,False,,[null]
leaderless,C1,3,pv1,824,-0.0,-0.0,0.0,0.0,1.0434413052741978,1.0434413052741978,1.045007187805771,1.0505949776249721,2.0,False,0.0,,0.0,sem_sobretensao,False,,[null]
leaderless,C1,3,pv3,828,-0.0,-0.0,0.0,0.0,1.0433095603397917,1.0433095603397917,1.045007187805771,1.0505949776249721,3.0,False,0.0,,0.0,sem_sobretensao,False,,[null]
leaderless,C1,3,pv4,830,-0.0,-0.0,0.0,0.0,1.04014555352833,1.04014555352833,1.045007187805771,1.0505949776249721,4.0,False,0.0,,0.0,sem_sobretensao,False,,[null]
leaderless,C1,3,pv5,850,-0.0,-0.0,0.0,0.0,1.045007187805771,1.045007187805771,1.045007187805771,1.0505949776249721,5.0,False,0.0,,0.0,sem_sobretensao,False,,[null]
leaderless,C1,3,pv6,832,-0.0,-0.0,0.0,0.0,1.034927055347267,1.034927055347267,1.045007187805771,1.0505949776249721,6.0,False,0.0,,0.0,sem_sobretensao,False,,[null]
leaderless,C1,4,pv2,816,-0.0,-0.0,0.0,0.0,1.0450265231229214,1.0450265231229214,1.0450763385661972,1.0505970879234297,1.0,True,0.0,,0.0,sem_sobretensao,False,,[null]
leaderless,C1,4,pv1,824,-0.0,-0.0,0.0,0.0,1.0435194219130088,1.0435194219130088,1.0450763385661972,1.0505970879234297,2.0,False,0.0,,0.0,sem_sobretensao,False,,[null]
leaderless,C1,4,pv3,828,-0.0,-0.0,0.0,0.0,1.043388408831456,1.043388408831456,1.0450763385661972,1.0505970879234297,3.0,False,0.0,,0.0,sem_sobretensao,False,,[null]
leaderless,C1,4,pv4,830,-0.0,-0.0,0.0,0.0,1.040242099025251,1.040242099025251,1.0450763385661972,1.0505970879234297,4.0,False,0.0,,0.0,sem_sobretensao,False,,[null]
leaderless,C1,4,pv5,850,-0.0,-0.0,0.0,0.0,1.0450763385661972,1.0450763385661972,1.0450763385661972,1.0505970879234297,5.0,False,0.0,,0.0,sem_sobretensao,False,,[null]
leaderless,C1,4,pv6,832,-0.0,-0.0,0.0,0.0,1.035054956170033,1.035054956170033,1.0450763385661972,1.0505970879234297,6.0,False,0.0,,0.0,sem_sobretensao,False,,[null]
leaderless,C1,5,pv2,816,-0.0,-0.0,0.0,0.0,1.046437942275659,1.046437942275659,1.0464804756969754,1.0506393917986803,1.0,True,0.0,,0.0,sem_sobretensao,False,,[null]
leaderless,C1,5,pv1,824,-0.0,-0.0,0.0,0.0,1.0450850714048536,1.0450850714048536,1.0464804756969754,1.0506393917986803,2.0,False,0.0,,0.0,sem_sobretensao,False,,[null]
leaderless,C1,5,pv3,828,-0.0,-0.0,0.0,0.0,1.044968726726859,1.044968726726859,1.0464804756969754,1.0506393917986803,3.0,False,0.0,,0.0,sem_sobretensao,False,,[null]
leaderless,C1,5,pv4,830,-0.0,-0.0,0.0,0.0,1.0421771197491476,1.0421771197491476,1.0464804756969754,1.0506393917986803,4.0,False,0.0,,0.0,sem_sobretensao,False,,[null]
leaderless,C1,5,pv5,850,-0.0,-0.0,0.0,0.0,1.0464804756969754,1.0464804756969754,1.0464804756969754,1.0506393917986803,5.0,False,0.0,,0.0,sem_sobretensao,False,,[null]
leaderless,C1,5,pv6,832,-0.0,-0.0,0.0,0.0,1.0376184354041749,1.0376184354041749,1.0464804756969754,1.0506393917986803,6.0,False,0.0,,0.0,sem_sobretensao,False,,[null]
leaderless,C1,6,pv2,816,15.625241782068512,15.625241782068512,0.0,0.0,1.04834074378191,1.04834074378191,1.048378245454802,1.0506384889471005,1.0,True,0.0,0.0,0.0,sem_sobretensao,False,0.0,[0.0]
leaderless,C1,6,pv1,824,18.7503236717592,18.7503236717592,0.0,0.0,1.047157904836951,1.047157904836951,1.048378245454802,1.0506384889471005,2.0,False,0.0,0.0,0.0,sem_sobretensao,False,0.0,[0.0]
leaderless,C1,6,pv3,828,12.50021771214404,12.50021771214404,0.0,0.0,1.047045538729875,1.047045538729875,1.048378245454802,1.0506384889471005,3.0,False,0.0,0.0,0.0,sem_sobretensao,False,0.0,[0.0]
leaderless,C1,6,pv4,830,16.250349249231206,16.250349249231206,0.0,0.0,1.044222209515069,1.044222209515069,1.048378245454802,1.0506384889471005,4.0,False,0.0,0.0,0.0,sem_sobretensao,False,0.0,[0.0]
leaderless,C1,6,pv5,850,11.250173385025839,11.250173385025839,0.0,0.0,1.048378245454802,1.048378245454802,1.048378245454802,1.0506384889471005,5.0,False,0.0,0.0,0.0,sem_sobretensao,False,0.0,[0.0]
leaderless,C1,6,pv6,832,14.375428037447021,14.375428037447021,0.0,0.0,1.039316562019864,1.039316562019864,1.048378245454802,1.0506384889471005,6.0,False,0.0,0.0,0.0,sem_sobretensao,False,0.0,[0.0]
leaderless,C1,7,pv2,816,46.87517293313687,18.42876547234236,28.446407460794507,0.6068543923738033,1.0562538666391135,1.0504676616621107,1.0504970084785628,1.0507976885133308,1.0,True,0.0,0.6068544536650712,113.0,convergiu,False,0.008208385763408368,[0.008208]
leaderless,C1,7,pv1,824,56.250221496230566,22.758042412217428,33.49217908401314,0.5954141029565,1.0558852978158422,1.0495349155262326,1.0504970084785628,1.0507976885133308,2.0,False,0.0,0.5954141724803255,113.0,convergiu,False,0.008208385763408368,[0.008208]
leaderless,C1,7,pv3,828,37.500148594787916,15.454839883726056,22.04530871106186,0.5878724981095541,1.0558243986090114,1.0494417616754352,1.0504970084785628,1.0507976885133308,3.0,False,0.0,0.587872569500322,113.0,convergiu,False,0.008208385763408368,[0.008208]
leaderless,C1,7,pv4,830,48.75022589866943,20.21787232738586,28.53235357128357,0.5852762488386587,1.053993713057545,1.0470531953232054,1.0504970084785628,1.0507976885133308,4.0,False,0.0,0.5852763355515512,113.0,convergiu,False,0.008208385763408368,[0.008208]
leaderless,C1,7,pv5,850,33.750124023076154,13.89706953991585,19.853054483160303,0.5882364257856776,1.0562616463457974,1.0504970084785628,1.0504970084785628,1.0507976885133308,5.0,False,0.0,0.588236489726262,113.0,convergiu,False,0.008208385763408368,[0.008208]
leaderless,C1,7,pv6,832,43.12526281682057,18.031774734381422,25.09348808243915,0.5818743208333892,1.0502737503980755,1.0428478918789472,1.0504970084785628,1.0507976885133308,6.0,False,0.0,0.5818744384011427,113.0,convergiu,False,0.008208385763408368,[0.008208]
leaderless,C1,8,pv2,816,85.41699505900371,36.64264667785872,48.77434838114499,0.5710144623361806,1.06002257636166,1.0504648263541845,1.0504950099065808,1.0507796092573651,1.0,True,0.0,0.5710145662166295,72.0,convergiu,False,0.015821137610426927,[0.015821]
leaderless,C1,8,pv1,824,102.50042165969244,45.497820300639106,57.00260135905333,0.5561205339022718,1.059911357867337,1.0494221279223497,1.0504950099065808,1.0507796092573651,2.0,False,0.0,0.5561206523452693,72.0,convergiu,False,0.015821137610426927,[0.015821]
leaderless,C1,8,pv3,828,68.33361539641626,31.220633191744856,37.11298220467141,0.5431144478933613,1.0598511737449738,1.0493092161699196,1.0504950099065808,1.0507796092573651,3.0,False,0.0,0.5431145709087974,72.0,convergiu,False,0.015821137610426927,[0.015821]
leaderless,C1,8,pv4,830,88.83371831629468,41.334536438288154,47.499181878006524,0.5346975098734141,1.0577281149671864,1.0462818684459843,1.0504950099065808,1.0507796092573651,4.0,False,0.0,0.5346976663622759,72.0,convergiu,False,0.015821137610426927,[0.015821]
leaderless,C1,8,pv5,850,61.5002355309512,28.7283702237603,32.7718653071909,0.5328737051985525,1.060016924929831,1.0504950099065808,1.0504950099065808,1.0507796092573651,5.0,False,0.0,0.5328738178685156,72.0,convergiu,False,0.015821137610426927,[0.015821]
leaderless,C1,8,pv6,832,78.5836811135596,37.435282065526636,41.14839904803297,0.5236250113682053,1.0527861134616843,1.0405678709316526,1.0504950099065808,1.0507796092573651,6.0,False,0.0,0.5236252420979146,72.0,convergiu,False,0.015821137610426927,[0.015821]
leaderless,C1,9,pv2,816,109.37601376569933,41.78078868802617,67.59522507767315,0.6180076439508305,1.0634560298310718,1.0504619458823299,1.0504924752385414,1.050771335812688,1.0,True,0.0,0.6180077582866823,60.0,convergiu,False,0.021217657824492288,[0.021218]
leaderless,C1,9,pv1,824,131.25131167876577,52.39219494780484,78.85911673096093,0.6008252293852959,1.0636450072141417,1.0493852098864322,1.0504924752385414,1.050771335812688,2.0,False,0.0,0.6008253610749933,60.0,convergiu,False,0.021217657824492288,[0.021218]
leaderless,C1,9,pv3,828,87.50087773013514,36.388515350383344,51.1123623797518,0.5841352862786799,1.0635972303472354,1.0492662169666918,1.0504924752385414,1.050771335812688,3.0,False,0.0,0.5841354247598455,60.0,convergiu,False,0.021217657824492288,[0.021218]
leaderless,C1,9,pv4,830,113.75120348065715,48.714713520612754,65.0364899600444,0.5717431330669632,1.0615841249347364,1.0460390678865459,1.0504924752385414,1.050771335812688,4.0,False,0.0,0.5717433132134162,60.0,convergiu,False,0.021217657824492288,[0.021218]
leaderless,C1,9,pv5,850,78.75072707622377,34.12949037508932,44.62123670113445,0.5666135181554316,1.0634377072902608,1.0504924752385414,1.0504924752385414,1.050771335812688,5.0,False,0.0,0.5666136473628367,60.0,convergiu,False,0.021217657824492288,[0.021218]
leaderless,C1,9,pv6,832,100.62608318713194,44.73806882617683,55.88801436095511,0.5554025841299108,1.0564042271727023,1.0398393833445412,1.0504924752385414,1.050771335812688,6.0,False,0.0,0.5554028596842182,60.0,convergiu,False,0.021217657824492288,[0.021218]
leaderless,C1,10,pv2,816,122.91832727330421,47.47849951818941,75.4398277551148,0.6137393374091216,1.0647988787894918,1.0504581331486313,1.0504889674692404,1.0507624883424878,1.0,True,0.0,0.613739459595616,55.0,convergiu,False,0.023715534159606148,[0.023716]
leaderless,C1,10,pv1,824,147.5021600623244,59.66069818477189,87.84146187755252,0.595526472602599,1.0650831773500744,1.0493458347284552,1.0504889674692404,1.0507624883424878,2.0,False,0.0,0.5955266135793311,55.0,convergiu,False,0.023715534159606148,[0.023716]
leaderless,C1,10,pv3,828,98.33477902625405,41.58130880733994,56.75347021891412,0.5771453004390543,1.0650361508496717,1.0492204764455906,1.0504889674692404,1.0507624883424878,3.0,False,0.0,0.5771454492592261,55.0,convergiu,False,0.023715534159606148,[0.023716]
leaderless,C1,10,pv4,830,127.83531682301832,55.87384847954189,71.96146834347643,0.5629230243951914,1.0629336625808206,1.0457863743075895,1.0504889674692404,1.0507624883424878,4.0,False,0.0,0.5629232213121788,55.0,convergiu,False,0.023715534159606148,[0.023716]
leaderless,C1,10,pv5,850,88.50119099105552,39.27169637908373,49.229494611971795,0.5562578501683172,1.0647757051286368,1.0504889674692404,1.0504889674692404,1.0507624883424878,5.0,False,0.0,0.5562579899850979,55.0,convergiu,False,0.023715534159606148,[0.023716]
leaderless,C1,10,pv6,832,113.08510173411526,51.54809198931997,61.537009744795284,0.5441651790963496,1.0573508107080105,1.0390920809588833,1.0504889674692404,1.0507624883424878,6.0,False,0.0,0.5441654895397325,55.0,convergiu,False,0.023715534159606148,[0.023716]
leaderless,C1,11,pv2,816,125.0009583116791,67.41046088221336,57.59049742946574,0.4607203167915531,1.0612357737791585,1.050465795438472,1.0504972331428248,1.0507414406539932,1.0,True,0.0,0.46072044732544215,53.0,convergiu,False,0.02224088154092664,[0.022241]
leaderless,C1,11,pv1,824,150.00123692408474,83.57261766321953,66.4286192608652,0.4428536618912806,1.061059778603012,1.0492425110824806,1.0504972331428248,1.0507414406539932,2.0,False,0.0,0.4428538098954782,53.0,convergiu,False,0.02224088154092664,[0.022241]
leaderless,C1,11,pv3,828,100.00082698466912,57.46614886159128,42.53467812307784,0.42534310926860797,1.0609725990655274,1.0490968085484838,1.0504972331428248,1.0507414406539932,3.0,False,0.0,0.4253432637071964,53.0,convergiu,False,0.02224088154092664,[0.022241]
leaderless,C1,11,pv4,830,130.0010990291106,76.40197913473143,53.59911989437917,0.4122972207242598,1.0578779548654649,1.0450084034318412,1.0504972331428248,1.0507414406539932,4.0,False,0.0,0.4122974366730311,53.0,convergiu,False,0.02224088154092664,[0.022241]
leaderless,C1,11,pv5,850,90.00068729226192,53.390160440673505,36.61052685158841,0.4067803822459065,1.0612265537454617,1.0504972331428248,1.0504972331428248,1.0507414406539932,5.0,False,0.0,0.40678052527201214,53.0,convergiu,False,0.02224088154092664,[0.022241]
leaderless,C1,11,pv6,832,115.00090692340201,69.55151873345622,45.44938818994579,0.3952085799648347,1.050489343856386,1.0367868751503522,1.0504972331428248,1.0507414406539932,6.0,False,0.0,0.39520895448431553,53.0,convergiu,False,0.02224088154092664,[0.022241]
leaderless,C1,12,pv2,816,114.58396690914205,71.7147751792024,42.869191729939644,0.3741289367058401,1.0584759974419644,1.0504626688725567,1.0504941400032943,1.0507361023556534,1.0,True,0.0,0.3741290591198701,55.0,convergiu,False,0.01796991105102434,[0.01797]
leaderless,C1,12,pv1,824,137.5008104618619,88.2684360020167,49.232374459845204,0.3580513844944008,1.0580095015261595,1.049218047320733,1.0504941400032943,1.0507361023556534,2.0,False,0.0,0.3580515219835785,55.0,convergiu,False,0.01796991105102434,[0.01797]
leaderless,C1,12,pv3,828,91.66720897007814,60.187724363044424,31.47948460703371,0.34341038534222107,1.0579033708908177,1.0490684187708579,1.0504941400032943,1.0507361023556534,3.0,False,0.0,0.3434105277199963,55.0,convergiu,False,0.01796991105102434,[0.01797]
leaderless,C1,12,pv4,830,119.16741864020867,79.4239564652485,39.74346217496017,0.3335092634064904,1.0544313937564371,1.0448572109147785,1.0504941400032943,1.0507361023556534,4.0,False,0.0,0.3335094661650261,55.0,convergiu,False,0.01796991105102434,[0.01797]
leaderless,C1,12,pv5,850,82.50045438378993,55.22432337240316,27.276131011386767,0.3306178184874045,1.0584772341554367,1.0504941400032943,1.0504941400032943,1.0507361023556534,5.0,False,0.0,0.3306179488963652,55.0,convergiu,False,0.01796991105102434,[0.01797]
leaderless,C1,12,pv6,832,105.41738218393749,71.61483069476279,33.802551489174704,0.3206540777085009,1.0465580375517434,1.0363635891824563,1.0504941400032943,1.0507361023556534,6.0,False,0.0,0.3206544384700649,55.0,convergiu,False,0.01796991105102434,[0.01797]
leaderless,C1,13,pv2,816,91.66698347745722,66.54355551403944,25.123427963417782,0.2740726969645215,1.0551908300638373,1.0504551036605942,1.0504862850729746,1.0507415468359667,1.0,True,0.0,0.27407281237301917,61.0,convergiu,False,0.01199561944562639,[0.011996]
leaderless,C1,13,pv1,824,110.00040317700652,81.31953629239423,28.680866884612286,0.26073406914211106,1.0544374799552714,1.0492428013739925,1.0504862850729746,1.0507415468359667,2.0,False,0.0,0.2607341978416264,61.0,convergiu,False,0.01199561944562639,[0.011996]
leaderless,C1,13,pv3,828,73.3336035868963,54.979735247707595,18.353868339188708,0.2502789683862814,1.054319576125762,1.0490991368870708,1.0504862850729746,1.0507415468359667,3.0,False,0.0,0.2502791004595919,61.0,convergiu,False,0.01199561944562639,[0.011996]
leaderless,C1,13,pv4,830,95.3337353717279,71.99703852863853,23.33669684308937,0.24478931061361156,1.0507455020513403,1.0450853221069432,1.0504862850729746,1.0507415468359667,4.0,False,0.0,0.24478949400329575,61.0,convergiu,False,0.01199561944562639,[0.011996]
leaderless,C1,13,pv5,850,66.00022720127629,49.79966828645318,16.200558914823105,0.24546204938945163,1.055204187049237,1.0504862850729746,1.0504862850729746,1.0507415468359667,5.0,False,0.0,0.24546216887128874,61.0,convergiu,False,0.01199561944562639,[0.011996]
leaderless,C1,13,pv6,832,84.33378622125612,64.2814187570518,20.052367464204323,0.2377735175155019,1.043106553825319,1.0370743072479727,1.0504862850729746,1.0507415468359667,6.0,False,0.0,0.2377738313751906,61.0,convergiu,False,0.01199561944562639,[0.011996]
leaderless,C1,14,pv2,816,62.500202067066965,51.175885404682006,11.324316662384959,0.1811883682005968,1.052613622766495,1.0504691013381302,1.0504996215540172,1.0507662697028166,1.0,True,0.0,0.1811884808025612,68.0,convergiu,False,0.007609331031133861,[0.007609]
leaderless,C1,14,pv1,824,75.00025977447275,62.266337167814186,12.733922606658567,0.1697849213582117,1.0516996382780859,1.0493481212159808,1.0504996215540172,1.0507662697028166,2.0,False,0.0,0.16978504667783445,68.0,convergiu,False,0.007609331031133861,[0.007609]
leaderless,C1,14,pv3,828,50.000174339339225,41.87018162686675,8.129992712472472,0.16259915961256155,1.0515841349123027,1.04922094466346,1.0504996215540172,1.0507662697028166,3.0,False,0.0,0.16259928730040332,68.0,convergiu,False,0.007609331031133861,[0.007609]
leaderless,C1,14,pv4,830,65.00026900954698,54.55729859826829,10.442970411278694,0.16066025182159568,1.048303567530349,1.0457397881677697,1.0504996215540172,1.0507662697028166,4.0,False,0.0,0.16066041833988212,68.0,convergiu,False,0.007609331031133861,[0.007609]
leaderless,C1,14,pv5,850,45.000144910789096,37.60505510647192,7.395089804317173,0.16433468532399503,1.0526360954025646,1.0504996215540172,1.0504996215540172,1.0507662697028166,5.0,False,0.0,0.16433479978737023,68.0,convergiu,False,0.007609331031133861,[0.007609]
leaderless,C1,14,pv6,832,57.50032189246134,48.399418016075145,9.100903876386198,0.15827544491526785,1.0417206372921222,1.0389848566406539,1.0504996215540172,1.0507662697028166,6.0,False,0.0,0.15827570310661834,68.0,convergiu,False,0.007609331031133861,[0.007609]
leaderless,C1,15,pv2,816,28.12494775456578,28.12494775456578,0.0,0.0,1.0386370242068819,1.0386370242068819,1.038712758312178,1.0502955100138716,1.0,True,0.0,0.0,0.0,sem_sobretensao,False,0.0,[0.0]
leaderless,C1,15,pv1,824,33.7499326348503,33.7499326348503,0.0,0.0,1.0361657626212726,1.0361657626212726,1.038712758312178,1.0502955100138716,2.0,False,0.0,0.0,0.0,sem_sobretensao,False,0.0,[0.0]
leaderless,C1,15,pv3,828,22.49995482006321,22.49995482006321,0.0,0.0,1.0359378482673545,1.0359378482673545,1.038712758312178,1.0502955100138716,3.0,False,0.0,0.0,0.0,sem_sobretensao,False,0.0,[0.0]
leaderless,C1,15,pv4,830,29.249932328926512,29.249932328926512,0.0,0.0,1.0302157541221484,1.0302157541221484,1.038712758312178,1.0502955100138716,4.0,False,0.0,0.0,0.0,sem_sobretensao,False,0.0,[0.0]
leaderless,C1,15,pv5,850,20.249962535004286,20.249962535004286,0.0,0.0,1.038712758312178,1.038712758312178,1.038712758312178,1.0502955100138716,5.0,False,0.0,0.0,0.0,sem_sobretensao,False,0.0,[0.0]
leaderless,C1,15,pv6,832,25.8749244633912,25.8749244633912,0.0,0.0,1.019932129744126,1.019932129744126,1.038712758312178,1.0502955100138716,6.0,False,0.0,0.0,0.0,sem_sobretensao,False,0.0,[0.0]
leaderless,C1,16,pv2,816,3.125032294596209,3.125032294596209,0.0,0.0,1.039470380311896,1.039470380311896,1.0395419414769778,1.0504162382879947,1.0,True,0.0,0.0,0.0,sem_sobretensao,False,0.0,[0.0]
leaderless,C1,16,pv1,824,3.7500421409586897,3.7500421409586897,0.0,0.0,1.0372492372289985,1.0372492372289985,1.0395419414769778,1.0504162382879947,2.0,False,0.0,0.0,0.0,sem_sobretensao,False,0.0,[0.0]
leaderless,C1,16,pv3,828,2.50002827679058,2.50002827679058,0.0,0.0,1.037056377956071,1.037056377956071,1.0395419414769778,1.0504162382879947,3.0,False,0.0,0.0,0.0,sem_sobretensao,False,0.0,[0.0]
leaderless,C1,16,pv4,830,3.2500425487393887,3.2500425487393887,0.0,0.0,1.0323888508528658,1.0323888508528658,1.0395419414769778,1.0504162382879947,4.0,False,0.0,0.0,0.0,sem_sobretensao,False,0.0,[0.0]
leaderless,C1,16,pv5,850,2.250023159170473,2.250023159170473,0.0,0.0,1.0395419414769778,1.0395419414769778,1.0395419414769778,1.0504162382879947,5.0,False,0.0,0.0,0.0,sem_sobretensao,False,0.0,[0.0]
leaderless,C1,16,pv6,832,2.8750471329307894,2.8750471329307894,0.0,0.0,1.0244469035472585,1.0244469035472585,1.0395419414769778,1.0504162382879947,6.0,False,0.0,0.0,0.0,sem_sobretensao,False,0.0,[0.0]
leaderless,C1,17,pv2,816,-0.0,-0.0,0.0,0.0,1.0319530456641128,1.0319530456641128,1.0320537436109634,1.0501995250985579,1.0,True,0.0,,0.0,sem_sobretensao,False,,[null]
leaderless,C1,17,pv1,824,-0.0,-0.0,0.0,0.0,1.0288097422283975,1.0288097422283975,1.0320537436109634,1.0501995250985579,2.0,False,0.0,,0.0,sem_sobretensao,False,,[null]
leaderless,C1,17,pv3,828,-0.0,-0.0,0.0,0.0,1.0285410077167665,1.0285410077167665,1.0320537436109634,1.0501995250985579,3.0,False,0.0,,0.0,sem_sobretensao,False,,[null]
leaderless,C1,17,pv4,830,-0.0,-0.0,0.0,0.0,1.0220651174905708,1.0220651174905708,1.0320537436109634,1.0501995250985579,4.0,False,0.0,,0.0,sem_sobretensao,False,,[null]
leaderless,C1,17,pv5,850,-0.0,-0.0,0.0,0.0,1.0320537436109634,1.0320537436109634,1.0320537436109634,1.0501995250985579,5.0,False,0.0,,0.0,sem_sobretensao,False,,[null]
leaderless,C1,17,pv6,832,-0.0,-0.0,0.0,0.0,1.0109757984235852,1.0109757984235852,1.0320537436109634,1.0501995250985579,6.0,False,0.0,,0.0,sem_sobretensao,False,,[null]
leaderless,C1,18,pv2,816,-0.0,-0.0,0.0,0.0,1.035368449501018,1.035368449501018,1.0354558554930642,1.0503034017860868,1.0,True,0.0,,0.0,sem_sobretensao,False,,[null]
leaderless,C1,18,pv1,824,-0.0,-0.0,0.0,0.0,1.0326523500430973,1.0326523500430973,1.0354558554930642,1.0503034017860868,2.0,False,0.0,,0.0,sem_sobretensao,False,,[null]
leaderless,C1,18,pv3,828,-0.0,-0.0,0.0,0.0,1.0324195763808066,1.0324195763808066,1.0354558554930642,1.0503034017860868,3.0,False,0.0,,0.0,sem_sobretensao,False,,[null]
leaderless,C1,18,pv4,830,-0.0,-0.0,0.0,0.0,1.02681295674242,1.02681295674242,1.0354558554930642,1.0503034017860868,4.0,False,0.0,,0.0,sem_sobretensao,False,,[null]
leaderless,C1,18,pv5,850,-0.0,-0.0,0.0,0.0,1.0354558554930642,1.0354558554930642,1.0354558554930642,1.0503034017860868,5.0,False,0.0,,0.0,sem_sobretensao,False,,[null]
leaderless,C1,18,pv6,832,-0.0,-0.0,0.0,0.0,1.0172650561019754,1.0172650561019754,1.0354558554930642,1.0503034017860868,6.0,False,0.0,,0.0,sem_sobretensao,False,,[null]
leaderless,C1,19,pv2,816,-0.0,-0.0,0.0,0.0,1.0124638034940296,1.0124638034940296,1.012640339769449,1.0496066048479267,1.0,True,0.0,,0.0,sem_sobretensao,False,,[null]
leaderless,C1,19,pv1,824,-0.0,-0.0,0.0,0.0,1.0068862241138117,1.0068862241138117,1.012640339769449,1.0496066048479267,2.0,False,0.0,,0.0,sem_sobretensao,False,,[null]
leaderless,C1,19,pv3,828,-0.0,-0.0,0.0,0.0,1.0064125502225403,1.0064125502225403,1.012640339769449,1.0496066048479267,3.0,False,0.0,,0.0,sem_sobretensao,False,,[null]
leaderless,C1,19,pv4,830,-0.0,-0.0,0.0,0.0,0.9949844738133676,0.9949844738133676,1.012640339769449,1.0496066048479267,4.0,False,0.0,,0.0,sem_sobretensao,False,,[null]
leaderless,C1,19,pv5,850,-0.0,-0.0,0.0,0.0,1.012640339769449,1.012640339769449,1.012640339769449,1.0496066048479267,5.0,False,0.0,,0.0,sem_sobretensao,False,,[null]
leaderless,C1,19,pv6,832,-0.0,-0.0,0.0,0.0,0.975106227573592,0.975106227573592,1.012640339769449,1.0496066048479267,6.0,False,0.0,,0.0,sem_sobretensao,False,,[null]
leaderless,C1,20,pv2,816,-0.0,-0.0,0.0,0.0,1.0078351504741656,1.0078351504741656,1.0080296961644228,1.0494657402550032,1.0,True,0.0,,0.0,sem_sobretensao,False,,[null]
leaderless,C1,20,pv1,824,-0.0,-0.0,0.0,0.0,1.00168032528244,1.00168032528244,1.0080296961644228,1.0494657402550032,2.0,False,0.0,,0.0,sem_sobretensao,False,,[null]
leaderless,C1,20,pv3,828,-0.0,-0.0,0.0,0.0,1.001158047785484,1.001158047785484,1.0080296961644228,1.0494657402550032,3.0,False,0.0,,0.0,sem_sobretensao,False,,[null]
leaderless,C1,20,pv4,830,-0.0,-0.0,0.0,0.0,0.9885559519361026,0.9885559519361026,1.0080296961644228,1.0494657402550032,4.0,False,0.0,,0.0,sem_sobretensao,False,,[null]
leaderless,C1,20,pv5,850,-0.0,-0.0,0.0,0.0,1.0080296961644228,1.0080296961644228,1.0080296961644228,1.0494657402550032,5.0,False,0.0,,0.0,sem_sobretensao,False,,[null]
leaderless,C1,20,pv6,832,-0.0,-0.0,0.0,0.0,0.9665920784800835,0.9665920784800835,1.0080296961644228,1.0494657402550032,6.0,False,0.0,,0.0,sem_sobretensao,False,,[null]
leaderless,C1,21,pv2,816,-0.0,-0.0,0.0,0.0,1.0061895964378378,1.0061895964378378,1.0063905442901253,1.0494156571369113,1.0,True,0.0,,0.0,sem_sobretensao,False,,[null]
leaderless,C1,21,pv1,824,-0.0,-0.0,0.0,0.0,0.9998296239446813,0.9998296239446813,1.0063905442901253,1.0494156571369113,2.0,False,0.0,,0.0,sem_sobretensao,False,,[null]
leaderless,C1,21,pv3,828,-0.0,-0.0,0.0,0.0,0.9992900728255069,0.9992900728255069,1.0063905442901253,1.0494156571369113,3.0,False,0.0,,0.0,sem_sobretensao,False,,[null]
leaderless,C1,21,pv4,830,-0.0,-0.0,0.0,0.0,0.9862707730472382,0.9862707730472382,1.0063905442901253,1.0494156571369113,4.0,False,0.0,,0.0,sem_sobretensao,False,,[null]
leaderless,C1,21,pv5,850,-0.0,-0.0,0.0,0.0,1.0063905442901253,1.0063905442901253,1.0063905442901253,1.0494156571369113,5.0,False,0.0,,0.0,sem_sobretensao,False,,[null]
leaderless,C1,21,pv6,832,-0.0,-0.0,0.0,0.0,0.963565563609644,0.963565563609644,1.0063905442901253,1.0494156571369113,6.0,False,0.0,,0.0,sem_sobretensao,False,,[null]
leaderless,C1,22,pv2,816,-0.0,-0.0,0.0,0.0,1.005861808419378,1.005861808419378,1.0060640314884584,1.049405687339917,1.0,True,0.0,,0.0,sem_sobretensao,False,,[null]
leaderless,C1,22,pv1,824,-0.0,-0.0,0.0,0.0,0.9994609737243804,0.9994609737243804,1.0060640314884584,1.049405687339917,2.0,False,0.0,,0.0,sem_sobretensao,False,,[null]
leaderless,C1,22,pv3,828,-0.0,-0.0,0.0,0.0,0.998917981930852,0.998917981930852,1.0060640314884584,1.049405687339917,3.0,False,0.0,,0.0,sem_sobretensao,False,,[null]
leaderless,C1,22,pv4,830,-0.0,-0.0,0.0,0.0,0.9858155814373928,0.9858155814373928,1.0060640314884584,1.049405687339917,4.0,False,0.0,,0.0,sem_sobretensao,False,,[null]
leaderless,C1,22,pv5,850,-0.0,-0.0,0.0,0.0,1.0060640314884584,1.0060640314884584,1.0060640314884584,1.049405687339917,5.0,False,0.0,,0.0,sem_sobretensao,False,,[null]
leaderless,C1,22,pv6,832,-0.0,-0.0,0.0,0.0,0.9629627164790315,0.9629627164790315,1.0060640314884584,1.049405687339917,6.0,False,0.0,,0.0,sem_sobretensao,False,,[null]
leaderless,C1,23,pv2,816,-0.0,-0.0,0.0,0.0,1.0157857990852877,1.0157857990852877,1.0159494099998208,1.0497076999321218,1.0,True,0.0,,0.0,sem_sobretensao,False,,[null]
leaderless,C1,23,pv1,824,-0.0,-0.0,0.0,0.0,1.0106227444912799,1.0106227444912799,1.0159494099998208,1.0497076999321218,2.0,False,0.0,,0.0,sem_sobretensao,False,,[null]
leaderless,C1,23,pv3,828,-0.0,-0.0,0.0,0.0,1.010183972127752,1.010183972127752,1.0159494099998208,1.0497076999321218,3.0,False,0.0,,0.0,sem_sobretensao,False,,[null]
leaderless,C1,23,pv4,830,-0.0,-0.0,0.0,0.0,0.9995990501550605,0.9995990501550605,1.0159494099998208,1.0497076999321218,4.0,False,0.0,,0.0,sem_sobretensao,False,,[null]
leaderless,C1,23,pv5,850,-0.0,-0.0,0.0,0.0,1.0159494099998208,1.0159494099998208,1.0159494099998208,1.0497076999321218,5.0,False,0.0,,0.0,sem_sobretensao,False,,[null]
leaderless,C1,23,pv6,832,-0.0,-0.0,0.0,0.0,0.9812181271943435,0.9812181271943435,1.0159494099998208,1.0497076999321218,6.0,False,0.0,,0.0,sem_sobretensao,False,,[null]
leaderless,C2,0,pv2,816,-0.0,-0.0,0.0,0.0,1.0450262948633384,1.0450262948633384,1.0450761113146874,1.0505970659065018,1.0,True,0.0,,0.0,sem_sobretensao,False,,"[null, null]"
leaderless,C2,0,pv1,824,-0.0,-0.0,0.0,0.0,1.0435191673339033,1.0435191673339033,1.0450761113146874,1.0505970659065018,2.0,False,1.0,,0.0,sem_sobretensao,False,,"[null, null]"
leaderless,C2,0,pv3,828,-0.0,-0.0,0.0,0.0,1.0433881517951473,1.0433881517951473,1.0450761113146874,1.0505970659065018,3.0,False,1.0,,0.0,sem_sobretensao,False,,"[null, null]"
leaderless,C2,0,pv4,830,-0.0,-0.0,0.0,0.0,1.0402417834114022,1.0402417834114022,1.0450761113146874,1.0505970659065018,4.0,False,1.0,,0.0,sem_sobretensao,False,,"[null, null]"
leaderless,C2,0,pv5,850,-0.0,-0.0,0.0,0.0,1.0450761113146874,1.0450761113146874,1.0450761113146874,1.0505970659065018,5.0,False,1.0,,0.0,sem_sobretensao,False,,"[null, null]"
leaderless,C2,0,pv6,832,-0.0,-0.0,0.0,0.0,1.035054528358762,1.035054528358762,1.0450761113146874,1.0505970659065018,6.0,False,1.0,,0.0,sem_sobretensao,False,,"[null, null]"
leaderless,C2,1,pv2,816,-0.0,-0.0,0.0,0.0,1.045026590394128,1.045026590394128,1.0450764055625177,1.0505970903489996,1.0,True,0.0,,0.0,sem_sobretensao,False,,"[null, null]"
leaderless,C2,1,pv1,824,-0.0,-0.0,0.0,0.0,1.0435194971179793,1.0435194971179793,1.0450764055625177,1.0505970903489996,2.0,False,1.0,,0.0,sem_sobretensao,False,,"[null, null]"
leaderless,C2,1,pv3,828,-0.0,-0.0,0.0,0.0,1.043388484707053,1.043388484707053,1.0450764055625177,1.0505970903489996,3.0,False,1.0,,0.0,sem_sobretensao,False,,"[null, null]"
leaderless,C2,1,pv4,830,-0.0,-0.0,0.0,0.0,1.0402421909746449,1.0402421909746449,1.0450764055625177,1.0505970903489996,4.0,False,1.0,,0.0,sem_sobretensao,False,,"[null, null]"
leaderless,C2,1,pv5,850,-0.0,-0.0,0.0,0.0,1.0450764055625177,1.0450764055625177,1.0450764055625177,1.0505970903489996,5.0,False,1.0,,0.0,sem_sobretensao,False,,"[null, null]"
leaderless,C2,1,pv6,832,-0.0,-0.0,0.0,0.0,1.035055078078631,1.035055078078631,1.0450764055625177,1.0505970903489996,6.0,False,1.0,,0.0,sem_sobretensao,False,,"[null, null]"
leaderless,C2,2,pv2,816,-0.0,-0.0,0.0,0.0,1.044957170134863,1.044957170134863,1.0450072554978005,1.050594980095696,1.0,True,0.0,,0.0,sem_sobretensao,False,,"[null, null]"
leaderless,C2,2,pv1,824,-0.0,-0.0,0.0,0.0,1.0434413812534848,1.0434413812534848,1.0450072554978005,1.050594980095696,2.0,False,1.0,,0.0,sem_sobretensao,False,,"[null, null]"
leaderless,C2,2,pv3,828,-0.0,-0.0,0.0,0.0,1.0433096369965245,1.0433096369965245,1.0450072554978005,1.050594980095696,3.0,False,1.0,,0.0,sem_sobretensao,False,,"[null, null]"
leaderless,C2,2,pv4,830,-0.0,-0.0,0.0,0.0,1.0401456464219776,1.0401456464219776,1.0450072554978005,1.050594980095696,4.0,False,1.0,,0.0,sem_sobretensao,False,,"[null, null]"
leaderless,C2,2,pv5,850,-0.0,-0.0,0.0,0.0,1.0450072554978005,1.0450072554978005,1.0450072554978005,1.050594980095696,5.0,False,1.0,,0.0,sem_sobretensao,False,,"[null, null]"
leaderless,C2,2,pv6,832,-0.0,-0.0,0.0,0.0,1.0349271785104097,1.0349271785104097,1.0450072554978005,1.050594980095696,6.0,False,1.0,,0.0,sem_sobretensao,False,,"[null, null]"
leaderless,C2,3,pv2,816,-0.0,-0.0,0.0,0.0,1.0449571021647743,1.0449571021647743,1.045007187805771,1.0505949776249721,1.0,True,0.0,,0.0,sem_sobretensao,False,,"[null, null]"
leaderless,C2,3,pv1,824,-0.0,-0.0,0.0,0.0,1.0434413052741978,1.0434413052741978,1.045007187805771,1.0505949776249721,2.0,False,1.0,,0.0,sem_sobretensao,False,,"[null, null]"
leaderless,C2,3,pv3,828,-0.0,-0.0,0.0,0.0,1.0433095603397917,1.0433095603397917,1.045007187805771,1.0505949776249721,3.0,False,1.0,,0.0,sem_sobretensao,False,,"[null, null]"
leaderless,C2,3,pv4,830,-0.0,-0.0,0.0,0.0,1.04014555352833,1.04014555352833,1.045007187805771,1.0505949776249721,4.0,False,1.0,,0.0,sem_sobretensao,False,,"[null, null]"
leaderless,C2,3,pv5,850,-0.0,-0.0,0.0,0.0,1.045007187805771,1.045007187805771,1.045007187805771,1.0505949776249721,5.0,False,1.0,,0.0,sem_sobretensao,False,,"[null, null]"
leaderless,C2,3,pv6,832,-0.0,-0.0,0.0,0.0,1.034927055347267,1.034927055347267,1.045007187805771,1.0505949776249721,6.0,False,1.0,,0.0,sem_sobretensao,False,,"[null, null]"
leaderless,C2,4,pv2,816,-0.0,-0.0,0.0,0.0,1.0450265231229214,1.0450265231229214,1.0450763385661972,1.0505970879234297,1.0,True,0.0,,0.0,sem_sobretensao,False,,"[null, null]"
leaderless,C2,4,pv1,824,-0.0,-0.0,0.0,0.0,1.0435194219130088,1.0435194219130088,1.0450763385661972,1.0505970879234297,2.0,False,1.0,,0.0,sem_sobretensao,False,,"[null, null]"
leaderless,C2,4,pv3,828,-0.0,-0.0,0.0,0.0,1.043388408831456,1.043388408831456,1.0450763385661972,1.0505970879234297,3.0,False,1.0,,0.0,sem_sobretensao,False,,"[null, null]"
leaderless,C2,4,pv4,830,-0.0,-0.0,0.0,0.0,1.040242099025251,1.040242099025251,1.0450763385661972,1.0505970879234297,4.0,False,1.0,,0.0,sem_sobretensao,False,,"[null, null]"
leaderless,C2,4,pv5,850,-0.0,-0.0,0.0,0.0,1.0450763385661972,1.0450763385661972,1.0450763385661972,1.0505970879234297,5.0,False,1.0,,0.0,sem_sobretensao,False,,"[null, null]"
leaderless,C2,4,pv6,832,-0.0,-0.0,0.0,0.0,1.035054956170033,1.035054956170033,1.0450763385661972,1.0505970879234297,6.0,False,1.0,,0.0,sem_sobretensao,False,,"[null, null]"
leaderless,C2,5,pv2,816,-0.0,-0.0,0.0,0.0,1.046437942275659,1.046437942275659,1.0464804756969754,1.0506393917986803,1.0,True,0.0,,0.0,sem_sobretensao,False,,"[null, null]"
leaderless,C2,5,pv1,824,-0.0,-0.0,0.0,0.0,1.0450850714048536,1.0450850714048536,1.0464804756969754,1.0506393917986803,2.0,False,1.0,,0.0,sem_sobretensao,False,,"[null, null]"
leaderless,C2,5,pv3,828,-0.0,-0.0,0.0,0.0,1.044968726726859,1.044968726726859,1.0464804756969754,1.0506393917986803,3.0,False,1.0,,0.0,sem_sobretensao,False,,"[null, null]"
leaderless,C2,5,pv4,830,-0.0,-0.0,0.0,0.0,1.0421771197491476,1.0421771197491476,1.0464804756969754,1.0506393917986803,4.0,False,1.0,,0.0,sem_sobretensao,False,,"[null, null]"
leaderless,C2,5,pv5,850,-0.0,-0.0,0.0,0.0,1.0464804756969754,1.0464804756969754,1.0464804756969754,1.0506393917986803,5.0,False,1.0,,0.0,sem_sobretensao,False,,"[null, null]"
leaderless,C2,5,pv6,832,-0.0,-0.0,0.0,0.0,1.0376184354041749,1.0376184354041749,1.0464804756969754,1.0506393917986803,6.0,False,1.0,,0.0,sem_sobretensao,False,,"[null, null]"
leaderless,C2,6,pv2,816,15.625241782068512,15.625241782068512,0.0,0.0,1.04834074378191,1.04834074378191,1.048378245454802,1.0506384889471005,1.0,True,0.0,0.0,0.0,sem_sobretensao,False,0.0,"[0.0, 0.0]"
leaderless,C2,6,pv1,824,18.7503236717592,18.7503236717592,0.0,0.0,1.047157904836951,1.047157904836951,1.048378245454802,1.0506384889471005,2.0,False,1.0,0.0,0.0,sem_sobretensao,False,0.0,"[0.0, 0.0]"
leaderless,C2,6,pv3,828,12.50021771214404,12.50021771214404,0.0,0.0,1.047045538729875,1.047045538729875,1.048378245454802,1.0506384889471005,3.0,False,1.0,0.0,0.0,sem_sobretensao,False,0.0,"[0.0, 0.0]"
leaderless,C2,6,pv4,830,16.250349249231206,16.250349249231206,0.0,0.0,1.044222209515069,1.044222209515069,1.048378245454802,1.0506384889471005,4.0,False,1.0,0.0,0.0,sem_sobretensao,False,0.0,"[0.0, 0.0]"
leaderless,C2,6,pv5,850,11.250173385025839,11.250173385025839,0.0,0.0,1.048378245454802,1.048378245454802,1.048378245454802,1.0506384889471005,5.0,False,1.0,0.0,0.0,sem_sobretensao,False,0.0,"[0.0, 0.0]"
leaderless,C2,6,pv6,832,14.375428037447021,14.375428037447021,0.0,0.0,1.039316562019864,1.039316562019864,1.048378245454802,1.0506384889471005,6.0,False,1.0,0.0,0.0,sem_sobretensao,False,0.0,"[0.0, 0.0]"
leaderless,C2,7,pv2,816,46.87517293313687,-0.0,46.87517293313687,1.0,1.0562538666391135,1.0504662247813905,1.0504960055277088,1.0507974619454474,1.0,True,0.0,1.0,117.0,convergiu,False,0.18418418448213963,"[0.0, 0.002082]"
leaderless,C2,7,pv1,824,56.250221496230566,27.85088868374205,28.399332812488517,0.5048749967759828,1.0558852978158422,1.0496138896310083,1.0504960055277088,1.0507974619454474,2.0,False,1.0,0.5048750397256944,117.0,convergiu,False,0.18418418448213963,"[0.0, 0.002082]"
leaderless,C2,7,pv3,828,37.500148594787916,18.625419953528798,18.874728641259118,0.5033240592468524,1.0558243986090114,1.0495251798515226,1.0504960055277088,1.0507974619454474,3.0,False,1.0,0.5033241026645554,117.0,convergiu,False,0.18418418448213963,"[0.0, 0.002082]"
leaderless,C2,7,pv4,830,48.75022589866943,24.137453219411988,24.61277267925744,0.5048749967354631,1.053993713057545,1.0472117557202458,1.0504960055277088,1.0507974619454474,4.0,False,1.0,0.5048750487929372,117.0,convergiu,False,0.18418418448213963,"[0.0, 0.002082]"
leaderless,C2,7,pv5,850,33.750124023076154,16.556116426053414,17.19400759702274,0.5094501661128743,1.0562616463457974,1.0504960055277088,1.0504960055277088,1.0507974619454474,5.0,False,1.0,0.5094502048427019,117.0,convergiu,False,0.18418418448213963,"[0.0, 0.002082]"
leaderless,C2,7,pv6,832,43.12526281682057,21.281581403432874,21.8436814133877,0.5065169919728386,1.0502737503980755,1.0430691064004822,1.0504960055277088,1.0507974619454474,6.0,False,1.0,0.5065170618477435,117.0,convergiu,False,0.18418418448213963,"[0.0, 0.002082]"
leaderless,C2,8,pv2,816,85.41699346518497,11.751629891821235,73.66536357336373,0.8624204417304837,1.0600225746944925,1.0504569544683224,1.0504876738227595,1.0507771299264557,1.0,True,0.0,0.8624204691000852,69.0,convergiu,False,0.14309856315182,"[0.0, 0.002161]"
leaderless,C2,8,pv1,824,102.50041941949499,53.55456379802652,48.94585562146847,0.47751847636066785,1.05991135603831,1.0495245636584272,1.0504876738227595,1.0507771299264557,2.0,False,1.0,0.47751858869134783,69.0,convergiu,False,0.14309856315182,"[0.0, 0.002161]"
leaderless,C2,8,pv3,828,68.33361387716843,35.81607864422037,32.51753523294806,0.4758643019617121,1.059851171907038,1.0494172950550642,1.0504876738227595,1.0507771299264557,3.0,False,1.0,0.47586441559199893,69.0,convergiu,False,0.14309856315182,"[0.0, 0.002161]"
leaderless,C2,8,pv4,830,88.83371535408527,46.41398285378035,42.419732500304924,0.47751824613669835,1.0577281129848177,1.0464795192831748,1.0504876738227595,1.0507771299264557,4.0,False,1.0,0.47751838737378816,69.0,convergiu,False,0.14309856315182,"[0.0, 0.002161]"
leaderless,C2,8,pv5,850,61.50023438782593,31.843463093137323,29.656771294688603,0.4822219830686789,1.0600169232689318,1.0504876738227595,1.0504876738227595,1.0507771299264557,5.0,False,1.0,0.48222208565369645,69.0,convergiu,False,0.14309856315182,"[0.0, 0.002161]"
leaderless,C2,8,pv6,832,78.58367639025138,40.919097638330136,37.66457875192125,0.47929244787162334,1.0527861113830628,1.0408325572884956,1.0504876738227595,1.0507771299264557,6.0,False,1.0,0.47929265315708347,69.0,convergiu,False,0.14309856315182,"[0.0, 0.002161]"
leaderless,C2,9,pv2,816,109.37601591009279,15.094524721124621,94.28149118896818,0.8619941663599862,1.063456019626663,1.0504577470388838,1.0504887604295927,1.0507701736148876,1.0,True,0.0,0.8619941986775937,57.0,convergiu,False,0.1251503422412832,"[0.0, 0.002111]"
leaderless,C2,9,pv1,824,131.25131436260224,62.29974626809453,68.9515680945077,0.5253399002677549,1.0636449960580736,1.04950226358697,1.0504887604295927,1.0507701736148876,2.0,False,1.0,0.5253400198646258,57.0,convergiu,False,0.1251503422412832,"[0.0, 0.002111]"
leaderless,C2,9,pv3,828,87.50087951917128,41.67651950699725,45.824360012174026,0.5237015864397162,1.0635972191368084,1.0493890281082794,1.0504887604295927,1.0507701736148876,3.0,False,1.0,0.5237017075026542,57.0,convergiu,False,0.1251503422412832,"[0.0, 0.002111]"
leaderless,C2,9,pv4,830,113.75120565646513,53.99334386137979,59.75786179508534,0.5253381186129167,1.0615841127980143,1.0462471056883718,1.0504887604295927,1.0507701736148876,4.0,False,1.0,0.5253382718030907,57.0,convergiu,False,0.1251503422412832,"[0.0, 0.002111]"
leaderless,C2,9,pv5,850,78.7507286146371,37.014740823107275,41.73598779152982,0.529975784267642,1.0634376971219697,1.0504887604295927,1.0504887604295927,1.0507701736148876,5.0,False,1.0,0.5299758938836346,57.0,convergiu,False,0.1251503422412832,"[0.0, 0.002111]"
leaderless,C2,9,pv6,832,100.6260843886754,47.621687946479234,53.00439644219616,0.5267458586291367,1.0564042143708476,1.0401028333406834,1.0504887604295927,1.0507701736148876,6.0,False,1.0,0.526746089388343,57.0,convergiu,False,0.1251503422412832,"[0.0, 0.002111]"
leaderless,C2,10,pv2,816,122.91832914626225,19.740236687626854,103.1780924586354,0.8394035982029158,1.0647988602980374,1.0504570023234896,1.050488284855326,1.0507624293396889,1.0,True,0.0,0.8394036363434646,52.0,convergiu,False,0.11847206299999943,"[0.0, 0.002058]"
leaderless,C2,10,pv1,824,147.50216236136816,70.69074394689201,76.81141841447615,0.5207476229797248,1.0650831571021193,1.049472559699863,1.050488284855326,1.0507624293396889,2.0,False,1.0,0.5207477448791191,52.0,convergiu,False,0.11847206299999943,"[0.0, 0.002058]"
leaderless,C2,10,pv3,828,98.33478056309286,47.28513882723703,51.049641735855836,0.5191411350538154,1.0650361304993945,1.0493530253571588,1.050488284855326,1.0507624293396889,3.0,False,1.0,0.5191412585001065,52.0,convergiu,False,0.11847206299999943,"[0.0, 0.002058]"
leaderless,C2,10,pv4,830,127.83531896392353,61.26580546271461,66.56951350120892,0.52074413878441,1.0629336404389496,1.0460014898101726,1.050488284855326,1.0507624293396889,4.0,False,1.0,0.5207442985298573,52.0,convergiu,False,0.11847206299999943,"[0.0, 0.002058]"
leaderless,C2,10,pv5,850,88.50119233510549,42.01229199478513,46.488900340320356,0.5252911195590263,1.0647756867030862,1.050488284855326,1.050488284855326,1.0507624293396889,5.0,False,1.0,0.525291231832136,52.0,convergiu,False,0.11847206299999943,"[0.0, 0.002058]"
leaderless,C2,10,pv6,832,113.08510372160757,54.07459447476474,59.01050924684283,0.5218236439600222,1.0573507871224406,1.0393556568740336,1.050488284855326,1.0507624293396889,6.0,False,1.0,0.521823894614048,52.0,convergiu,False,0.11847206299999943,"[0.0, 0.002058]"
leaderless,C2,11,pv2,816,125.00095292362363,38.13638859107577,86.86456433254786,0.6949111711331457,1.0612357650403794,1.0504486691131263,1.0504806666125128,1.0507356544711024,1.0,True,0.0,0.6949112170818622,51.0,convergiu,False,0.12123763502499608,"[0.0, 0.002102]"
leaderless,C2,11,pv1,824,150.00122938952586,94.68647032340282,55.314759066123045,0.3687619385513483,1.0610597690848897,1.0493575213671833,1.0504806666125128,1.0507356544711024,2.0,False,1.0,0.36876203809290586,51.0,convergiu,False,0.12123763502499608,"[0.0, 0.002102]"
leaderless,C2,11,pv3,828,100.00082190057975,63.288553045917524,36.71226885466223,0.36711957015156776,1.060972589512743,1.0492179587403723,1.0504806666125128,1.0507356544711024,3.0,False,1.0,0.3671196711879164,51.0,convergiu,False,0.12123763502499608,"[0.0, 0.002102]"
leaderless,C2,11,pv4,830,130.00109041304611,82.06180535193776,47.93928506110835,0.36876049114002313,1.057877944954326,1.0452185586777174,1.0504806666125128,1.0507356544711024,4.0,False,1.0,0.3687606381515201,51.0,convergiu,False,0.12123763502499608,"[0.0, 0.002102]"
leaderless,C2,11,pv5,850,90.00068342815023,56.39726600195918,33.603417426191044,0.3733683755381329,1.0612265450395124,1.0504806666125128,1.0504806666125128,1.0507356544711024,5.0,False,1.0,0.37336846950742864,51.0,convergiu,False,0.12123763502499608,"[0.0, 0.002102]"
leaderless,C2,11,pv6,832,115.00089561431905,72.43039557047106,42.570500043847986,0.3701751042152548,1.0504893345040978,1.0370521095473593,1.0504806666125128,1.0507356544711024,6.0,False,1.0,0.370175378343292,51.0,convergiu,False,0.12123763502499608,"[0.0, 0.002102]"
leaderless,C2,12,pv2,816,114.58396284923404,44.82702785988711,69.75693498934693,0.6087844031626111,1.0584759920378917,1.05045243442425,1.050484444766163,1.0507328039009871,1.0,True,0.0,0.608784451635094,53.0,convergiu,False,0.11894483882758046,"[0.0, 0.002175]"
leaderless,C2,12,pv1,824,137.50080462156455,97.80260238457149,39.69820223699307,0.2887124166191656,1.0580094956553563,1.0493283648317344,1.050484444766163,1.0507328039009871,2.0,False,1.0,0.2887125086013287,53.0,convergiu,False,0.11894483882758046,"[0.0, 0.002175]"
leaderless,C2,12,pv3,828,91.66720501089041,65.35637940193833,26.310825608952086,0.287025409355408,1.0579033650014054,1.0491845949714766,1.050484444766163,1.0507328039009871,3.0,False,1.0,0.2870255028046973,53.0,convergiu,False,0.11894483882758046,"[0.0, 0.002175]"
leaderless,C2,12,pv4,830,119.16741112710645,84.76234570225614,34.40506542485031,0.2887118911258972,1.0544313877405351,1.045062300188809,1.050484444766163,1.0507328039009871,4.0,False,1.0,0.2887120320852917,53.0,convergiu,False,0.11894483882758046,"[0.0, 0.002175]"
leaderless,C2,12,pv5,850,82.50045147199248,58.29143966401439,24.209011807978086,0.29344087438197075,1.0584772287718878,1.050484444766163,1.050484444766163,1.0507328039009871,5.0,False,1.0,0.293440961546697,53.0,convergiu,False,0.11894483882758046,"[0.0, 0.002175]"
leaderless,C2,12,pv6,832,105.41737084397752,74.79984140987462,30.617529434102906,0.2904407530397731,1.0465580321229122,1.036629652603502,1.050484444766163,1.0507328039009871,6.0,False,1.0,0.29044102683435574,53.0,convergiu,False,0.11894483882758046,"[0.0, 0.002175]"
leaderless,C2,13,pv2,816,91.66697903854072,45.490256828920266,46.17672220962045,0.5037442834465722,1.0551908285939604,1.0504683225227565,1.0504998956697016,1.050746659532213,1.0,True,0.0,0.503744343862426,58.0,convergiu,False,0.11342730332540074,"[0.0, 0.002257]"
leaderless,C2,13,pv1,824,110.00039698784235,88.17481262752645,21.8255843603159,0.19841358353434219,1.0544374783782489,1.0493514068409322,1.0504998956697016,1.050746659532213,2.0,False,1.0,0.19841368720449387,58.0,convergiu,False,0.11342730332540074,"[0.0, 0.002257]"
leaderless,C2,13,pv3,828,73.333599398863,58.90999706211738,14.423602336745624,0.19668466764627968,1.0543195745486686,1.0492126707931022,1.0504998956697016,1.050746659532213,3.0,False,1.0,0.1966847728051005,58.0,convergiu,False,0.11342730332540074,"[0.0, 0.002257]"
leaderless,C2,13,pv4,830,95.3337276439776,76.41821406520347,18.915513578774124,0.19841350735738575,1.0507455006162318,1.0452779564864043,1.0504998956697016,1.050746659532213,4.0,False,1.0,0.1984136574352136,58.0,convergiu,False,0.11342730332540074,"[0.0, 0.002257]"
leaderless,C2,13,pv5,850,66.00022401754185,52.58235587943628,13.417868138105575,0.2033002457695887,1.0552041855852818,1.0504998956697016,1.0504998956697016,1.050746659532213,5.0,False,1.0,0.203300342352464,58.0,convergiu,False,0.11342730332540074,"[0.0, 0.002257]"
leaderless,C2,13,pv6,832,84.33377478643825,67.4355310368924,16.898243749545856,0.20037311262776897,1.043106553019344,1.0373274033586453,1.0504998956697016,1.050746659532213,6.0,False,1.0,0.20037338293391876,58.0,convergiu,False,0.11342730332540074,"[0.0, 0.002257]"
leaderless,C2,14,pv2,816,62.50019715704535,38.03400790686396,24.466189250181387,0.3914577217634052,1.0526136234762742,1.0504632803442955,1.050494120504992,1.0507643828647444,1.0,True,0.0,0.39145779314431217,67.0,convergiu,False,0.10123437682137312,"[0.0, 0.002178]"
leaderless,C2,14,pv1,824,75.00025314872003,66.08438204486954,8.915871103850492,0.11887776814867844,1.0516996390678772,1.0493993378959212,1.050494120504992,1.0507643828647444,2.0,False,1.0,0.1188778801342306,67.0,convergiu,False,0.10123437682137312,"[0.0, 0.002178]"
leaderless,C2,14,pv3,828,50.000169876114576,44.13865661545406,5.861513260660516,0.11722975361660953,1.0515841357120397,1.0492752269170773,1.050494120504992,1.0507643828647444,3.0,False,1.0,0.11722986692212421,67.0,convergiu,False,0.10123437682137312,"[0.0, 0.002178]"
leaderless,C2,14,pv4,830,65.00026155862571,57.27316597559222,7.727095583033488,0.11887776734215161,1.048303568600764,1.0458450734167632,1.050494120504992,1.0507643828647444,4.0,False,1.0,0.11887791522291316,67.0,convergiu,False,0.10123437682137312,"[0.0, 0.002178]"
leaderless,C2,14,pv5,850,45.00014138927449,39.437508417678956,5.562632971595534,0.12361357526488917,1.0526360961099346,1.050494120504992,1.050494120504992,1.0507643828647444,5.0,False,1.0,0.1236136776432741,67.0,convergiu,False,0.10123437682137312,"[0.0, 0.002178]"
leaderless,C2,14,pv6,832,57.50031211035718,50.5571483648552,6.943163745501977,0.12074978649441795,1.0417206389539928,1.0391316257792678,1.050494120504992,1.0507643828647444,6.0,False,1.0,0.12075001840296702,67.0,convergiu,False,0.10123437682137312,"[0.0, 0.002178]"
leaderless,C2,15,pv2,816,28.124947528448686,28.124947528448686,0.0,0.0,1.0386370242924907,1.0386370242924907,1.0387127583974214,1.0502955100238067,1.0,True,0.0,0.0,0.0,sem_sobretensao,False,0.0,"[0.0, 0.0]"
leaderless,C2,15,pv1,824,33.749932333785495,33.749932333785495,0.0,0.0,1.0361657627157672,1.0361657627157672,1.0387127583974214,1.0502955100238067,2.0,False,1.0,0.0,0.0,sem_sobretensao,False,0.0,"[0.0, 0.0]"
leaderless,C2,15,pv3,828,22.49995461770048,22.49995461770048,0.0,0.0,1.0359378483627493,1.0359378483627493,1.0387127583974214,1.0502955100238067,3.0,False,1.0,0.0,0.0,sem_sobretensao,False,0.0,"[0.0, 0.0]"
leaderless,C2,15,pv4,830,29.24993201128904,29.24993201128904,0.0,0.0,1.0302157542390857,1.0302157542390857,1.0387127583974214,1.0502955100238067,4.0,False,1.0,0.0,0.0,sem_sobretensao,False,0.0,"[0.0, 0.0]"
leaderless,C2,15,pv5,850,20.249962372844617,20.249962372844617,0.0,0.0,1.0387127583974214,1.0387127583974214,1.0387127583974214,1.0502955100238067,5.0,False,1.0,0.0,0.0,sem_sobretensao,False,0.0,"[0.0, 0.0]"
leaderless,C2,15,pv6,832,25.874924087554867,25.874924087554867,0.0,0.0,1.0199321299030688,1.0199321299030688,1.0387127583974214,1.0502955100238067,6.0,False,1.0,0.0,0.0,sem_sobretensao,False,0.0,"[0.0, 0.0]"
leaderless,C2,16,pv2,816,3.1250322945906253,3.1250322945906253,0.0,0.0,1.0394703803119096,1.0394703803119096,1.0395419414769913,1.050416238287996,1.0,True,0.0,0.0,0.0,sem_sobretensao,False,0.0,"[0.0, 0.0]"
leaderless,C2,16,pv1,824,3.750042140951402,3.750042140951402,0.0,0.0,1.0372492372290136,1.0372492372290136,1.0395419414769913,1.050416238287996,2.0,False,1.0,0.0,0.0,sem_sobretensao,False,0.0,"[0.0, 0.0]"
leaderless,C2,16,pv3,828,2.5000282767856903,2.5000282767856903,0.0,0.0,1.037056377956086,1.037056377956086,1.0395419414769913,1.050416238287996,3.0,False,1.0,0.0,0.0,sem_sobretensao,False,0.0,"[0.0, 0.0]"
leaderless,C2,16,pv4,830,3.250042548732038,3.250042548732038,0.0,0.0,1.0323888508528836,1.0323888508528836,1.0395419414769913,1.050416238287996,4.0,False,1.0,0.0,0.0,sem_sobretensao,False,0.0,"[0.0, 0.0]"
leaderless,C2,16,pv5,850,2.2500231591664694,2.2500231591664694,0.0,0.0,1.0395419414769913,1.0395419414769913,1.0395419414769913,1.050416238287996,5.0,False,1.0,0.0,0.0,sem_sobretensao,False,0.0,"[0.0, 0.0]"
leaderless,C2,16,pv6,832,2.875047132922662,2.875047132922662,0.0,0.0,1.0244469035472823,1.0244469035472823,1.0395419414769913,1.050416238287996,6.0,False,1.0,0.0,0.0,sem_sobretensao,False,0.0,"[0.0, 0.0]"
leaderless,C2,17,pv2,816,-0.0,-0.0,0.0,0.0,1.0319530456641128,1.0319530456641128,1.0320537436109634,1.0501995250985579,1.0,True,0.0,,0.0,sem_sobretensao,False,,"[null, null]"
leaderless,C2,17,pv1,824,-0.0,-0.0,0.0,0.0,1.0288097422283975,1.0288097422283975,1.0320537436109634,1.0501995250985579,2.0,False,1.0,,0.0,sem_sobretensao,False,,"[null, null]"
leaderless,C2,17,pv3,828,-0.0,-0.0,0.0,0.0,1.0285410077167665,1.0285410077167665,1.0320537436109634,1.0501995250985579,3.0,False,1.0,,0.0,sem_sobretensao,False,,"[null, null]"
leaderless,C2,17,pv4,830,-0.0,-0.0,0.0,0.0,1.0220651174905708,1.0220651174905708,1.0320537436109634,1.0501995250985579,4.0,False,1.0,,0.0,sem_sobretensao,False,,"[null, null]"
leaderless,C2,17,pv5,850,-0.0,-0.0,0.0,0.0,1.0320537436109634,1.0320537436109634,1.0320537436109634,1.0501995250985579,5.0,False,1.0,,0.0,sem_sobretensao,False,,"[null, null]"
leaderless,C2,17,pv6,832,-0.0,-0.0,0.0,0.0,1.0109757984235852,1.0109757984235852,1.0320537436109634,1.0501995250985579,6.0,False,1.0,,0.0,sem_sobretensao,False,,"[null, null]"
leaderless,C2,18,pv2,816,-0.0,-0.0,0.0,0.0,1.035368449501018,1.035368449501018,1.0354558554930642,1.0503034017860868,1.0,True,0.0,,0.0,sem_sobretensao,False,,"[null, null]"
leaderless,C2,18,pv1,824,-0.0,-0.0,0.0,0.0,1.0326523500430973,1.0326523500430973,1.0354558554930642,1.0503034017860868,2.0,False,1.0,,0.0,sem_sobretensao,False,,"[null, null]"
leaderless,C2,18,pv3,828,-0.0,-0.0,0.0,0.0,1.0324195763808066,1.0324195763808066,1.0354558554930642,1.0503034017860868,3.0,False,1.0,,0.0,sem_sobretensao,False,,"[null, null]"
leaderless,C2,18,pv4,830,-0.0,-0.0,0.0,0.0,1.02681295674242,1.02681295674242,1.0354558554930642,1.0503034017860868,4.0,False,1.0,,0.0,sem_sobretensao,False,,"[null, null]"
leaderless,C2,18,pv5,850,-0.0,-0.0,0.0,0.0,1.0354558554930642,1.0354558554930642,1.0354558554930642,1.0503034017860868,5.0,False,1.0,,0.0,sem_sobretensao,False,,"[null, null]"
leaderless,C2,18,pv6,832,-0.0,-0.0,0.0,0.0,1.0172650561019754,1.0172650561019754,1.0354558554930642,1.0503034017860868,6.0,False,1.0,,0.0,sem_sobretensao,False,,"[null, null]"
leaderless,C2,19,pv2,816,-0.0,-0.0,0.0,0.0,1.0124638034940296,1.0124638034940296,1.012640339769449,1.0496066048479267,1.0,True,0.0,,0.0,sem_sobretensao,False,,"[null, null]"
leaderless,C2,19,pv1,824,-0.0,-0.0,0.0,0.0,1.0068862241138117,1.0068862241138117,1.012640339769449,1.0496066048479267,2.0,False,1.0,,0.0,sem_sobretensao,False,,"[null, null]"
leaderless,C2,19,pv3,828,-0.0,-0.0,0.0,0.0,1.0064125502225403,1.0064125502225403,1.012640339769449,1.0496066048479267,3.0,False,1.0,,0.0,sem_sobretensao,False,,"[null, null]"
leaderless,C2,19,pv4,830,-0.0,-0.0,0.0,0.0,0.9949844738133676,0.9949844738133676,1.012640339769449,1.0496066048479267,4.0,False,1.0,,0.0,sem_sobretensao,False,,"[null, null]"
leaderless,C2,19,pv5,850,-0.0,-0.0,0.0,0.0,1.012640339769449,1.012640339769449,1.012640339769449,1.0496066048479267,5.0,False,1.0,,0.0,sem_sobretensao,False,,"[null, null]"
leaderless,C2,19,pv6,832,-0.0,-0.0,0.0,0.0,0.975106227573592,0.975106227573592,1.012640339769449,1.0496066048479267,6.0,False,1.0,,0.0,sem_sobretensao,False,,"[null, null]"
leaderless,C2,20,pv2,816,-0.0,-0.0,0.0,0.0,1.0078351504741656,1.0078351504741656,1.0080296961644228,1.0494657402550032,1.0,True,0.0,,0.0,sem_sobretensao,False,,"[null, null]"
leaderless,C2,20,pv1,824,-0.0,-0.0,0.0,0.0,1.00168032528244,1.00168032528244,1.0080296961644228,1.0494657402550032,2.0,False,1.0,,0.0,sem_sobretensao,False,,"[null, null]"
leaderless,C2,20,pv3,828,-0.0,-0.0,0.0,0.0,1.001158047785484,1.001158047785484,1.0080296961644228,1.0494657402550032,3.0,False,1.0,,0.0,sem_sobretensao,False,,"[null, null]"
leaderless,C2,20,pv4,830,-0.0,-0.0,0.0,0.0,0.9885559519361026,0.9885559519361026,1.0080296961644228,1.0494657402550032,4.0,False,1.0,,0.0,sem_sobretensao,False,,"[null, null]"
leaderless,C2,20,pv5,850,-0.0,-0.0,0.0,0.0,1.0080296961644228,1.0080296961644228,1.0080296961644228,1.0494657402550032,5.0,False,1.0,,0.0,sem_sobretensao,False,,"[null, null]"
leaderless,C2,20,pv6,832,-0.0,-0.0,0.0,0.0,0.9665920784800835,0.9665920784800835,1.0080296961644228,1.0494657402550032,6.0,False,1.0,,0.0,sem_sobretensao,False,,"[null, null]"
leaderless,C2,21,pv2,816,-0.0,-0.0,0.0,0.0,1.0061895964378378,1.0061895964378378,1.0063905442901253,1.0494156571369113,1.0,True,0.0,,0.0,sem_sobretensao,False,,"[null, null]"
leaderless,C2,21,pv1,824,-0.0,-0.0,0.0,0.0,0.9998296239446813,0.9998296239446813,1.0063905442901253,1.0494156571369113,2.0,False,1.0,,0.0,sem_sobretensao,False,,"[null, null]"
leaderless,C2,21,pv3,828,-0.0,-0.0,0.0,0.0,0.9992900728255069,0.9992900728255069,1.0063905442901253,1.0494156571369113,3.0,False,1.0,,0.0,sem_sobretensao,False,,"[null, null]"
leaderless,C2,21,pv4,830,-0.0,-0.0,0.0,0.0,0.9862707730472382,0.9862707730472382,1.0063905442901253,1.0494156571369113,4.0,False,1.0,,0.0,sem_sobretensao,False,,"[null, null]"
leaderless,C2,21,pv5,850,-0.0,-0.0,0.0,0.0,1.0063905442901253,1.0063905442901253,1.0063905442901253,1.0494156571369113,5.0,False,1.0,,0.0,sem_sobretensao,False,,"[null, null]"
leaderless,C2,21,pv6,832,-0.0,-0.0,0.0,0.0,0.963565563609644,0.963565563609644,1.0063905442901253,1.0494156571369113,6.0,False,1.0,,0.0,sem_sobretensao,False,,"[null, null]"
leaderless,C2,22,pv2,816,-0.0,-0.0,0.0,0.0,1.005861808419378,1.005861808419378,1.0060640314884584,1.049405687339917,1.0,True,0.0,,0.0,sem_sobretensao,False,,"[null, null]"
leaderless,C2,22,pv1,824,-0.0,-0.0,0.0,0.0,0.9994609737243804,0.9994609737243804,1.0060640314884584,1.049405687339917,2.0,False,1.0,,0.0,sem_sobretensao,False,,"[null, null]"
leaderless,C2,22,pv3,828,-0.0,-0.0,0.0,0.0,0.998917981930852,0.998917981930852,1.0060640314884584,1.049405687339917,3.0,False,1.0,,0.0,sem_sobretensao,False,,"[null, null]"
leaderless,C2,22,pv4,830,-0.0,-0.0,0.0,0.0,0.9858155814373928,0.9858155814373928,1.0060640314884584,1.049405687339917,4.0,False,1.0,,0.0,sem_sobretensao,False,,"[null, null]"
leaderless,C2,22,pv5,850,-0.0,-0.0,0.0,0.0,1.0060640314884584,1.0060640314884584,1.0060640314884584,1.049405687339917,5.0,False,1.0,,0.0,sem_sobretensao,False,,"[null, null]"
leaderless,C2,22,pv6,832,-0.0,-0.0,0.0,0.0,0.9629627164790315,0.9629627164790315,1.0060640314884584,1.049405687339917,6.0,False,1.0,,0.0,sem_sobretensao,False,,"[null, null]"
leaderless,C2,23,pv2,816,-0.0,-0.0,0.0,0.0,1.0157857990852877,1.0157857990852877,1.0159494099998208,1.0497076999321218,1.0,True,0.0,,0.0,sem_sobretensao,False,,"[null, null]"
leaderless,C2,23,pv1,824,-0.0,-0.0,0.0,0.0,1.0106227444912799,1.0106227444912799,1.0159494099998208,1.0497076999321218,2.0,False,1.0,,0.0,sem_sobretensao,False,,"[null, null]"
leaderless,C2,23,pv3,828,-0.0,-0.0,0.0,0.0,1.010183972127752,1.010183972127752,1.0159494099998208,1.0497076999321218,3.0,False,1.0,,0.0,sem_sobretensao,False,,"[null, null]"
leaderless,C2,23,pv4,830,-0.0,-0.0,0.0,0.0,0.9995990501550605,0.9995990501550605,1.0159494099998208,1.0497076999321218,4.0,False,1.0,,0.0,sem_sobretensao,False,,"[null, null]"
leaderless,C2,23,pv5,850,-0.0,-0.0,0.0,0.0,1.0159494099998208,1.0159494099998208,1.0159494099998208,1.0497076999321218,5.0,False,1.0,,0.0,sem_sobretensao,False,,"[null, null]"
leaderless,C2,23,pv6,832,-0.0,-0.0,0.0,0.0,0.9812181271943435,0.9812181271943435,1.0159494099998208,1.0497076999321218,6.0,False,1.0,,0.0,sem_sobretensao,False,,"[null, null]"
leaderless,C3_lider_curta,0,pv2,816,-0.0,-0.0,0.0,0.0,1.0450262948633384,1.0450262948633384,1.0450761113146874,1.0505970659065018,1.0,True,0.0,,0.0,sem_sobretensao,False,,[null]
leaderless,C3_lider_curta,0,pv1,824,-0.0,-0.0,0.0,0.0,1.0435191673339033,1.0435191673339033,1.0450761113146874,1.0505970659065018,2.0,False,0.0,,0.0,sem_sobretensao,False,,[null]
leaderless,C3_lider_curta,0,pv3,828,-0.0,-0.0,0.0,0.0,1.0433881517951473,1.0433881517951473,1.0450761113146874,1.0505970659065018,3.0,False,0.0,,0.0,sem_sobretensao,False,,[null]
leaderless,C3_lider_curta,0,pv4,830,-0.0,-0.0,0.0,0.0,1.0402417834114022,1.0402417834114022,1.0450761113146874,1.0505970659065018,4.0,False,0.0,,0.0,sem_sobretensao,False,,[null]
leaderless,C3_lider_curta,0,pv5,850,-0.0,-0.0,0.0,0.0,1.0450761113146874,1.0450761113146874,1.0450761113146874,1.0505970659065018,5.0,False,0.0,,0.0,sem_sobretensao,False,,[null]
leaderless,C3_lider_curta,0,pv6,832,-0.0,-0.0,0.0,0.0,1.035054528358762,1.035054528358762,1.0450761113146874,1.0505970659065018,6.0,False,0.0,,0.0,sem_sobretensao,False,,[null]
leaderless,C3_lider_curta,1,pv2,816,-0.0,-0.0,0.0,0.0,1.045026590394128,1.045026590394128,1.0450764055625177,1.0505970903489996,1.0,True,0.0,,0.0,sem_sobretensao,False,,[null]
leaderless,C3_lider_curta,1,pv1,824,-0.0,-0.0,0.0,0.0,1.0435194971179793,1.0435194971179793,1.0450764055625177,1.0505970903489996,2.0,False,0.0,,0.0,sem_sobretensao,False,,[null]
leaderless,C3_lider_curta,1,pv3,828,-0.0,-0.0,0.0,0.0,1.043388484707053,1.043388484707053,1.0450764055625177,1.0505970903489996,3.0,False,0.0,,0.0,sem_sobretensao,False,,[null]
leaderless,C3_lider_curta,1,pv4,830,-0.0,-0.0,0.0,0.0,1.0402421909746449,1.0402421909746449,1.0450764055625177,1.0505970903489996,4.0,False,0.0,,0.0,sem_sobretensao,False,,[null]
leaderless,C3_lider_curta,1,pv5,850,-0.0,-0.0,0.0,0.0,1.0450764055625177,1.0450764055625177,1.0450764055625177,1.0505970903489996,5.0,False,0.0,,0.0,sem_sobretensao,False,,[null]
leaderless,C3_lider_curta,1,pv6,832,-0.0,-0.0,0.0,0.0,1.035055078078631,1.035055078078631,1.0450764055625177,1.0505970903489996,6.0,False,0.0,,0.0,sem_sobretensao,False,,[null]
leaderless,C3_lider_curta,2,pv2,816,-0.0,-0.0,0.0,0.0,1.044957170134863,1.044957170134863,1.0450072554978005,1.050594980095696,1.0,True,0.0,,0.0,sem_sobretensao,False,,[null]
leaderless,C3_lider_curta,2,pv1,824,-0.0,-0.0,0.0,0.0,1.0434413812534848,1.0434413812534848,1.0450072554978005,1.050594980095696,2.0,False,0.0,,0.0,sem_sobretensao,False,,[null]
leaderless,C3_lider_curta,2,pv3,828,-0.0,-0.0,0.0,0.0,1.0433096369965245,1.0433096369965245,1.0450072554978005,1.050594980095696,3.0,False,0.0,,0.0,sem_sobretensao,False,,[null]
leaderless,C3_lider_curta,2,pv4,830,-0.0,-0.0,0.0,0.0,1.0401456464219776,1.0401456464219776,1.0450072554978005,1.050594980095696,4.0,False,0.0,,0.0,sem_sobretensao,False,,[null]
leaderless,C3_lider_curta,2,pv5,850,-0.0,-0.0,0.0,0.0,1.0450072554978005,1.0450072554978005,1.0450072554978005,1.050594980095696,5.0,False,0.0,,0.0,sem_sobretensao,False,,[null]
leaderless,C3_lider_curta,2,pv6,832,-0.0,-0.0,0.0,0.0,1.0349271785104097,1.0349271785104097,1.0450072554978005,1.050594980095696,6.0,False,0.0,,0.0,sem_sobretensao,False,,[null]
leaderless,C3_lider_curta,3,pv2,816,-0.0,-0.0,0.0,0.0,1.0449571021647743,1.0449571021647743,1.045007187805771,1.0505949776249721,1.0,True,0.0,,0.0,sem_sobretensao,False,,[null]
leaderless,C3_lider_curta,3,pv1,824,-0.0,-0.0,0.0,0.0,1.0434413052741978,1.0434413052741978,1.045007187805771,1.0505949776249721,2.0,False,0.0,,0.0,sem_sobretensao,False,,[null]
leaderless,C3_lider_curta,3,pv3,828,-0.0,-0.0,0.0,0.0,1.0433095603397917,1.0433095603397917,1.045007187805771,1.0505949776249721,3.0,False,0.0,,0.0,sem_sobretensao,False,,[null]
leaderless,C3_lider_curta,3,pv4,830,-0.0,-0.0,0.0,0.0,1.04014555352833,1.04014555352833,1.045007187805771,1.0505949776249721,4.0,False,0.0,,0.0,sem_sobretensao,False,,[null]
leaderless,C3_lider_curta,3,pv5,850,-0.0,-0.0,0.0,0.0,1.045007187805771,1.045007187805771,1.045007187805771,1.0505949776249721,5.0,False,0.0,,0.0,sem_sobretensao,False,,[null]
leaderless,C3_lider_curta,3,pv6,832,-0.0,-0.0,0.0,0.0,1.034927055347267,1.034927055347267,1.045007187805771,1.0505949776249721,6.0,False,0.0,,0.0,sem_sobretensao,False,,[null]
leaderless,C3_lider_curta,4,pv2,816,-0.0,-0.0,0.0,0.0,1.0450265231229214,1.0450265231229214,1.0450763385661972,1.0505970879234297,1.0,True,0.0,,0.0,sem_sobretensao,False,,[null]
leaderless,C3_lider_curta,4,pv1,824,-0.0,-0.0,0.0,0.0,1.0435194219130088,1.0435194219130088,1.0450763385661972,1.0505970879234297,2.0,False,0.0,,0.0,sem_sobretensao,False,,[null]
leaderless,C3_lider_curta,4,pv3,828,-0.0,-0.0,0.0,0.0,1.043388408831456,1.043388408831456,1.0450763385661972,1.0505970879234297,3.0,False,0.0,,0.0,sem_sobretensao,False,,[null]
leaderless,C3_lider_curta,4,pv4,830,-0.0,-0.0,0.0,0.0,1.040242099025251,1.040242099025251,1.0450763385661972,1.0505970879234297,4.0,False,0.0,,0.0,sem_sobretensao,False,,[null]
leaderless,C3_lider_curta,4,pv5,850,-0.0,-0.0,0.0,0.0,1.0450763385661972,1.0450763385661972,1.0450763385661972,1.0505970879234297,5.0,False,0.0,,0.0,sem_sobretensao,False,,[null]
leaderless,C3_lider_curta,4,pv6,832,-0.0,-0.0,0.0,0.0,1.035054956170033,1.035054956170033,1.0450763385661972,1.0505970879234297,6.0,False,0.0,,0.0,sem_sobretensao,False,,[null]
leaderless,C3_lider_curta,5,pv2,816,-0.0,-0.0,0.0,0.0,1.046437942275659,1.046437942275659,1.0464804756969754,1.0506393917986803,1.0,True,0.0,,0.0,sem_sobretensao,False,,[null]
leaderless,C3_lider_curta,5,pv1,824,-0.0,-0.0,0.0,0.0,1.0450850714048536,1.0450850714048536,1.0464804756969754,1.0506393917986803,2.0,False,0.0,,0.0,sem_sobretensao,False,,[null]
leaderless,C3_lider_curta,5,pv3,828,-0.0,-0.0,0.0,0.0,1.044968726726859,1.044968726726859,1.0464804756969754,1.0506393917986803,3.0,False,0.0,,0.0,sem_sobretensao,False,,[null]
leaderless,C3_lider_curta,5,pv4,830,-0.0,-0.0,0.0,0.0,1.0421771197491476,1.0421771197491476,1.0464804756969754,1.0506393917986803,4.0,False,0.0,,0.0,sem_sobretensao,False,,[null]
leaderless,C3_lider_curta,5,pv5,850,-0.0,-0.0,0.0,0.0,1.0464804756969754,1.0464804756969754,1.0464804756969754,1.0506393917986803,5.0,False,0.0,,0.0,sem_sobretensao,False,,[null]
leaderless,C3_lider_curta,5,pv6,832,-0.0,-0.0,0.0,0.0,1.0376184354041749,1.0376184354041749,1.0464804756969754,1.0506393917986803,6.0,False,0.0,,0.0,sem_sobretensao,False,,[null]
leaderless,C3_lider_curta,6,pv2,816,15.625241782068512,15.625241782068512,0.0,0.0,1.04834074378191,1.04834074378191,1.048378245454802,1.0506384889471005,1.0,True,0.0,0.0,0.0,sem_sobretensao,False,0.0,[0.0]
leaderless,C3_lider_curta,6,pv1,824,18.7503236717592,18.7503236717592,0.0,0.0,1.047157904836951,1.047157904836951,1.048378245454802,1.0506384889471005,2.0,False,0.0,0.0,0.0,sem_sobretensao,False,0.0,[0.0]
leaderless,C3_lider_curta,6,pv3,828,12.50021771214404,12.50021771214404,0.0,0.0,1.047045538729875,1.047045538729875,1.048378245454802,1.0506384889471005,3.0,False,0.0,0.0,0.0,sem_sobretensao,False,0.0,[0.0]
leaderless,C3_lider_curta,6,pv4,830,16.250349249231206,16.250349249231206,0.0,0.0,1.044222209515069,1.044222209515069,1.048378245454802,1.0506384889471005,4.0,False,0.0,0.0,0.0,sem_sobretensao,False,0.0,[0.0]
leaderless,C3_lider_curta,6,pv5,850,11.250173385025839,11.250173385025839,0.0,0.0,1.048378245454802,1.048378245454802,1.048378245454802,1.0506384889471005,5.0,False,0.0,0.0,0.0,sem_sobretensao,False,0.0,[0.0]
leaderless,C3_lider_curta,6,pv6,832,14.375428037447021,14.375428037447021,0.0,0.0,1.039316562019864,1.039316562019864,1.048378245454802,1.0506384889471005,6.0,False,0.0,0.0,0.0,sem_sobretensao,False,0.0,[0.0]
leaderless,C3_lider_curta,7,pv2,816,46.87517293313687,18.61656406956319,28.258608863573677,0.602848037542058,1.0562538666391135,1.050465171521414,1.050494507792812,1.0507967743424311,1.0,True,0.0,0.602848098371434,112.0,convergiu,False,0.0056286640961100256,[0.005629]
leaderless,C3_lider_curta,7,pv1,824,56.250221496230566,22.921835003297264,33.328386492933305,0.592502246903585,1.0558852978158422,1.0495318067162605,1.050494507792812,1.0507967743424311,2.0,False,0.0,0.5925023156605117,112.0,convergiu,False,0.0056286640961100256,[0.005629]
leaderless,C3_lider_curta,7,pv3,828,37.500148594787916,15.481335540840464,22.018813053947454,0.5871659512264399,1.0558243986090114,1.0494385326020441,1.050494507792812,1.0507967743424311,3.0,False,0.0,0.587166021443654,112.0,convergiu,False,0.0056286640961100256,[0.005629]
leaderless,C3_lider_curta,7,pv4,830,48.75022589866943,20.13155181869795,28.618674079971477,0.5870469196895914,1.053993713057545,1.0470467783556865,1.050494507792812,1.0507967743424311,4.0,False,0.0,0.5870470044478827,112.0,convergiu,False,0.0056286640961100256,[0.005629]
leaderless,C3_lider_curta,7,pv5,850,33.750124023076154,13.764232247532373,19.98589177554378,0.5921723328190822,1.0562616463457974,1.050494507792812,1.050494507792812,1.0507967743424311,5.0,False,0.0,0.5921723950370884,112.0,convergiu,False,0.0056286640961100256,[0.005629]
leaderless,C3_lider_curta,7,pv6,832,43.12526281682057,17.815542567425307,25.309720249395266,0.5868883730660004,1.0502737503980755,1.0428373103003945,1.050494507792812,1.0507967743424311,6.0,False,0.0,0.5868884870777753,112.0,convergiu,False,0.0056286640961100256,[0.005629]
leaderless,C3_lider_curta,8,pv2,816,85.4169951835115,37.76369215885461,47.65330302465689,0.5578900824506678,1.0600225764112021,1.050458782286314,1.0504888723268424,1.050777351199327,1.0,True,0.0,0.5578901824195247,71.0,convergiu,False,0.006457782905362156,[0.006458]
leaderless,C3_lider_curta,8,pv1,824,102.50042182299924,46.50469541301432,55.995726409984925,0.5462974088245542,1.0599113579217716,1.049413393888299,1.0504888723268424,1.050777351199327,2.0,False,0.0,0.5462975216500084,71.0,convergiu,False,0.006457782905362156,[0.006458]
leaderless,C3_lider_curta,8,pv3,828,68.33361550646671,31.40982521315692,36.92379029330979,0.5403458040053035,1.0598511737996503,1.0492998340560133,1.0504888723268424,1.050777351199327,3.0,False,0.0,0.5403459193493945,71.0,convergiu,False,0.006457782905362156,[0.006458]
leaderless,C3_lider_curta,8,pv4,830,88.83371850555443,40.87413459822218,47.95958390733225,0.5398802600781691,1.0577281150251405,1.0462548269136773,1.0504888723268424,1.050777351199327,4.0,False,0.0,0.5398804048074778,71.0,convergiu,False,0.006457782905362156,[0.006458]
leaderless,C3_lider_curta,8,pv5,850,61.500235620248716,27.97946767135111,33.52076794889761,0.545050946702838,1.060016924979191,1.0504888723268424,1.0504888723268424,1.050777351199327,5.0,False,0.0,0.5450510491680299,71.0,convergiu,False,0.006457782905362156,[0.006458]
leaderless,C3_lider_curta,8,pv6,832,78.58368138197022,36.21947713094316,42.36420425102706,0.5390965020494826,1.0527861135197871,1.0405174242811683,1.0504888723268424,1.050777351199327,6.0,False,0.0,0.5390967120146506,71.0,convergiu,False,0.006457782905362156,[0.006458]
leaderless,C3_lider_curta,9,pv2,816,109.37601310477916,43.856617468068166,65.519395636711,0.5990288168023001,1.0634560310644599,1.0504551926328072,1.050485530723397,1.050768760393735,1.0,True,0.0,0.5990289257841684,59.0,convergiu,False,0.007244744807674707,[0.007245]
leaderless,C3_lider_curta,9,pv1,824,131.25131079088757,54.29578728986202,76.95552350102555,0.5863218189256968,1.063645008559301,1.0493740704654682,1.050485530723397,1.050768760393735,2.0,False,0.0,0.5863219425185989,59.0,convergiu,False,0.007244744807674707,[0.007245]
leaderless,C3_lider_curta,9,pv3,828,87.50087713617727,36.760411438825486,50.74046569735178,0.5798850968194208,1.0635972316987172,1.0492539096696072,1.050485530723397,1.050768760393735,3.0,False,0.0,0.5798852235319264,59.0,convergiu,False,0.007244744807674707,[0.007245]
leaderless,C3_lider_curta,9,pv4,830,113.75120271145519,47.88275526563715,65.86844744581805,0.5790569900714881,1.0615841263923187,1.045994617760852,1.050485530723397,1.050768760393735,4.0,False,0.0,0.5790571517111954,59.0,convergiu,False,0.007244744807674707,[0.007245]
leaderless,C3_lider_curta,9,pv5,850,78.75072660212736,32.74787341046579,46.002853191661565,0.5841577127098435,1.0634377085194273,1.050485530723397,1.050485530723397,1.050768760393735,5.0,False,0.0,0.5841578252868952,59.0,convergiu,False,0.007244744807674707,[0.007245]
leaderless,C3_lider_curta,9,pv6,832,100.626082698693,42.51932947956681,58.10675321912619,0.5774519620584213,1.0564042287004576,1.0397522203228988,1.050485530723397,1.050768760393735,6.0,False,0.0,0.5774522038497373,59.0,convergiu,False,0.007244744807674707,[0.007245]
leaderless,C3_lider_curta,10,pv2,816,122.91832475882173,50.03218598756101,72.88613877126072,0.5929638609076648,1.0647988826989685,1.050453363952375,1.0504839425460841,1.050760596509459,1.0,True,0.0,0.5929639776190471,54.0,convergiu,False,0.008129308747673744,[0.008129]
leaderless,C3_lider_curta,10,pv1,824,147.50215670576648,62.08836464515435,85.41379206061214,0.5790679567513779,1.0650831816200754,1.0493363404930567,1.0504839425460841,1.050760596509459,2.0,False,0.0,0.5790680893635568,54.0,convergiu,False,0.008129308747673744,[0.008129]
leaderless,C3_lider_curta,10,pv3,828,98.3347767771465,42.07151453449568,56.263262242650825,0.5721602336350874,1.0650361551409917,1.0492095640630024,1.0504839425460841,1.050760596509459,3.0,False,0.0,0.5721603697759824,54.0,convergiu,False,0.008129308747673744,[0.008129]
leaderless,C3_lider_curta,10,pv4,830,127.83531369216502,54.854528059806285,72.98078563235873,0.5708967336249168,1.0629336672519722,1.0457360324071667,1.0504839425460841,1.050760596509459,4.0,False,0.0,0.5708969104429217,54.0,convergiu,False,0.008129308747673744,[0.008129]
leaderless,C3_lider_curta,10,pv5,850,88.50118918741761,37.538060510280935,50.96312867713667,0.575846702446202,1.0647757090247296,1.0504839425460841,1.0504839425460841,1.050760596509459,5.0,False,0.0,0.5758468235857581,54.0,convergiu,False,0.008129308747673744,[0.008129]
leaderless,C3_lider_curta,10,pv6,832,113.08509904362478,48.82548765515375,64.25961138847103,0.5682409180103287,1.0573508157047877,1.0389893215028807,1.0504839425460841,1.050760596509459,6.0,False,0.0,0.5682411912084158,54.0,convergiu,False,0.008129308747673744,[0.008129]
leaderless,C3_lider_curta,11,pv2,816,125.00095873911948,69.85159576404925,55.14936297507023,0.4411914045455202,1.0612357751532162,1.050463134488208,1.0504943244121097,1.0507403164229945,1.0,True,0.0,0.4411915199000074,52.0,convergiu,False,0.007857176345941887,[0.007857]
leaderless,C3_lider_curta,11,pv1,824,150.00123756625868,85.86688080265144,64.13435676360724,0.427558721781766,1.06105978009483,1.0492354390580068,1.0504943244121097,1.0507403164229945,2.0,False,0.0,0.42755885087466533,52.0,convergiu,False,0.007857176345941887,[0.007857]
leaderless,C3_lider_curta,11,pv3,828,100.00082743258665,57.93245117485786,42.06837625772879,0.42068014944408744,1.0609726005620694,1.049088400334067,1.0504943244121097,1.0507403164229945,3.0,False,0.0,0.4206802817315512,52.0,convergiu,False,0.007857176345941887,[0.007857]
leaderless,C3_lider_curta,11,pv4,830,130.0011005112463,75.44763183102786,54.553468680218444,0.41963832747808044,1.0578779563947014,1.044962792335482,1.0504943244121097,1.0507403164229945,4.0,False,0.0,0.4196385143331849,52.0,convergiu,False,0.007857176345941887,[0.007857]
leaderless,C3_lider_curta,11,pv5,850,90.00068759882683,51.76426064985562,38.23642694897121,0.4248458242449199,1.0612265551144422,1.0504943244121097,1.0504943244121097,1.0507403164229945,5.0,False,0.0,0.4248459425044395,52.0,convergiu,False,0.007857176345941887,[0.007857]
leaderless,C3_lider_curta,11,pv6,832,115.00091043703958,66.97571579699513,48.02519464004445,0.4176067539525007,1.0504893452397301,1.0366916572775766,1.0504943244121097,1.0507403164229945,6.0,False,0.0,0.41760708204425184,52.0,convergiu,False,0.007857176345941887,[0.007857]
leaderless,C3_lider_curta,12,pv2,816,114.58396778268266,73.41529493210524,41.16867285057742,0.3592881368358917,1.0584759980523875,1.0504644472196398,1.050495732525448,1.0507366305200148,1.0,True,0.0,0.3592882464033449,54.0,convergiu,False,0.007378821429494651,[0.007379]
leaderless,C3_lider_curta,12,pv1,824,137.5008116988172,89.88317696278435,47.61763473603284,0.3463079045817979,1.0580095021842815,1.049217188248145,1.050495732525448,1.0507366305200148,2.0,False,0.0,0.3463080264597628,54.0,convergiu,False,0.007378821429494651,[0.007379]
leaderless,C3_lider_curta,12,pv3,828,91.66720981718291,60.528710817897455,31.138498999285453,0.33969057883590686,1.0579033715498916,1.0490666577197334,1.050495732525448,1.0507366305200148,3.0,False,0.0,0.33969070359386655,54.0,convergiu,False,0.007378821429494651,[0.007379]
leaderless,C3_lider_curta,12,pv4,830,119.16742071272449,78.78413221559866,40.38328849712583,0.3388784177239932,1.0544313943894765,1.044830068015459,1.050495732525448,1.0507366305200148,4.0,False,0.0,0.3388785983249344,54.0,convergiu,False,0.007378821429494651,[0.007379]
leaderless,C3_lider_curta,12,pv5,850,82.50045501033613,54.10667388983389,28.393781120502233,0.3441650340094907,1.0584772347635703,1.050495732525448,1.050495732525448,1.0507366305200148,5.0,False,0.0,0.3441651457188315,54.0,convergiu,False,0.007378821429494651,[0.007379]
leaderless,C3_lider_curta,12,pv6,832,105.41738626804568,69.84755106613305,35.569835201912625,0.33741873095906405,1.0465580380118675,1.036302396711584,1.050495732525448,1.0507366305200148,6.0,False,0.0,0.33741905828957763,54.0,convergiu,False,0.007378821429494651,[0.007379]
leaderless,C3_lider_curta,13,pv2,816,91.6669843700342,67.30899929013151,24.35798507990269,0.2657224424441235,1.055190830016416,1.0504611846929535,1.0504922640177414,1.0507436936124215,1.0,True,0.0,0.2657225526431224,60.0,convergiu,False,0.0065510016049602675,[0.006551]
leaderless,C3_lider_curta,13,pv1,824,110.00040441486041,82.06444894084987,27.93595547401054,0.25396217556205974,1.0544374798981613,1.0492483036930842,1.0504922640177414,1.0507436936124215,2.0,False,0.0,0.2539622978898481,60.0,convergiu,False,0.0065510016049602675,[0.006551]
leaderless,C3_lider_curta,13,pv3,828,73.33360442743492,55.15417587309388,18.179428554341044,0.24790025721029488,1.0543195760670532,1.0491042757342546,1.0504922640177414,1.0507436936124215,3.0,False,0.0,0.24790038204558668,60.0,convergiu,False,0.0065510016049602675,[0.006551]
leaderless,C3_lider_curta,13,pv4,830,95.33373708087285,71.74546063071513,23.58827645015772,0.2474282509057384,1.050745501940547,1.0450798551321032,1.0504922640177414,1.0507436936124215,4.0,False,0.0,0.2474284253658018,60.0,convergiu,False,0.0065510016049602675,[0.006551]
leaderless,C3_lider_curta,13,pv5,850,66.00022784146515,49.32287558850596,16.67735225295919,0.25268617132912674,1.0552041870019553,1.0504922640177414,1.0504922640177414,1.0507436936124215,5.0,False,0.0,0.2526862830385794,60.0,convergiu,False,0.0065510016049602675,[0.006551]
leaderless,C3_lider_curta,13,pv6,832,84.33378907349129,63.52884652165234,20.80494255183895,0.2466972893240328,1.0431065535815973,1.0370543284934863,1.0504922640177414,1.0507436936124215,6.0,False,0.0,0.2466975903775511,60.0,convergiu,False,0.0065510016049602675,[0.006551]
leaderless,C3_lider_curta,14,pv2,816,62.500202384307045,51.34325755776753,11.156944826539515,0.17851042812954396,1.0526136226473173,1.0504672779172317,1.0504977861724876,1.0507655989240534,1.0,True,0.0,0.17851053918092388,68.0,convergiu,False,0.005932217401251995,[0.005932]
leaderless,C3_lider_curta,14,pv1,824,75.00026022049671,62.4245174479868,12.575742772509912,0.1676758650838059,1.0516996381470516,1.0493458299364011,1.0504977861724876,1.0507655989240534,2.0,False,0.0,0.16767598853041185,68.0,convergiu,False,0.005932217401251995,[0.005932]
leaderless,C3_lider_curta,14,pv3,828,50.00017464108202,41.896386337696924,8.103788303385095,0.16207507442450148,1.0515841347802244,1.0492185478025788,1.0504977861724876,1.0507655989240534,3.0,False,0.0,0.16207519996793607,68.0,convergiu,False,0.005932217401251995,[0.005932]
leaderless,C3_lider_curta,14,pv4,830,65.000269565776,54.47897035441216,10.521299211363832,0.1618653067961249,1.0483035673740262,1.0457345610855262,1.0504977861724876,1.0507655989240534,4.0,False,0.0,0.16186547043034907,68.0,convergiu,False,0.005932217401251995,[0.005932]
leaderless,C3_lider_curta,14,pv5,850,45.00014513832716,37.480902426660364,7.519242711666799,0.16709363140731331,1.0526360952837719,1.0504977861724876,1.0504977861724876,1.0507655989240534,5.0,False,0.0,0.1670937435546751,68.0,convergiu,False,0.005932217401251995,[0.005932]
leaderless,C3_lider_curta,14,pv6,832,57.50032271332255,48.208838644062105,9.291484069260441,0.1615898667333971,1.041720637091087,1.038975961817025,1.0504977861724876,1.0507655989240534,6.0,False,0.0,0.16159012038218787,68.0,convergiu,False,0.005932217401251995,[0.005932]
leaderless,C3_lider_curta,15,pv2,816,28.12494777047005,28.12494777047005,0.0,0.0,1.0386370242003247,1.0386370242003247,1.0387127583056501,1.0502955100132891,1.0,True,0.0,0.0,0.0,sem_sobretensao,False,0.0,[0.0]
leaderless,C3_lider_curta,15,pv1,824,33.74993265576542,33.74993265576542,0.0,0.0,1.0361657626140055,1.0361657626140055,1.0387127583056501,1.0502955100132891,2.0,False,0.0,0.0,0.0,sem_sobretensao,False,0.0,[0.0]
leaderless,C3_lider_curta,15,pv3,828,22.499954834109623,22.499954834109623,0.0,0.0,1.0359378482600161,1.0359378482600161,1.0387127583056501,1.0502955100132891,3.0,False,0.0,0.0,0.0,sem_sobretensao,False,0.0,[0.0]
leaderless,C3_lider_curta,15,pv4,830,29.24993235059052,29.24993235059052,0.0,0.0,1.0302157541130381,1.0302157541130381,1.0387127583056501,1.0502955100132891,4.0,False,0.0,0.0,0.0,sem_sobretensao,False,0.0,[0.0]
leaderless,C3_lider_curta,15,pv5,850,20.24996254640969,20.24996254640969,0.0,0.0,1.0387127583056501,1.0387127583056501,1.0387127583056501,1.0502955100132891,5.0,False,0.0,0.0,0.0,sem_sobretensao,False,0.0,[0.0]
leaderless,C3_lider_curta,15,pv6,832,25.874924488489178,25.874924488489178,0.0,0.0,1.0199321297314488,1.0199321297314488,1.0387127583056501,1.0502955100132891,6.0,False,0.0,0.0,0.0,sem_sobretensao,False,0.0,[0.0]
leaderless,C3_lider_curta,16,pv2,816,3.1250322945966147,3.1250322945966147,0.0,0.0,1.0394703803118943,1.0394703803118943,1.0395419414769758,1.0504162382879947,1.0,True,0.0,0.0,0.0,sem_sobretensao,False,0.0,[0.0]
leaderless,C3_lider_curta,16,pv1,824,3.7500421409592146,3.7500421409592146,0.0,0.0,1.0372492372289965,1.0372492372289965,1.0395419414769758,1.0504162382879947,2.0,False,0.0,0.0,0.0,sem_sobretensao,False,0.0,[0.0]
leaderless,C3_lider_curta,16,pv3,828,2.500028276790932,2.500028276790932,0.0,0.0,1.0370563779560689,1.0370563779560689,1.0395419414769758,1.0504162382879947,3.0,False,0.0,0.0,0.0,sem_sobretensao,False,0.0,[0.0]
leaderless,C3_lider_curta,16,pv4,830,3.250042548739909,3.250042548739909,0.0,0.0,1.0323888508528631,1.0323888508528631,1.0395419414769758,1.0504162382879947,4.0,False,0.0,0.0,0.0,sem_sobretensao,False,0.0,[0.0]
leaderless,C3_lider_curta,16,pv5,850,2.2500231591707642,2.2500231591707642,0.0,0.0,1.0395419414769758,1.0395419414769758,1.0395419414769758,1.0504162382879947,5.0,False,0.0,0.0,0.0,sem_sobretensao,False,0.0,[0.0]
leaderless,C3_lider_curta,16,pv6,832,2.8750471329313547,2.8750471329313547,0.0,0.0,1.0244469035472554,1.0244469035472554,1.0395419414769758,1.0504162382879947,6.0,False,0.0,0.0,0.0,sem_sobretensao,False,0.0,[0.0]
leaderless,C3_lider_curta,17,pv2,816,-0.0,-0.0,0.0,0.0,1.0319530456641128,1.0319530456641128,1.0320537436109634,1.0501995250985579,1.0,True,0.0,,0.0,sem_sobretensao,False,,[null]
leaderless,C3_lider_curta,17,pv1,824,-0.0,-0.0,0.0,0.0,1.0288097422283975,1.0288097422283975,1.0320537436109634,1.0501995250985579,2.0,False,0.0,,0.0,sem_sobretensao,False,,[null]
leaderless,C3_lider_curta,17,pv3,828,-0.0,-0.0,0.0,0.0,1.0285410077167665,1.0285410077167665,1.0320537436109634,1.0501995250985579,3.0,False,0.0,,0.0,sem_sobretensao,False,,[null]
leaderless,C3_lider_curta,17,pv4,830,-0.0,-0.0,0.0,0.0,1.0220651174905708,1.0220651174905708,1.0320537436109634,1.0501995250985579,4.0,False,0.0,,0.0,sem_sobretensao,False,,[null]
leaderless,C3_lider_curta,17,pv5,850,-0.0,-0.0,0.0,0.0,1.0320537436109634,1.0320537436109634,1.0320537436109634,1.0501995250985579,5.0,False,0.0,,0.0,sem_sobretensao,False,,[null]
leaderless,C3_lider_curta,17,pv6,832,-0.0,-0.0,0.0,0.0,1.0109757984235852,1.0109757984235852,1.0320537436109634,1.0501995250985579,6.0,False,0.0,,0.0,sem_sobretensao,False,,[null]
leaderless,C3_lider_curta,18,pv2,816,-0.0,-0.0,0.0,0.0,1.035368449501018,1.035368449501018,1.0354558554930642,1.0503034017860868,1.0,True,0.0,,0.0,sem_sobretensao,False,,[null]
leaderless,C3_lider_curta,18,pv1,824,-0.0,-0.0,0.0,0.0,1.0326523500430973,1.0326523500430973,1.0354558554930642,1.0503034017860868,2.0,False,0.0,,0.0,sem_sobretensao,False,,[null]
leaderless,C3_lider_curta,18,pv3,828,-0.0,-0.0,0.0,0.0,1.0324195763808066,1.0324195763808066,1.0354558554930642,1.0503034017860868,3.0,False,0.0,,0.0,sem_sobretensao,False,,[null]
leaderless,C3_lider_curta,18,pv4,830,-0.0,-0.0,0.0,0.0,1.02681295674242,1.02681295674242,1.0354558554930642,1.0503034017860868,4.0,False,0.0,,0.0,sem_sobretensao,False,,[null]
leaderless,C3_lider_curta,18,pv5,850,-0.0,-0.0,0.0,0.0,1.0354558554930642,1.0354558554930642,1.0354558554930642,1.0503034017860868,5.0,False,0.0,,0.0,sem_sobretensao,False,,[null]
leaderless,C3_lider_curta,18,pv6,832,-0.0,-0.0,0.0,0.0,1.0172650561019754,1.0172650561019754,1.0354558554930642,1.0503034017860868,6.0,False,0.0,,0.0,sem_sobretensao,False,,[null]
leaderless,C3_lider_curta,19,pv2,816,-0.0,-0.0,0.0,0.0,1.0124638034940296,1.0124638034940296,1.012640339769449,1.0496066048479267,1.0,True,0.0,,0.0,sem_sobretensao,False,,[null]
leaderless,C3_lider_curta,19,pv1,824,-0.0,-0.0,0.0,0.0,1.0068862241138117,1.0068862241138117,1.012640339769449,1.0496066048479267,2.0,False,0.0,,0.0,sem_sobretensao,False,,[null]
leaderless,C3_lider_curta,19,pv3,828,-0.0,-0.0,0.0,0.0,1.0064125502225403,1.0064125502225403,1.012640339769449,1.0496066048479267,3.0,False,0.0,,0.0,sem_sobretensao,False,,[null]
leaderless,C3_lider_curta,19,pv4,830,-0.0,-0.0,0.0,0.0,0.9949844738133676,0.9949844738133676,1.012640339769449,1.0496066048479267,4.0,False,0.0,,0.0,sem_sobretensao,False,,[null]
leaderless,C3_lider_curta,19,pv5,850,-0.0,-0.0,0.0,0.0,1.012640339769449,1.012640339769449,1.012640339769449,1.0496066048479267,5.0,False,0.0,,0.0,sem_sobretensao,False,,[null]
leaderless,C3_lider_curta,19,pv6,832,-0.0,-0.0,0.0,0.0,0.975106227573592,0.975106227573592,1.012640339769449,1.0496066048479267,6.0,False,0.0,,0.0,sem_sobretensao,False,,[null]
leaderless,C3_lider_curta,20,pv2,816,-0.0,-0.0,0.0,0.0,1.0078351504741656,1.0078351504741656,1.0080296961644228,1.0494657402550032,1.0,True,0.0,,0.0,sem_sobretensao,False,,[null]
leaderless,C3_lider_curta,20,pv1,824,-0.0,-0.0,0.0,0.0,1.00168032528244,1.00168032528244,1.0080296961644228,1.0494657402550032,2.0,False,0.0,,0.0,sem_sobretensao,False,,[null]
leaderless,C3_lider_curta,20,pv3,828,-0.0,-0.0,0.0,0.0,1.001158047785484,1.001158047785484,1.0080296961644228,1.0494657402550032,3.0,False,0.0,,0.0,sem_sobretensao,False,,[null]
leaderless,C3_lider_curta,20,pv4,830,-0.0,-0.0,0.0,0.0,0.9885559519361026,0.9885559519361026,1.0080296961644228,1.0494657402550032,4.0,False,0.0,,0.0,sem_sobretensao,False,,[null]
leaderless,C3_lider_curta,20,pv5,850,-0.0,-0.0,0.0,0.0,1.0080296961644228,1.0080296961644228,1.0080296961644228,1.0494657402550032,5.0,False,0.0,,0.0,sem_sobretensao,False,,[null]
leaderless,C3_lider_curta,20,pv6,832,-0.0,-0.0,0.0,0.0,0.9665920784800835,0.9665920784800835,1.0080296961644228,1.0494657402550032,6.0,False,0.0,,0.0,sem_sobretensao,False,,[null]
leaderless,C3_lider_curta,21,pv2,816,-0.0,-0.0,0.0,0.0,1.0061895964378378,1.0061895964378378,1.0063905442901253,1.0494156571369113,1.0,True,0.0,,0.0,sem_sobretensao,False,,[null]
leaderless,C3_lider_curta,21,pv1,824,-0.0,-0.0,0.0,0.0,0.9998296239446813,0.9998296239446813,1.0063905442901253,1.0494156571369113,2.0,False,0.0,,0.0,sem_sobretensao,False,,[null]
leaderless,C3_lider_curta,21,pv3,828,-0.0,-0.0,0.0,0.0,0.9992900728255069,0.9992900728255069,1.0063905442901253,1.0494156571369113,3.0,False,0.0,,0.0,sem_sobretensao,False,,[null]
leaderless,C3_lider_curta,21,pv4,830,-0.0,-0.0,0.0,0.0,0.9862707730472382,0.9862707730472382,1.0063905442901253,1.0494156571369113,4.0,False,0.0,,0.0,sem_sobretensao,False,,[null]
leaderless,C3_lider_curta,21,pv5,850,-0.0,-0.0,0.0,0.0,1.0063905442901253,1.0063905442901253,1.0063905442901253,1.0494156571369113,5.0,False,0.0,,0.0,sem_sobretensao,False,,[null]
leaderless,C3_lider_curta,21,pv6,832,-0.0,-0.0,0.0,0.0,0.963565563609644,0.963565563609644,1.0063905442901253,1.0494156571369113,6.0,False,0.0,,0.0,sem_sobretensao,False,,[null]
leaderless,C3_lider_curta,22,pv2,816,-0.0,-0.0,0.0,0.0,1.005861808419378,1.005861808419378,1.0060640314884584,1.049405687339917,1.0,True,0.0,,0.0,sem_sobretensao,False,,[null]
leaderless,C3_lider_curta,22,pv1,824,-0.0,-0.0,0.0,0.0,0.9994609737243804,0.9994609737243804,1.0060640314884584,1.049405687339917,2.0,False,0.0,,0.0,sem_sobretensao,False,,[null]
leaderless,C3_lider_curta,22,pv3,828,-0.0,-0.0,0.0,0.0,0.998917981930852,0.998917981930852,1.0060640314884584,1.049405687339917,3.0,False,0.0,,0.0,sem_sobretensao,False,,[null]
leaderless,C3_lider_curta,22,pv4,830,-0.0,-0.0,0.0,0.0,0.9858155814373928,0.9858155814373928,1.0060640314884584,1.049405687339917,4.0,False,0.0,,0.0,sem_sobretensao,False,,[null]
leaderless,C3_lider_curta,22,pv5,850,-0.0,-0.0,0.0,0.0,1.0060640314884584,1.0060640314884584,1.0060640314884584,1.049405687339917,5.0,False,0.0,,0.0,sem_sobretensao,False,,[null]
leaderless,C3_lider_curta,22,pv6,832,-0.0,-0.0,0.0,0.0,0.9629627164790315,0.9629627164790315,1.0060640314884584,1.049405687339917,6.0,False,0.0,,0.0,sem_sobretensao,False,,[null]
leaderless,C3_lider_curta,23,pv2,816,-0.0,-0.0,0.0,0.0,1.0157857990852877,1.0157857990852877,1.0159494099998208,1.0497076999321218,1.0,True,0.0,,0.0,sem_sobretensao,False,,[null]
leaderless,C3_lider_curta,23,pv1,824,-0.0,-0.0,0.0,0.0,1.0106227444912799,1.0106227444912799,1.0159494099998208,1.0497076999321218,2.0,False,0.0,,0.0,sem_sobretensao,False,,[null]
leaderless,C3_lider_curta,23,pv3,828,-0.0,-0.0,0.0,0.0,1.010183972127752,1.010183972127752,1.0159494099998208,1.0497076999321218,3.0,False,0.0,,0.0,sem_sobretensao,False,,[null]
leaderless,C3_lider_curta,23,pv4,830,-0.0,-0.0,0.0,0.0,0.9995990501550605,0.9995990501550605,1.0159494099998208,1.0497076999321218,4.0,False,0.0,,0.0,sem_sobretensao,False,,[null]
leaderless,C3_lider_curta,23,pv5,850,-0.0,-0.0,0.0,0.0,1.0159494099998208,1.0159494099998208,1.0159494099998208,1.0497076999321218,5.0,False,0.0,,0.0,sem_sobretensao,False,,[null]
leaderless,C3_lider_curta,23,pv6,832,-0.0,-0.0,0.0,0.0,0.9812181271943435,0.9812181271943435,1.0159494099998208,1.0497076999321218,6.0,False,0.0,,0.0,sem_sobretensao,False,,[null]
leaderless,C3_lider_longa,0,pv2,816,-0.0,-0.0,0.0,0.0,1.0450262948633384,1.0450262948633384,1.0450761113146874,1.0505970659065018,1.0,True,0.0,,0.0,sem_sobretensao,False,,[null]
leaderless,C3_lider_longa,0,pv1,824,-0.0,-0.0,0.0,0.0,1.0435191673339033,1.0435191673339033,1.0450761113146874,1.0505970659065018,2.0,False,0.0,,0.0,sem_sobretensao,False,,[null]
leaderless,C3_lider_longa,0,pv3,828,-0.0,-0.0,0.0,0.0,1.0433881517951473,1.0433881517951473,1.0450761113146874,1.0505970659065018,3.0,False,0.0,,0.0,sem_sobretensao,False,,[null]
leaderless,C3_lider_longa,0,pv4,830,-0.0,-0.0,0.0,0.0,1.0402417834114022,1.0402417834114022,1.0450761113146874,1.0505970659065018,4.0,False,0.0,,0.0,sem_sobretensao,False,,[null]
leaderless,C3_lider_longa,0,pv5,850,-0.0,-0.0,0.0,0.0,1.0450761113146874,1.0450761113146874,1.0450761113146874,1.0505970659065018,5.0,False,0.0,,0.0,sem_sobretensao,False,,[null]
leaderless,C3_lider_longa,0,pv6,832,-0.0,-0.0,0.0,0.0,1.035054528358762,1.035054528358762,1.0450761113146874,1.0505970659065018,6.0,False,0.0,,0.0,sem_sobretensao,False,,[null]
leaderless,C3_lider_longa,1,pv2,816,-0.0,-0.0,0.0,0.0,1.045026590394128,1.045026590394128,1.0450764055625177,1.0505970903489996,1.0,True,0.0,,0.0,sem_sobretensao,False,,[null]
leaderless,C3_lider_longa,1,pv1,824,-0.0,-0.0,0.0,0.0,1.0435194971179793,1.0435194971179793,1.0450764055625177,1.0505970903489996,2.0,False,0.0,,0.0,sem_sobretensao,False,,[null]
leaderless,C3_lider_longa,1,pv3,828,-0.0,-0.0,0.0,0.0,1.043388484707053,1.043388484707053,1.0450764055625177,1.0505970903489996,3.0,False,0.0,,0.0,sem_sobretensao,False,,[null]
leaderless,C3_lider_longa,1,pv4,830,-0.0,-0.0,0.0,0.0,1.0402421909746449,1.0402421909746449,1.0450764055625177,1.0505970903489996,4.0,False,0.0,,0.0,sem_sobretensao,False,,[null]
leaderless,C3_lider_longa,1,pv5,850,-0.0,-0.0,0.0,0.0,1.0450764055625177,1.0450764055625177,1.0450764055625177,1.0505970903489996,5.0,False,0.0,,0.0,sem_sobretensao,False,,[null]
leaderless,C3_lider_longa,1,pv6,832,-0.0,-0.0,0.0,0.0,1.035055078078631,1.035055078078631,1.0450764055625177,1.0505970903489996,6.0,False,0.0,,0.0,sem_sobretensao,False,,[null]
leaderless,C3_lider_longa,2,pv2,816,-0.0,-0.0,0.0,0.0,1.044957170134863,1.044957170134863,1.0450072554978005,1.050594980095696,1.0,True,0.0,,0.0,sem_sobretensao,False,,[null]
leaderless,C3_lider_longa,2,pv1,824,-0.0,-0.0,0.0,0.0,1.0434413812534848,1.0434413812534848,1.0450072554978005,1.050594980095696,2.0,False,0.0,,0.0,sem_sobretensao,False,,[null]
leaderless,C3_lider_longa,2,pv3,828,-0.0,-0.0,0.0,0.0,1.0433096369965245,1.0433096369965245,1.0450072554978005,1.050594980095696,3.0,False,0.0,,0.0,sem_sobretensao,False,,[null]
leaderless,C3_lider_longa,2,pv4,830,-0.0,-0.0,0.0,0.0,1.0401456464219776,1.0401456464219776,1.0450072554978005,1.050594980095696,4.0,False,0.0,,0.0,sem_sobretensao,False,,[null]
leaderless,C3_lider_longa,2,pv5,850,-0.0,-0.0,0.0,0.0,1.0450072554978005,1.0450072554978005,1.0450072554978005,1.050594980095696,5.0,False,0.0,,0.0,sem_sobretensao,False,,[null]
leaderless,C3_lider_longa,2,pv6,832,-0.0,-0.0,0.0,0.0,1.0349271785104097,1.0349271785104097,1.0450072554978005,1.050594980095696,6.0,False,0.0,,0.0,sem_sobretensao,False,,[null]
leaderless,C3_lider_longa,3,pv2,816,-0.0,-0.0,0.0,0.0,1.0449571021647743,1.0449571021647743,1.045007187805771,1.0505949776249721,1.0,True,0.0,,0.0,sem_sobretensao,False,,[null]
leaderless,C3_lider_longa,3,pv1,824,-0.0,-0.0,0.0,0.0,1.0434413052741978,1.0434413052741978,1.045007187805771,1.0505949776249721,2.0,False,0.0,,0.0,sem_sobretensao,False,,[null]
leaderless,C3_lider_longa,3,pv3,828,-0.0,-0.0,0.0,0.0,1.0433095603397917,1.0433095603397917,1.045007187805771,1.0505949776249721,3.0,False,0.0,,0.0,sem_sobretensao,False,,[null]
leaderless,C3_lider_longa,3,pv4,830,-0.0,-0.0,0.0,0.0,1.04014555352833,1.04014555352833,1.045007187805771,1.0505949776249721,4.0,False,0.0,,0.0,sem_sobretensao,False,,[null]
leaderless,C3_lider_longa,3,pv5,850,-0.0,-0.0,0.0,0.0,1.045007187805771,1.045007187805771,1.045007187805771,1.0505949776249721,5.0,False,0.0,,0.0,sem_sobretensao,False,,[null]
leaderless,C3_lider_longa,3,pv6,832,-0.0,-0.0,0.0,0.0,1.034927055347267,1.034927055347267,1.045007187805771,1.0505949776249721,6.0,False,0.0,,0.0,sem_sobretensao,False,,[null]
leaderless,C3_lider_longa,4,pv2,816,-0.0,-0.0,0.0,0.0,1.0450265231229214,1.0450265231229214,1.0450763385661972,1.0505970879234297,1.0,True,0.0,,0.0,sem_sobretensao,False,,[null]
leaderless,C3_lider_longa,4,pv1,824,-0.0,-0.0,0.0,0.0,1.0435194219130088,1.0435194219130088,1.0450763385661972,1.0505970879234297,2.0,False,0.0,,0.0,sem_sobretensao,False,,[null]
leaderless,C3_lider_longa,4,pv3,828,-0.0,-0.0,0.0,0.0,1.043388408831456,1.043388408831456,1.0450763385661972,1.0505970879234297,3.0,False,0.0,,0.0,sem_sobretensao,False,,[null]
leaderless,C3_lider_longa,4,pv4,830,-0.0,-0.0,0.0,0.0,1.040242099025251,1.040242099025251,1.0450763385661972,1.0505970879234297,4.0,False,0.0,,0.0,sem_sobretensao,False,,[null]
leaderless,C3_lider_longa,4,pv5,850,-0.0,-0.0,0.0,0.0,1.0450763385661972,1.0450763385661972,1.0450763385661972,1.0505970879234297,5.0,False,0.0,,0.0,sem_sobretensao,False,,[null]
leaderless,C3_lider_longa,4,pv6,832,-0.0,-0.0,0.0,0.0,1.035054956170033,1.035054956170033,1.0450763385661972,1.0505970879234297,6.0,False,0.0,,0.0,sem_sobretensao,False,,[null]
leaderless,C3_lider_longa,5,pv2,816,-0.0,-0.0,0.0,0.0,1.046437942275659,1.046437942275659,1.0464804756969754,1.0506393917986803,1.0,True,0.0,,0.0,sem_sobretensao,False,,[null]
leaderless,C3_lider_longa,5,pv1,824,-0.0,-0.0,0.0,0.0,1.0450850714048536,1.0450850714048536,1.0464804756969754,1.0506393917986803,2.0,False,0.0,,0.0,sem_sobretensao,False,,[null]
leaderless,C3_lider_longa,5,pv3,828,-0.0,-0.0,0.0,0.0,1.044968726726859,1.044968726726859,1.0464804756969754,1.0506393917986803,3.0,False,0.0,,0.0,sem_sobretensao,False,,[null]
leaderless,C3_lider_longa,5,pv4,830,-0.0,-0.0,0.0,0.0,1.0421771197491476,1.0421771197491476,1.0464804756969754,1.0506393917986803,4.0,False,0.0,,0.0,sem_sobretensao,False,,[null]
leaderless,C3_lider_longa,5,pv5,850,-0.0,-0.0,0.0,0.0,1.0464804756969754,1.0464804756969754,1.0464804756969754,1.0506393917986803,5.0,False,0.0,,0.0,sem_sobretensao,False,,[null]
leaderless,C3_lider_longa,5,pv6,832,-0.0,-0.0,0.0,0.0,1.0376184354041749,1.0376184354041749,1.0464804756969754,1.0506393917986803,6.0,False,0.0,,0.0,sem_sobretensao,False,,[null]
leaderless,C3_lider_longa,6,pv2,816,15.625241782068512,15.625241782068512,0.0,0.0,1.04834074378191,1.04834074378191,1.048378245454802,1.0506384889471005,1.0,True,0.0,0.0,0.0,sem_sobretensao,False,0.0,[0.0]
leaderless,C3_lider_longa,6,pv1,824,18.7503236717592,18.7503236717592,0.0,0.0,1.047157904836951,1.047157904836951,1.048378245454802,1.0506384889471005,2.0,False,0.0,0.0,0.0,sem_sobretensao,False,0.0,[0.0]
leaderless,C3_lider_longa,6,pv3,828,12.50021771214404,12.50021771214404,0.0,0.0,1.047045538729875,1.047045538729875,1.048378245454802,1.0506384889471005,3.0,False,0.0,0.0,0.0,sem_sobretensao,False,0.0,[0.0]
leaderless,C3_lider_longa,6,pv4,830,16.250349249231206,16.250349249231206,0.0,0.0,1.044222209515069,1.044222209515069,1.048378245454802,1.0506384889471005,4.0,False,0.0,0.0,0.0,sem_sobretensao,False,0.0,[0.0]
leaderless,C3_lider_longa,6,pv5,850,11.250173385025839,11.250173385025839,0.0,0.0,1.048378245454802,1.048378245454802,1.048378245454802,1.0506384889471005,5.0,False,0.0,0.0,0.0,sem_sobretensao,False,0.0,[0.0]
leaderless,C3_lider_longa,6,pv6,832,14.375428037447021,14.375428037447021,0.0,0.0,1.039316562019864,1.039316562019864,1.048378245454802,1.0506384889471005,6.0,False,0.0,0.0,0.0,sem_sobretensao,False,0.0,[0.0]
leaderless,C3_lider_longa,7,pv2,816,46.87517293313687,18.61656406956319,28.258608863573677,0.602848037542058,1.0562538666391135,1.050465171521414,1.050494507792812,1.0507967743424311,1.0,True,0.0,0.602848098371434,112.0,convergiu,False,0.0056286640961100256,[0.005629]
leaderless,C3_lider_longa,7,pv1,824,56.250221496230566,22.921835003297264,33.328386492933305,0.592502246903585,1.0558852978158422,1.0495318067162605,1.050494507792812,1.0507967743424311,2.0,False,0.0,0.5925023156605117,112.0,convergiu,False,0.0056286640961100256,[0.005629]
leaderless,C3_lider_longa,7,pv3,828,37.500148594787916,15.481335540840464,22.018813053947454,0.5871659512264399,1.0558243986090114,1.0494385326020441,1.050494507792812,1.0507967743424311,3.0,False,0.0,0.587166021443654,112.0,convergiu,False,0.0056286640961100256,[0.005629]
leaderless,C3_lider_longa,7,pv4,830,48.75022589866943,20.13155181869795,28.618674079971477,0.5870469196895914,1.053993713057545,1.0470467783556865,1.050494507792812,1.0507967743424311,4.0,False,0.0,0.5870470044478827,112.0,convergiu,False,0.0056286640961100256,[0.005629]
leaderless,C3_lider_longa,7,pv5,850,33.750124023076154,13.764232247532373,19.98589177554378,0.5921723328190822,1.0562616463457974,1.050494507792812,1.050494507792812,1.0507967743424311,5.0,False,0.0,0.5921723950370884,112.0,convergiu,False,0.0056286640961100256,[0.005629]
leaderless,C3_lider_longa,7,pv6,832,43.12526281682057,17.815542567425307,25.309720249395266,0.5868883730660004,1.0502737503980755,1.0428373103003945,1.050494507792812,1.0507967743424311,6.0,False,0.0,0.5868884870777753,112.0,convergiu,False,0.0056286640961100256,[0.005629]
leaderless,C3_lider_longa,8,pv2,816,85.4169951835115,37.76369215885461,47.65330302465689,0.5578900824506678,1.0600225764112021,1.050458782286314,1.0504888723268424,1.050777351199327,1.0,True,0.0,0.5578901824195247,71.0,convergiu,False,0.006457782905362156,[0.006458]
leaderless,C3_lider_longa,8,pv1,824,102.50042182299924,46.50469541301432,55.995726409984925,0.5462974088245542,1.0599113579217716,1.049413393888299,1.0504888723268424,1.050777351199327,2.0,False,0.0,0.5462975216500084,71.0,convergiu,False,0.006457782905362156,[0.006458]
leaderless,C3_lider_longa,8,pv3,828,68.33361550646671,31.40982521315692,36.92379029330979,0.5403458040053035,1.0598511737996503,1.0492998340560133,1.0504888723268424,1.050777351199327,3.0,False,0.0,0.5403459193493945,71.0,convergiu,False,0.006457782905362156,[0.006458]
leaderless,C3_lider_longa,8,pv4,830,88.83371850555443,40.87413459822218,47.95958390733225,0.5398802600781691,1.0577281150251405,1.0462548269136773,1.0504888723268424,1.050777351199327,4.0,False,0.0,0.5398804048074778,71.0,convergiu,False,0.006457782905362156,[0.006458]
leaderless,C3_lider_longa,8,pv5,850,61.500235620248716,27.97946767135111,33.52076794889761,0.545050946702838,1.060016924979191,1.0504888723268424,1.0504888723268424,1.050777351199327,5.0,False,0.0,0.5450510491680299,71.0,convergiu,False,0.006457782905362156,[0.006458]
leaderless,C3_lider_longa,8,pv6,832,78.58368138197022,36.21947713094316,42.36420425102706,0.5390965020494826,1.0527861135197871,1.0405174242811683,1.0504888723268424,1.050777351199327,6.0,False,0.0,0.5390967120146506,71.0,convergiu,False,0.006457782905362156,[0.006458]
leaderless,C3_lider_longa,9,pv2,816,109.37601310477916,43.856617468068166,65.519395636711,0.5990288168023001,1.0634560310644599,1.0504551926328072,1.050485530723397,1.050768760393735,1.0,True,0.0,0.5990289257841684,59.0,convergiu,False,0.007244744807674707,[0.007245]
leaderless,C3_lider_longa,9,pv1,824,131.25131079088757,54.29578728986202,76.95552350102555,0.5863218189256968,1.063645008559301,1.0493740704654682,1.050485530723397,1.050768760393735,2.0,False,0.0,0.5863219425185989,59.0,convergiu,False,0.007244744807674707,[0.007245]
leaderless,C3_lider_longa,9,pv3,828,87.50087713617727,36.760411438825486,50.74046569735178,0.5798850968194208,1.0635972316987172,1.0492539096696072,1.050485530723397,1.050768760393735,3.0,False,0.0,0.5798852235319264,59.0,convergiu,False,0.007244744807674707,[0.007245]
leaderless,C3_lider_longa,9,pv4,830,113.75120271145519,47.88275526563715,65.86844744581805,0.5790569900714881,1.0615841263923187,1.045994617760852,1.050485530723397,1.050768760393735,4.0,False,0.0,0.5790571517111954,59.0,convergiu,False,0.007244744807674707,[0.007245]
leaderless,C3_lider_longa,9,pv5,850,78.75072660212736,32.74787341046579,46.002853191661565,0.5841577127098435,1.0634377085194273,1.050485530723397,1.050485530723397,1.050768760393735,5.0,False,0.0,0.5841578252868952,59.0,convergiu,False,0.007244744807674707,[0.007245]
leaderless,C3_lider_longa,9,pv6,832,100.626082698693,42.51932947956681,58.10675321912619,0.5774519620584213,1.0564042287004576,1.0397522203228988,1.050485530723397,1.050768760393735,6.0,False,0.0,0.5774522038497373,59.0,convergiu,False,0.007244744807674707,[0.007245]
leaderless,C3_lider_longa,10,pv2,816,122.91832475882173,19.74024025273495,103.17808450608678,0.839403563466713,1.0647988826989685,1.050457002312576,1.0504882848443888,1.0507624293356848,1.0,True,0.0,0.839403601607268,52.0,convergiu,False,0.11847205463629995,"[0.0, 0.002058]"
leaderless,C3_lider_longa,10,pv1,824,147.50215670576648,70.69074305827988,76.8114136474866,0.5207476106283982,1.0650831816200754,1.0494725596713979,1.0504882848443888,1.0507624293356848,2.0,False,1.0,0.5207477325277897,52.0,convergiu,False,0.11847205463629995,"[0.0, 0.002058]"
leaderless,C3_lider_longa,10,pv3,828,98.3347767771465,47.285138223312245,51.04963855383426,0.5191411226819936,1.0650361551409917,1.0493530253276278,1.0504882848443888,1.0507624293356848,3.0,False,1.0,0.5191412461282817,52.0,convergiu,False,0.11847205463629995,"[0.0, 0.002058]"
leaderless,C3_lider_longa,10,pv4,830,127.83531369216502,61.26580451488742,66.5695091772776,0.5207441264349846,1.0629336672519722,1.0460014897610097,1.0504882848443888,1.0507624293356848,4.0,False,1.0,0.5207442861804282,52.0,convergiu,False,0.11847205463629995,"[0.0, 0.002058]"
leaderless,C3_lider_longa,10,pv5,850,88.50118918741761,42.0122915920397,46.48889759537791,0.525291107225979,1.0647757090247296,1.0504882848443888,1.0504882848443888,1.0507624293356848,5.0,False,1.0,0.5252912194990859,52.0,convergiu,False,0.11847205463629995,"[0.0, 0.002058]"
leaderless,C3_lider_longa,10,pv6,832,113.08509904362478,54.07459360016411,59.01050544346067,0.5218236319133577,1.0573508157047877,1.0393556568070164,1.0504882848443888,1.0507624293356848,6.0,False,1.0,0.5218238825673772,52.0,convergiu,False,0.11847205463629995,"[0.0, 0.002058]"
leaderless,C3_lider_longa,11,pv2,816,125.00095292362516,69.85159761731869,55.149355306306475,0.4411913637217005,1.0612357650403812,1.0504631345706805,1.0504943244944531,1.0507403164527342,1.0,True,0.0,0.4411914790761827,52.0,convergiu,False,0.007857177400540837,[0.007857]
leaderless,C3_lider_longa,11,pv1,824,150.0012293895279,85.86688253413817,64.13434685538974,0.42755867903422795,1.0610597690848915,1.0492354391352074,1.0504943244944531,1.0507403164527342,2.0,False,0.0,0.42755880812712305,52.0,convergiu,False,0.007857177400540837,[0.007857]
leaderless,C3_lider_longa,11,pv3,828,100.00082190058114,57.93245233831985,42.068369562261296,0.42068010576183174,1.060972589512745,1.049088400410102,1.0504943244944531,1.0507403164527342,3.0,False,0.0,0.42068023804929167,52.0,convergiu,False,0.007857177400540837,[0.007857]
leaderless,C3_lider_longa,11,pv4,830,130.00109041304836,75.44763165948942,54.55345875355894,0.41963828371639295,1.057877944954328,1.0449627923713167,1.0504943244944531,1.0507403164527342,4.0,False,0.0,0.4196384705715003,52.0,convergiu,False,0.007857177400540837,[0.007857]
leaderless,C3_lider_longa,11,pv5,850,90.00068342815132,51.76426211404704,38.23642131410428,0.4248457813233353,1.061226545039514,1.0504943244944531,1.0504943244944531,1.0507403164527342,5.0,False,0.0,0.42484589958285035,52.0,convergiu,False,0.007857177400540837,[0.007857]
leaderless,C3_lider_longa,11,pv6,832,115.00089561432192,66.97571221596172,48.0251833983602,0.4176067100257588,1.0504893345040995,1.0366916572437361,1.0504943244944531,1.0507403164527342,6.0,False,0.0,0.4176070381175298,52.0,convergiu,False,0.007857177400540837,[0.007857]
leaderless,C3_lider_longa,12,pv2,816,114.58396778267675,73.4152949321109,41.168672850565855,0.35928813683581173,1.0584759980523855,1.0504644472216702,1.0504957325274709,1.0507366305207495,1.0,True,0.0,0.3592882464032625,54.0,convergiu,False,0.007378821429489398,[0.007379]
leaderless,C3_lider_longa,12,pv1,824,137.50081169880983,89.88317696278914,47.61763473602069,0.34630790458173155,1.0580095021842788,1.0492171882504282,1.0504957325274709,1.0507366305207495,2.0,False,0.0,0.34630802645969294,54.0,convergiu,False,0.007378821429489398,[0.007379]
leaderless,C3_lider_longa,12,pv3,828,91.66720981717798,60.528710817900006,31.13849899927797,0.33969057883584736,1.057903371549889,1.0490666577220378,1.0504957325274709,1.0507366305207495,3.0,False,0.0,0.3396907035938032,54.0,convergiu,False,0.007378821429489398,[0.007379]
leaderless,C3_lider_longa,12,pv4,830,119.16742071271898,78.78413221560275,40.383288497116226,0.3388784177239355,1.0544313943894736,1.0448300680182718,1.0504957325274709,1.0507366305207495,4.0,False,0.0,0.3388785983248695,54.0,convergiu,False,0.007378821429489398,[0.007379]
leaderless,C3_lider_longa,12,pv5,850,82.50045501033186,54.10667388983637,28.39378112049549,0.3441650340094292,1.058477234763568,1.0504957325274709,1.0504957325274709,1.0507366305207495,5.0,False,0.0,0.34416514571876755,54.0,convergiu,False,0.007378821429489398,[0.007379]
leaderless,C3_lider_longa,12,pv6,832,105.41738626804344,69.84755106613913,35.56983520190431,0.33741873095900754,1.0465580380118653,1.0363023967153335,1.0504957325274709,1.0507366305207495,6.0,False,0.0,0.3374190582895059,54.0,convergiu,False,0.007378821429489398,[0.007379]
leaderless,C3_lider_longa,13,pv2,816,91.66698437003416,67.30899929013147,24.35798507990269,0.265722442444124,1.0551908300164157,1.0504611846929535,1.0504922640177414,1.0507436936124215,1.0,True,0.0,0.2657225526431225,60.0,convergiu,False,0.006551001604959982,[0.006551]
leaderless,C3_lider_longa,13,pv1,824,110.00040441486037,82.06444894084976,27.935955474010612,0.25396217556206047,1.054437479898161,1.0492483036930842,1.0504922640177414,1.0507436936124215,2.0,False,0.0,0.2539622978898488,60.0,convergiu,False,0.006551001604959982,[0.006551]
leaderless,C3_lider_longa,13,pv3,828,73.33360442743486,55.15417587309378,18.179428554341087,0.24790025721029565,1.0543195760670527,1.0491042757342546,1.0504922640177414,1.0507436936124215,3.0,False,0.0,0.24790038204558745,60.0,convergiu,False,0.006551001604959982,[0.006551]
leaderless,C3_lider_longa,13,pv4,830,95.33373708087281,71.745460630715,23.588276450157807,0.24742825090573922,1.0507455019405467,1.0450798551321032,1.0504922640177414,1.0507436936124215,4.0,False,0.0,0.2474284253658028,60.0,convergiu,False,0.006551001604959982,[0.006551]
leaderless,C3_lider_longa,13,pv5,850,66.0002278414651,49.32287558850588,16.677352252959224,0.2526861713291276,1.0552041870019548,1.0504922640177414,1.0504922640177414,1.0507436936124215,5.0,False,0.0,0.2526862830385801,60.0,convergiu,False,0.006551001604959982,[0.006551]
leaderless,C3_lider_longa,13,pv6,832,84.33378907349125,63.52884652165223,20.80494255183902,0.24669728932403373,1.0431065535815969,1.0370543284934863,1.0504922640177414,1.0507436936124215,6.0,False,0.0,0.24669759037755207,60.0,convergiu,False,0.006551001604959982,[0.006551]
leaderless,C3_lider_longa,14,pv2,816,62.500202384307045,51.34325755776753,11.156944826539515,0.17851042812954396,1.0526136226473173,1.0504672779172317,1.0504977861724876,1.0507655989240534,1.0,True,0.0,0.17851053918092388,68.0,convergiu,False,0.005932217401251995,[0.005932]
leaderless,C3_lider_longa,14,pv1,824,75.00026022049671,62.4245174479868,12.575742772509912,0.1676758650838059,1.0516996381470516,1.0493458299364011,1.0504977861724876,1.0507655989240534,2.0,False,0.0,0.16767598853041185,68.0,convergiu,False,0.005932217401251995,[0.005932]
leaderless,C3_lider_longa,14,pv3,828,50.00017464108202,41.896386337696924,8.103788303385095,0.16207507442450148,1.0515841347802244,1.0492185478025788,1.0504977861724876,1.0507655989240534,3.0,False,0.0,0.16207519996793607,68.0,convergiu,False,0.005932217401251995,[0.005932]
leaderless,C3_lider_longa,14,pv4,830,65.000269565776,54.47897035441216,10.521299211363832,0.1618653067961249,1.0483035673740262,1.0457345610855262,1.0504977861724876,1.0507655989240534,4.0,False,0.0,0.16186547043034907,68.0,convergiu,False,0.005932217401251995,[0.005932]
leaderless,C3_lider_longa,14,pv5,850,45.00014513832716,37.480902426660364,7.519242711666799,0.16709363140731331,1.0526360952837719,1.0504977861724876,1.0504977861724876,1.0507655989240534,5.0,False,0.0,0.1670937435546751,68.0,convergiu,False,0.005932217401251995,[0.005932]
leaderless,C3_lider_longa,14,pv6,832,57.50032271332255,48.208838644062105,9.291484069260441,0.1615898667333971,1.041720637091087,1.038975961817025,1.0504977861724876,1.0507655989240534,6.0,False,0.0,0.16159012038218787,68.0,convergiu,False,0.005932217401251995,[0.005932]
leaderless,C3_lider_longa,15,pv2,816,28.12494777047005,28.12494777047005,0.0,0.0,1.0386370242003247,1.0386370242003247,1.0387127583056501,1.0502955100132891,1.0,True,0.0,0.0,0.0,sem_sobretensao,False,0.0,[0.0]
leaderless,C3_lider_longa,15,pv1,824,33.74993265576542,33.74993265576542,0.0,0.0,1.0361657626140055,1.0361657626140055,1.0387127583056501,1.0502955100132891,2.0,False,0.0,0.0,0.0,sem_sobretensao,False,0.0,[0.0]
leaderless,C3_lider_longa,15,pv3,828,22.499954834109623,22.499954834109623,0.0,0.0,1.0359378482600161,1.0359378482600161,1.0387127583056501,1.0502955100132891,3.0,False,0.0,0.0,0.0,sem_sobretensao,False,0.0,[0.0]
leaderless,C3_lider_longa,15,pv4,830,29.24993235059052,29.24993235059052,0.0,0.0,1.0302157541130381,1.0302157541130381,1.0387127583056501,1.0502955100132891,4.0,False,0.0,0.0,0.0,sem_sobretensao,False,0.0,[0.0]
leaderless,C3_lider_longa,15,pv5,850,20.24996254640969,20.24996254640969,0.0,0.0,1.0387127583056501,1.0387127583056501,1.0387127583056501,1.0502955100132891,5.0,False,0.0,0.0,0.0,sem_sobretensao,False,0.0,[0.0]
leaderless,C3_lider_longa,15,pv6,832,25.874924488489178,25.874924488489178,0.0,0.0,1.0199321297314488,1.0199321297314488,1.0387127583056501,1.0502955100132891,6.0,False,0.0,0.0,0.0,sem_sobretensao,False,0.0,[0.0]
leaderless,C3_lider_longa,16,pv2,816,3.1250322945966147,3.1250322945966147,0.0,0.0,1.0394703803118943,1.0394703803118943,1.0395419414769758,1.0504162382879947,1.0,True,0.0,0.0,0.0,sem_sobretensao,False,0.0,[0.0]
leaderless,C3_lider_longa,16,pv1,824,3.7500421409592146,3.7500421409592146,0.0,0.0,1.0372492372289965,1.0372492372289965,1.0395419414769758,1.0504162382879947,2.0,False,0.0,0.0,0.0,sem_sobretensao,False,0.0,[0.0]
leaderless,C3_lider_longa,16,pv3,828,2.500028276790932,2.500028276790932,0.0,0.0,1.0370563779560689,1.0370563779560689,1.0395419414769758,1.0504162382879947,3.0,False,0.0,0.0,0.0,sem_sobretensao,False,0.0,[0.0]
leaderless,C3_lider_longa,16,pv4,830,3.250042548739909,3.250042548739909,0.0,0.0,1.0323888508528631,1.0323888508528631,1.0395419414769758,1.0504162382879947,4.0,False,0.0,0.0,0.0,sem_sobretensao,False,0.0,[0.0]
leaderless,C3_lider_longa,16,pv5,850,2.2500231591707642,2.2500231591707642,0.0,0.0,1.0395419414769758,1.0395419414769758,1.0395419414769758,1.0504162382879947,5.0,False,0.0,0.0,0.0,sem_sobretensao,False,0.0,[0.0]
leaderless,C3_lider_longa,16,pv6,832,2.8750471329313547,2.8750471329313547,0.0,0.0,1.0244469035472554,1.0244469035472554,1.0395419414769758,1.0504162382879947,6.0,False,0.0,0.0,0.0,sem_sobretensao,False,0.0,[0.0]
leaderless,C3_lider_longa,17,pv2,816,-0.0,-0.0,0.0,0.0,1.0319530456641128,1.0319530456641128,1.0320537436109634,1.0501995250985579,1.0,True,0.0,,0.0,sem_sobretensao,False,,[null]
leaderless,C3_lider_longa,17,pv1,824,-0.0,-0.0,0.0,0.0,1.0288097422283975,1.0288097422283975,1.0320537436109634,1.0501995250985579,2.0,False,0.0,,0.0,sem_sobretensao,False,,[null]
leaderless,C3_lider_longa,17,pv3,828,-0.0,-0.0,0.0,0.0,1.0285410077167665,1.0285410077167665,1.0320537436109634,1.0501995250985579,3.0,False,0.0,,0.0,sem_sobretensao,False,,[null]
leaderless,C3_lider_longa,17,pv4,830,-0.0,-0.0,0.0,0.0,1.0220651174905708,1.0220651174905708,1.0320537436109634,1.0501995250985579,4.0,False,0.0,,0.0,sem_sobretensao,False,,[null]
leaderless,C3_lider_longa,17,pv5,850,-0.0,-0.0,0.0,0.0,1.0320537436109634,1.0320537436109634,1.0320537436109634,1.0501995250985579,5.0,False,0.0,,0.0,sem_sobretensao,False,,[null]
leaderless,C3_lider_longa,17,pv6,832,-0.0,-0.0,0.0,0.0,1.0109757984235852,1.0109757984235852,1.0320537436109634,1.0501995250985579,6.0,False,0.0,,0.0,sem_sobretensao,False,,[null]
leaderless,C3_lider_longa,18,pv2,816,-0.0,-0.0,0.0,0.0,1.035368449501018,1.035368449501018,1.0354558554930642,1.0503034017860868,1.0,True,0.0,,0.0,sem_sobretensao,False,,[null]
leaderless,C3_lider_longa,18,pv1,824,-0.0,-0.0,0.0,0.0,1.0326523500430973,1.0326523500430973,1.0354558554930642,1.0503034017860868,2.0,False,0.0,,0.0,sem_sobretensao,False,,[null]
leaderless,C3_lider_longa,18,pv3,828,-0.0,-0.0,0.0,0.0,1.0324195763808066,1.0324195763808066,1.0354558554930642,1.0503034017860868,3.0,False,0.0,,0.0,sem_sobretensao,False,,[null]
leaderless,C3_lider_longa,18,pv4,830,-0.0,-0.0,0.0,0.0,1.02681295674242,1.02681295674242,1.0354558554930642,1.0503034017860868,4.0,False,0.0,,0.0,sem_sobretensao,False,,[null]
leaderless,C3_lider_longa,18,pv5,850,-0.0,-0.0,0.0,0.0,1.0354558554930642,1.0354558554930642,1.0354558554930642,1.0503034017860868,5.0,False,0.0,,0.0,sem_sobretensao,False,,[null]
leaderless,C3_lider_longa,18,pv6,832,-0.0,-0.0,0.0,0.0,1.0172650561019754,1.0172650561019754,1.0354558554930642,1.0503034017860868,6.0,False,0.0,,0.0,sem_sobretensao,False,,[null]
leaderless,C3_lider_longa,19,pv2,816,-0.0,-0.0,0.0,0.0,1.0124638034940296,1.0124638034940296,1.012640339769449,1.0496066048479267,1.0,True,0.0,,0.0,sem_sobretensao,False,,[null]
leaderless,C3_lider_longa,19,pv1,824,-0.0,-0.0,0.0,0.0,1.0068862241138117,1.0068862241138117,1.012640339769449,1.0496066048479267,2.0,False,0.0,,0.0,sem_sobretensao,False,,[null]
leaderless,C3_lider_longa,19,pv3,828,-0.0,-0.0,0.0,0.0,1.0064125502225403,1.0064125502225403,1.012640339769449,1.0496066048479267,3.0,False,0.0,,0.0,sem_sobretensao,False,,[null]
leaderless,C3_lider_longa,19,pv4,830,-0.0,-0.0,0.0,0.0,0.9949844738133676,0.9949844738133676,1.012640339769449,1.0496066048479267,4.0,False,0.0,,0.0,sem_sobretensao,False,,[null]
leaderless,C3_lider_longa,19,pv5,850,-0.0,-0.0,0.0,0.0,1.012640339769449,1.012640339769449,1.012640339769449,1.0496066048479267,5.0,False,0.0,,0.0,sem_sobretensao,False,,[null]
leaderless,C3_lider_longa,19,pv6,832,-0.0,-0.0,0.0,0.0,0.975106227573592,0.975106227573592,1.012640339769449,1.0496066048479267,6.0,False,0.0,,0.0,sem_sobretensao,False,,[null]
leaderless,C3_lider_longa,20,pv2,816,-0.0,-0.0,0.0,0.0,1.0078351504741656,1.0078351504741656,1.0080296961644228,1.0494657402550032,1.0,True,0.0,,0.0,sem_sobretensao,False,,[null]
leaderless,C3_lider_longa,20,pv1,824,-0.0,-0.0,0.0,0.0,1.00168032528244,1.00168032528244,1.0080296961644228,1.0494657402550032,2.0,False,0.0,,0.0,sem_sobretensao,False,,[null]
leaderless,C3_lider_longa,20,pv3,828,-0.0,-0.0,0.0,0.0,1.001158047785484,1.001158047785484,1.0080296961644228,1.0494657402550032,3.0,False,0.0,,0.0,sem_sobretensao,False,,[null]
leaderless,C3_lider_longa,20,pv4,830,-0.0,-0.0,0.0,0.0,0.9885559519361026,0.9885559519361026,1.0080296961644228,1.0494657402550032,4.0,False,0.0,,0.0,sem_sobretensao,False,,[null]
leaderless,C3_lider_longa,20,pv5,850,-0.0,-0.0,0.0,0.0,1.0080296961644228,1.0080296961644228,1.0080296961644228,1.0494657402550032,5.0,False,0.0,,0.0,sem_sobretensao,False,,[null]
leaderless,C3_lider_longa,20,pv6,832,-0.0,-0.0,0.0,0.0,0.9665920784800835,0.9665920784800835,1.0080296961644228,1.0494657402550032,6.0,False,0.0,,0.0,sem_sobretensao,False,,[null]
leaderless,C3_lider_longa,21,pv2,816,-0.0,-0.0,0.0,0.0,1.0061895964378378,1.0061895964378378,1.0063905442901253,1.0494156571369113,1.0,True,0.0,,0.0,sem_sobretensao,False,,[null]
leaderless,C3_lider_longa,21,pv1,824,-0.0,-0.0,0.0,0.0,0.9998296239446813,0.9998296239446813,1.0063905442901253,1.0494156571369113,2.0,False,0.0,,0.0,sem_sobretensao,False,,[null]
leaderless,C3_lider_longa,21,pv3,828,-0.0,-0.0,0.0,0.0,0.9992900728255069,0.9992900728255069,1.0063905442901253,1.0494156571369113,3.0,False,0.0,,0.0,sem_sobretensao,False,,[null]
leaderless,C3_lider_longa,21,pv4,830,-0.0,-0.0,0.0,0.0,0.9862707730472382,0.9862707730472382,1.0063905442901253,1.0494156571369113,4.0,False,0.0,,0.0,sem_sobretensao,False,,[null]
leaderless,C3_lider_longa,21,pv5,850,-0.0,-0.0,0.0,0.0,1.0063905442901253,1.0063905442901253,1.0063905442901253,1.0494156571369113,5.0,False,0.0,,0.0,sem_sobretensao,False,,[null]
leaderless,C3_lider_longa,21,pv6,832,-0.0,-0.0,0.0,0.0,0.963565563609644,0.963565563609644,1.0063905442901253,1.0494156571369113,6.0,False,0.0,,0.0,sem_sobretensao,False,,[null]
leaderless,C3_lider_longa,22,pv2,816,-0.0,-0.0,0.0,0.0,1.005861808419378,1.005861808419378,1.0060640314884584,1.049405687339917,1.0,True,0.0,,0.0,sem_sobretensao,False,,[null]
leaderless,C3_lider_longa,22,pv1,824,-0.0,-0.0,0.0,0.0,0.9994609737243804,0.9994609737243804,1.0060640314884584,1.049405687339917,2.0,False,0.0,,0.0,sem_sobretensao,False,,[null]
leaderless,C3_lider_longa,22,pv3,828,-0.0,-0.0,0.0,0.0,0.998917981930852,0.998917981930852,1.0060640314884584,1.049405687339917,3.0,False,0.0,,0.0,sem_sobretensao,False,,[null]
leaderless,C3_lider_longa,22,pv4,830,-0.0,-0.0,0.0,0.0,0.9858155814373928,0.9858155814373928,1.0060640314884584,1.049405687339917,4.0,False,0.0,,0.0,sem_sobretensao,False,,[null]
leaderless,C3_lider_longa,22,pv5,850,-0.0,-0.0,0.0,0.0,1.0060640314884584,1.0060640314884584,1.0060640314884584,1.049405687339917,5.0,False,0.0,,0.0,sem_sobretensao,False,,[null]
leaderless,C3_lider_longa,22,pv6,832,-0.0,-0.0,0.0,0.0,0.9629627164790315,0.9629627164790315,1.0060640314884584,1.049405687339917,6.0,False,0.0,,0.0,sem_sobretensao,False,,[null]
leaderless,C3_lider_longa,23,pv2,816,-0.0,-0.0,0.0,0.0,1.0157857990852877,1.0157857990852877,1.0159494099998208,1.0497076999321218,1.0,True,0.0,,0.0,sem_sobretensao,False,,[null]
leaderless,C3_lider_longa,23,pv1,824,-0.0,-0.0,0.0,0.0,1.0106227444912799,1.0106227444912799,1.0159494099998208,1.0497076999321218,2.0,False,0.0,,0.0,sem_sobretensao,False,,[null]
leaderless,C3_lider_longa,23,pv3,828,-0.0,-0.0,0.0,0.0,1.010183972127752,1.010183972127752,1.0159494099998208,1.0497076999321218,3.0,False,0.0,,0.0,sem_sobretensao,False,,[null]
leaderless,C3_lider_longa,23,pv4,830,-0.0,-0.0,0.0,0.0,0.9995990501550605,0.9995990501550605,1.0159494099998208,1.0497076999321218,4.0,False,0.0,,0.0,sem_sobretensao,False,,[null]
leaderless,C3_lider_longa,23,pv5,850,-0.0,-0.0,0.0,0.0,1.0159494099998208,1.0159494099998208,1.0159494099998208,1.0497076999321218,5.0,False,0.0,,0.0,sem_sobretensao,False,,[null]
leaderless,C3_lider_longa,23,pv6,832,-0.0,-0.0,0.0,0.0,0.9812181271943435,0.9812181271943435,1.0159494099998208,1.0497076999321218,6.0,False,0.0,,0.0,sem_sobretensao,False,,[null]
leaderless,C3_naolider_curta,0,pv2,816,-0.0,-0.0,0.0,0.0,1.0450262948633384,1.0450262948633384,1.0450761113146874,1.0505970659065018,1.0,True,0.0,,0.0,sem_sobretensao,False,,[null]
leaderless,C3_naolider_curta,0,pv1,824,-0.0,-0.0,0.0,0.0,1.0435191673339033,1.0435191673339033,1.0450761113146874,1.0505970659065018,2.0,False,0.0,,0.0,sem_sobretensao,False,,[null]
leaderless,C3_naolider_curta,0,pv3,828,-0.0,-0.0,0.0,0.0,1.0433881517951473,1.0433881517951473,1.0450761113146874,1.0505970659065018,3.0,False,0.0,,0.0,sem_sobretensao,False,,[null]
leaderless,C3_naolider_curta,0,pv4,830,-0.0,-0.0,0.0,0.0,1.0402417834114022,1.0402417834114022,1.0450761113146874,1.0505970659065018,4.0,False,0.0,,0.0,sem_sobretensao,False,,[null]
leaderless,C3_naolider_curta,0,pv5,850,-0.0,-0.0,0.0,0.0,1.0450761113146874,1.0450761113146874,1.0450761113146874,1.0505970659065018,5.0,False,0.0,,0.0,sem_sobretensao,False,,[null]
leaderless,C3_naolider_curta,0,pv6,832,-0.0,-0.0,0.0,0.0,1.035054528358762,1.035054528358762,1.0450761113146874,1.0505970659065018,6.0,False,0.0,,0.0,sem_sobretensao,False,,[null]
leaderless,C3_naolider_curta,1,pv2,816,-0.0,-0.0,0.0,0.0,1.045026590394128,1.045026590394128,1.0450764055625177,1.0505970903489996,1.0,True,0.0,,0.0,sem_sobretensao,False,,[null]
leaderless,C3_naolider_curta,1,pv1,824,-0.0,-0.0,0.0,0.0,1.0435194971179793,1.0435194971179793,1.0450764055625177,1.0505970903489996,2.0,False,0.0,,0.0,sem_sobretensao,False,,[null]
leaderless,C3_naolider_curta,1,pv3,828,-0.0,-0.0,0.0,0.0,1.043388484707053,1.043388484707053,1.0450764055625177,1.0505970903489996,3.0,False,0.0,,0.0,sem_sobretensao,False,,[null]
leaderless,C3_naolider_curta,1,pv4,830,-0.0,-0.0,0.0,0.0,1.0402421909746449,1.0402421909746449,1.0450764055625177,1.0505970903489996,4.0,False,0.0,,0.0,sem_sobretensao,False,,[null]
leaderless,C3_naolider_curta,1,pv5,850,-0.0,-0.0,0.0,0.0,1.0450764055625177,1.0450764055625177,1.0450764055625177,1.0505970903489996,5.0,False,0.0,,0.0,sem_sobretensao,False,,[null]
leaderless,C3_naolider_curta,1,pv6,832,-0.0,-0.0,0.0,0.0,1.035055078078631,1.035055078078631,1.0450764055625177,1.0505970903489996,6.0,False,0.0,,0.0,sem_sobretensao,False,,[null]
leaderless,C3_naolider_curta,2,pv2,816,-0.0,-0.0,0.0,0.0,1.044957170134863,1.044957170134863,1.0450072554978005,1.050594980095696,1.0,True,0.0,,0.0,sem_sobretensao,False,,[null]
leaderless,C3_naolider_curta,2,pv1,824,-0.0,-0.0,0.0,0.0,1.0434413812534848,1.0434413812534848,1.0450072554978005,1.050594980095696,2.0,False,0.0,,0.0,sem_sobretensao,False,,[null]
leaderless,C3_naolider_curta,2,pv3,828,-0.0,-0.0,0.0,0.0,1.0433096369965245,1.0433096369965245,1.0450072554978005,1.050594980095696,3.0,False,0.0,,0.0,sem_sobretensao,False,,[null]
leaderless,C3_naolider_curta,2,pv4,830,-0.0,-0.0,0.0,0.0,1.0401456464219776,1.0401456464219776,1.0450072554978005,1.050594980095696,4.0,False,0.0,,0.0,sem_sobretensao,False,,[null]
leaderless,C3_naolider_curta,2,pv5,850,-0.0,-0.0,0.0,0.0,1.0450072554978005,1.0450072554978005,1.0450072554978005,1.050594980095696,5.0,False,0.0,,0.0,sem_sobretensao,False,,[null]
leaderless,C3_naolider_curta,2,pv6,832,-0.0,-0.0,0.0,0.0,1.0349271785104097,1.0349271785104097,1.0450072554978005,1.050594980095696,6.0,False,0.0,,0.0,sem_sobretensao,False,,[null]
leaderless,C3_naolider_curta,3,pv2,816,-0.0,-0.0,0.0,0.0,1.0449571021647743,1.0449571021647743,1.045007187805771,1.0505949776249721,1.0,True,0.0,,0.0,sem_sobretensao,False,,[null]
leaderless,C3_naolider_curta,3,pv1,824,-0.0,-0.0,0.0,0.0,1.0434413052741978,1.0434413052741978,1.045007187805771,1.0505949776249721,2.0,False,0.0,,0.0,sem_sobretensao,False,,[null]
leaderless,C3_naolider_curta,3,pv3,828,-0.0,-0.0,0.0,0.0,1.0433095603397917,1.0433095603397917,1.045007187805771,1.0505949776249721,3.0,False,0.0,,0.0,sem_sobretensao,False,,[null]
leaderless,C3_naolider_curta,3,pv4,830,-0.0,-0.0,0.0,0.0,1.04014555352833,1.04014555352833,1.045007187805771,1.0505949776249721,4.0,False,0.0,,0.0,sem_sobretensao,False,,[null]
leaderless,C3_naolider_curta,3,pv5,850,-0.0,-0.0,0.0,0.0,1.045007187805771,1.045007187805771,1.045007187805771,1.0505949776249721,5.0,False,0.0,,0.0,sem_sobretensao,False,,[null]
leaderless,C3_naolider_curta,3,pv6,832,-0.0,-0.0,0.0,0.0,1.034927055347267,1.034927055347267,1.045007187805771,1.0505949776249721,6.0,False,0.0,,0.0,sem_sobretensao,False,,[null]
leaderless,C3_naolider_curta,4,pv2,816,-0.0,-0.0,0.0,0.0,1.0450265231229214,1.0450265231229214,1.0450763385661972,1.0505970879234297,1.0,True,0.0,,0.0,sem_sobretensao,False,,[null]
leaderless,C3_naolider_curta,4,pv1,824,-0.0,-0.0,0.0,0.0,1.0435194219130088,1.0435194219130088,1.0450763385661972,1.0505970879234297,2.0,False,0.0,,0.0,sem_sobretensao,False,,[null]
leaderless,C3_naolider_curta,4,pv3,828,-0.0,-0.0,0.0,0.0,1.043388408831456,1.043388408831456,1.0450763385661972,1.0505970879234297,3.0,False,0.0,,0.0,sem_sobretensao,False,,[null]
leaderless,C3_naolider_curta,4,pv4,830,-0.0,-0.0,0.0,0.0,1.040242099025251,1.040242099025251,1.0450763385661972,1.0505970879234297,4.0,False,0.0,,0.0,sem_sobretensao,False,,[null]
leaderless,C3_naolider_curta,4,pv5,850,-0.0,-0.0,0.0,0.0,1.0450763385661972,1.0450763385661972,1.0450763385661972,1.0505970879234297,5.0,False,0.0,,0.0,sem_sobretensao,False,,[null]
leaderless,C3_naolider_curta,4,pv6,832,-0.0,-0.0,0.0,0.0,1.035054956170033,1.035054956170033,1.0450763385661972,1.0505970879234297,6.0,False,0.0,,0.0,sem_sobretensao,False,,[null]
leaderless,C3_naolider_curta,5,pv2,816,-0.0,-0.0,0.0,0.0,1.046437942275659,1.046437942275659,1.0464804756969754,1.0506393917986803,1.0,True,0.0,,0.0,sem_sobretensao,False,,[null]
leaderless,C3_naolider_curta,5,pv1,824,-0.0,-0.0,0.0,0.0,1.0450850714048536,1.0450850714048536,1.0464804756969754,1.0506393917986803,2.0,False,0.0,,0.0,sem_sobretensao,False,,[null]
leaderless,C3_naolider_curta,5,pv3,828,-0.0,-0.0,0.0,0.0,1.044968726726859,1.044968726726859,1.0464804756969754,1.0506393917986803,3.0,False,0.0,,0.0,sem_sobretensao,False,,[null]
leaderless,C3_naolider_curta,5,pv4,830,-0.0,-0.0,0.0,0.0,1.0421771197491476,1.0421771197491476,1.0464804756969754,1.0506393917986803,4.0,False,0.0,,0.0,sem_sobretensao,False,,[null]
leaderless,C3_naolider_curta,5,pv5,850,-0.0,-0.0,0.0,0.0,1.0464804756969754,1.0464804756969754,1.0464804756969754,1.0506393917986803,5.0,False,0.0,,0.0,sem_sobretensao,False,,[null]
leaderless,C3_naolider_curta,5,pv6,832,-0.0,-0.0,0.0,0.0,1.0376184354041749,1.0376184354041749,1.0464804756969754,1.0506393917986803,6.0,False,0.0,,0.0,sem_sobretensao,False,,[null]
leaderless,C3_naolider_curta,6,pv2,816,15.625241782068512,15.625241782068512,0.0,0.0,1.04834074378191,1.04834074378191,1.048378245454802,1.0506384889471005,1.0,True,0.0,0.0,0.0,sem_sobretensao,False,0.0,[0.0]
leaderless,C3_naolider_curta,6,pv1,824,18.7503236717592,18.7503236717592,0.0,0.0,1.047157904836951,1.047157904836951,1.048378245454802,1.0506384889471005,2.0,False,0.0,0.0,0.0,sem_sobretensao,False,0.0,[0.0]
leaderless,C3_naolider_curta,6,pv3,828,12.50021771214404,12.50021771214404,0.0,0.0,1.047045538729875,1.047045538729875,1.048378245454802,1.0506384889471005,3.0,False,0.0,0.0,0.0,sem_sobretensao,False,0.0,[0.0]
leaderless,C3_naolider_curta,6,pv4,830,16.250349249231206,16.250349249231206,0.0,0.0,1.044222209515069,1.044222209515069,1.048378245454802,1.0506384889471005,4.0,False,0.0,0.0,0.0,sem_sobretensao,False,0.0,[0.0]
leaderless,C3_naolider_curta,6,pv5,850,11.250173385025839,11.250173385025839,0.0,0.0,1.048378245454802,1.048378245454802,1.048378245454802,1.0506384889471005,5.0,False,0.0,0.0,0.0,sem_sobretensao,False,0.0,[0.0]
leaderless,C3_naolider_curta,6,pv6,832,14.375428037447021,14.375428037447021,0.0,0.0,1.039316562019864,1.039316562019864,1.048378245454802,1.0506384889471005,6.0,False,0.0,0.0,0.0,sem_sobretensao,False,0.0,[0.0]
leaderless,C3_naolider_curta,7,pv2,816,46.87517293313687,18.61656406956319,28.258608863573677,0.602848037542058,1.0562538666391135,1.050465171521414,1.050494507792812,1.0507967743424311,1.0,True,0.0,0.602848098371434,112.0,convergiu,False,0.0056286640961100256,[0.005629]
leaderless,C3_naolider_curta,7,pv1,824,56.250221496230566,22.921835003297264,33.328386492933305,0.592502246903585,1.0558852978158422,1.0495318067162605,1.050494507792812,1.0507967743424311,2.0,False,0.0,0.5925023156605117,112.0,convergiu,False,0.0056286640961100256,[0.005629]
leaderless,C3_naolider_curta,7,pv3,828,37.500148594787916,15.481335540840464,22.018813053947454,0.5871659512264399,1.0558243986090114,1.0494385326020441,1.050494507792812,1.0507967743424311,3.0,False,0.0,0.587166021443654,112.0,convergiu,False,0.0056286640961100256,[0.005629]
leaderless,C3_naolider_curta,7,pv4,830,48.75022589866943,20.13155181869795,28.618674079971477,0.5870469196895914,1.053993713057545,1.0470467783556865,1.050494507792812,1.0507967743424311,4.0,False,0.0,0.5870470044478827,112.0,convergiu,False,0.0056286640961100256,[0.005629]
leaderless,C3_naolider_curta,7,pv5,850,33.750124023076154,13.764232247532373,19.98589177554378,0.5921723328190822,1.0562616463457974,1.050494507792812,1.050494507792812,1.0507967743424311,5.0,False,0.0,0.5921723950370884,112.0,convergiu,False,0.0056286640961100256,[0.005629]
leaderless,C3_naolider_curta,7,pv6,832,43.12526281682057,17.815542567425307,25.309720249395266,0.5868883730660004,1.0502737503980755,1.0428373103003945,1.050494507792812,1.0507967743424311,6.0,False,0.0,0.5868884870777753,112.0,convergiu,False,0.0056286640961100256,[0.005629]
leaderless,C3_naolider_curta,8,pv2,816,85.4169951835115,37.76369215885461,47.65330302465689,0.5578900824506678,1.0600225764112021,1.050458782286314,1.0504888723268424,1.050777351199327,1.0,True,0.0,0.5578901824195247,71.0,convergiu,False,0.006457782905362156,[0.006458]
leaderless,C3_naolider_curta,8,pv1,824,102.50042182299924,46.50469541301432,55.995726409984925,0.5462974088245542,1.0599113579217716,1.049413393888299,1.0504888723268424,1.050777351199327,2.0,False,0.0,0.5462975216500084,71.0,convergiu,False,0.006457782905362156,[0.006458]
leaderless,C3_naolider_curta,8,pv3,828,68.33361550646671,31.40982521315692,36.92379029330979,0.5403458040053035,1.0598511737996503,1.0492998340560133,1.0504888723268424,1.050777351199327,3.0,False,0.0,0.5403459193493945,71.0,convergiu,False,0.006457782905362156,[0.006458]
leaderless,C3_naolider_curta,8,pv4,830,88.83371850555443,40.87413459822218,47.95958390733225,0.5398802600781691,1.0577281150251405,1.0462548269136773,1.0504888723268424,1.050777351199327,4.0,False,0.0,0.5398804048074778,71.0,convergiu,False,0.006457782905362156,[0.006458]
leaderless,C3_naolider_curta,8,pv5,850,61.500235620248716,27.97946767135111,33.52076794889761,0.545050946702838,1.060016924979191,1.0504888723268424,1.0504888723268424,1.050777351199327,5.0,False,0.0,0.5450510491680299,71.0,convergiu,False,0.006457782905362156,[0.006458]
leaderless,C3_naolider_curta,8,pv6,832,78.58368138197022,36.21947713094316,42.36420425102706,0.5390965020494826,1.0527861135197871,1.0405174242811683,1.0504888723268424,1.050777351199327,6.0,False,0.0,0.5390967120146506,71.0,convergiu,False,0.006457782905362156,[0.006458]
leaderless,C3_naolider_curta,9,pv2,816,109.37601310477916,43.856617468068166,65.519395636711,0.5990288168023001,1.0634560310644599,1.0504551926328072,1.050485530723397,1.050768760393735,1.0,True,0.0,0.5990289257841684,59.0,convergiu,False,0.007244744807674707,[0.007245]
leaderless,C3_naolider_curta,9,pv1,824,131.25131079088757,54.29578728986202,76.95552350102555,0.5863218189256968,1.063645008559301,1.0493740704654682,1.050485530723397,1.050768760393735,2.0,False,0.0,0.5863219425185989,59.0,convergiu,False,0.007244744807674707,[0.007245]
leaderless,C3_naolider_curta,9,pv3,828,87.50087713617727,36.760411438825486,50.74046569735178,0.5798850968194208,1.0635972316987172,1.0492539096696072,1.050485530723397,1.050768760393735,3.0,False,0.0,0.5798852235319264,59.0,convergiu,False,0.007244744807674707,[0.007245]
leaderless,C3_naolider_curta,9,pv4,830,113.75120271145519,47.88275526563715,65.86844744581805,0.5790569900714881,1.0615841263923187,1.045994617760852,1.050485530723397,1.050768760393735,4.0,False,0.0,0.5790571517111954,59.0,convergiu,False,0.007244744807674707,[0.007245]
leaderless,C3_naolider_curta,9,pv5,850,78.75072660212736,32.74787341046579,46.002853191661565,0.5841577127098435,1.0634377085194273,1.050485530723397,1.050485530723397,1.050768760393735,5.0,False,0.0,0.5841578252868952,59.0,convergiu,False,0.007244744807674707,[0.007245]
leaderless,C3_naolider_curta,9,pv6,832,100.626082698693,42.51932947956681,58.10675321912619,0.5774519620584213,1.0564042287004576,1.0397522203228988,1.050485530723397,1.050768760393735,6.0,False,0.0,0.5774522038497373,59.0,convergiu,False,0.007244744807674707,[0.007245]
leaderless,C3_naolider_curta,10,pv2,816,122.91832475882173,49.81466359013748,73.10366116868425,0.5947335057078902,1.0647988826989685,1.0504525725642848,1.0504831653567674,1.050760320819881,1.0,True,0.0,0.5947336274889939,54.0,convergiu,False,0.009168103798792971,[0.009168]
leaderless,C3_naolider_curta,10,pv1,824,147.50215670576648,61.98654767417915,85.51560903158733,0.5797582249066333,1.0650831816200754,1.0493362006391185,1.0504831653567674,1.050760320819881,2.0,False,0.0,0.5797583638195316,54.0,convergiu,False,0.009168103798792971,[0.009168]
leaderless,C3_naolider_curta,10,pv3,828,98.3347767771465,42.016188533530574,56.31858824361593,0.572722856167614,1.0650361551409917,1.049209520913066,1.0504831653567674,1.050760320819881,3.0,False,0.0,0.5727229988150505,54.0,convergiu,False,0.009168103798792971,[0.009168]
leaderless,C3_naolider_curta,10,pv4,830,127.83531369216502,54.86104364816663,72.97427004399839,0.5708457569044817,1.0629336672519722,1.0457389031757274,1.0504831653567674,1.050760320819881,4.0,False,0.0,0.5708459418320413,54.0,convergiu,False,0.009168103798792971,[0.009168]
leaderless,C3_naolider_curta,10,pv5,850,88.50118918741761,37.60380654335678,50.897382644060826,0.5751038133614726,1.0647757090247296,1.0504831653567674,1.0504831653567674,1.050760320819881,5.0,False,0.0,0.5751039405388805,54.0,convergiu,False,0.009168103798792971,[0.009168]
leaderless,C3_naolider_curta,10,pv6,832,113.08509904362478,49.093968221843966,63.991130821780814,0.565866759304935,1.0573508157047877,1.0389973641624481,1.0504831653567674,1.050760320819881,6.0,False,0.0,0.5658670449330817,54.0,convergiu,False,0.009168103798792971,[0.009168]
leaderless,C3_naolider_curta,11,pv2,816,125.0009588198078,69.85159580180263,55.149363018005175,0.4411914046041977,1.0612357750743804,1.0504631344887854,1.0504943244126825,1.0507403164231837,1.0,True,0.0,0.44119151995869443,52.0,convergiu,False,0.007857176351599372,[0.007857]
leaderless,C3_naolider_curta,11,pv1,824,150.0012376609512,85.86688084992784,64.13435681102337,0.4275587218279514,1.0610597800095631,1.0492354390585252,1.0504943244126825,1.0507403164231837,2.0,False,0.0,0.4275588509208616,52.0,convergiu,False,0.007857176351599372,[0.007857]
leaderless,C3_naolider_curta,11,pv3,828,100.00082749421337,57.9324512057422,42.06837628847117,0.42068014949224825,1.0609726004765245,1.0490884003345604,1.0504943244126825,1.0507403164231837,3.0,False,0.0,0.4206802817797232,52.0,convergiu,False,0.007857176351599372,[0.007857]
leaderless,C3_naolider_curta,11,pv4,830,130.0011005141151,75.44763182715135,54.553468686963754,0.4196383275206916,1.0578779563066285,1.0449627923350548,1.0504943244126825,1.0507403164231837,4.0,False,0.0,0.41963851437581107,52.0,convergiu,False,0.007857176351599372,[0.007857]
leaderless,C3_naolider_curta,11,pv5,850,90.00068765669332,51.76426067860686,38.236426978086456,0.4248458242952527,1.0612265550358857,1.0504943244126825,1.0504943244126825,1.0507403164231837,5.0,False,0.0,0.4248459425547826,52.0,convergiu,False,0.007857176351599372,[0.007857]
leaderless,C3_naolider_curta,11,pv6,832,115.00091023673185,66.97571567590175,48.0251945608301,0.4176067539910465,1.050489345157766,1.0366916572755402,1.0504943244126825,1.0507403164231837,6.0,False,0.0,0.4176070820828218,52.0,convergiu,False,0.007857176351599372,[0.007857]
leaderless,C3_naolider_curta,12,pv2,816,114.58396778268275,73.4152949321095,41.168672850573245,0.35928813683585503,1.0584759980523877,1.0504644472196398,1.050495732525448,1.0507366305200148,1.0,True,0.0,0.3592882464033082,54.0,convergiu,False,0.0073788214294889295,[0.007379]
leaderless,C3_naolider_curta,12,pv1,824,137.50081169881727,89.88317696278808,47.61763473602919,0.34630790458177124,1.0580095021842812,1.0492171882481447,1.050495732525448,1.0507366305200148,2.0,False,0.0,0.346308026459736,54.0,convergiu,False,0.0073788214294889295,[0.007379]
leaderless,C3_naolider_curta,12,pv3,828,91.66720981718298,60.52871081789948,31.1384989992835,0.33969057883588544,1.0579033715498913,1.049066657719733,1.050495732525448,1.0507366305200148,3.0,False,0.0,0.33969070359384496,54.0,convergiu,False,0.0073788214294889295,[0.007379]
leaderless,C3_naolider_curta,12,pv4,830,119.16742071272463,78.7841322156012,40.38328849712343,0.3388784177239728,1.0544313943894759,1.0448300680154587,1.050495732525448,1.0507366305200148,4.0,False,0.0,0.33887859832491385,54.0,convergiu,False,0.0073788214294889295,[0.007379]
leaderless,C3_naolider_curta,12,pv5,850,82.50045501033618,54.10667388983591,28.39378112050027,0.34416503400946674,1.0584772347635705,1.050495732525448,1.050495732525448,1.0507366305200148,5.0,False,0.0,0.34416514571880746,54.0,convergiu,False,0.0073788214294889295,[0.007379]
leaderless,C3_naolider_curta,12,pv6,832,105.41738626804593,69.84755106613532,35.56983520191061,0.3374187309590442,1.046558038011868,1.0363023967115839,1.050495732525448,1.0507366305200148,6.0,False,0.0,0.33741905828955765,54.0,convergiu,False,0.0073788214294889295,[0.007379]
leaderless,C3_naolider_curta,13,pv2,816,91.6669843700342,67.30899929013151,24.35798507990269,0.2657224424441235,1.055190830016416,1.0504611846929535,1.0504922640177414,1.0507436936124215,1.0,True,0.0,0.2657225526431224,60.0,convergiu,False,0.0065510016049602675,[0.006551]
leaderless,C3_naolider_curta,13,pv1,824,110.00040441486041,82.06444894084987,27.93595547401054,0.25396217556205974,1.0544374798981613,1.0492483036930842,1.0504922640177414,1.0507436936124215,2.0,False,0.0,0.2539622978898481,60.0,convergiu,False,0.0065510016049602675,[0.006551]
leaderless,C3_naolider_curta,13,pv3,828,73.33360442743492,55.15417587309388,18.179428554341044,0.24790025721029488,1.0543195760670532,1.0491042757342546,1.0504922640177414,1.0507436936124215,3.0,False,0.0,0.24790038204558668,60.0,convergiu,False,0.0065510016049602675,[0.006551]
leaderless,C3_naolider_curta,13,pv4,830,95.33373708087285,71.74546063071513,23.58827645015772,0.2474282509057384,1.050745501940547,1.0450798551321032,1.0504922640177414,1.0507436936124215,4.0,False,0.0,0.2474284253658018,60.0,convergiu,False,0.0065510016049602675,[0.006551]
leaderless,C3_naolider_curta,13,pv5,850,66.00022784146515,49.32287558850596,16.67735225295919,0.25268617132912674,1.0552041870019553,1.0504922640177414,1.0504922640177414,1.0507436936124215,5.0,False,0.0,0.2526862830385794,60.0,convergiu,False,0.0065510016049602675,[0.006551]
leaderless,C3_naolider_curta,13,pv6,832,84.33378907349129,63.52884652165234,20.80494255183895,0.2466972893240328,1.0431065535815973,1.0370543284934863,1.0504922640177414,1.0507436936124215,6.0,False,0.0,0.2466975903775511,60.0,convergiu,False,0.0065510016049602675,[0.006551]
leaderless,C3_naolider_curta,14,pv2,816,62.500202384307045,51.34325755776753,11.156944826539515,0.17851042812954396,1.0526136226473173,1.0504672779172317,1.0504977861724876,1.0507655989240534,1.0,True,0.0,0.17851053918092388,68.0,convergiu,False,0.005932217401251995,[0.005932]
leaderless,C3_naolider_curta,14,pv1,824,75.00026022049671,62.4245174479868,12.575742772509912,0.1676758650838059,1.0516996381470516,1.0493458299364011,1.0504977861724876,1.0507655989240534,2.0,False,0.0,0.16767598853041185,68.0,convergiu,False,0.005932217401251995,[0.005932]
leaderless,C3_naolider_curta,14,pv3,828,50.00017464108202,41.896386337696924,8.103788303385095,0.16207507442450148,1.0515841347802244,1.0492185478025788,1.0504977861724876,1.0507655989240534,3.0,False,0.0,0.16207519996793607,68.0,convergiu,False,0.005932217401251995,[0.005932]
leaderless,C3_naolider_curta,14,pv4,830,65.000269565776,54.47897035441216,10.521299211363832,0.1618653067961249,1.0483035673740262,1.0457345610855262,1.0504977861724876,1.0507655989240534,4.0,False,0.0,0.16186547043034907,68.0,convergiu,False,0.005932217401251995,[0.005932]
leaderless,C3_naolider_curta,14,pv5,850,45.00014513832716,37.480902426660364,7.519242711666799,0.16709363140731331,1.0526360952837719,1.0504977861724876,1.0504977861724876,1.0507655989240534,5.0,False,0.0,0.1670937435546751,68.0,convergiu,False,0.005932217401251995,[0.005932]
leaderless,C3_naolider_curta,14,pv6,832,57.50032271332255,48.208838644062105,9.291484069260441,0.1615898667333971,1.041720637091087,1.038975961817025,1.0504977861724876,1.0507655989240534,6.0,False,0.0,0.16159012038218787,68.0,convergiu,False,0.005932217401251995,[0.005932]
leaderless,C3_naolider_curta,15,pv2,816,28.12494777047005,28.12494777047005,0.0,0.0,1.0386370242003247,1.0386370242003247,1.0387127583056501,1.0502955100132891,1.0,True,0.0,0.0,0.0,sem_sobretensao,False,0.0,[0.0]
leaderless,C3_naolider_curta,15,pv1,824,33.74993265576542,33.74993265576542,0.0,0.0,1.0361657626140055,1.0361657626140055,1.0387127583056501,1.0502955100132891,2.0,False,0.0,0.0,0.0,sem_sobretensao,False,0.0,[0.0]
leaderless,C3_naolider_curta,15,pv3,828,22.499954834109623,22.499954834109623,0.0,0.0,1.0359378482600161,1.0359378482600161,1.0387127583056501,1.0502955100132891,3.0,False,0.0,0.0,0.0,sem_sobretensao,False,0.0,[0.0]
leaderless,C3_naolider_curta,15,pv4,830,29.24993235059052,29.24993235059052,0.0,0.0,1.0302157541130381,1.0302157541130381,1.0387127583056501,1.0502955100132891,4.0,False,0.0,0.0,0.0,sem_sobretensao,False,0.0,[0.0]
leaderless,C3_naolider_curta,15,pv5,850,20.24996254640969,20.24996254640969,0.0,0.0,1.0387127583056501,1.0387127583056501,1.0387127583056501,1.0502955100132891,5.0,False,0.0,0.0,0.0,sem_sobretensao,False,0.0,[0.0]
leaderless,C3_naolider_curta,15,pv6,832,25.874924488489178,25.874924488489178,0.0,0.0,1.0199321297314488,1.0199321297314488,1.0387127583056501,1.0502955100132891,6.0,False,0.0,0.0,0.0,sem_sobretensao,False,0.0,[0.0]
leaderless,C3_naolider_curta,16,pv2,816,3.1250322945966147,3.1250322945966147,0.0,0.0,1.0394703803118943,1.0394703803118943,1.0395419414769758,1.0504162382879947,1.0,True,0.0,0.0,0.0,sem_sobretensao,False,0.0,[0.0]
leaderless,C3_naolider_curta,16,pv1,824,3.7500421409592146,3.7500421409592146,0.0,0.0,1.0372492372289965,1.0372492372289965,1.0395419414769758,1.0504162382879947,2.0,False,0.0,0.0,0.0,sem_sobretensao,False,0.0,[0.0]
leaderless,C3_naolider_curta,16,pv3,828,2.500028276790932,2.500028276790932,0.0,0.0,1.0370563779560689,1.0370563779560689,1.0395419414769758,1.0504162382879947,3.0,False,0.0,0.0,0.0,sem_sobretensao,False,0.0,[0.0]
leaderless,C3_naolider_curta,16,pv4,830,3.250042548739909,3.250042548739909,0.0,0.0,1.0323888508528631,1.0323888508528631,1.0395419414769758,1.0504162382879947,4.0,False,0.0,0.0,0.0,sem_sobretensao,False,0.0,[0.0]
leaderless,C3_naolider_curta,16,pv5,850,2.2500231591707642,2.2500231591707642,0.0,0.0,1.0395419414769758,1.0395419414769758,1.0395419414769758,1.0504162382879947,5.0,False,0.0,0.0,0.0,sem_sobretensao,False,0.0,[0.0]
leaderless,C3_naolider_curta,16,pv6,832,2.8750471329313547,2.8750471329313547,0.0,0.0,1.0244469035472554,1.0244469035472554,1.0395419414769758,1.0504162382879947,6.0,False,0.0,0.0,0.0,sem_sobretensao,False,0.0,[0.0]
leaderless,C3_naolider_curta,17,pv2,816,-0.0,-0.0,0.0,0.0,1.0319530456641128,1.0319530456641128,1.0320537436109634,1.0501995250985579,1.0,True,0.0,,0.0,sem_sobretensao,False,,[null]
leaderless,C3_naolider_curta,17,pv1,824,-0.0,-0.0,0.0,0.0,1.0288097422283975,1.0288097422283975,1.0320537436109634,1.0501995250985579,2.0,False,0.0,,0.0,sem_sobretensao,False,,[null]
leaderless,C3_naolider_curta,17,pv3,828,-0.0,-0.0,0.0,0.0,1.0285410077167665,1.0285410077167665,1.0320537436109634,1.0501995250985579,3.0,False,0.0,,0.0,sem_sobretensao,False,,[null]
leaderless,C3_naolider_curta,17,pv4,830,-0.0,-0.0,0.0,0.0,1.0220651174905708,1.0220651174905708,1.0320537436109634,1.0501995250985579,4.0,False,0.0,,0.0,sem_sobretensao,False,,[null]
leaderless,C3_naolider_curta,17,pv5,850,-0.0,-0.0,0.0,0.0,1.0320537436109634,1.0320537436109634,1.0320537436109634,1.0501995250985579,5.0,False,0.0,,0.0,sem_sobretensao,False,,[null]
leaderless,C3_naolider_curta,17,pv6,832,-0.0,-0.0,0.0,0.0,1.0109757984235852,1.0109757984235852,1.0320537436109634,1.0501995250985579,6.0,False,0.0,,0.0,sem_sobretensao,False,,[null]
leaderless,C3_naolider_curta,18,pv2,816,-0.0,-0.0,0.0,0.0,1.035368449501018,1.035368449501018,1.0354558554930642,1.0503034017860868,1.0,True,0.0,,0.0,sem_sobretensao,False,,[null]
leaderless,C3_naolider_curta,18,pv1,824,-0.0,-0.0,0.0,0.0,1.0326523500430973,1.0326523500430973,1.0354558554930642,1.0503034017860868,2.0,False,0.0,,0.0,sem_sobretensao,False,,[null]
leaderless,C3_naolider_curta,18,pv3,828,-0.0,-0.0,0.0,0.0,1.0324195763808066,1.0324195763808066,1.0354558554930642,1.0503034017860868,3.0,False,0.0,,0.0,sem_sobretensao,False,,[null]
leaderless,C3_naolider_curta,18,pv4,830,-0.0,-0.0,0.0,0.0,1.02681295674242,1.02681295674242,1.0354558554930642,1.0503034017860868,4.0,False,0.0,,0.0,sem_sobretensao,False,,[null]
leaderless,C3_naolider_curta,18,pv5,850,-0.0,-0.0,0.0,0.0,1.0354558554930642,1.0354558554930642,1.0354558554930642,1.0503034017860868,5.0,False,0.0,,0.0,sem_sobretensao,False,,[null]
leaderless,C3_naolider_curta,18,pv6,832,-0.0,-0.0,0.0,0.0,1.0172650561019754,1.0172650561019754,1.0354558554930642,1.0503034017860868,6.0,False,0.0,,0.0,sem_sobretensao,False,,[null]
leaderless,C3_naolider_curta,19,pv2,816,-0.0,-0.0,0.0,0.0,1.0124638034940296,1.0124638034940296,1.012640339769449,1.0496066048479267,1.0,True,0.0,,0.0,sem_sobretensao,False,,[null]
leaderless,C3_naolider_curta,19,pv1,824,-0.0,-0.0,0.0,0.0,1.0068862241138117,1.0068862241138117,1.012640339769449,1.0496066048479267,2.0,False,0.0,,0.0,sem_sobretensao,False,,[null]
leaderless,C3_naolider_curta,19,pv3,828,-0.0,-0.0,0.0,0.0,1.0064125502225403,1.0064125502225403,1.012640339769449,1.0496066048479267,3.0,False,0.0,,0.0,sem_sobretensao,False,,[null]
leaderless,C3_naolider_curta,19,pv4,830,-0.0,-0.0,0.0,0.0,0.9949844738133676,0.9949844738133676,1.012640339769449,1.0496066048479267,4.0,False,0.0,,0.0,sem_sobretensao,False,,[null]
leaderless,C3_naolider_curta,19,pv5,850,-0.0,-0.0,0.0,0.0,1.012640339769449,1.012640339769449,1.012640339769449,1.0496066048479267,5.0,False,0.0,,0.0,sem_sobretensao,False,,[null]
leaderless,C3_naolider_curta,19,pv6,832,-0.0,-0.0,0.0,0.0,0.975106227573592,0.975106227573592,1.012640339769449,1.0496066048479267,6.0,False,0.0,,0.0,sem_sobretensao,False,,[null]
leaderless,C3_naolider_curta,20,pv2,816,-0.0,-0.0,0.0,0.0,1.0078351504741656,1.0078351504741656,1.0080296961644228,1.0494657402550032,1.0,True,0.0,,0.0,sem_sobretensao,False,,[null]
leaderless,C3_naolider_curta,20,pv1,824,-0.0,-0.0,0.0,0.0,1.00168032528244,1.00168032528244,1.0080296961644228,1.0494657402550032,2.0,False,0.0,,0.0,sem_sobretensao,False,,[null]
leaderless,C3_naolider_curta,20,pv3,828,-0.0,-0.0,0.0,0.0,1.001158047785484,1.001158047785484,1.0080296961644228,1.0494657402550032,3.0,False,0.0,,0.0,sem_sobretensao,False,,[null]
leaderless,C3_naolider_curta,20,pv4,830,-0.0,-0.0,0.0,0.0,0.9885559519361026,0.9885559519361026,1.0080296961644228,1.0494657402550032,4.0,False,0.0,,0.0,sem_sobretensao,False,,[null]
leaderless,C3_naolider_curta,20,pv5,850,-0.0,-0.0,0.0,0.0,1.0080296961644228,1.0080296961644228,1.0080296961644228,1.0494657402550032,5.0,False,0.0,,0.0,sem_sobretensao,False,,[null]
leaderless,C3_naolider_curta,20,pv6,832,-0.0,-0.0,0.0,0.0,0.9665920784800835,0.9665920784800835,1.0080296961644228,1.0494657402550032,6.0,False,0.0,,0.0,sem_sobretensao,False,,[null]
leaderless,C3_naolider_curta,21,pv2,816,-0.0,-0.0,0.0,0.0,1.0061895964378378,1.0061895964378378,1.0063905442901253,1.0494156571369113,1.0,True,0.0,,0.0,sem_sobretensao,False,,[null]
leaderless,C3_naolider_curta,21,pv1,824,-0.0,-0.0,0.0,0.0,0.9998296239446813,0.9998296239446813,1.0063905442901253,1.0494156571369113,2.0,False,0.0,,0.0,sem_sobretensao,False,,[null]
leaderless,C3_naolider_curta,21,pv3,828,-0.0,-0.0,0.0,0.0,0.9992900728255069,0.9992900728255069,1.0063905442901253,1.0494156571369113,3.0,False,0.0,,0.0,sem_sobretensao,False,,[null]
leaderless,C3_naolider_curta,21,pv4,830,-0.0,-0.0,0.0,0.0,0.9862707730472382,0.9862707730472382,1.0063905442901253,1.0494156571369113,4.0,False,0.0,,0.0,sem_sobretensao,False,,[null]
leaderless,C3_naolider_curta,21,pv5,850,-0.0,-0.0,0.0,0.0,1.0063905442901253,1.0063905442901253,1.0063905442901253,1.0494156571369113,5.0,False,0.0,,0.0,sem_sobretensao,False,,[null]
leaderless,C3_naolider_curta,21,pv6,832,-0.0,-0.0,0.0,0.0,0.963565563609644,0.963565563609644,1.0063905442901253,1.0494156571369113,6.0,False,0.0,,0.0,sem_sobretensao,False,,[null]
leaderless,C3_naolider_curta,22,pv2,816,-0.0,-0.0,0.0,0.0,1.005861808419378,1.005861808419378,1.0060640314884584,1.049405687339917,1.0,True,0.0,,0.0,sem_sobretensao,False,,[null]
leaderless,C3_naolider_curta,22,pv1,824,-0.0,-0.0,0.0,0.0,0.9994609737243804,0.9994609737243804,1.0060640314884584,1.049405687339917,2.0,False,0.0,,0.0,sem_sobretensao,False,,[null]
leaderless,C3_naolider_curta,22,pv3,828,-0.0,-0.0,0.0,0.0,0.998917981930852,0.998917981930852,1.0060640314884584,1.049405687339917,3.0,False,0.0,,0.0,sem_sobretensao,False,,[null]
leaderless,C3_naolider_curta,22,pv4,830,-0.0,-0.0,0.0,0.0,0.9858155814373928,0.9858155814373928,1.0060640314884584,1.049405687339917,4.0,False,0.0,,0.0,sem_sobretensao,False,,[null]
leaderless,C3_naolider_curta,22,pv5,850,-0.0,-0.0,0.0,0.0,1.0060640314884584,1.0060640314884584,1.0060640314884584,1.049405687339917,5.0,False,0.0,,0.0,sem_sobretensao,False,,[null]
leaderless,C3_naolider_curta,22,pv6,832,-0.0,-0.0,0.0,0.0,0.9629627164790315,0.9629627164790315,1.0060640314884584,1.049405687339917,6.0,False,0.0,,0.0,sem_sobretensao,False,,[null]
leaderless,C3_naolider_curta,23,pv2,816,-0.0,-0.0,0.0,0.0,1.0157857990852877,1.0157857990852877,1.0159494099998208,1.0497076999321218,1.0,True,0.0,,0.0,sem_sobretensao,False,,[null]
leaderless,C3_naolider_curta,23,pv1,824,-0.0,-0.0,0.0,0.0,1.0106227444912799,1.0106227444912799,1.0159494099998208,1.0497076999321218,2.0,False,0.0,,0.0,sem_sobretensao,False,,[null]
leaderless,C3_naolider_curta,23,pv3,828,-0.0,-0.0,0.0,0.0,1.010183972127752,1.010183972127752,1.0159494099998208,1.0497076999321218,3.0,False,0.0,,0.0,sem_sobretensao,False,,[null]
leaderless,C3_naolider_curta,23,pv4,830,-0.0,-0.0,0.0,0.0,0.9995990501550605,0.9995990501550605,1.0159494099998208,1.0497076999321218,4.0,False,0.0,,0.0,sem_sobretensao,False,,[null]
leaderless,C3_naolider_curta,23,pv5,850,-0.0,-0.0,0.0,0.0,1.0159494099998208,1.0159494099998208,1.0159494099998208,1.0497076999321218,5.0,False,0.0,,0.0,sem_sobretensao,False,,[null]
leaderless,C3_naolider_curta,23,pv6,832,-0.0,-0.0,0.0,0.0,0.9812181271943435,0.9812181271943435,1.0159494099998208,1.0497076999321218,6.0,False,0.0,,0.0,sem_sobretensao,False,,[null]
leaderless,C3_naolider_longa,0,pv2,816,-0.0,-0.0,0.0,0.0,1.0450262948633384,1.0450262948633384,1.0450761113146874,1.0505970659065018,1.0,True,0.0,,0.0,sem_sobretensao,False,,[null]
leaderless,C3_naolider_longa,0,pv1,824,-0.0,-0.0,0.0,0.0,1.0435191673339033,1.0435191673339033,1.0450761113146874,1.0505970659065018,2.0,False,0.0,,0.0,sem_sobretensao,False,,[null]
leaderless,C3_naolider_longa,0,pv3,828,-0.0,-0.0,0.0,0.0,1.0433881517951473,1.0433881517951473,1.0450761113146874,1.0505970659065018,3.0,False,0.0,,0.0,sem_sobretensao,False,,[null]
leaderless,C3_naolider_longa,0,pv4,830,-0.0,-0.0,0.0,0.0,1.0402417834114022,1.0402417834114022,1.0450761113146874,1.0505970659065018,4.0,False,0.0,,0.0,sem_sobretensao,False,,[null]
leaderless,C3_naolider_longa,0,pv5,850,-0.0,-0.0,0.0,0.0,1.0450761113146874,1.0450761113146874,1.0450761113146874,1.0505970659065018,5.0,False,0.0,,0.0,sem_sobretensao,False,,[null]
leaderless,C3_naolider_longa,0,pv6,832,-0.0,-0.0,0.0,0.0,1.035054528358762,1.035054528358762,1.0450761113146874,1.0505970659065018,6.0,False,0.0,,0.0,sem_sobretensao,False,,[null]
leaderless,C3_naolider_longa,1,pv2,816,-0.0,-0.0,0.0,0.0,1.045026590394128,1.045026590394128,1.0450764055625177,1.0505970903489996,1.0,True,0.0,,0.0,sem_sobretensao,False,,[null]
leaderless,C3_naolider_longa,1,pv1,824,-0.0,-0.0,0.0,0.0,1.0435194971179793,1.0435194971179793,1.0450764055625177,1.0505970903489996,2.0,False,0.0,,0.0,sem_sobretensao,False,,[null]
leaderless,C3_naolider_longa,1,pv3,828,-0.0,-0.0,0.0,0.0,1.043388484707053,1.043388484707053,1.0450764055625177,1.0505970903489996,3.0,False,0.0,,0.0,sem_sobretensao,False,,[null]
leaderless,C3_naolider_longa,1,pv4,830,-0.0,-0.0,0.0,0.0,1.0402421909746449,1.0402421909746449,1.0450764055625177,1.0505970903489996,4.0,False,0.0,,0.0,sem_sobretensao,False,,[null]
leaderless,C3_naolider_longa,1,pv5,850,-0.0,-0.0,0.0,0.0,1.0450764055625177,1.0450764055625177,1.0450764055625177,1.0505970903489996,5.0,False,0.0,,0.0,sem_sobretensao,False,,[null]
leaderless,C3_naolider_longa,1,pv6,832,-0.0,-0.0,0.0,0.0,1.035055078078631,1.035055078078631,1.0450764055625177,1.0505970903489996,6.0,False,0.0,,0.0,sem_sobretensao,False,,[null]
leaderless,C3_naolider_longa,2,pv2,816,-0.0,-0.0,0.0,0.0,1.044957170134863,1.044957170134863,1.0450072554978005,1.050594980095696,1.0,True,0.0,,0.0,sem_sobretensao,False,,[null]
leaderless,C3_naolider_longa,2,pv1,824,-0.0,-0.0,0.0,0.0,1.0434413812534848,1.0434413812534848,1.0450072554978005,1.050594980095696,2.0,False,0.0,,0.0,sem_sobretensao,False,,[null]
leaderless,C3_naolider_longa,2,pv3,828,-0.0,-0.0,0.0,0.0,1.0433096369965245,1.0433096369965245,1.0450072554978005,1.050594980095696,3.0,False,0.0,,0.0,sem_sobretensao,False,,[null]
leaderless,C3_naolider_longa,2,pv4,830,-0.0,-0.0,0.0,0.0,1.0401456464219776,1.0401456464219776,1.0450072554978005,1.050594980095696,4.0,False,0.0,,0.0,sem_sobretensao,False,,[null]
leaderless,C3_naolider_longa,2,pv5,850,-0.0,-0.0,0.0,0.0,1.0450072554978005,1.0450072554978005,1.0450072554978005,1.050594980095696,5.0,False,0.0,,0.0,sem_sobretensao,False,,[null]
leaderless,C3_naolider_longa,2,pv6,832,-0.0,-0.0,0.0,0.0,1.0349271785104097,1.0349271785104097,1.0450072554978005,1.050594980095696,6.0,False,0.0,,0.0,sem_sobretensao,False,,[null]
leaderless,C3_naolider_longa,3,pv2,816,-0.0,-0.0,0.0,0.0,1.0449571021647743,1.0449571021647743,1.045007187805771,1.0505949776249721,1.0,True,0.0,,0.0,sem_sobretensao,False,,[null]
leaderless,C3_naolider_longa,3,pv1,824,-0.0,-0.0,0.0,0.0,1.0434413052741978,1.0434413052741978,1.045007187805771,1.0505949776249721,2.0,False,0.0,,0.0,sem_sobretensao,False,,[null]
leaderless,C3_naolider_longa,3,pv3,828,-0.0,-0.0,0.0,0.0,1.0433095603397917,1.0433095603397917,1.045007187805771,1.0505949776249721,3.0,False,0.0,,0.0,sem_sobretensao,False,,[null]
leaderless,C3_naolider_longa,3,pv4,830,-0.0,-0.0,0.0,0.0,1.04014555352833,1.04014555352833,1.045007187805771,1.0505949776249721,4.0,False,0.0,,0.0,sem_sobretensao,False,,[null]
leaderless,C3_naolider_longa,3,pv5,850,-0.0,-0.0,0.0,0.0,1.045007187805771,1.045007187805771,1.045007187805771,1.0505949776249721,5.0,False,0.0,,0.0,sem_sobretensao,False,,[null]
leaderless,C3_naolider_longa,3,pv6,832,-0.0,-0.0,0.0,0.0,1.034927055347267,1.034927055347267,1.045007187805771,1.0505949776249721,6.0,False,0.0,,0.0,sem_sobretensao,False,,[null]
leaderless,C3_naolider_longa,4,pv2,816,-0.0,-0.0,0.0,0.0,1.0450265231229214,1.0450265231229214,1.0450763385661972,1.0505970879234297,1.0,True,0.0,,0.0,sem_sobretensao,False,,[null]
leaderless,C3_naolider_longa,4,pv1,824,-0.0,-0.0,0.0,0.0,1.0435194219130088,1.0435194219130088,1.0450763385661972,1.0505970879234297,2.0,False,0.0,,0.0,sem_sobretensao,False,,[null]
leaderless,C3_naolider_longa,4,pv3,828,-0.0,-0.0,0.0,0.0,1.043388408831456,1.043388408831456,1.0450763385661972,1.0505970879234297,3.0,False,0.0,,0.0,sem_sobretensao,False,,[null]
leaderless,C3_naolider_longa,4,pv4,830,-0.0,-0.0,0.0,0.0,1.040242099025251,1.040242099025251,1.0450763385661972,1.0505970879234297,4.0,False,0.0,,0.0,sem_sobretensao,False,,[null]
leaderless,C3_naolider_longa,4,pv5,850,-0.0,-0.0,0.0,0.0,1.0450763385661972,1.0450763385661972,1.0450763385661972,1.0505970879234297,5.0,False,0.0,,0.0,sem_sobretensao,False,,[null]
leaderless,C3_naolider_longa,4,pv6,832,-0.0,-0.0,0.0,0.0,1.035054956170033,1.035054956170033,1.0450763385661972,1.0505970879234297,6.0,False,0.0,,0.0,sem_sobretensao,False,,[null]
leaderless,C3_naolider_longa,5,pv2,816,-0.0,-0.0,0.0,0.0,1.046437942275659,1.046437942275659,1.0464804756969754,1.0506393917986803,1.0,True,0.0,,0.0,sem_sobretensao,False,,[null]
leaderless,C3_naolider_longa,5,pv1,824,-0.0,-0.0,0.0,0.0,1.0450850714048536,1.0450850714048536,1.0464804756969754,1.0506393917986803,2.0,False,0.0,,0.0,sem_sobretensao,False,,[null]
leaderless,C3_naolider_longa,5,pv3,828,-0.0,-0.0,0.0,0.0,1.044968726726859,1.044968726726859,1.0464804756969754,1.0506393917986803,3.0,False,0.0,,0.0,sem_sobretensao,False,,[null]
leaderless,C3_naolider_longa,5,pv4,830,-0.0,-0.0,0.0,0.0,1.0421771197491476,1.0421771197491476,1.0464804756969754,1.0506393917986803,4.0,False,0.0,,0.0,sem_sobretensao,False,,[null]
leaderless,C3_naolider_longa,5,pv5,850,-0.0,-0.0,0.0,0.0,1.0464804756969754,1.0464804756969754,1.0464804756969754,1.0506393917986803,5.0,False,0.0,,0.0,sem_sobretensao,False,,[null]
leaderless,C3_naolider_longa,5,pv6,832,-0.0,-0.0,0.0,0.0,1.0376184354041749,1.0376184354041749,1.0464804756969754,1.0506393917986803,6.0,False,0.0,,0.0,sem_sobretensao,False,,[null]
leaderless,C3_naolider_longa,6,pv2,816,15.625241782068512,15.625241782068512,0.0,0.0,1.04834074378191,1.04834074378191,1.048378245454802,1.0506384889471005,1.0,True,0.0,0.0,0.0,sem_sobretensao,False,0.0,[0.0]
leaderless,C3_naolider_longa,6,pv1,824,18.7503236717592,18.7503236717592,0.0,0.0,1.047157904836951,1.047157904836951,1.048378245454802,1.0506384889471005,2.0,False,0.0,0.0,0.0,sem_sobretensao,False,0.0,[0.0]
leaderless,C3_naolider_longa,6,pv3,828,12.50021771214404,12.50021771214404,0.0,0.0,1.047045538729875,1.047045538729875,1.048378245454802,1.0506384889471005,3.0,False,0.0,0.0,0.0,sem_sobretensao,False,0.0,[0.0]
leaderless,C3_naolider_longa,6,pv4,830,16.250349249231206,16.250349249231206,0.0,0.0,1.044222209515069,1.044222209515069,1.048378245454802,1.0506384889471005,4.0,False,0.0,0.0,0.0,sem_sobretensao,False,0.0,[0.0]
leaderless,C3_naolider_longa,6,pv5,850,11.250173385025839,11.250173385025839,0.0,0.0,1.048378245454802,1.048378245454802,1.048378245454802,1.0506384889471005,5.0,False,0.0,0.0,0.0,sem_sobretensao,False,0.0,[0.0]
leaderless,C3_naolider_longa,6,pv6,832,14.375428037447021,14.375428037447021,0.0,0.0,1.039316562019864,1.039316562019864,1.048378245454802,1.0506384889471005,6.0,False,0.0,0.0,0.0,sem_sobretensao,False,0.0,[0.0]
leaderless,C3_naolider_longa,7,pv2,816,46.87517293313687,18.61656406956319,28.258608863573677,0.602848037542058,1.0562538666391135,1.050465171521414,1.050494507792812,1.0507967743424311,1.0,True,0.0,0.602848098371434,112.0,convergiu,False,0.0056286640961100256,[0.005629]
leaderless,C3_naolider_longa,7,pv1,824,56.250221496230566,22.921835003297264,33.328386492933305,0.592502246903585,1.0558852978158422,1.0495318067162605,1.050494507792812,1.0507967743424311,2.0,False,0.0,0.5925023156605117,112.0,convergiu,False,0.0056286640961100256,[0.005629]
leaderless,C3_naolider_longa,7,pv3,828,37.500148594787916,15.481335540840464,22.018813053947454,0.5871659512264399,1.0558243986090114,1.0494385326020441,1.050494507792812,1.0507967743424311,3.0,False,0.0,0.587166021443654,112.0,convergiu,False,0.0056286640961100256,[0.005629]
leaderless,C3_naolider_longa,7,pv4,830,48.75022589866943,20.13155181869795,28.618674079971477,0.5870469196895914,1.053993713057545,1.0470467783556865,1.050494507792812,1.0507967743424311,4.0,False,0.0,0.5870470044478827,112.0,convergiu,False,0.0056286640961100256,[0.005629]
leaderless,C3_naolider_longa,7,pv5,850,33.750124023076154,13.764232247532373,19.98589177554378,0.5921723328190822,1.0562616463457974,1.050494507792812,1.050494507792812,1.0507967743424311,5.0,False,0.0,0.5921723950370884,112.0,convergiu,False,0.0056286640961100256,[0.005629]
leaderless,C3_naolider_longa,7,pv6,832,43.12526281682057,17.815542567425307,25.309720249395266,0.5868883730660004,1.0502737503980755,1.0428373103003945,1.050494507792812,1.0507967743424311,6.0,False,0.0,0.5868884870777753,112.0,convergiu,False,0.0056286640961100256,[0.005629]
leaderless,C3_naolider_longa,8,pv2,816,85.4169951835115,37.76369215885461,47.65330302465689,0.5578900824506678,1.0600225764112021,1.050458782286314,1.0504888723268424,1.050777351199327,1.0,True,0.0,0.5578901824195247,71.0,convergiu,False,0.006457782905362156,[0.006458]
leaderless,C3_naolider_longa,8,pv1,824,102.50042182299924,46.50469541301432,55.995726409984925,0.5462974088245542,1.0599113579217716,1.049413393888299,1.0504888723268424,1.050777351199327,2.0,False,0.0,0.5462975216500084,71.0,convergiu,False,0.006457782905362156,[0.006458]
leaderless,C3_naolider_longa,8,pv3,828,68.33361550646671,31.40982521315692,36.92379029330979,0.5403458040053035,1.0598511737996503,1.0492998340560133,1.0504888723268424,1.050777351199327,3.0,False,0.0,0.5403459193493945,71.0,convergiu,False,0.006457782905362156,[0.006458]
leaderless,C3_naolider_longa,8,pv4,830,88.83371850555443,40.87413459822218,47.95958390733225,0.5398802600781691,1.0577281150251405,1.0462548269136773,1.0504888723268424,1.050777351199327,4.0,False,0.0,0.5398804048074778,71.0,convergiu,False,0.006457782905362156,[0.006458]
leaderless,C3_naolider_longa,8,pv5,850,61.500235620248716,27.97946767135111,33.52076794889761,0.545050946702838,1.060016924979191,1.0504888723268424,1.0504888723268424,1.050777351199327,5.0,False,0.0,0.5450510491680299,71.0,convergiu,False,0.006457782905362156,[0.006458]
leaderless,C3_naolider_longa,8,pv6,832,78.58368138197022,36.21947713094316,42.36420425102706,0.5390965020494826,1.0527861135197871,1.0405174242811683,1.0504888723268424,1.050777351199327,6.0,False,0.0,0.5390967120146506,71.0,convergiu,False,0.006457782905362156,[0.006458]
leaderless,C3_naolider_longa,9,pv2,816,109.37601310477916,43.856617468068166,65.519395636711,0.5990288168023001,1.0634560310644599,1.0504551926328072,1.050485530723397,1.050768760393735,1.0,True,0.0,0.5990289257841684,59.0,convergiu,False,0.007244744807674707,[0.007245]
leaderless,C3_naolider_longa,9,pv1,824,131.25131079088757,54.29578728986202,76.95552350102555,0.5863218189256968,1.063645008559301,1.0493740704654682,1.050485530723397,1.050768760393735,2.0,False,0.0,0.5863219425185989,59.0,convergiu,False,0.007244744807674707,[0.007245]
leaderless,C3_naolider_longa,9,pv3,828,87.50087713617727,36.760411438825486,50.74046569735178,0.5798850968194208,1.0635972316987172,1.0492539096696072,1.050485530723397,1.050768760393735,3.0,False,0.0,0.5798852235319264,59.0,convergiu,False,0.007244744807674707,[0.007245]
leaderless,C3_naolider_longa,9,pv4,830,113.75120271145519,47.88275526563715,65.86844744581805,0.5790569900714881,1.0615841263923187,1.045994617760852,1.050485530723397,1.050768760393735,4.0,False,0.0,0.5790571517111954,59.0,convergiu,False,0.007244744807674707,[0.007245]
leaderless,C3_naolider_longa,9,pv5,850,78.75072660212736,32.74787341046579,46.002853191661565,0.5841577127098435,1.0634377085194273,1.050485530723397,1.050485530723397,1.050768760393735,5.0,False,0.0,0.5841578252868952,59.0,convergiu,False,0.007244744807674707,[0.007245]
leaderless,C3_naolider_longa,9,pv6,832,100.626082698693,42.51932947956681,58.10675321912619,0.5774519620584213,1.0564042287004576,1.0397522203228988,1.050485530723397,1.050768760393735,6.0,False,0.0,0.5774522038497373,59.0,convergiu,False,0.007244744807674707,[0.007245]
leaderless,C3_naolider_longa,10,pv2,816,122.91832475882173,38.89396553642439,84.02435922239734,0.6835787160280253,1.0647988826989685,1.0504654480213091,1.0504947243916922,1.0507656051780287,1.0,True,0.0,0.6835787860537612,52.0,convergiu,False,0.2138258508743379,"[0.006598, 0.0]"
leaderless,C3_naolider_longa,10,pv1,824,147.50215670576648,48.32473005664694,99.17742664911954,0.6723794240922585,1.0650831816200754,1.0494485558319067,1.0504947243916922,1.0507656051780287,2.0,False,0.0,0.6723795018601397,52.0,convergiu,False,0.2138258508743379,"[0.006598, 0.0]"
leaderless,C3_naolider_longa,10,pv3,828,98.3347767771465,32.902185442627086,65.43259133451942,0.665406335434181,1.0650361551409917,1.0493358455877606,1.0504947243916922,1.0507656051780287,3.0,False,0.0,0.6654064155024988,52.0,convergiu,False,0.2138258508743379,"[0.006598, 0.0]"
leaderless,C3_naolider_longa,10,pv4,830,127.83531369216502,42.70515996446382,85.1301537277012,0.6659360272334063,1.0629336672519722,1.0462977990692013,1.0504947243916922,1.0507656051780287,4.0,False,0.0,0.6659361272637045,52.0,convergiu,False,0.2138258508743379,"[0.006598, 0.0]"
leaderless,C3_naolider_longa,10,pv5,850,88.50118918741761,28.86328811006245,59.63790107735516,0.673865461713598,1.0647757090247296,1.0504947243916922,1.0504947243916922,1.0507656051780287,5.0,False,0.0,0.6738655336151573,52.0,convergiu,False,0.2138258508743379,"[0.006598, 0.0]"
leaderless,C3_naolider_longa,10,pv6,832,113.08509904362478,101.92292402576915,11.162175017855631,0.09870557388470091,1.0573508157047877,1.040572140904281,1.0504947243916922,1.0507656051780287,6.0,False,1.0,0.09870597551981278,52.0,convergiu,False,0.2138258508743379,"[0.006598, 0.0]"
leaderless,C3_naolider_longa,11,pv2,816,125.00096066200649,69.85160324712804,55.14935741487845,0.4411913532774761,1.0612357577953113,1.0504631346570303,1.05049432458107,1.050740316483653,1.0,True,0.0,0.4411914686319756,52.0,convergiu,False,0.007857178567034795,[0.007857]
leaderless,C3_naolider_longa,11,pv1,824,150.00123866554478,85.86688972741594,64.13434893812884,0.4275586664789547,1.0610597612831494,1.0492354391838346,1.05049432458107,1.050740316483653,2.0,False,0.0,0.4275587955718693,52.0,convergiu,False,0.007857178567034795,[0.007857]
leaderless,C3_naolider_longa,11,pv3,828,100.00082786662387,57.93245715533661,42.06837071128726,0.4206800921542211,1.0609725816924345,1.0490884004525796,1.05049432458107,1.050740316483653,3.0,False,0.0,0.4206802244417012,52.0,convergiu,False,0.007857178567034795,[0.007857]
leaderless,C3_naolider_longa,11,pv4,830,130.00108663064086,75.44763124449271,54.553455386148144,0.419638270022882,1.057877937140885,1.044962792215111,1.05049432458107,1.050740316483653,4.0,False,0.0,0.4196384568780217,52.0,convergiu,False,0.007857178567034795,[0.007857]
leaderless,C3_naolider_longa,11,pv5,850,90.00068897741356,51.76426645686857,38.23642252054499,0.424845768532964,1.0612265378196852,1.05049432458107,1.05049432458107,1.050740316483653,5.0,False,0.0,0.4248458867924972,52.0,convergiu,False,0.007857178567034795,[0.007857]
leaderless,C3_naolider_longa,11,pv6,832,115.00086132093382,66.97569383869455,48.02516748223927,0.4176066961565772,1.0504893278562248,1.0366916567343005,1.05049432458107,1.050740316483653,6.0,False,0.0,0.4176070242484102,52.0,convergiu,False,0.007857178567034795,[0.007857]
leaderless,C3_naolider_longa,12,pv2,816,114.58396778267415,73.41529493210393,41.16867285057022,0.3592881368358577,1.0584759980523875,1.0504644472216693,1.0504957325274702,1.050736630520749,1.0,True,0.0,0.3592882464033087,54.0,convergiu,False,0.007378821429491375,[0.007379]
leaderless,C3_naolider_longa,12,pv1,824,137.50081169880733,89.8831769627818,47.61763473602552,0.34630790458177274,1.0580095021842808,1.049217188250427,1.0504957325274702,1.050736630520749,2.0,False,0.0,0.3463080264597344,54.0,convergiu,False,0.007378821429491375,[0.007379]
leaderless,C3_naolider_longa,12,pv3,828,91.66720981717644,60.52871081789536,31.138498999281083,0.33969057883588666,1.0579033715498907,1.0490666577220367,1.0504957325274702,1.050736630520749,3.0,False,0.0,0.33969070359384285,54.0,convergiu,False,0.007378821429491375,[0.007379]
leaderless,C3_naolider_longa,12,pv4,830,119.1674207127229,78.7841322156005,40.38328849712241,0.33887841772397576,1.0544313943894754,1.0448300680182707,1.0504957325274702,1.050736630520749,4.0,False,0.0,0.3388785983249102,54.0,convergiu,False,0.007378821429491375,[0.007379]
leaderless,C3_naolider_longa,12,pv5,850,82.50045501033,54.10667388983143,28.393781120498574,0.34416503400947407,1.05847723476357,1.0504957325274702,1.0504957325274702,1.050736630520749,5.0,False,0.0,0.3441651457188127,54.0,convergiu,False,0.007378821429491375,[0.007379]
leaderless,C3_naolider_longa,12,pv6,832,105.41738626806145,69.84755106614676,35.569835201914685,0.3374187309590479,1.0465580380118669,1.0363023967153322,1.0504957325274702,1.050736630520749,6.0,False,0.0,0.3374190582895467,54.0,convergiu,False,0.007378821429491375,[0.007379]
leaderless,C3_naolider_longa,13,pv2,816,91.66698437003416,67.30899929013147,24.35798507990269,0.265722442444124,1.0551908300164157,1.0504611846929535,1.0504922640177414,1.0507436936124215,1.0,True,0.0,0.2657225526431225,60.0,convergiu,False,0.006551001604959982,[0.006551]
leaderless,C3_naolider_longa,13,pv1,824,110.00040441486037,82.06444894084976,27.935955474010612,0.25396217556206047,1.054437479898161,1.0492483036930842,1.0504922640177414,1.0507436936124215,2.0,False,0.0,0.2539622978898488,60.0,convergiu,False,0.006551001604959982,[0.006551]
leaderless,C3_naolider_longa,13,pv3,828,73.33360442743486,55.15417587309378,18.179428554341087,0.24790025721029565,1.0543195760670527,1.0491042757342546,1.0504922640177414,1.0507436936124215,3.0,False,0.0,0.24790038204558745,60.0,convergiu,False,0.006551001604959982,[0.006551]
leaderless,C3_naolider_longa,13,pv4,830,95.33373708087281,71.745460630715,23.588276450157807,0.24742825090573922,1.0507455019405467,1.0450798551321032,1.0504922640177414,1.0507436936124215,4.0,False,0.0,0.2474284253658028,60.0,convergiu,False,0.006551001604959982,[0.006551]
leaderless,C3_naolider_longa,13,pv5,850,66.0002278414651,49.32287558850588,16.677352252959224,0.2526861713291276,1.0552041870019548,1.0504922640177414,1.0504922640177414,1.0507436936124215,5.0,False,0.0,0.2526862830385801,60.0,convergiu,False,0.006551001604959982,[0.006551]
leaderless,C3_naolider_longa,13,pv6,832,84.33378907349125,63.52884652165223,20.80494255183902,0.24669728932403373,1.0431065535815969,1.0370543284934863,1.0504922640177414,1.0507436936124215,6.0,False,0.0,0.24669759037755207,60.0,convergiu,False,0.006551001604959982,[0.006551]
leaderless,C3_naolider_longa,14,pv2,816,62.500202384307045,51.34325755776753,11.156944826539515,0.17851042812954396,1.0526136226473173,1.0504672779172317,1.0504977861724876,1.0507655989240534,1.0,True,0.0,0.17851053918092388,68.0,convergiu,False,0.005932217401251995,[0.005932]
leaderless,C3_naolider_longa,14,pv1,824,75.00026022049671,62.4245174479868,12.575742772509912,0.1676758650838059,1.0516996381470516,1.0493458299364011,1.0504977861724876,1.0507655989240534,2.0,False,0.0,0.16767598853041185,68.0,convergiu,False,0.005932217401251995,[0.005932]
leaderless,C3_naolider_longa,14,pv3,828,50.00017464108202,41.896386337696924,8.103788303385095,0.16207507442450148,1.0515841347802244,1.0492185478025788,1.0504977861724876,1.0507655989240534,3.0,False,0.0,0.16207519996793607,68.0,convergiu,False,0.005932217401251995,[0.005932]
leaderless,C3_naolider_longa,14,pv4,830,65.000269565776,54.47897035441216,10.521299211363832,0.1618653067961249,1.0483035673740262,1.0457345610855262,1.0504977861724876,1.0507655989240534,4.0,False,0.0,0.16186547043034907,68.0,convergiu,False,0.005932217401251995,[0.005932]
leaderless,C3_naolider_longa,14,pv5,850,45.00014513832716,37.480902426660364,7.519242711666799,0.16709363140731331,1.0526360952837719,1.0504977861724876,1.0504977861724876,1.0507655989240534,5.0,False,0.0,0.1670937435546751,68.0,convergiu,False,0.005932217401251995,[0.005932]
leaderless,C3_naolider_longa,14,pv6,832,57.50032271332255,48.208838644062105,9.291484069260441,0.1615898667333971,1.041720637091087,1.038975961817025,1.0504977861724876,1.0507655989240534,6.0,False,0.0,0.16159012038218787,68.0,convergiu,False,0.005932217401251995,[0.005932]
leaderless,C3_naolider_longa,15,pv2,816,28.12494777047005,28.12494777047005,0.0,0.0,1.0386370242003247,1.0386370242003247,1.0387127583056501,1.0502955100132891,1.0,True,0.0,0.0,0.0,sem_sobretensao,False,0.0,[0.0]
leaderless,C3_naolider_longa,15,pv1,824,33.74993265576542,33.74993265576542,0.0,0.0,1.0361657626140055,1.0361657626140055,1.0387127583056501,1.0502955100132891,2.0,False,0.0,0.0,0.0,sem_sobretensao,False,0.0,[0.0]
leaderless,C3_naolider_longa,15,pv3,828,22.499954834109623,22.499954834109623,0.0,0.0,1.0359378482600161,1.0359378482600161,1.0387127583056501,1.0502955100132891,3.0,False,0.0,0.0,0.0,sem_sobretensao,False,0.0,[0.0]
leaderless,C3_naolider_longa,15,pv4,830,29.24993235059052,29.24993235059052,0.0,0.0,1.0302157541130381,1.0302157541130381,1.0387127583056501,1.0502955100132891,4.0,False,0.0,0.0,0.0,sem_sobretensao,False,0.0,[0.0]
leaderless,C3_naolider_longa,15,pv5,850,20.24996254640969,20.24996254640969,0.0,0.0,1.0387127583056501,1.0387127583056501,1.0387127583056501,1.0502955100132891,5.0,False,0.0,0.0,0.0,sem_sobretensao,False,0.0,[0.0]
leaderless,C3_naolider_longa,15,pv6,832,25.874924488489178,25.874924488489178,0.0,0.0,1.0199321297314488,1.0199321297314488,1.0387127583056501,1.0502955100132891,6.0,False,0.0,0.0,0.0,sem_sobretensao,False,0.0,[0.0]
leaderless,C3_naolider_longa,16,pv2,816,3.1250322945966147,3.1250322945966147,0.0,0.0,1.0394703803118943,1.0394703803118943,1.0395419414769758,1.0504162382879947,1.0,True,0.0,0.0,0.0,sem_sobretensao,False,0.0,[0.0]
leaderless,C3_naolider_longa,16,pv1,824,3.7500421409592146,3.7500421409592146,0.0,0.0,1.0372492372289965,1.0372492372289965,1.0395419414769758,1.0504162382879947,2.0,False,0.0,0.0,0.0,sem_sobretensao,False,0.0,[0.0]
leaderless,C3_naolider_longa,16,pv3,828,2.500028276790932,2.500028276790932,0.0,0.0,1.0370563779560689,1.0370563779560689,1.0395419414769758,1.0504162382879947,3.0,False,0.0,0.0,0.0,sem_sobretensao,False,0.0,[0.0]
leaderless,C3_naolider_longa,16,pv4,830,3.250042548739909,3.250042548739909,0.0,0.0,1.0323888508528631,1.0323888508528631,1.0395419414769758,1.0504162382879947,4.0,False,0.0,0.0,0.0,sem_sobretensao,False,0.0,[0.0]
leaderless,C3_naolider_longa,16,pv5,850,2.2500231591707642,2.2500231591707642,0.0,0.0,1.0395419414769758,1.0395419414769758,1.0395419414769758,1.0504162382879947,5.0,False,0.0,0.0,0.0,sem_sobretensao,False,0.0,[0.0]
leaderless,C3_naolider_longa,16,pv6,832,2.8750471329313547,2.8750471329313547,0.0,0.0,1.0244469035472554,1.0244469035472554,1.0395419414769758,1.0504162382879947,6.0,False,0.0,0.0,0.0,sem_sobretensao,False,0.0,[0.0]
leaderless,C3_naolider_longa,17,pv2,816,-0.0,-0.0,0.0,0.0,1.0319530456641128,1.0319530456641128,1.0320537436109634,1.0501995250985579,1.0,True,0.0,,0.0,sem_sobretensao,False,,[null]
leaderless,C3_naolider_longa,17,pv1,824,-0.0,-0.0,0.0,0.0,1.0288097422283975,1.0288097422283975,1.0320537436109634,1.0501995250985579,2.0,False,0.0,,0.0,sem_sobretensao,False,,[null]
leaderless,C3_naolider_longa,17,pv3,828,-0.0,-0.0,0.0,0.0,1.0285410077167665,1.0285410077167665,1.0320537436109634,1.0501995250985579,3.0,False,0.0,,0.0,sem_sobretensao,False,,[null]
leaderless,C3_naolider_longa,17,pv4,830,-0.0,-0.0,0.0,0.0,1.0220651174905708,1.0220651174905708,1.0320537436109634,1.0501995250985579,4.0,False,0.0,,0.0,sem_sobretensao,False,,[null]
leaderless,C3_naolider_longa,17,pv5,850,-0.0,-0.0,0.0,0.0,1.0320537436109634,1.0320537436109634,1.0320537436109634,1.0501995250985579,5.0,False,0.0,,0.0,sem_sobretensao,False,,[null]
leaderless,C3_naolider_longa,17,pv6,832,-0.0,-0.0,0.0,0.0,1.0109757984235852,1.0109757984235852,1.0320537436109634,1.0501995250985579,6.0,False,0.0,,0.0,sem_sobretensao,False,,[null]
leaderless,C3_naolider_longa,18,pv2,816,-0.0,-0.0,0.0,0.0,1.035368449501018,1.035368449501018,1.0354558554930642,1.0503034017860868,1.0,True,0.0,,0.0,sem_sobretensao,False,,[null]
leaderless,C3_naolider_longa,18,pv1,824,-0.0,-0.0,0.0,0.0,1.0326523500430973,1.0326523500430973,1.0354558554930642,1.0503034017860868,2.0,False,0.0,,0.0,sem_sobretensao,False,,[null]
leaderless,C3_naolider_longa,18,pv3,828,-0.0,-0.0,0.0,0.0,1.0324195763808066,1.0324195763808066,1.0354558554930642,1.0503034017860868,3.0,False,0.0,,0.0,sem_sobretensao,False,,[null]
leaderless,C3_naolider_longa,18,pv4,830,-0.0,-0.0,0.0,0.0,1.02681295674242,1.02681295674242,1.0354558554930642,1.0503034017860868,4.0,False,0.0,,0.0,sem_sobretensao,False,,[null]
leaderless,C3_naolider_longa,18,pv5,850,-0.0,-0.0,0.0,0.0,1.0354558554930642,1.0354558554930642,1.0354558554930642,1.0503034017860868,5.0,False,0.0,,0.0,sem_sobretensao,False,,[null]
leaderless,C3_naolider_longa,18,pv6,832,-0.0,-0.0,0.0,0.0,1.0172650561019754,1.0172650561019754,1.0354558554930642,1.0503034017860868,6.0,False,0.0,,0.0,sem_sobretensao,False,,[null]
leaderless,C3_naolider_longa,19,pv2,816,-0.0,-0.0,0.0,0.0,1.0124638034940296,1.0124638034940296,1.012640339769449,1.0496066048479267,1.0,True,0.0,,0.0,sem_sobretensao,False,,[null]
leaderless,C3_naolider_longa,19,pv1,824,-0.0,-0.0,0.0,0.0,1.0068862241138117,1.0068862241138117,1.012640339769449,1.0496066048479267,2.0,False,0.0,,0.0,sem_sobretensao,False,,[null]
leaderless,C3_naolider_longa,19,pv3,828,-0.0,-0.0,0.0,0.0,1.0064125502225403,1.0064125502225403,1.012640339769449,1.0496066048479267,3.0,False,0.0,,0.0,sem_sobretensao,False,,[null]
leaderless,C3_naolider_longa,19,pv4,830,-0.0,-0.0,0.0,0.0,0.9949844738133676,0.9949844738133676,1.012640339769449,1.0496066048479267,4.0,False,0.0,,0.0,sem_sobretensao,False,,[null]
leaderless,C3_naolider_longa,19,pv5,850,-0.0,-0.0,0.0,0.0,1.012640339769449,1.012640339769449,1.012640339769449,1.0496066048479267,5.0,False,0.0,,0.0,sem_sobretensao,False,,[null]
leaderless,C3_naolider_longa,19,pv6,832,-0.0,-0.0,0.0,0.0,0.975106227573592,0.975106227573592,1.012640339769449,1.0496066048479267,6.0,False,0.0,,0.0,sem_sobretensao,False,,[null]
leaderless,C3_naolider_longa,20,pv2,816,-0.0,-0.0,0.0,0.0,1.0078351504741656,1.0078351504741656,1.0080296961644228,1.0494657402550032,1.0,True,0.0,,0.0,sem_sobretensao,False,,[null]
leaderless,C3_naolider_longa,20,pv1,824,-0.0,-0.0,0.0,0.0,1.00168032528244,1.00168032528244,1.0080296961644228,1.0494657402550032,2.0,False,0.0,,0.0,sem_sobretensao,False,,[null]
leaderless,C3_naolider_longa,20,pv3,828,-0.0,-0.0,0.0,0.0,1.001158047785484,1.001158047785484,1.0080296961644228,1.0494657402550032,3.0,False,0.0,,0.0,sem_sobretensao,False,,[null]
leaderless,C3_naolider_longa,20,pv4,830,-0.0,-0.0,0.0,0.0,0.9885559519361026,0.9885559519361026,1.0080296961644228,1.0494657402550032,4.0,False,0.0,,0.0,sem_sobretensao,False,,[null]
leaderless,C3_naolider_longa,20,pv5,850,-0.0,-0.0,0.0,0.0,1.0080296961644228,1.0080296961644228,1.0080296961644228,1.0494657402550032,5.0,False,0.0,,0.0,sem_sobretensao,False,,[null]
leaderless,C3_naolider_longa,20,pv6,832,-0.0,-0.0,0.0,0.0,0.9665920784800835,0.9665920784800835,1.0080296961644228,1.0494657402550032,6.0,False,0.0,,0.0,sem_sobretensao,False,,[null]
leaderless,C3_naolider_longa,21,pv2,816,-0.0,-0.0,0.0,0.0,1.0061895964378378,1.0061895964378378,1.0063905442901253,1.0494156571369113,1.0,True,0.0,,0.0,sem_sobretensao,False,,[null]
leaderless,C3_naolider_longa,21,pv1,824,-0.0,-0.0,0.0,0.0,0.9998296239446813,0.9998296239446813,1.0063905442901253,1.0494156571369113,2.0,False,0.0,,0.0,sem_sobretensao,False,,[null]
leaderless,C3_naolider_longa,21,pv3,828,-0.0,-0.0,0.0,0.0,0.9992900728255069,0.9992900728255069,1.0063905442901253,1.0494156571369113,3.0,False,0.0,,0.0,sem_sobretensao,False,,[null]
leaderless,C3_naolider_longa,21,pv4,830,-0.0,-0.0,0.0,0.0,0.9862707730472382,0.9862707730472382,1.0063905442901253,1.0494156571369113,4.0,False,0.0,,0.0,sem_sobretensao,False,,[null]
leaderless,C3_naolider_longa,21,pv5,850,-0.0,-0.0,0.0,0.0,1.0063905442901253,1.0063905442901253,1.0063905442901253,1.0494156571369113,5.0,False,0.0,,0.0,sem_sobretensao,False,,[null]
leaderless,C3_naolider_longa,21,pv6,832,-0.0,-0.0,0.0,0.0,0.963565563609644,0.963565563609644,1.0063905442901253,1.0494156571369113,6.0,False,0.0,,0.0,sem_sobretensao,False,,[null]
leaderless,C3_naolider_longa,22,pv2,816,-0.0,-0.0,0.0,0.0,1.005861808419378,1.005861808419378,1.0060640314884584,1.049405687339917,1.0,True,0.0,,0.0,sem_sobretensao,False,,[null]
leaderless,C3_naolider_longa,22,pv1,824,-0.0,-0.0,0.0,0.0,0.9994609737243804,0.9994609737243804,1.0060640314884584,1.049405687339917,2.0,False,0.0,,0.0,sem_sobretensao,False,,[null]
leaderless,C3_naolider_longa,22,pv3,828,-0.0,-0.0,0.0,0.0,0.998917981930852,0.998917981930852,1.0060640314884584,1.049405687339917,3.0,False,0.0,,0.0,sem_sobretensao,False,,[null]
leaderless,C3_naolider_longa,22,pv4,830,-0.0,-0.0,0.0,0.0,0.9858155814373928,0.9858155814373928,1.0060640314884584,1.049405687339917,4.0,False,0.0,,0.0,sem_sobretensao,False,,[null]
leaderless,C3_naolider_longa,22,pv5,850,-0.0,-0.0,0.0,0.0,1.0060640314884584,1.0060640314884584,1.0060640314884584,1.049405687339917,5.0,False,0.0,,0.0,sem_sobretensao,False,,[null]
leaderless,C3_naolider_longa,22,pv6,832,-0.0,-0.0,0.0,0.0,0.9629627164790315,0.9629627164790315,1.0060640314884584,1.049405687339917,6.0,False,0.0,,0.0,sem_sobretensao,False,,[null]
leaderless,C3_naolider_longa,23,pv2,816,-0.0,-0.0,0.0,0.0,1.0157857990852877,1.0157857990852877,1.0159494099998208,1.0497076999321218,1.0,True,0.0,,0.0,sem_sobretensao,False,,[null]
leaderless,C3_naolider_longa,23,pv1,824,-0.0,-0.0,0.0,0.0,1.0106227444912799,1.0106227444912799,1.0159494099998208,1.0497076999321218,2.0,False,0.0,,0.0,sem_sobretensao,False,,[null]
leaderless,C3_naolider_longa,23,pv3,828,-0.0,-0.0,0.0,0.0,1.010183972127752,1.010183972127752,1.0159494099998208,1.0497076999321218,3.0,False,0.0,,0.0,sem_sobretensao,False,,[null]
leaderless,C3_naolider_longa,23,pv4,830,-0.0,-0.0,0.0,0.0,0.9995990501550605,0.9995990501550605,1.0159494099998208,1.0497076999321218,4.0,False,0.0,,0.0,sem_sobretensao,False,,[null]
leaderless,C3_naolider_longa,23,pv5,850,-0.0,-0.0,0.0,0.0,1.0159494099998208,1.0159494099998208,1.0159494099998208,1.0497076999321218,5.0,False,0.0,,0.0,sem_sobretensao,False,,[null]
leaderless,C3_naolider_longa,23,pv6,832,-0.0,-0.0,0.0,0.0,0.9812181271943435,0.9812181271943435,1.0159494099998208,1.0497076999321218,6.0,False,0.0,,0.0,sem_sobretensao,False,,[null]
